{
  "bitcoin": [
    [
      1783375973,
      64288
    ],
    [
      1783376875,
      64227
    ],
    [
      1783377776,
      64165
    ],
    [
      1783378677,
      64171.5
    ],
    [
      1783379578,
      64223.5
    ],
    [
      1783380480,
      64062
    ],
    [
      1783381381,
      64051
    ],
    [
      1783382282,
      64005.0
    ]
  ],
  "ethereum": [
    [
      1783375973,
      1811.79
    ],
    [
      1783376875,
      1810.31
    ],
    [
      1783377776,
      1807.29
    ],
    [
      1783378677,
      1804.48
    ],
    [
      1783379578,
      1806.82
    ],
    [
      1783380480,
      1801.78
    ],
    [
      1783381381,
      1800.66
    ],
    [
      1783382282,
      1796.49
    ]
  ],
  "avalanche-2": [
    [
      1783375973,
      7.0
    ],
    [
      1783376875,
      7.0
    ],
    [
      1783377776,
      7.0
    ],
    [
      1783378677,
      6.991
    ],
    [
      1783379578,
      6.999
    ],
    [
      1783380480,
      6.98
    ],
    [
      1783381381,
      6.97
    ],
    [
      1783382282,
      6.919
    ]
  ],
  "ondo-finance": [
    [
      1783375973,
      0.337828
    ],
    [
      1783376875,
      0.337801
    ],
    [
      1783377776,
      0.336638
    ],
    [
      1783378677,
      0.33608
    ],
    [
      1783379578,
      0.33546
    ],
    [
      1783380480,
      0.33401
    ],
    [
      1783381381,
      0.33373
    ],
    [
      1783382282,
      0.33275
    ]
  ],
  "binancecoin": [
    [
      1783375973,
      588.31
    ],
    [
      1783376875,
      588.04
    ],
    [
      1783377776,
      587.53
    ],
    [
      1783380480,
      586.51
    ],
    [
      1783381381,
      586.29
    ]
  ],
  "ripple": [
    [
      1783375973,
      1.15
    ],
    [
      1783376875,
      1.15
    ],
    [
      1783377776,
      1.15
    ],
    [
      1783380480,
      1.14
    ],
    [
      1783381381,
      1.15
    ]
  ],
  "solana": [
    [
      1783375973,
      82.6
    ],
    [
      1783376875,
      82.46
    ],
    [
      1783377776,
      82.44
    ],
    [
      1783380480,
      82.01
    ],
    [
      1783381381,
      82.04
    ]
  ],
  "dogecoin": [
    [
      1783375973,
      0.07728
    ],
    [
      1783376875,
      0.077188
    ],
    [
      1783377776,
      0.077059
    ],
    [
      1783380480,
      0.076803
    ],
    [
      1783381381,
      0.076733
    ]
  ],
  "cardano": [
    [
      1783375973,
      0.185222
    ],
    [
      1783376875,
      0.185124
    ],
    [
      1783377776,
      0.184844
    ],
    [
      1783380480,
      0.18443
    ],
    [
      1783381381,
      0.184582
    ]
  ],
  "tron": [
    [
      1783375973,
      0.329372
    ],
    [
      1783376875,
      0.329166
    ],
    [
      1783377776,
      0.329112
    ],
    [
      1783380480,
      0.329331
    ],
    [
      1783381381,
      0.329313
    ]
  ],
  "chainlink": [
    [
      1783375973,
      8.07
    ],
    [
      1783376875,
      8.08
    ],
    [
      1783377776,
      8.05
    ],
    [
      1783380480,
      8.04
    ],
    [
      1783381381,
      8.04
    ]
  ],
  "the-open-network": [
    [
      1783375973,
      1.79
    ],
    [
      1783376875,
      1.79
    ],
    [
      1783377776,
      1.79
    ],
    [
      1783380480,
      1.79
    ],
    [
      1783381381,
      1.79
    ]
  ],
  "stellar": [
    [
      1783375973,
      0.202298
    ],
    [
      1783376875,
      0.202805
    ],
    [
      1783377776,
      0.201166
    ],
    [
      1783380480,
      0.199967
    ],
    [
      1783381381,
      0.200022
    ]
  ],
  "hedera-hashgraph": [
    [
      1783375973,
      0.073752
    ],
    [
      1783376875,
      0.073481
    ],
    [
      1783377776,
      0.073191
    ],
    [
      1783380480,
      0.072952
    ],
    [
      1783381381,
      0.073378
    ]
  ],
  "sui": [
    [
      1783375973,
      0.755724
    ],
    [
      1783376875,
      0.757164
    ],
    [
      1783377776,
      0.756252
    ],
    [
      1783380480,
      0.750735
    ],
    [
      1783381381,
      0.749858
    ]
  ],
  "bitcoin-cash": [
    [
      1783375973,
      246.29
    ],
    [
      1783376875,
      246.09
    ],
    [
      1783377776,
      245.57
    ],
    [
      1783380480,
      243.41
    ],
    [
      1783381381,
      241.53
    ]
  ],
  "litecoin": [
    [
      1783375973,
      45.29
    ],
    [
      1783376875,
      45.33
    ],
    [
      1783377776,
      45.27
    ],
    [
      1783380480,
      44.84
    ],
    [
      1783381381,
      44.85
    ]
  ],
  "polkadot": [
    [
      1783375973,
      0.89291
    ],
    [
      1783376875,
      0.89127
    ],
    [
      1783377776,
      0.890358
    ],
    [
      1783380480,
      0.88668
    ],
    [
      1783381381,
      0.88703
    ]
  ],
  "hyperliquid": [
    [
      1783375973,
      71.31
    ],
    [
      1783376875,
      71.39
    ],
    [
      1783377776,
      71.2
    ],
    [
      1783380480,
      70.73
    ],
    [
      1783381381,
      70.74
    ]
  ],
  "monero": [
    [
      1783375973,
      324.48
    ],
    [
      1783376875,
      324.29
    ],
    [
      1783377776,
      324.36
    ],
    [
      1783380480,
      323.47
    ],
    [
      1783381381,
      323.3
    ]
  ],
  "_alerts_sent": {}
}