{
  "bitcoin": [
    [
      1779733377,
      77560
    ],
    [
      1779734279,
      77545
    ],
    [
      1779735180,
      77535
    ],
    [
      1779736082,
      77407
    ],
    [
      1779736983,
      77397
    ],
    [
      1779737885,
      77341
    ],
    [
      1779738786,
      77381
    ],
    [
      1779739687,
      77373
    ]
  ],
  "ethereum": [
    [
      1779733377,
      2129.2
    ],
    [
      1779734279,
      2128.38
    ],
    [
      1779735180,
      2126.21
    ],
    [
      1779736082,
      2122.72
    ],
    [
      1779736983,
      2122.15
    ],
    [
      1779737885,
      2118.09
    ],
    [
      1779738786,
      2119.18
    ],
    [
      1779739687,
      2120.04
    ]
  ],
  "avalanche-2": [
    [
      1779733377,
      9.43
    ],
    [
      1779734279,
      9.42
    ],
    [
      1779735180,
      9.41
    ],
    [
      1779736082,
      9.38
    ],
    [
      1779736983,
      9.38
    ],
    [
      1779737885,
      9.38
    ],
    [
      1779738786,
      9.37
    ],
    [
      1779739687,
      9.38
    ]
  ],
  "ondo-finance": [
    [
      1779733377,
      0.44073
    ],
    [
      1779734279,
      0.439592
    ],
    [
      1779735180,
      0.436036
    ],
    [
      1779736082,
      0.434613
    ],
    [
      1779736983,
      0.43544
    ],
    [
      1779737885,
      0.435067
    ],
    [
      1779738786,
      0.434042
    ],
    [
      1779739687,
      0.435765
    ]
  ]
}