{
  "bitcoin": [
    [
      1784506339,
      64846
    ],
    [
      1784507247,
      64828
    ],
    [
      1784509081,
      64532
    ],
    [
      1784509696,
      64626
    ],
    [
      1784510855,
      64850
    ],
    [
      1784511791,
      64789
    ],
    [
      1784512760,
      64572.0
    ],
    [
      1784513474,
      64855
    ]
  ],
  "ethereum": [
    [
      1784506339,
      1880.77
    ],
    [
      1784507247,
      1878.33
    ],
    [
      1784509081,
      1870.83
    ],
    [
      1784509696,
      1874.87
    ],
    [
      1784510855,
      1879.81
    ],
    [
      1784511791,
      1875.35
    ],
    [
      1784512760,
      1867.87
    ],
    [
      1784513474,
      1877.86
    ]
  ],
  "avalanche-2": [
    [
      1784506339,
      6.49
    ],
    [
      1784507247,
      6.52
    ],
    [
      1784509081,
      6.48
    ],
    [
      1784509696,
      6.5
    ],
    [
      1784510855,
      6.54
    ],
    [
      1784511791,
      6.55
    ],
    [
      1784512760,
      6.501
    ],
    [
      1784513474,
      6.58
    ]
  ],
  "ondo-finance": [
    [
      1784506339,
      0.346321
    ],
    [
      1784507247,
      0.348277
    ],
    [
      1784509081,
      0.34632
    ],
    [
      1784509696,
      0.346039
    ],
    [
      1784510855,
      0.347319
    ],
    [
      1784511791,
      0.347957
    ],
    [
      1784512760,
      0.34382
    ],
    [
      1784513474,
      0.346609
    ]
  ],
  "binancecoin": [
    [
      1784506339,
      571.2
    ],
    [
      1784507247,
      571.26
    ],
    [
      1784509081,
      569.29
    ],
    [
      1784509696,
      569.57
    ],
    [
      1784510855,
      571.53
    ],
    [
      1784511791,
      570.62
    ],
    [
      1784513474,
      570.65
    ]
  ],
  "ripple": [
    [
      1784506339,
      1.099
    ],
    [
      1784507247,
      1.1
    ],
    [
      1784509081,
      1.096
    ],
    [
      1784509696,
      1.097
    ],
    [
      1784510855,
      1.1
    ],
    [
      1784511791,
      1.099
    ],
    [
      1784513474,
      1.1
    ]
  ],
  "solana": [
    [
      1784506339,
      76.56
    ],
    [
      1784507247,
      76.67
    ],
    [
      1784509081,
      76.62
    ],
    [
      1784509696,
      76.67
    ],
    [
      1784510855,
      76.92
    ],
    [
      1784511791,
      76.77
    ],
    [
      1784513474,
      76.84
    ]
  ],
  "dogecoin": [
    [
      1784506339,
      0.072538
    ],
    [
      1784507247,
      0.072771
    ],
    [
      1784509081,
      0.07243
    ],
    [
      1784509696,
      0.072543
    ],
    [
      1784510855,
      0.072775
    ],
    [
      1784511791,
      0.072683
    ],
    [
      1784513474,
      0.072618
    ]
  ],
  "cardano": [
    [
      1784506339,
      0.166695
    ],
    [
      1784507247,
      0.167416
    ],
    [
      1784509081,
      0.165667
    ],
    [
      1784509696,
      0.165684
    ],
    [
      1784510855,
      0.166295
    ],
    [
      1784511791,
      0.165961
    ],
    [
      1784513474,
      0.166128
    ]
  ],
  "tron": [
    [
      1784506339,
      0.326943
    ],
    [
      1784507247,
      0.326782
    ],
    [
      1784509081,
      0.326535
    ],
    [
      1784509696,
      0.32676
    ],
    [
      1784510855,
      0.326768
    ],
    [
      1784511791,
      0.326748
    ],
    [
      1784513474,
      0.326624
    ]
  ],
  "chainlink": [
    [
      1784506339,
      8.42
    ],
    [
      1784507247,
      8.44
    ],
    [
      1784509081,
      8.4
    ],
    [
      1784509696,
      8.41
    ],
    [
      1784510855,
      8.44
    ],
    [
      1784511791,
      8.44
    ],
    [
      1784513474,
      8.46
    ]
  ],
  "the-open-network": [
    [
      1784506339,
      1.45
    ],
    [
      1784507247,
      1.46
    ],
    [
      1784509081,
      1.45
    ],
    [
      1784509696,
      1.45
    ],
    [
      1784510855,
      1.46
    ],
    [
      1784511791,
      1.45
    ],
    [
      1784513474,
      1.45
    ]
  ],
  "stellar": [
    [
      1784506339,
      0.188713
    ],
    [
      1784507247,
      0.189117
    ],
    [
      1784509081,
      0.18765
    ],
    [
      1784509696,
      0.187486
    ],
    [
      1784510855,
      0.188336
    ],
    [
      1784511791,
      0.188284
    ],
    [
      1784513474,
      0.188219
    ]
  ],
  "hedera-hashgraph": [
    [
      1784506339,
      0.066606
    ],
    [
      1784507247,
      0.066725
    ],
    [
      1784509081,
      0.06621
    ],
    [
      1784509696,
      0.066199
    ],
    [
      1784510855,
      0.066344
    ],
    [
      1784511791,
      0.066309
    ],
    [
      1784513474,
      0.066111
    ]
  ],
  "sui": [
    [
      1784506339,
      0.751529
    ],
    [
      1784507247,
      0.753775
    ],
    [
      1784509081,
      0.750762
    ],
    [
      1784509696,
      0.751462
    ],
    [
      1784510855,
      0.753762
    ],
    [
      1784511791,
      0.752149
    ],
    [
      1784513474,
      0.752924
    ]
  ],
  "bitcoin-cash": [
    [
      1784506339,
      214.62
    ],
    [
      1784507247,
      214.83
    ],
    [
      1784509081,
      213.47
    ],
    [
      1784509696,
      213.26
    ],
    [
      1784510855,
      213.78
    ],
    [
      1784511791,
      212.82
    ],
    [
      1784513474,
      213.01
    ]
  ],
  "litecoin": [
    [
      1784506339,
      47.11
    ],
    [
      1784507247,
      47.3
    ],
    [
      1784509081,
      47.41
    ],
    [
      1784509696,
      47.5
    ],
    [
      1784510855,
      47.64
    ],
    [
      1784511791,
      47.43
    ],
    [
      1784513474,
      47.26
    ]
  ],
  "polkadot": [
    [
      1784506339,
      0.82062
    ],
    [
      1784507247,
      0.820078
    ],
    [
      1784509081,
      0.813788
    ],
    [
      1784509696,
      0.81444
    ],
    [
      1784510855,
      0.816299
    ],
    [
      1784511791,
      0.813348
    ],
    [
      1784513474,
      0.813305
    ]
  ],
  "hyperliquid": [
    [
      1784506339,
      61.46
    ],
    [
      1784507247,
      61.33
    ],
    [
      1784509081,
      60.68
    ],
    [
      1784509696,
      60.66
    ],
    [
      1784510855,
      60.73
    ],
    [
      1784511791,
      60.67
    ],
    [
      1784513474,
      60.46
    ]
  ],
  "monero": [
    [
      1784506339,
      336.23
    ],
    [
      1784507247,
      334.76
    ],
    [
      1784509081,
      335.51
    ],
    [
      1784509696,
      336.0
    ],
    [
      1784510855,
      335.7
    ],
    [
      1784511791,
      335.45
    ],
    [
      1784513474,
      333.71
    ]
  ],
  "_alerts_sent": {}
}