{
  "bitcoin": [
    [
      1782058909,
      64119
    ],
    [
      1782059810,
      64016
    ],
    [
      1782060711,
      64086
    ],
    [
      1782061612,
      64122
    ],
    [
      1782062514,
      64099
    ],
    [
      1782063415,
      64008
    ],
    [
      1782064316,
      64110
    ],
    [
      1782065217,
      63908
    ]
  ],
  "ethereum": [
    [
      1782058909,
      1725.73
    ],
    [
      1782059810,
      1722.0
    ],
    [
      1782060711,
      1726.2
    ],
    [
      1782061612,
      1728.37
    ],
    [
      1782062514,
      1726.23
    ],
    [
      1782063415,
      1724.68
    ],
    [
      1782064316,
      1726.44
    ],
    [
      1782065217,
      1720.46
    ]
  ],
  "avalanche-2": [
    [
      1782058909,
      6.28
    ],
    [
      1782059810,
      6.25
    ],
    [
      1782060711,
      6.26
    ],
    [
      1782061612,
      6.27
    ],
    [
      1782062514,
      6.27
    ],
    [
      1782063415,
      6.26
    ],
    [
      1782064316,
      6.25
    ],
    [
      1782065217,
      6.23
    ]
  ],
  "ondo-finance": [
    [
      1782058909,
      0.340521
    ],
    [
      1782059810,
      0.339575
    ],
    [
      1782060711,
      0.339045
    ],
    [
      1782061612,
      0.339821
    ],
    [
      1782062514,
      0.339293
    ],
    [
      1782063415,
      0.338059
    ],
    [
      1782064316,
      0.337962
    ],
    [
      1782065217,
      0.335757
    ]
  ],
  "binancecoin": [
    [
      1782058909,
      589.05
    ],
    [
      1782059810,
      588.38
    ],
    [
      1782060711,
      588.84
    ],
    [
      1782061612,
      590.15
    ],
    [
      1782062514,
      589.78
    ],
    [
      1782063415,
      589.46
    ],
    [
      1782064316,
      590.35
    ],
    [
      1782065217,
      588.83
    ]
  ],
  "ripple": [
    [
      1782058909,
      1.15
    ],
    [
      1782059810,
      1.14
    ],
    [
      1782060711,
      1.14
    ],
    [
      1782061612,
      1.14
    ],
    [
      1782062514,
      1.14
    ],
    [
      1782063415,
      1.14
    ],
    [
      1782064316,
      1.14
    ],
    [
      1782065217,
      1.14
    ]
  ],
  "solana": [
    [
      1782058909,
      73.85
    ],
    [
      1782059810,
      73.81
    ],
    [
      1782060711,
      74.21
    ],
    [
      1782061612,
      74.3
    ],
    [
      1782062514,
      74.33
    ],
    [
      1782063415,
      74.34
    ],
    [
      1782064316,
      74.24
    ],
    [
      1782065217,
      73.93
    ]
  ],
  "dogecoin": [
    [
      1782058909,
      0.083254
    ],
    [
      1782059810,
      0.083197
    ],
    [
      1782060711,
      0.083265
    ],
    [
      1782061612,
      0.083575
    ],
    [
      1782062514,
      0.0835
    ],
    [
      1782063415,
      0.083258
    ],
    [
      1782064316,
      0.083243
    ],
    [
      1782065217,
      0.083178
    ]
  ],
  "cardano": [
    [
      1782058909,
      0.161573
    ],
    [
      1782059810,
      0.161073
    ],
    [
      1782060711,
      0.161226
    ],
    [
      1782061612,
      0.161754
    ],
    [
      1782062514,
      0.161831
    ],
    [
      1782063415,
      0.161618
    ],
    [
      1782064316,
      0.161638
    ],
    [
      1782065217,
      0.161014
    ]
  ],
  "tron": [
    [
      1782058909,
      0.326466
    ],
    [
      1782059810,
      0.326503
    ],
    [
      1782060711,
      0.326689
    ],
    [
      1782061612,
      0.326992
    ],
    [
      1782062514,
      0.327069
    ],
    [
      1782063415,
      0.326966
    ],
    [
      1782064316,
      0.327033
    ],
    [
      1782065217,
      0.327158
    ]
  ],
  "chainlink": [
    [
      1782058909,
      7.95
    ],
    [
      1782059810,
      7.93
    ],
    [
      1782060711,
      7.93
    ],
    [
      1782061612,
      7.95
    ],
    [
      1782062514,
      7.95
    ],
    [
      1782063415,
      7.94
    ],
    [
      1782064316,
      7.94
    ],
    [
      1782065217,
      7.91
    ]
  ],
  "the-open-network": [
    [
      1782058909,
      1.69
    ],
    [
      1782059810,
      1.7
    ],
    [
      1782060711,
      1.7
    ],
    [
      1782061612,
      1.71
    ],
    [
      1782062514,
      1.7
    ],
    [
      1782063415,
      1.69
    ],
    [
      1782064316,
      1.69
    ],
    [
      1782065217,
      1.69
    ]
  ],
  "stellar": [
    [
      1782058909,
      0.213759
    ],
    [
      1782059810,
      0.21202
    ],
    [
      1782060711,
      0.212972
    ],
    [
      1782061612,
      0.213489
    ],
    [
      1782062514,
      0.213229
    ],
    [
      1782063415,
      0.212431
    ],
    [
      1782064316,
      0.212472
    ],
    [
      1782065217,
      0.211525
    ]
  ],
  "hedera-hashgraph": [
    [
      1782058909,
      0.079947
    ],
    [
      1782059810,
      0.079774
    ],
    [
      1782060711,
      0.07974
    ],
    [
      1782061612,
      0.079832
    ],
    [
      1782062514,
      0.079845
    ],
    [
      1782063415,
      0.079607
    ],
    [
      1782064316,
      0.079612
    ],
    [
      1782065217,
      0.079593
    ]
  ],
  "sui": [
    [
      1782058909,
      0.709809
    ],
    [
      1782059810,
      0.706937
    ],
    [
      1782060711,
      0.708391
    ],
    [
      1782061612,
      0.710125
    ],
    [
      1782062514,
      0.710126
    ],
    [
      1782063415,
      0.708543
    ],
    [
      1782064316,
      0.708908
    ],
    [
      1782065217,
      0.706263
    ]
  ],
  "bitcoin-cash": [
    [
      1782058909,
      198.99
    ],
    [
      1782059810,
      198.56
    ],
    [
      1782060711,
      198.66
    ],
    [
      1782061612,
      198.43
    ],
    [
      1782062514,
      198.53
    ],
    [
      1782063415,
      198.33
    ],
    [
      1782064316,
      198.58
    ],
    [
      1782065217,
      198.02
    ]
  ],
  "litecoin": [
    [
      1782058909,
      45.52
    ],
    [
      1782059810,
      45.39
    ],
    [
      1782060711,
      45.34
    ],
    [
      1782061612,
      45.31
    ],
    [
      1782062514,
      45.32
    ],
    [
      1782063415,
      45.26
    ],
    [
      1782064316,
      45.2
    ],
    [
      1782065217,
      45.13
    ]
  ],
  "polkadot": [
    [
      1782058909,
      0.965689
    ],
    [
      1782059810,
      0.963401
    ],
    [
      1782060711,
      0.962347
    ],
    [
      1782061612,
      0.964343
    ],
    [
      1782062514,
      0.963081
    ],
    [
      1782063415,
      0.961299
    ],
    [
      1782064316,
      0.961616
    ],
    [
      1782065217,
      0.958353
    ]
  ],
  "hyperliquid": [
    [
      1782058909,
      68.48
    ],
    [
      1782059810,
      68.33
    ],
    [
      1782060711,
      68.12
    ],
    [
      1782061612,
      68.07
    ],
    [
      1782062514,
      68.1
    ],
    [
      1782063415,
      67.85
    ],
    [
      1782064316,
      67.93
    ],
    [
      1782065217,
      67.71
    ]
  ],
  "monero": [
    [
      1782058909,
      317.9
    ],
    [
      1782059810,
      318.59
    ],
    [
      1782060711,
      318.75
    ],
    [
      1782061612,
      319.17
    ],
    [
      1782062514,
      317.34
    ],
    [
      1782063415,
      315.54
    ],
    [
      1782064316,
      314.78
    ],
    [
      1782065217,
      314.69
    ]
  ],
  "_alerts_sent": {}
}