{
  "bitcoin": [
    [
      1779615728,
      76882
    ],
    [
      1779616630,
      76900
    ],
    [
      1779617531,
      76867
    ],
    [
      1779618433,
      76910
    ],
    [
      1779619334,
      77098
    ],
    [
      1779620236,
      77083
    ],
    [
      1779621137,
      77193
    ],
    [
      1779622039,
      77227
    ]
  ],
  "ethereum": [
    [
      1779615728,
      2119.34
    ],
    [
      1779616630,
      2120.46
    ],
    [
      1779617531,
      2117.88
    ],
    [
      1779618433,
      2118.43
    ],
    [
      1779619334,
      2118.29
    ],
    [
      1779620236,
      2119.69
    ],
    [
      1779621137,
      2122.1
    ],
    [
      1779622039,
      2124.32
    ]
  ],
  "avalanche-2": [
    [
      1779615728,
      9.35
    ],
    [
      1779616630,
      9.35
    ],
    [
      1779617531,
      9.32
    ],
    [
      1779618433,
      9.32
    ],
    [
      1779619334,
      9.33
    ],
    [
      1779620236,
      9.33
    ],
    [
      1779621137,
      9.35
    ],
    [
      1779622039,
      9.35
    ]
  ],
  "ondo-finance": [
    [
      1779615728,
      0.437497
    ],
    [
      1779616630,
      0.438573
    ],
    [
      1779617531,
      0.436194
    ],
    [
      1779618433,
      0.438191
    ],
    [
      1779619334,
      0.436833
    ],
    [
      1779620236,
      0.439357
    ],
    [
      1779621137,
      0.440385
    ],
    [
      1779622039,
      0.438735
    ]
  ]
}