{
  "bitcoin": [
    [
      1784925092,
      64184
    ],
    [
      1784925994,
      64128
    ],
    [
      1784926895,
      64114
    ],
    [
      1784927797,
      64096
    ],
    [
      1784928699,
      64124
    ],
    [
      1784929600,
      64101
    ],
    [
      1784930501,
      64086
    ],
    [
      1784931403,
      64101
    ]
  ],
  "ethereum": [
    [
      1784925092,
      1862.26
    ],
    [
      1784925994,
      1860.31
    ],
    [
      1784926895,
      1859.35
    ],
    [
      1784927797,
      1858.4
    ],
    [
      1784928699,
      1858.94
    ],
    [
      1784929600,
      1858.44
    ],
    [
      1784930501,
      1855.87
    ],
    [
      1784931403,
      1858.13
    ]
  ],
  "avalanche-2": [
    [
      1784925092,
      6.24
    ],
    [
      1784925994,
      6.23
    ],
    [
      1784926895,
      6.24
    ],
    [
      1784927797,
      6.23
    ],
    [
      1784928699,
      6.25
    ],
    [
      1784929600,
      6.25
    ],
    [
      1784930501,
      6.24
    ],
    [
      1784931403,
      6.26
    ]
  ],
  "ondo-finance": [
    [
      1784925092,
      0.389459
    ],
    [
      1784925994,
      0.389225
    ],
    [
      1784926895,
      0.388358
    ],
    [
      1784927797,
      0.388804
    ],
    [
      1784928699,
      0.389372
    ],
    [
      1784929600,
      0.387932
    ],
    [
      1784930501,
      0.384108
    ],
    [
      1784931403,
      0.381477
    ]
  ],
  "binancecoin": [
    [
      1784925092,
      564.67
    ],
    [
      1784925994,
      564.65
    ],
    [
      1784926895,
      564.5
    ],
    [
      1784927797,
      563.91
    ],
    [
      1784928699,
      564.15
    ],
    [
      1784929600,
      563.83
    ],
    [
      1784930501,
      563.51
    ],
    [
      1784931403,
      563.81
    ]
  ],
  "ripple": [
    [
      1784925092,
      1.091
    ],
    [
      1784925994,
      1.09
    ],
    [
      1784926895,
      1.09
    ],
    [
      1784927797,
      1.089
    ],
    [
      1784928699,
      1.09
    ],
    [
      1784929600,
      1.09
    ],
    [
      1784930501,
      1.088
    ],
    [
      1784931403,
      1.09
    ]
  ],
  "solana": [
    [
      1784925092,
      73.85
    ],
    [
      1784925994,
      73.76
    ],
    [
      1784926895,
      73.73
    ],
    [
      1784927797,
      73.52
    ],
    [
      1784928699,
      73.64
    ],
    [
      1784929600,
      73.68
    ],
    [
      1784930501,
      73.59
    ],
    [
      1784931403,
      73.75
    ]
  ],
  "dogecoin": [
    [
      1784925092,
      0.069239
    ],
    [
      1784925994,
      0.069265
    ],
    [
      1784926895,
      0.06915
    ],
    [
      1784927797,
      0.068913
    ],
    [
      1784928699,
      0.069002
    ],
    [
      1784929600,
      0.068976
    ],
    [
      1784930501,
      0.068852
    ],
    [
      1784931403,
      0.069085
    ]
  ],
  "cardano": [
    [
      1784925092,
      0.163619
    ],
    [
      1784925994,
      0.163493
    ],
    [
      1784926895,
      0.163405
    ],
    [
      1784927797,
      0.163234
    ],
    [
      1784928699,
      0.163489
    ],
    [
      1784929600,
      0.163385
    ],
    [
      1784930501,
      0.163176
    ],
    [
      1784931403,
      0.163517
    ]
  ],
  "tron": [
    [
      1784925092,
      0.330978
    ],
    [
      1784925994,
      0.33093
    ],
    [
      1784926895,
      0.330994
    ],
    [
      1784927797,
      0.330741
    ],
    [
      1784928699,
      0.330643
    ],
    [
      1784929600,
      0.330497
    ],
    [
      1784930501,
      0.330417
    ],
    [
      1784931403,
      0.330226
    ]
  ],
  "chainlink": [
    [
      1784925092,
      8.35
    ],
    [
      1784925994,
      8.33
    ],
    [
      1784926895,
      8.33
    ],
    [
      1784927797,
      8.31
    ],
    [
      1784928699,
      8.32
    ],
    [
      1784929600,
      8.31
    ],
    [
      1784930501,
      8.3
    ],
    [
      1784931403,
      8.31
    ]
  ],
  "the-open-network": [
    [
      1784925092,
      1.46
    ],
    [
      1784925994,
      1.46
    ],
    [
      1784926895,
      1.46
    ],
    [
      1784927797,
      1.46
    ],
    [
      1784928699,
      1.47
    ],
    [
      1784929600,
      1.47
    ],
    [
      1784930501,
      1.45
    ],
    [
      1784931403,
      1.46
    ]
  ],
  "stellar": [
    [
      1784925092,
      0.177928
    ],
    [
      1784925994,
      0.178067
    ],
    [
      1784926895,
      0.177855
    ],
    [
      1784927797,
      0.177791
    ],
    [
      1784928699,
      0.177707
    ],
    [
      1784929600,
      0.177687
    ],
    [
      1784930501,
      0.177014
    ],
    [
      1784931403,
      0.177226
    ]
  ],
  "hedera-hashgraph": [
    [
      1784925092,
      0.072054
    ],
    [
      1784925994,
      0.072283
    ],
    [
      1784926895,
      0.072527
    ],
    [
      1784927797,
      0.07264
    ],
    [
      1784928699,
      0.07172
    ],
    [
      1784929600,
      0.071743
    ],
    [
      1784930501,
      0.071492
    ],
    [
      1784931403,
      0.071625
    ]
  ],
  "sui": [
    [
      1784925092,
      0.710718
    ],
    [
      1784925994,
      0.710333
    ],
    [
      1784926895,
      0.711233
    ],
    [
      1784927797,
      0.709076
    ],
    [
      1784928699,
      0.710794
    ],
    [
      1784929600,
      0.710227
    ],
    [
      1784930501,
      0.708667
    ],
    [
      1784931403,
      0.709301
    ]
  ],
  "bitcoin-cash": [
    [
      1784925092,
      209.68
    ],
    [
      1784925994,
      209.49
    ],
    [
      1784926895,
      209.63
    ],
    [
      1784927797,
      208.88
    ],
    [
      1784928699,
      209.55
    ],
    [
      1784929600,
      209.62
    ],
    [
      1784930501,
      209.21
    ],
    [
      1784931403,
      209.51
    ]
  ],
  "litecoin": [
    [
      1784925092,
      46.19
    ],
    [
      1784925994,
      46.25
    ],
    [
      1784926895,
      46.18
    ],
    [
      1784927797,
      46.21
    ],
    [
      1784928699,
      46.26
    ],
    [
      1784929600,
      46.21
    ],
    [
      1784930501,
      46.09
    ],
    [
      1784931403,
      46.17
    ]
  ],
  "polkadot": [
    [
      1784925092,
      0.805754
    ],
    [
      1784925994,
      0.8052
    ],
    [
      1784926895,
      0.805286
    ],
    [
      1784927797,
      0.801906
    ],
    [
      1784928699,
      0.805616
    ],
    [
      1784929600,
      0.807897
    ],
    [
      1784930501,
      0.805202
    ],
    [
      1784931403,
      0.803285
    ]
  ],
  "hyperliquid": [
    [
      1784925092,
      58.17
    ],
    [
      1784925994,
      58.11
    ],
    [
      1784926895,
      58.0
    ],
    [
      1784927797,
      57.52
    ],
    [
      1784928699,
      57.45
    ],
    [
      1784929600,
      57.04
    ],
    [
      1784930501,
      56.68
    ],
    [
      1784931403,
      56.98
    ]
  ],
  "monero": [
    [
      1784925092,
      365.44
    ],
    [
      1784925994,
      364.66
    ],
    [
      1784926895,
      364.0
    ],
    [
      1784927797,
      362.72
    ],
    [
      1784928699,
      362.37
    ],
    [
      1784929600,
      363.23
    ],
    [
      1784930501,
      362.14
    ],
    [
      1784931403,
      363.25
    ]
  ],
  "_alerts_sent": {}
}