{
  "bitcoin": [
    [
      1779730673,
      77521
    ],
    [
      1779731574,
      77505
    ],
    [
      1779732476,
      77549
    ],
    [
      1779733377,
      77560
    ],
    [
      1779734279,
      77545
    ],
    [
      1779735180,
      77535
    ],
    [
      1779736082,
      77407
    ],
    [
      1779736983,
      77397
    ]
  ],
  "ethereum": [
    [
      1779730673,
      2131.02
    ],
    [
      1779731574,
      2129.14
    ],
    [
      1779732476,
      2129.65
    ],
    [
      1779733377,
      2129.2
    ],
    [
      1779734279,
      2128.38
    ],
    [
      1779735180,
      2126.21
    ],
    [
      1779736082,
      2122.72
    ],
    [
      1779736983,
      2122.15
    ]
  ],
  "avalanche-2": [
    [
      1779730673,
      9.43
    ],
    [
      1779731574,
      9.42
    ],
    [
      1779732476,
      9.44
    ],
    [
      1779733377,
      9.43
    ],
    [
      1779734279,
      9.42
    ],
    [
      1779735180,
      9.41
    ],
    [
      1779736082,
      9.38
    ],
    [
      1779736983,
      9.38
    ]
  ],
  "ondo-finance": [
    [
      1779730673,
      0.4367
    ],
    [
      1779731574,
      0.436871
    ],
    [
      1779732476,
      0.439874
    ],
    [
      1779733377,
      0.44073
    ],
    [
      1779734279,
      0.439592
    ],
    [
      1779735180,
      0.436036
    ],
    [
      1779736082,
      0.434613
    ],
    [
      1779736983,
      0.43544
    ]
  ]
}