{
  "bitcoin": [
    [
      1780040059,
      73473
    ],
    [
      1780040960,
      73297
    ],
    [
      1780041862,
      73574
    ],
    [
      1780042764,
      73615
    ],
    [
      1780043665,
      73643
    ],
    [
      1780044566,
      73657
    ],
    [
      1780045470,
      73569
    ],
    [
      1780046371,
      73741
    ]
  ],
  "ethereum": [
    [
      1780040059,
      2008.01
    ],
    [
      1780040960,
      2002.07
    ],
    [
      1780041862,
      2007.03
    ],
    [
      1780042764,
      2006.66
    ],
    [
      1780043665,
      2006.67
    ],
    [
      1780044566,
      2006.03
    ],
    [
      1780045470,
      2004.29
    ],
    [
      1780046371,
      2012.46
    ]
  ],
  "avalanche-2": [
    [
      1780040059,
      8.93
    ],
    [
      1780040960,
      8.89
    ],
    [
      1780041862,
      8.92
    ],
    [
      1780042764,
      8.92
    ],
    [
      1780043665,
      8.93
    ],
    [
      1780044566,
      8.92
    ],
    [
      1780045470,
      8.92
    ],
    [
      1780046371,
      8.95
    ]
  ],
  "ondo-finance": [
    [
      1780040059,
      0.369926
    ],
    [
      1780040960,
      0.366309
    ],
    [
      1780041862,
      0.368656
    ],
    [
      1780042764,
      0.372145
    ],
    [
      1780043665,
      0.370464
    ],
    [
      1780044566,
      0.373198
    ],
    [
      1780045470,
      0.371688
    ],
    [
      1780046371,
      0.372767
    ]
  ]
}