{
  "bitcoin": [
    [
      1781320919,
      63556
    ],
    [
      1781321820,
      63466
    ],
    [
      1781322722,
      63477
    ],
    [
      1781323623,
      63490
    ],
    [
      1781324524,
      63506
    ],
    [
      1781325426,
      63572
    ],
    [
      1781326327,
      63610
    ],
    [
      1781327228,
      63494
    ]
  ],
  "ethereum": [
    [
      1781320919,
      1665.05
    ],
    [
      1781321820,
      1664.15
    ],
    [
      1781322722,
      1664.52
    ],
    [
      1781323623,
      1663.94
    ],
    [
      1781324524,
      1664.55
    ],
    [
      1781325426,
      1666.57
    ],
    [
      1781326327,
      1666.94
    ],
    [
      1781327228,
      1663.27
    ]
  ],
  "avalanche-2": [
    [
      1781320919,
      6.59
    ],
    [
      1781321820,
      6.58
    ],
    [
      1781322722,
      6.6
    ],
    [
      1781323623,
      6.59
    ],
    [
      1781324524,
      6.58
    ],
    [
      1781325426,
      6.6
    ],
    [
      1781326327,
      6.61
    ],
    [
      1781327228,
      6.59
    ]
  ],
  "ondo-finance": [
    [
      1781320919,
      0.356133
    ],
    [
      1781321820,
      0.354855
    ],
    [
      1781322722,
      0.355379
    ],
    [
      1781323623,
      0.354303
    ],
    [
      1781324524,
      0.354067
    ],
    [
      1781325426,
      0.355565
    ],
    [
      1781326327,
      0.356776
    ],
    [
      1781327228,
      0.354438
    ]
  ],
  "binancecoin": [
    [
      1781320919,
      603.57
    ],
    [
      1781321820,
      601.22
    ],
    [
      1781322722,
      600.42
    ],
    [
      1781323623,
      600.38
    ],
    [
      1781324524,
      600.18
    ],
    [
      1781325426,
      600.44
    ],
    [
      1781326327,
      600.4
    ],
    [
      1781327228,
      599.59
    ]
  ],
  "ripple": [
    [
      1781320919,
      1.13
    ],
    [
      1781321820,
      1.13
    ],
    [
      1781322722,
      1.13
    ],
    [
      1781323623,
      1.13
    ],
    [
      1781324524,
      1.13
    ],
    [
      1781325426,
      1.14
    ],
    [
      1781326327,
      1.14
    ],
    [
      1781327228,
      1.13
    ]
  ],
  "solana": [
    [
      1781320919,
      66.88
    ],
    [
      1781321820,
      66.77
    ],
    [
      1781322722,
      66.87
    ],
    [
      1781323623,
      66.77
    ],
    [
      1781324524,
      66.72
    ],
    [
      1781325426,
      66.85
    ],
    [
      1781326327,
      66.89
    ],
    [
      1781327228,
      66.66
    ]
  ],
  "dogecoin": [
    [
      1781320919,
      0.086247
    ],
    [
      1781321820,
      0.086223
    ],
    [
      1781322722,
      0.086323
    ],
    [
      1781323623,
      0.086151
    ],
    [
      1781324524,
      0.08614
    ],
    [
      1781325426,
      0.086354
    ],
    [
      1781326327,
      0.086377
    ],
    [
      1781327228,
      0.086132
    ]
  ],
  "cardano": [
    [
      1781320919,
      0.171067
    ],
    [
      1781321820,
      0.170271
    ],
    [
      1781322722,
      0.170459
    ],
    [
      1781323623,
      0.170274
    ],
    [
      1781324524,
      0.169809
    ],
    [
      1781325426,
      0.170291
    ],
    [
      1781326327,
      0.170608
    ],
    [
      1781327228,
      0.170497
    ]
  ],
  "tron": [
    [
      1781320919,
      0.315092
    ],
    [
      1781321820,
      0.314897
    ],
    [
      1781322722,
      0.314936
    ],
    [
      1781323623,
      0.315109
    ],
    [
      1781324524,
      0.315401
    ],
    [
      1781325426,
      0.315434
    ],
    [
      1781326327,
      0.315447
    ],
    [
      1781327228,
      0.315446
    ]
  ],
  "chainlink": [
    [
      1781320919,
      7.9
    ],
    [
      1781321820,
      7.88
    ],
    [
      1781322722,
      7.88
    ],
    [
      1781323623,
      7.88
    ],
    [
      1781324524,
      7.87
    ],
    [
      1781325426,
      7.89
    ],
    [
      1781326327,
      7.9
    ],
    [
      1781327228,
      7.88
    ]
  ],
  "the-open-network": [
    [
      1781320919,
      1.68
    ],
    [
      1781321820,
      1.68
    ],
    [
      1781322722,
      1.68
    ],
    [
      1781323623,
      1.67
    ],
    [
      1781324524,
      1.67
    ],
    [
      1781325426,
      1.67
    ],
    [
      1781326327,
      1.67
    ],
    [
      1781327228,
      1.67
    ]
  ],
  "stellar": [
    [
      1781320919,
      0.185369
    ],
    [
      1781321820,
      0.185332
    ],
    [
      1781322722,
      0.185581
    ],
    [
      1781323623,
      0.185211
    ],
    [
      1781324524,
      0.183962
    ],
    [
      1781325426,
      0.18466
    ],
    [
      1781326327,
      0.185685
    ],
    [
      1781327228,
      0.185139
    ]
  ],
  "hedera-hashgraph": [
    [
      1781320919,
      0.077738
    ],
    [
      1781321820,
      0.07768
    ],
    [
      1781322722,
      0.077746
    ],
    [
      1781323623,
      0.077607
    ],
    [
      1781324524,
      0.077466
    ],
    [
      1781325426,
      0.077575
    ],
    [
      1781326327,
      0.077591
    ],
    [
      1781327228,
      0.077347
    ]
  ],
  "sui": [
    [
      1781320919,
      0.751191
    ],
    [
      1781321820,
      0.749535
    ],
    [
      1781322722,
      0.750532
    ],
    [
      1781323623,
      0.749744
    ],
    [
      1781324524,
      0.749389
    ],
    [
      1781325426,
      0.750945
    ],
    [
      1781326327,
      0.752007
    ],
    [
      1781327228,
      0.749626
    ]
  ],
  "bitcoin-cash": [
    [
      1781320919,
      202.36
    ],
    [
      1781321820,
      202.22
    ],
    [
      1781322722,
      202.39
    ],
    [
      1781323623,
      202.83
    ],
    [
      1781324524,
      202.64
    ],
    [
      1781325426,
      203.54
    ],
    [
      1781326327,
      203.97
    ],
    [
      1781327228,
      203.74
    ]
  ],
  "litecoin": [
    [
      1781320919,
      43.29
    ],
    [
      1781321820,
      43.26
    ],
    [
      1781322722,
      43.33
    ],
    [
      1781323623,
      43.34
    ],
    [
      1781324524,
      43.26
    ],
    [
      1781325426,
      43.34
    ],
    [
      1781326327,
      43.37
    ],
    [
      1781327228,
      43.25
    ]
  ],
  "polkadot": [
    [
      1781320919,
      0.964796
    ],
    [
      1781321820,
      0.963757
    ],
    [
      1781322722,
      0.967851
    ],
    [
      1781323623,
      0.966299
    ],
    [
      1781324524,
      0.965465
    ],
    [
      1781325426,
      0.96678
    ],
    [
      1781326327,
      0.969997
    ],
    [
      1781327228,
      0.96553
    ]
  ],
  "hyperliquid": [
    [
      1781320919,
      59.15
    ],
    [
      1781321820,
      58.42
    ],
    [
      1781322722,
      58.54
    ],
    [
      1781323623,
      58.47
    ],
    [
      1781324524,
      58.43
    ],
    [
      1781325426,
      58.44
    ],
    [
      1781326327,
      58.38
    ],
    [
      1781327228,
      57.76
    ]
  ],
  "monero": [
    [
      1781320919,
      347.85
    ],
    [
      1781321820,
      344.58
    ],
    [
      1781322722,
      346.74
    ],
    [
      1781323623,
      348.44
    ],
    [
      1781324524,
      348.13
    ],
    [
      1781325426,
      345.37
    ],
    [
      1781326327,
      344.6
    ],
    [
      1781327228,
      343.54
    ]
  ],
  "_alerts_sent": {}
}