{
  "bitcoin": [
    [
      1783458572,
      63745
    ],
    [
      1783459473,
      63475
    ],
    [
      1783460374,
      63347
    ],
    [
      1783461276,
      63423
    ],
    [
      1783462177,
      63369
    ],
    [
      1783463078,
      63424
    ],
    [
      1783463980,
      63584
    ],
    [
      1783464881,
      63526
    ]
  ],
  "ethereum": [
    [
      1783458572,
      1785.56
    ],
    [
      1783459473,
      1776.94
    ],
    [
      1783460374,
      1772.26
    ],
    [
      1783461276,
      1774.42
    ],
    [
      1783462177,
      1773.69
    ],
    [
      1783463078,
      1771.84
    ],
    [
      1783463980,
      1776.28
    ],
    [
      1783464881,
      1775.55
    ]
  ],
  "avalanche-2": [
    [
      1783458572,
      6.74
    ],
    [
      1783459473,
      6.71
    ],
    [
      1783460374,
      6.71
    ],
    [
      1783461276,
      6.7
    ],
    [
      1783462177,
      6.68
    ],
    [
      1783463078,
      6.7
    ],
    [
      1783463980,
      6.7
    ],
    [
      1783464881,
      6.71
    ]
  ],
  "ondo-finance": [
    [
      1783458572,
      0.330447
    ],
    [
      1783459473,
      0.32902
    ],
    [
      1783460374,
      0.32795
    ],
    [
      1783461276,
      0.328235
    ],
    [
      1783462177,
      0.326779
    ],
    [
      1783463078,
      0.327706
    ],
    [
      1783463980,
      0.327716
    ],
    [
      1783464881,
      0.327928
    ]
  ],
  "binancecoin": [
    [
      1783458572,
      580.56
    ],
    [
      1783459473,
      578.36
    ],
    [
      1783460374,
      578.12
    ],
    [
      1783461276,
      577.94
    ],
    [
      1783462177,
      578.2
    ],
    [
      1783463078,
      578.14
    ],
    [
      1783463980,
      578.95
    ],
    [
      1783464881,
      578.75
    ]
  ],
  "ripple": [
    [
      1783458572,
      1.12
    ],
    [
      1783459473,
      1.12
    ],
    [
      1783460374,
      1.11
    ],
    [
      1783461276,
      1.11
    ],
    [
      1783462177,
      1.11
    ],
    [
      1783463078,
      1.11
    ],
    [
      1783463980,
      1.12
    ],
    [
      1783464881,
      1.12
    ]
  ],
  "solana": [
    [
      1783458572,
      81.21
    ],
    [
      1783459473,
      80.87
    ],
    [
      1783460374,
      80.71
    ],
    [
      1783461276,
      80.78
    ],
    [
      1783462177,
      80.64
    ],
    [
      1783463078,
      80.82
    ],
    [
      1783463980,
      80.93
    ],
    [
      1783464881,
      80.86
    ]
  ],
  "dogecoin": [
    [
      1783458572,
      0.074452
    ],
    [
      1783459473,
      0.074191
    ],
    [
      1783460374,
      0.074041
    ],
    [
      1783461276,
      0.074094
    ],
    [
      1783462177,
      0.07397
    ],
    [
      1783463078,
      0.074101
    ],
    [
      1783463980,
      0.074192
    ],
    [
      1783464881,
      0.07434
    ]
  ],
  "cardano": [
    [
      1783458572,
      0.175862
    ],
    [
      1783459473,
      0.175394
    ],
    [
      1783460374,
      0.174942
    ],
    [
      1783461276,
      0.174858
    ],
    [
      1783462177,
      0.174137
    ],
    [
      1783463078,
      0.1743
    ],
    [
      1783463980,
      0.174535
    ],
    [
      1783464881,
      0.174495
    ]
  ],
  "tron": [
    [
      1783458572,
      0.331394
    ],
    [
      1783459473,
      0.331301
    ],
    [
      1783460374,
      0.331125
    ],
    [
      1783461276,
      0.33123
    ],
    [
      1783462177,
      0.331308
    ],
    [
      1783463078,
      0.331259
    ],
    [
      1783463980,
      0.331262
    ],
    [
      1783464881,
      0.331274
    ]
  ],
  "chainlink": [
    [
      1783458572,
      7.9
    ],
    [
      1783459473,
      7.87
    ],
    [
      1783460374,
      7.85
    ],
    [
      1783461276,
      7.86
    ],
    [
      1783462177,
      7.83
    ],
    [
      1783463078,
      7.85
    ],
    [
      1783463980,
      7.86
    ],
    [
      1783464881,
      7.87
    ]
  ],
  "the-open-network": [
    [
      1783458572,
      1.64
    ],
    [
      1783459473,
      1.64
    ],
    [
      1783460374,
      1.64
    ],
    [
      1783461276,
      1.63
    ],
    [
      1783462177,
      1.63
    ],
    [
      1783463078,
      1.62
    ],
    [
      1783463980,
      1.63
    ],
    [
      1783464881,
      1.62
    ]
  ],
  "stellar": [
    [
      1783458572,
      0.189997
    ],
    [
      1783459473,
      0.188813
    ],
    [
      1783460374,
      0.189079
    ],
    [
      1783461276,
      0.188823
    ],
    [
      1783462177,
      0.188593
    ],
    [
      1783463078,
      0.188915
    ],
    [
      1783463980,
      0.189227
    ],
    [
      1783464881,
      0.189619
    ]
  ],
  "hedera-hashgraph": [
    [
      1783458572,
      0.071424
    ],
    [
      1783459473,
      0.071016
    ],
    [
      1783460374,
      0.070848
    ],
    [
      1783461276,
      0.070848
    ],
    [
      1783462177,
      0.070695
    ],
    [
      1783463078,
      0.070631
    ],
    [
      1783463980,
      0.070605
    ],
    [
      1783464881,
      0.070624
    ]
  ],
  "sui": [
    [
      1783458572,
      0.733648
    ],
    [
      1783459473,
      0.73012
    ],
    [
      1783460374,
      0.725219
    ],
    [
      1783461276,
      0.725185
    ],
    [
      1783462177,
      0.724491
    ],
    [
      1783463078,
      0.726417
    ],
    [
      1783463980,
      0.7269
    ],
    [
      1783464881,
      0.72809
    ]
  ],
  "bitcoin-cash": [
    [
      1783458572,
      242.39
    ],
    [
      1783459473,
      240.85
    ],
    [
      1783460374,
      240.59
    ],
    [
      1783461276,
      241.1
    ],
    [
      1783462177,
      238.99
    ],
    [
      1783463078,
      239.15
    ],
    [
      1783463980,
      239.74
    ],
    [
      1783464881,
      239.63
    ]
  ],
  "litecoin": [
    [
      1783458572,
      44.04
    ],
    [
      1783459473,
      43.94
    ],
    [
      1783460374,
      43.84
    ],
    [
      1783461276,
      43.88
    ],
    [
      1783462177,
      43.8
    ],
    [
      1783463078,
      43.87
    ],
    [
      1783463980,
      43.9
    ],
    [
      1783464881,
      43.94
    ]
  ],
  "polkadot": [
    [
      1783458572,
      0.858823
    ],
    [
      1783459473,
      0.855547
    ],
    [
      1783460374,
      0.854722
    ],
    [
      1783461276,
      0.853319
    ],
    [
      1783462177,
      0.849877
    ],
    [
      1783463078,
      0.851236
    ],
    [
      1783463980,
      0.851661
    ],
    [
      1783464881,
      0.852343
    ]
  ],
  "hyperliquid": [
    [
      1783458572,
      70.29
    ],
    [
      1783459473,
      69.65
    ],
    [
      1783460374,
      69.24
    ],
    [
      1783461276,
      69.27
    ],
    [
      1783462177,
      69.15
    ],
    [
      1783463078,
      69.27
    ],
    [
      1783463980,
      69.5
    ],
    [
      1783464881,
      69.59
    ]
  ],
  "monero": [
    [
      1783458572,
      334.12
    ],
    [
      1783459473,
      332.26
    ],
    [
      1783460374,
      331.18
    ],
    [
      1783461276,
      332.47
    ],
    [
      1783462177,
      334.1
    ],
    [
      1783463078,
      334.27
    ],
    [
      1783463980,
      334.96
    ],
    [
      1783464881,
      335.16
    ]
  ],
  "_alerts_sent": {}
}