{
  "bitcoin": [
    [
      1781263904,
      63733
    ],
    [
      1781264806,
      63759
    ],
    [
      1781265707,
      63630
    ],
    [
      1781266608,
      63564
    ],
    [
      1781267510,
      63438
    ],
    [
      1781268411,
      63376
    ],
    [
      1781269313,
      63385
    ],
    [
      1781270214,
      63388
    ]
  ],
  "ethereum": [
    [
      1781263904,
      1674.18
    ],
    [
      1781264806,
      1674.31
    ],
    [
      1781265707,
      1670.66
    ],
    [
      1781266608,
      1668.77
    ],
    [
      1781267510,
      1665.93
    ],
    [
      1781268411,
      1664.24
    ],
    [
      1781269313,
      1664.47
    ],
    [
      1781270214,
      1664.85
    ]
  ],
  "avalanche-2": [
    [
      1781263904,
      6.64
    ],
    [
      1781264806,
      6.63
    ],
    [
      1781265707,
      6.63
    ],
    [
      1781266608,
      6.63
    ],
    [
      1781267510,
      6.61
    ],
    [
      1781268411,
      6.61
    ],
    [
      1781269313,
      6.61
    ],
    [
      1781270214,
      6.6
    ]
  ],
  "ondo-finance": [
    [
      1781263904,
      0.3661
    ],
    [
      1781264806,
      0.364726
    ],
    [
      1781265707,
      0.365359
    ],
    [
      1781266608,
      0.367741
    ],
    [
      1781267510,
      0.364653
    ],
    [
      1781268411,
      0.363482
    ],
    [
      1781269313,
      0.36367
    ],
    [
      1781270214,
      0.362128
    ]
  ],
  "binancecoin": [
    [
      1781263904,
      607.23
    ],
    [
      1781264806,
      606.88
    ],
    [
      1781265707,
      605.73
    ],
    [
      1781266608,
      605.54
    ],
    [
      1781267510,
      605.17
    ],
    [
      1781268411,
      605.29
    ],
    [
      1781269313,
      605.78
    ],
    [
      1781270214,
      605.79
    ]
  ],
  "ripple": [
    [
      1781263904,
      1.14
    ],
    [
      1781264806,
      1.14
    ],
    [
      1781265707,
      1.14
    ],
    [
      1781266608,
      1.14
    ],
    [
      1781267510,
      1.14
    ],
    [
      1781268411,
      1.14
    ],
    [
      1781269313,
      1.13
    ],
    [
      1781270214,
      1.13
    ]
  ],
  "solana": [
    [
      1781263904,
      66.9
    ],
    [
      1781264806,
      66.91
    ],
    [
      1781265707,
      66.85
    ],
    [
      1781266608,
      66.81
    ],
    [
      1781267510,
      66.74
    ],
    [
      1781268411,
      66.72
    ],
    [
      1781269313,
      66.7
    ],
    [
      1781270214,
      66.73
    ]
  ],
  "dogecoin": [
    [
      1781263904,
      0.086532
    ],
    [
      1781264806,
      0.086605
    ],
    [
      1781265707,
      0.086809
    ],
    [
      1781266608,
      0.086999
    ],
    [
      1781267510,
      0.086911
    ],
    [
      1781268411,
      0.086804
    ],
    [
      1781269313,
      0.086872
    ],
    [
      1781270214,
      0.086897
    ]
  ],
  "cardano": [
    [
      1781263904,
      0.17098
    ],
    [
      1781264806,
      0.170941
    ],
    [
      1781265707,
      0.170977
    ],
    [
      1781266608,
      0.171586
    ],
    [
      1781267510,
      0.171256
    ],
    [
      1781268411,
      0.170907
    ],
    [
      1781269313,
      0.170719
    ],
    [
      1781270214,
      0.170125
    ]
  ],
  "tron": [
    [
      1781263904,
      0.312109
    ],
    [
      1781264806,
      0.311903
    ],
    [
      1781265707,
      0.31195
    ],
    [
      1781266608,
      0.311933
    ],
    [
      1781267510,
      0.311907
    ],
    [
      1781268411,
      0.312182
    ],
    [
      1781269313,
      0.312046
    ],
    [
      1781270214,
      0.312348
    ]
  ],
  "chainlink": [
    [
      1781263904,
      7.9
    ],
    [
      1781264806,
      7.89
    ],
    [
      1781265707,
      7.89
    ],
    [
      1781266608,
      7.89
    ],
    [
      1781267510,
      7.87
    ],
    [
      1781268411,
      7.88
    ],
    [
      1781269313,
      7.88
    ],
    [
      1781270214,
      7.87
    ]
  ],
  "the-open-network": [
    [
      1781263904,
      1.73
    ],
    [
      1781264806,
      1.72
    ],
    [
      1781265707,
      1.73
    ],
    [
      1781266608,
      1.74
    ],
    [
      1781267510,
      1.73
    ],
    [
      1781268411,
      1.73
    ],
    [
      1781269313,
      1.74
    ],
    [
      1781270214,
      1.73
    ]
  ],
  "stellar": [
    [
      1781263904,
      0.193172
    ],
    [
      1781264806,
      0.19385
    ],
    [
      1781265707,
      0.19365
    ],
    [
      1781266608,
      0.193244
    ],
    [
      1781267510,
      0.19294
    ],
    [
      1781268411,
      0.192592
    ],
    [
      1781269313,
      0.192509
    ],
    [
      1781270214,
      0.192039
    ]
  ],
  "hedera-hashgraph": [
    [
      1781263904,
      0.079715
    ],
    [
      1781264806,
      0.07946
    ],
    [
      1781265707,
      0.079444
    ],
    [
      1781266608,
      0.079473
    ],
    [
      1781267510,
      0.079287
    ],
    [
      1781268411,
      0.07903
    ],
    [
      1781269313,
      0.078914
    ],
    [
      1781270214,
      0.078654
    ]
  ],
  "sui": [
    [
      1781263904,
      0.756111
    ],
    [
      1781264806,
      0.756394
    ],
    [
      1781265707,
      0.756401
    ],
    [
      1781266608,
      0.75743
    ],
    [
      1781267510,
      0.755719
    ],
    [
      1781268411,
      0.754429
    ],
    [
      1781269313,
      0.754117
    ],
    [
      1781270214,
      0.753123
    ]
  ],
  "bitcoin-cash": [
    [
      1781263904,
      204.55
    ],
    [
      1781264806,
      204.02
    ],
    [
      1781265707,
      204.53
    ],
    [
      1781266608,
      205.22
    ],
    [
      1781267510,
      204.39
    ],
    [
      1781268411,
      204.37
    ],
    [
      1781269313,
      204.32
    ],
    [
      1781270214,
      204.53
    ]
  ],
  "litecoin": [
    [
      1781263904,
      43.06
    ],
    [
      1781264806,
      42.96
    ],
    [
      1781265707,
      42.97
    ],
    [
      1781266608,
      42.96
    ],
    [
      1781267510,
      42.82
    ],
    [
      1781268411,
      42.86
    ],
    [
      1781269313,
      42.99
    ],
    [
      1781270214,
      42.9
    ]
  ],
  "polkadot": [
    [
      1781263904,
      0.965979
    ],
    [
      1781264806,
      0.96557
    ],
    [
      1781265707,
      0.965638
    ],
    [
      1781266608,
      0.968846
    ],
    [
      1781267510,
      0.963066
    ],
    [
      1781268411,
      0.960985
    ],
    [
      1781269313,
      0.960511
    ],
    [
      1781270214,
      0.96044
    ]
  ],
  "hyperliquid": [
    [
      1781263904,
      59.34
    ],
    [
      1781264806,
      59.24
    ],
    [
      1781265707,
      59.25
    ],
    [
      1781266608,
      59.99
    ],
    [
      1781267510,
      60.32
    ],
    [
      1781268411,
      60.42
    ],
    [
      1781269313,
      60.45
    ],
    [
      1781270214,
      60.37
    ]
  ],
  "monero": [
    [
      1781263904,
      378.3
    ],
    [
      1781264806,
      384.79
    ],
    [
      1781265707,
      386.33
    ],
    [
      1781266608,
      380.73
    ],
    [
      1781267510,
      384.06
    ],
    [
      1781268411,
      380.72
    ],
    [
      1781269313,
      381.92
    ],
    [
      1781270214,
      376.68
    ]
  ],
  "_alerts_sent": {
    "monero_2026-06-12 10": true
  }
}