{
  "bitcoin": [
    [
      1780529643,
      64471
    ],
    [
      1780530545,
      64218
    ],
    [
      1780531446,
      64315
    ],
    [
      1780532347,
      64236
    ],
    [
      1780533249,
      63528
    ],
    [
      1780534150,
      63210
    ],
    [
      1780535051,
      63360
    ],
    [
      1780535954,
      62933
    ]
  ],
  "ethereum": [
    [
      1780529643,
      1819.45
    ],
    [
      1780530545,
      1815.76
    ],
    [
      1780531446,
      1816.25
    ],
    [
      1780532347,
      1814.92
    ],
    [
      1780533249,
      1794.34
    ],
    [
      1780534150,
      1788.69
    ],
    [
      1780535051,
      1795.79
    ],
    [
      1780535954,
      1779.42
    ]
  ],
  "avalanche-2": [
    [
      1780529643,
      8.07
    ],
    [
      1780530545,
      8.05
    ],
    [
      1780531446,
      8.07
    ],
    [
      1780532347,
      8.09
    ],
    [
      1780533249,
      8.0
    ],
    [
      1780534150,
      7.98
    ],
    [
      1780535051,
      7.98
    ],
    [
      1780535954,
      7.92
    ]
  ],
  "ondo-finance": [
    [
      1780529643,
      0.418809
    ],
    [
      1780530545,
      0.416329
    ],
    [
      1780531446,
      0.414733
    ],
    [
      1780532347,
      0.420252
    ],
    [
      1780533249,
      0.41451
    ],
    [
      1780534150,
      0.413765
    ],
    [
      1780535051,
      0.412856
    ],
    [
      1780535954,
      0.403696
    ]
  ],
  "binancecoin": [
    [
      1780529643,
      622.48
    ],
    [
      1780530545,
      621.1
    ],
    [
      1780531446,
      622.56
    ],
    [
      1780532347,
      622.89
    ],
    [
      1780533249,
      615.47
    ],
    [
      1780534150,
      614.43
    ],
    [
      1780535051,
      616.25
    ],
    [
      1780535954,
      610.49
    ]
  ],
  "ripple": [
    [
      1780529643,
      1.2
    ],
    [
      1780530545,
      1.2
    ],
    [
      1780531446,
      1.2
    ],
    [
      1780532347,
      1.2
    ],
    [
      1780533249,
      1.19
    ],
    [
      1780534150,
      1.19
    ],
    [
      1780535051,
      1.19
    ],
    [
      1780535954,
      1.18
    ]
  ],
  "solana": [
    [
      1780529643,
      71.78
    ],
    [
      1780530545,
      71.64
    ],
    [
      1780531446,
      71.79
    ],
    [
      1780532347,
      71.83
    ],
    [
      1780533249,
      71.01
    ],
    [
      1780534150,
      70.75
    ],
    [
      1780535051,
      70.69
    ],
    [
      1780535954,
      70.01
    ]
  ],
  "dogecoin": [
    [
      1780529643,
      0.091446
    ],
    [
      1780530545,
      0.091408
    ],
    [
      1780531446,
      0.091608
    ],
    [
      1780532347,
      0.091461
    ],
    [
      1780533249,
      0.090607
    ],
    [
      1780534150,
      0.090606
    ],
    [
      1780535051,
      0.0906
    ],
    [
      1780535954,
      0.090094
    ]
  ],
  "cardano": [
    [
      1780529643,
      0.201082
    ],
    [
      1780530545,
      0.200683
    ],
    [
      1780531446,
      0.200769
    ],
    [
      1780532347,
      0.200755
    ],
    [
      1780533249,
      0.19833
    ],
    [
      1780534150,
      0.197285
    ],
    [
      1780535051,
      0.197535
    ],
    [
      1780535954,
      0.196833
    ]
  ],
  "tron": [
    [
      1780529643,
      0.33292
    ],
    [
      1780530545,
      0.332849
    ],
    [
      1780531446,
      0.333022
    ],
    [
      1780532347,
      0.333032
    ],
    [
      1780533249,
      0.332871
    ],
    [
      1780534150,
      0.332687
    ],
    [
      1780535051,
      0.332429
    ],
    [
      1780535954,
      0.332002
    ]
  ],
  "chainlink": [
    [
      1780529643,
      8.35
    ],
    [
      1780530545,
      8.34
    ],
    [
      1780531446,
      8.35
    ],
    [
      1780532347,
      8.37
    ],
    [
      1780533249,
      8.29
    ],
    [
      1780534150,
      8.23
    ],
    [
      1780535051,
      8.23
    ],
    [
      1780535954,
      8.17
    ]
  ],
  "the-open-network": [
    [
      1780529643,
      1.91
    ],
    [
      1780530545,
      1.91
    ],
    [
      1780531446,
      1.91
    ],
    [
      1780532347,
      1.9
    ],
    [
      1780533249,
      1.88
    ],
    [
      1780534150,
      1.88
    ],
    [
      1780535051,
      1.88
    ],
    [
      1780535954,
      1.85
    ]
  ],
  "stellar": [
    [
      1780529643,
      0.210047
    ],
    [
      1780530545,
      0.209698
    ],
    [
      1780531446,
      0.209586
    ],
    [
      1780532347,
      0.208309
    ],
    [
      1780533249,
      0.206387
    ],
    [
      1780534150,
      0.206839
    ],
    [
      1780535051,
      0.206818
    ],
    [
      1780535954,
      0.204688
    ]
  ],
  "hedera-hashgraph": [
    [
      1780529643,
      0.085511
    ],
    [
      1780530545,
      0.085243
    ],
    [
      1780531446,
      0.085349
    ],
    [
      1780532347,
      0.085429
    ],
    [
      1780533249,
      0.08494
    ],
    [
      1780534150,
      0.08489
    ],
    [
      1780535051,
      0.08506
    ],
    [
      1780535954,
      0.08449
    ]
  ],
  "sui": [
    [
      1780529643,
      0.830187
    ],
    [
      1780530545,
      0.826154
    ],
    [
      1780531446,
      0.827288
    ],
    [
      1780532347,
      0.826669
    ],
    [
      1780533249,
      0.816892
    ],
    [
      1780534150,
      0.814568
    ],
    [
      1780535051,
      0.814815
    ],
    [
      1780535954,
      0.805576
    ]
  ],
  "bitcoin-cash": [
    [
      1780529643,
      241.62
    ],
    [
      1780530545,
      242.31
    ],
    [
      1780531446,
      243.7
    ],
    [
      1780532347,
      243.6
    ],
    [
      1780533249,
      240.02
    ],
    [
      1780534150,
      240.4
    ],
    [
      1780535051,
      240.51
    ],
    [
      1780535954,
      238.27
    ]
  ],
  "litecoin": [
    [
      1780529643,
      47.26
    ],
    [
      1780530545,
      47.18
    ],
    [
      1780531446,
      47.23
    ],
    [
      1780532347,
      47.34
    ],
    [
      1780533249,
      46.94
    ],
    [
      1780534150,
      46.82
    ],
    [
      1780535051,
      46.68
    ],
    [
      1780535954,
      46.41
    ]
  ],
  "polkadot": [
    [
      1780529643,
      1.11
    ],
    [
      1780530545,
      1.1
    ],
    [
      1780531446,
      1.11
    ],
    [
      1780532347,
      1.11
    ],
    [
      1780533249,
      1.099
    ],
    [
      1780534150,
      1.093
    ],
    [
      1780535051,
      1.094
    ],
    [
      1780535954,
      1.083
    ]
  ],
  "hyperliquid": [
    [
      1780529643,
      74.98
    ],
    [
      1780530545,
      74.58
    ],
    [
      1780531446,
      75.08
    ],
    [
      1780532347,
      74.79
    ],
    [
      1780533249,
      74.71
    ],
    [
      1780534150,
      73.7
    ],
    [
      1780535051,
      74.09
    ],
    [
      1780535954,
      73.48
    ]
  ],
  "monero": [
    [
      1780529643,
      355.75
    ],
    [
      1780530545,
      355.82
    ],
    [
      1780531446,
      365.0
    ],
    [
      1780532347,
      367.54
    ],
    [
      1780533249,
      363.67
    ],
    [
      1780534150,
      364.11
    ],
    [
      1780535051,
      363.06
    ],
    [
      1780535954,
      362.97
    ]
  ],
  "_alerts_sent": {}
}