{
  "bitcoin": [
    [
      1782499864,
      59585
    ],
    [
      1782500766,
      59617
    ],
    [
      1782501667,
      59894
    ],
    [
      1782502569,
      59944
    ],
    [
      1782503470,
      59783
    ],
    [
      1782504371,
      59729
    ],
    [
      1782505273,
      59702
    ],
    [
      1782506175,
      59559
    ]
  ],
  "ethereum": [
    [
      1782499864,
      1571.12
    ],
    [
      1782500766,
      1568.82
    ],
    [
      1782501667,
      1578.3
    ],
    [
      1782502569,
      1578.8
    ],
    [
      1782503470,
      1575.64
    ],
    [
      1782504371,
      1575.75
    ],
    [
      1782505273,
      1575.3
    ],
    [
      1782506175,
      1569.55
    ]
  ],
  "avalanche-2": [
    [
      1782499864,
      6.4
    ],
    [
      1782500766,
      6.38
    ],
    [
      1782501667,
      6.41
    ],
    [
      1782502569,
      6.43
    ],
    [
      1782503470,
      6.42
    ],
    [
      1782504371,
      6.41
    ],
    [
      1782505273,
      6.39
    ],
    [
      1782506175,
      6.38
    ]
  ],
  "ondo-finance": [
    [
      1782499864,
      0.314879
    ],
    [
      1782500766,
      0.314393
    ],
    [
      1782501667,
      0.317975
    ],
    [
      1782502569,
      0.318293
    ],
    [
      1782503470,
      0.319101
    ],
    [
      1782504371,
      0.319482
    ],
    [
      1782505273,
      0.317744
    ],
    [
      1782506175,
      0.315738
    ]
  ],
  "binancecoin": [
    [
      1782499864,
      564.53
    ],
    [
      1782500766,
      564.69
    ],
    [
      1782501667,
      565.72
    ],
    [
      1782502569,
      566.78
    ],
    [
      1782503470,
      566.8
    ],
    [
      1782504371,
      566.16
    ],
    [
      1782505273,
      565.84
    ],
    [
      1782506175,
      564.61
    ]
  ],
  "ripple": [
    [
      1782499864,
      1.041
    ],
    [
      1782500766,
      1.039
    ],
    [
      1782501667,
      1.042
    ],
    [
      1782502569,
      1.045
    ],
    [
      1782503470,
      1.046
    ],
    [
      1782504371,
      1.051
    ],
    [
      1782505273,
      1.047
    ],
    [
      1782506175,
      1.046
    ]
  ],
  "solana": [
    [
      1782499864,
      72.42
    ],
    [
      1782500766,
      72.46
    ],
    [
      1782501667,
      73.1
    ],
    [
      1782502569,
      73.57
    ],
    [
      1782503470,
      73.42
    ],
    [
      1782504371,
      73.27
    ],
    [
      1782505273,
      72.76
    ],
    [
      1782506175,
      72.5
    ]
  ],
  "dogecoin": [
    [
      1782499864,
      0.07514
    ],
    [
      1782500766,
      0.075002
    ],
    [
      1782501667,
      0.075506
    ],
    [
      1782502569,
      0.075882
    ],
    [
      1782503470,
      0.075774
    ],
    [
      1782504371,
      0.075768
    ],
    [
      1782505273,
      0.075633
    ],
    [
      1782506175,
      0.075476
    ]
  ],
  "cardano": [
    [
      1782499864,
      0.14685
    ],
    [
      1782500766,
      0.146569
    ],
    [
      1782501667,
      0.147467
    ],
    [
      1782502569,
      0.148021
    ],
    [
      1782503470,
      0.14804
    ],
    [
      1782504371,
      0.148372
    ],
    [
      1782505273,
      0.148114
    ],
    [
      1782506175,
      0.147608
    ]
  ],
  "tron": [
    [
      1782499864,
      0.319563
    ],
    [
      1782500766,
      0.319669
    ],
    [
      1782501667,
      0.319879
    ],
    [
      1782502569,
      0.319834
    ],
    [
      1782503470,
      0.319833
    ],
    [
      1782504371,
      0.3201
    ],
    [
      1782505273,
      0.319978
    ],
    [
      1782506175,
      0.319738
    ]
  ],
  "chainlink": [
    [
      1782499864,
      7.3
    ],
    [
      1782500766,
      7.29
    ],
    [
      1782501667,
      7.33
    ],
    [
      1782502569,
      7.35
    ],
    [
      1782503470,
      7.35
    ],
    [
      1782504371,
      7.35
    ],
    [
      1782505273,
      7.34
    ],
    [
      1782506175,
      7.33
    ]
  ],
  "the-open-network": [
    [
      1782499864,
      1.56
    ],
    [
      1782500766,
      1.56
    ],
    [
      1782501667,
      1.56
    ],
    [
      1782502569,
      1.56
    ],
    [
      1782503470,
      1.56
    ],
    [
      1782504371,
      1.56
    ],
    [
      1782505273,
      1.56
    ],
    [
      1782506175,
      1.56
    ]
  ],
  "stellar": [
    [
      1782499864,
      0.177854
    ],
    [
      1782500766,
      0.177845
    ],
    [
      1782501667,
      0.179013
    ],
    [
      1782502569,
      0.179022
    ],
    [
      1782503470,
      0.179541
    ],
    [
      1782504371,
      0.179218
    ],
    [
      1782505273,
      0.179382
    ],
    [
      1782506175,
      0.179048
    ]
  ],
  "hedera-hashgraph": [
    [
      1782499864,
      0.071991
    ],
    [
      1782500766,
      0.07169
    ],
    [
      1782501667,
      0.072244
    ],
    [
      1782502569,
      0.072427
    ],
    [
      1782503470,
      0.072287
    ],
    [
      1782504371,
      0.071989
    ],
    [
      1782505273,
      0.071853
    ],
    [
      1782506175,
      0.071677
    ]
  ],
  "sui": [
    [
      1782499864,
      0.694676
    ],
    [
      1782500766,
      0.693849
    ],
    [
      1782501667,
      0.698846
    ],
    [
      1782502569,
      0.698663
    ],
    [
      1782503470,
      0.699953
    ],
    [
      1782504371,
      0.700012
    ],
    [
      1782505273,
      0.697908
    ],
    [
      1782506175,
      0.696488
    ]
  ],
  "bitcoin-cash": [
    [
      1782499864,
      197.62
    ],
    [
      1782500766,
      197.4
    ],
    [
      1782501667,
      198.62
    ],
    [
      1782502569,
      198.73
    ],
    [
      1782503470,
      198.55
    ],
    [
      1782504371,
      198.55
    ],
    [
      1782505273,
      197.68
    ],
    [
      1782506175,
      197.49
    ]
  ],
  "litecoin": [
    [
      1782499864,
      41.6
    ],
    [
      1782500766,
      41.55
    ],
    [
      1782501667,
      41.68
    ],
    [
      1782502569,
      41.78
    ],
    [
      1782503470,
      41.78
    ],
    [
      1782504371,
      41.88
    ],
    [
      1782505273,
      41.97
    ],
    [
      1782506175,
      41.88
    ]
  ],
  "polkadot": [
    [
      1782499864,
      0.854198
    ],
    [
      1782500766,
      0.853715
    ],
    [
      1782501667,
      0.858493
    ],
    [
      1782502569,
      0.858939
    ],
    [
      1782503470,
      0.859329
    ],
    [
      1782504371,
      0.858839
    ],
    [
      1782505273,
      0.858358
    ],
    [
      1782506175,
      0.85579
    ]
  ],
  "hyperliquid": [
    [
      1782499864,
      64.35
    ],
    [
      1782500766,
      63.98
    ],
    [
      1782501667,
      64.74
    ],
    [
      1782502569,
      64.86
    ],
    [
      1782503470,
      65.03
    ],
    [
      1782504371,
      64.91
    ],
    [
      1782505273,
      64.5
    ],
    [
      1782506175,
      64.24
    ]
  ],
  "monero": [
    [
      1782499864,
      314.16
    ],
    [
      1782500766,
      314.87
    ],
    [
      1782501667,
      315.74
    ],
    [
      1782502569,
      314.99
    ],
    [
      1782503470,
      317.16
    ],
    [
      1782504371,
      317.68
    ],
    [
      1782505273,
      318.66
    ],
    [
      1782506175,
      318.81
    ]
  ],
  "_alerts_sent": {}
}