{
  "bitcoin": [
    [
      1781506636,
      65827
    ],
    [
      1781507537,
      65793
    ],
    [
      1781508439,
      65931
    ],
    [
      1781509340,
      65704
    ],
    [
      1781510242,
      65660
    ],
    [
      1781511143,
      65678
    ],
    [
      1781512044,
      65610
    ],
    [
      1781512946,
      65672
    ]
  ],
  "ethereum": [
    [
      1781506636,
      1720.02
    ],
    [
      1781507537,
      1720.63
    ],
    [
      1781508439,
      1721.4
    ],
    [
      1781509340,
      1717.09
    ],
    [
      1781510242,
      1716.69
    ],
    [
      1781511143,
      1718.5
    ],
    [
      1781512044,
      1716.57
    ],
    [
      1781512946,
      1719.02
    ]
  ],
  "avalanche-2": [
    [
      1781506636,
      6.78
    ],
    [
      1781507537,
      6.77
    ],
    [
      1781508439,
      6.79
    ],
    [
      1781509340,
      6.76
    ],
    [
      1781510242,
      6.76
    ],
    [
      1781511143,
      6.77
    ],
    [
      1781512044,
      6.76
    ],
    [
      1781512946,
      6.77
    ]
  ],
  "ondo-finance": [
    [
      1781506636,
      0.379765
    ],
    [
      1781507537,
      0.379167
    ],
    [
      1781508439,
      0.379694
    ],
    [
      1781509340,
      0.377768
    ],
    [
      1781510242,
      0.377007
    ],
    [
      1781511143,
      0.379166
    ],
    [
      1781512044,
      0.377969
    ],
    [
      1781512946,
      0.379217
    ]
  ],
  "binancecoin": [
    [
      1781506636,
      617.24
    ],
    [
      1781507537,
      616.53
    ],
    [
      1781508439,
      616.61
    ],
    [
      1781509340,
      615.79
    ],
    [
      1781510242,
      615.48
    ],
    [
      1781511143,
      615.78
    ],
    [
      1781512044,
      615.14
    ],
    [
      1781512946,
      616.3
    ]
  ],
  "ripple": [
    [
      1781506636,
      1.18
    ],
    [
      1781507537,
      1.18
    ],
    [
      1781508439,
      1.18
    ],
    [
      1781509340,
      1.18
    ],
    [
      1781510242,
      1.18
    ],
    [
      1781511143,
      1.18
    ],
    [
      1781512044,
      1.18
    ],
    [
      1781512946,
      1.18
    ]
  ],
  "solana": [
    [
      1781506636,
      71.37
    ],
    [
      1781507537,
      71.27
    ],
    [
      1781508439,
      71.36
    ],
    [
      1781509340,
      71.21
    ],
    [
      1781510242,
      71.29
    ],
    [
      1781511143,
      71.36
    ],
    [
      1781512044,
      71.22
    ],
    [
      1781512946,
      71.37
    ]
  ],
  "dogecoin": [
    [
      1781506636,
      0.088766
    ],
    [
      1781507537,
      0.088506
    ],
    [
      1781508439,
      0.08864
    ],
    [
      1781509340,
      0.088393
    ],
    [
      1781510242,
      0.08848
    ],
    [
      1781511143,
      0.088545
    ],
    [
      1781512044,
      0.088472
    ],
    [
      1781512946,
      0.088766
    ]
  ],
  "cardano": [
    [
      1781506636,
      0.181391
    ],
    [
      1781507537,
      0.180853
    ],
    [
      1781508439,
      0.181448
    ],
    [
      1781509340,
      0.180654
    ],
    [
      1781510242,
      0.180303
    ],
    [
      1781511143,
      0.180717
    ],
    [
      1781512044,
      0.180215
    ],
    [
      1781512946,
      0.180944
    ]
  ],
  "tron": [
    [
      1781506636,
      0.319916
    ],
    [
      1781507537,
      0.319824
    ],
    [
      1781508439,
      0.319909
    ],
    [
      1781509340,
      0.31983
    ],
    [
      1781510242,
      0.319838
    ],
    [
      1781511143,
      0.319892
    ],
    [
      1781512044,
      0.319988
    ],
    [
      1781512946,
      0.320167
    ]
  ],
  "chainlink": [
    [
      1781506636,
      8.21
    ],
    [
      1781507537,
      8.18
    ],
    [
      1781508439,
      8.21
    ],
    [
      1781509340,
      8.18
    ],
    [
      1781510242,
      8.18
    ],
    [
      1781511143,
      8.19
    ],
    [
      1781512044,
      8.18
    ],
    [
      1781512946,
      8.2
    ]
  ],
  "the-open-network": [
    [
      1781506636,
      1.8
    ],
    [
      1781507537,
      1.78
    ],
    [
      1781508439,
      1.79
    ],
    [
      1781509340,
      1.79
    ],
    [
      1781510242,
      1.82
    ],
    [
      1781511143,
      1.79
    ],
    [
      1781512044,
      1.8
    ],
    [
      1781512946,
      1.8
    ]
  ],
  "stellar": [
    [
      1781506636,
      0.189971
    ],
    [
      1781507537,
      0.189684
    ],
    [
      1781508439,
      0.189727
    ],
    [
      1781509340,
      0.18918
    ],
    [
      1781510242,
      0.188948
    ],
    [
      1781511143,
      0.189317
    ],
    [
      1781512044,
      0.189516
    ],
    [
      1781512946,
      0.190371
    ]
  ],
  "hedera-hashgraph": [
    [
      1781506636,
      0.081976
    ],
    [
      1781507537,
      0.081758
    ],
    [
      1781508439,
      0.081817
    ],
    [
      1781509340,
      0.081541
    ],
    [
      1781510242,
      0.081471
    ],
    [
      1781511143,
      0.081449
    ],
    [
      1781512044,
      0.081445
    ],
    [
      1781512946,
      0.081559
    ]
  ],
  "sui": [
    [
      1781506636,
      0.799589
    ],
    [
      1781507537,
      0.796817
    ],
    [
      1781508439,
      0.798877
    ],
    [
      1781509340,
      0.795192
    ],
    [
      1781510242,
      0.794906
    ],
    [
      1781511143,
      0.796928
    ],
    [
      1781512044,
      0.7947
    ],
    [
      1781512946,
      0.795471
    ]
  ],
  "bitcoin-cash": [
    [
      1781506636,
      212.6
    ],
    [
      1781507537,
      212.36
    ],
    [
      1781508439,
      213.57
    ],
    [
      1781509340,
      212.44
    ],
    [
      1781510242,
      212.35
    ],
    [
      1781511143,
      213.01
    ],
    [
      1781512044,
      212.83
    ],
    [
      1781512946,
      213.24
    ]
  ],
  "litecoin": [
    [
      1781506636,
      45.38
    ],
    [
      1781507537,
      45.22
    ],
    [
      1781508439,
      45.21
    ],
    [
      1781509340,
      45.09
    ],
    [
      1781510242,
      45.12
    ],
    [
      1781511143,
      45.19
    ],
    [
      1781512044,
      45.15
    ],
    [
      1781512946,
      45.18
    ]
  ],
  "polkadot": [
    [
      1781506636,
      1.005
    ],
    [
      1781507537,
      1.002
    ],
    [
      1781508439,
      1.006
    ],
    [
      1781509340,
      1.001
    ],
    [
      1781510242,
      1.0
    ],
    [
      1781511143,
      1.002
    ],
    [
      1781512044,
      1.0
    ],
    [
      1781512946,
      1.002
    ]
  ],
  "hyperliquid": [
    [
      1781506636,
      65.08
    ],
    [
      1781507537,
      65.18
    ],
    [
      1781508439,
      65.64
    ],
    [
      1781509340,
      65.08
    ],
    [
      1781510242,
      65.16
    ],
    [
      1781511143,
      65.52
    ],
    [
      1781512044,
      65.62
    ],
    [
      1781512946,
      65.8
    ]
  ],
  "monero": [
    [
      1781506636,
      333.64
    ],
    [
      1781507537,
      334.01
    ],
    [
      1781508439,
      334.05
    ],
    [
      1781509340,
      333.08
    ],
    [
      1781510242,
      332.7
    ],
    [
      1781511143,
      334.1
    ],
    [
      1781512044,
      334.43
    ],
    [
      1781512946,
      336.38
    ]
  ],
  "_alerts_sent": {}
}