{
  "bitcoin": [
    [
      1784359919,
      63964
    ],
    [
      1784360821,
      63974
    ],
    [
      1784361722,
      63956
    ],
    [
      1784362623,
      63928
    ],
    [
      1784363524,
      63964
    ],
    [
      1784364425,
      63938
    ],
    [
      1784365328,
      63948
    ],
    [
      1784366230,
      63930
    ]
  ],
  "ethereum": [
    [
      1784359919,
      1843.67
    ],
    [
      1784360821,
      1843.84
    ],
    [
      1784361722,
      1842.41
    ],
    [
      1784362623,
      1843.14
    ],
    [
      1784363524,
      1845.83
    ],
    [
      1784364425,
      1845.63
    ],
    [
      1784365328,
      1846.08
    ],
    [
      1784366230,
      1844.95
    ]
  ],
  "avalanche-2": [
    [
      1784359919,
      6.6
    ],
    [
      1784360821,
      6.61
    ],
    [
      1784361722,
      6.6
    ],
    [
      1784362623,
      6.59
    ],
    [
      1784363524,
      6.59
    ],
    [
      1784364425,
      6.59
    ],
    [
      1784365328,
      6.57
    ],
    [
      1784366230,
      6.56
    ]
  ],
  "ondo-finance": [
    [
      1784359919,
      0.371527
    ],
    [
      1784360821,
      0.370576
    ],
    [
      1784361722,
      0.366559
    ],
    [
      1784362623,
      0.367368
    ],
    [
      1784363524,
      0.369356
    ],
    [
      1784364425,
      0.370409
    ],
    [
      1784365328,
      0.368861
    ],
    [
      1784366230,
      0.354815
    ]
  ],
  "binancecoin": [
    [
      1784359919,
      567.22
    ],
    [
      1784360821,
      567.26
    ],
    [
      1784361722,
      567.49
    ],
    [
      1784362623,
      567.51
    ],
    [
      1784363524,
      567.79
    ],
    [
      1784364425,
      567.82
    ],
    [
      1784365328,
      567.6
    ],
    [
      1784366230,
      567.95
    ]
  ],
  "ripple": [
    [
      1784359919,
      1.089
    ],
    [
      1784360821,
      1.089
    ],
    [
      1784361722,
      1.088
    ],
    [
      1784362623,
      1.089
    ],
    [
      1784363524,
      1.09
    ],
    [
      1784364425,
      1.089
    ],
    [
      1784365328,
      1.089
    ],
    [
      1784366230,
      1.087
    ]
  ],
  "solana": [
    [
      1784359919,
      74.89
    ],
    [
      1784360821,
      74.94
    ],
    [
      1784361722,
      74.89
    ],
    [
      1784362623,
      74.84
    ],
    [
      1784363524,
      74.91
    ],
    [
      1784364425,
      74.89
    ],
    [
      1784365328,
      74.91
    ],
    [
      1784366230,
      74.83
    ]
  ],
  "dogecoin": [
    [
      1784359919,
      0.072292
    ],
    [
      1784360821,
      0.072271
    ],
    [
      1784361722,
      0.072253
    ],
    [
      1784362623,
      0.072239
    ],
    [
      1784363524,
      0.072342
    ],
    [
      1784364425,
      0.072229
    ],
    [
      1784365328,
      0.072222
    ],
    [
      1784366230,
      0.072141
    ]
  ],
  "cardano": [
    [
      1784359919,
      0.166169
    ],
    [
      1784360821,
      0.166324
    ],
    [
      1784361722,
      0.166052
    ],
    [
      1784362623,
      0.166307
    ],
    [
      1784363524,
      0.166447
    ],
    [
      1784364425,
      0.166409
    ],
    [
      1784365328,
      0.166274
    ],
    [
      1784366230,
      0.166024
    ]
  ],
  "tron": [
    [
      1784359919,
      0.321871
    ],
    [
      1784360821,
      0.321919
    ],
    [
      1784361722,
      0.322126
    ],
    [
      1784362623,
      0.322158
    ],
    [
      1784363524,
      0.322657
    ],
    [
      1784364425,
      0.322977
    ],
    [
      1784365328,
      0.323117
    ],
    [
      1784366230,
      0.32351
    ]
  ],
  "chainlink": [
    [
      1784359919,
      8.24
    ],
    [
      1784360821,
      8.25
    ],
    [
      1784361722,
      8.24
    ],
    [
      1784362623,
      8.24
    ],
    [
      1784363524,
      8.25
    ],
    [
      1784364425,
      8.25
    ],
    [
      1784365328,
      8.25
    ],
    [
      1784366230,
      8.23
    ]
  ],
  "the-open-network": [
    [
      1784359919,
      1.48
    ],
    [
      1784360821,
      1.48
    ],
    [
      1784361722,
      1.48
    ],
    [
      1784362623,
      1.48
    ],
    [
      1784363524,
      1.48
    ],
    [
      1784364425,
      1.48
    ],
    [
      1784365328,
      1.48
    ],
    [
      1784366230,
      1.48
    ]
  ],
  "stellar": [
    [
      1784359919,
      0.18465
    ],
    [
      1784360821,
      0.184671
    ],
    [
      1784361722,
      0.184599
    ],
    [
      1784362623,
      0.184647
    ],
    [
      1784363524,
      0.185059
    ],
    [
      1784364425,
      0.184632
    ],
    [
      1784365328,
      0.184588
    ],
    [
      1784366230,
      0.184355
    ]
  ],
  "hedera-hashgraph": [
    [
      1784359919,
      0.06617
    ],
    [
      1784360821,
      0.066199
    ],
    [
      1784361722,
      0.066234
    ],
    [
      1784362623,
      0.066257
    ],
    [
      1784363524,
      0.066268
    ],
    [
      1784364425,
      0.066358
    ],
    [
      1784365328,
      0.066341
    ],
    [
      1784366230,
      0.066255
    ]
  ],
  "sui": [
    [
      1784359919,
      0.735146
    ],
    [
      1784360821,
      0.735867
    ],
    [
      1784361722,
      0.735694
    ],
    [
      1784362623,
      0.736015
    ],
    [
      1784363524,
      0.736838
    ],
    [
      1784364425,
      0.737903
    ],
    [
      1784365328,
      0.737645
    ],
    [
      1784366230,
      0.736492
    ]
  ],
  "bitcoin-cash": [
    [
      1784359919,
      218.45
    ],
    [
      1784360821,
      218.73
    ],
    [
      1784361722,
      218.6
    ],
    [
      1784362623,
      218.46
    ],
    [
      1784363524,
      218.26
    ],
    [
      1784364425,
      218.78
    ],
    [
      1784365328,
      218.63
    ],
    [
      1784366230,
      218.35
    ]
  ],
  "litecoin": [
    [
      1784359919,
      45.52
    ],
    [
      1784360821,
      45.61
    ],
    [
      1784361722,
      45.51
    ],
    [
      1784362623,
      45.43
    ],
    [
      1784363524,
      45.48
    ],
    [
      1784364425,
      45.42
    ],
    [
      1784365328,
      45.4
    ],
    [
      1784366230,
      45.42
    ]
  ],
  "polkadot": [
    [
      1784359919,
      0.845135
    ],
    [
      1784360821,
      0.843846
    ],
    [
      1784361722,
      0.841786
    ],
    [
      1784362623,
      0.842031
    ],
    [
      1784363524,
      0.843032
    ],
    [
      1784364425,
      0.842003
    ],
    [
      1784365328,
      0.841948
    ],
    [
      1784366230,
      0.838947
    ]
  ],
  "hyperliquid": [
    [
      1784359919,
      59.13
    ],
    [
      1784360821,
      59.24
    ],
    [
      1784361722,
      59.33
    ],
    [
      1784362623,
      59.25
    ],
    [
      1784363524,
      59.37
    ],
    [
      1784364425,
      58.98
    ],
    [
      1784365328,
      58.85
    ],
    [
      1784366230,
      58.89
    ]
  ],
  "monero": [
    [
      1784359919,
      328.39
    ],
    [
      1784360821,
      328.36
    ],
    [
      1784361722,
      328.11
    ],
    [
      1784362623,
      327.91
    ],
    [
      1784363524,
      328.06
    ],
    [
      1784364425,
      328.07
    ],
    [
      1784365328,
      327.93
    ],
    [
      1784366230,
      328.01
    ]
  ],
  "_alerts_sent": {}
}