{
  "bitcoin": [
    [
      1782112642,
      64169
    ],
    [
      1782113543,
      64204
    ],
    [
      1782114445,
      64181
    ],
    [
      1782115346,
      64113
    ],
    [
      1782116248,
      64212
    ],
    [
      1782117149,
      64110
    ],
    [
      1782118050,
      64190
    ],
    [
      1782118951,
      64101
    ]
  ],
  "ethereum": [
    [
      1782112642,
      1743.59
    ],
    [
      1782113543,
      1746.27
    ],
    [
      1782114445,
      1745.8
    ],
    [
      1782115346,
      1744.2
    ],
    [
      1782116248,
      1748.49
    ],
    [
      1782117149,
      1744.07
    ],
    [
      1782118050,
      1747.92
    ],
    [
      1782118951,
      1746.08
    ]
  ],
  "avalanche-2": [
    [
      1782112642,
      6.28
    ],
    [
      1782113543,
      6.28
    ],
    [
      1782114445,
      6.28
    ],
    [
      1782115346,
      6.28
    ],
    [
      1782116248,
      6.27
    ],
    [
      1782117149,
      6.25
    ],
    [
      1782118050,
      6.26
    ],
    [
      1782118951,
      6.25
    ]
  ],
  "ondo-finance": [
    [
      1782112642,
      0.338519
    ],
    [
      1782113543,
      0.338413
    ],
    [
      1782114445,
      0.337438
    ],
    [
      1782115346,
      0.337152
    ],
    [
      1782116248,
      0.337132
    ],
    [
      1782117149,
      0.336574
    ],
    [
      1782118050,
      0.336928
    ],
    [
      1782118951,
      0.336333
    ]
  ],
  "binancecoin": [
    [
      1782112642,
      592.81
    ],
    [
      1782113543,
      593.22
    ],
    [
      1782114445,
      593.41
    ],
    [
      1782115346,
      593.32
    ],
    [
      1782116248,
      593.78
    ],
    [
      1782117149,
      592.85
    ],
    [
      1782118050,
      593.38
    ],
    [
      1782118951,
      592.53
    ]
  ],
  "ripple": [
    [
      1782112642,
      1.14
    ],
    [
      1782113543,
      1.14
    ],
    [
      1782114445,
      1.14
    ],
    [
      1782115346,
      1.14
    ],
    [
      1782116248,
      1.14
    ],
    [
      1782117149,
      1.13
    ],
    [
      1782118050,
      1.13
    ],
    [
      1782118951,
      1.13
    ]
  ],
  "solana": [
    [
      1782112642,
      74.08
    ],
    [
      1782113543,
      74.21
    ],
    [
      1782114445,
      74.1
    ],
    [
      1782115346,
      73.99
    ],
    [
      1782116248,
      74.17
    ],
    [
      1782117149,
      73.89
    ],
    [
      1782118050,
      73.89
    ],
    [
      1782118951,
      73.81
    ]
  ],
  "dogecoin": [
    [
      1782112642,
      0.083418
    ],
    [
      1782113543,
      0.08349
    ],
    [
      1782114445,
      0.083433
    ],
    [
      1782115346,
      0.083382
    ],
    [
      1782116248,
      0.0836
    ],
    [
      1782117149,
      0.083554
    ],
    [
      1782118050,
      0.08351
    ],
    [
      1782118951,
      0.083493
    ]
  ],
  "cardano": [
    [
      1782112642,
      0.161111
    ],
    [
      1782113543,
      0.1615
    ],
    [
      1782114445,
      0.161282
    ],
    [
      1782115346,
      0.161472
    ],
    [
      1782116248,
      0.161196
    ],
    [
      1782117149,
      0.161173
    ],
    [
      1782118050,
      0.16106
    ],
    [
      1782118951,
      0.161013
    ]
  ],
  "tron": [
    [
      1782112642,
      0.329067
    ],
    [
      1782113543,
      0.329661
    ],
    [
      1782114445,
      0.32971
    ],
    [
      1782115346,
      0.329728
    ],
    [
      1782116248,
      0.3299
    ],
    [
      1782117149,
      0.329876
    ],
    [
      1782118050,
      0.330061
    ],
    [
      1782118951,
      0.330198
    ]
  ],
  "chainlink": [
    [
      1782112642,
      7.95
    ],
    [
      1782113543,
      7.97
    ],
    [
      1782114445,
      7.96
    ],
    [
      1782115346,
      7.95
    ],
    [
      1782116248,
      7.96
    ],
    [
      1782117149,
      7.96
    ],
    [
      1782118050,
      7.99
    ],
    [
      1782118951,
      7.98
    ]
  ],
  "the-open-network": [
    [
      1782112642,
      1.63
    ],
    [
      1782113543,
      1.65
    ],
    [
      1782114445,
      1.65
    ],
    [
      1782115346,
      1.66
    ],
    [
      1782116248,
      1.66
    ],
    [
      1782117149,
      1.66
    ],
    [
      1782118050,
      1.66
    ],
    [
      1782118951,
      1.66
    ]
  ],
  "stellar": [
    [
      1782112642,
      0.21262
    ],
    [
      1782113543,
      0.213267
    ],
    [
      1782114445,
      0.2134
    ],
    [
      1782115346,
      0.212799
    ],
    [
      1782116248,
      0.212504
    ],
    [
      1782117149,
      0.211428
    ],
    [
      1782118050,
      0.211107
    ],
    [
      1782118951,
      0.210817
    ]
  ],
  "hedera-hashgraph": [
    [
      1782112642,
      0.07941
    ],
    [
      1782113543,
      0.079423
    ],
    [
      1782114445,
      0.079374
    ],
    [
      1782115346,
      0.079381
    ],
    [
      1782116248,
      0.079342
    ],
    [
      1782117149,
      0.079272
    ],
    [
      1782118050,
      0.079263
    ],
    [
      1782118951,
      0.079196
    ]
  ],
  "sui": [
    [
      1782112642,
      0.70872
    ],
    [
      1782113543,
      0.710306
    ],
    [
      1782114445,
      0.709324
    ],
    [
      1782115346,
      0.709199
    ],
    [
      1782116248,
      0.711574
    ],
    [
      1782117149,
      0.710751
    ],
    [
      1782118050,
      0.711588
    ],
    [
      1782118951,
      0.710579
    ]
  ],
  "bitcoin-cash": [
    [
      1782112642,
      199.89
    ],
    [
      1782113543,
      199.88
    ],
    [
      1782114445,
      199.32
    ],
    [
      1782115346,
      199.16
    ],
    [
      1782116248,
      199.39
    ],
    [
      1782117149,
      199.79
    ],
    [
      1782118050,
      199.87
    ],
    [
      1782118951,
      199.74
    ]
  ],
  "litecoin": [
    [
      1782112642,
      44.95
    ],
    [
      1782113543,
      45.02
    ],
    [
      1782114445,
      45.02
    ],
    [
      1782115346,
      44.95
    ],
    [
      1782116248,
      44.98
    ],
    [
      1782117149,
      44.96
    ],
    [
      1782118050,
      44.97
    ],
    [
      1782118951,
      44.83
    ]
  ],
  "polkadot": [
    [
      1782112642,
      0.962102
    ],
    [
      1782113543,
      0.963003
    ],
    [
      1782114445,
      0.962802
    ],
    [
      1782115346,
      0.962096
    ],
    [
      1782116248,
      0.9626
    ],
    [
      1782117149,
      0.961483
    ],
    [
      1782118050,
      0.962717
    ],
    [
      1782118951,
      0.961876
    ]
  ],
  "hyperliquid": [
    [
      1782112642,
      66.78
    ],
    [
      1782113543,
      67.17
    ],
    [
      1782114445,
      67.3
    ],
    [
      1782115346,
      67.25
    ],
    [
      1782116248,
      67.78
    ],
    [
      1782117149,
      67.34
    ],
    [
      1782118050,
      67.44
    ],
    [
      1782118951,
      67.39
    ]
  ],
  "monero": [
    [
      1782112642,
      322.02
    ],
    [
      1782113543,
      322.62
    ],
    [
      1782114445,
      325.25
    ],
    [
      1782115346,
      324.0
    ],
    [
      1782116248,
      324.15
    ],
    [
      1782117149,
      323.63
    ],
    [
      1782118050,
      322.48
    ],
    [
      1782118951,
      323.62
    ]
  ],
  "_alerts_sent": {}
}