{
  "bitcoin": [
    [
      1780791287,
      60798
    ],
    [
      1780792188,
      60771
    ],
    [
      1780793089,
      60802
    ],
    [
      1780793990,
      60762
    ],
    [
      1780794892,
      61321
    ],
    [
      1780795793,
      61546
    ],
    [
      1780796694,
      61416
    ],
    [
      1780797596,
      61472
    ]
  ],
  "ethereum": [
    [
      1780791287,
      1565.59
    ],
    [
      1780792188,
      1564.32
    ],
    [
      1780793089,
      1566.41
    ],
    [
      1780793990,
      1565.01
    ],
    [
      1780794892,
      1585.0
    ],
    [
      1780795793,
      1592.39
    ],
    [
      1780796694,
      1587.75
    ],
    [
      1780797596,
      1589.35
    ]
  ],
  "avalanche-2": [
    [
      1780791287,
      6.66
    ],
    [
      1780792188,
      6.66
    ],
    [
      1780793089,
      6.67
    ],
    [
      1780793990,
      6.67
    ],
    [
      1780794892,
      6.76
    ],
    [
      1780795793,
      6.81
    ],
    [
      1780796694,
      6.8
    ],
    [
      1780797596,
      6.78
    ]
  ],
  "ondo-finance": [
    [
      1780791287,
      0.32297
    ],
    [
      1780792188,
      0.323219
    ],
    [
      1780793089,
      0.326453
    ],
    [
      1780793990,
      0.328393
    ],
    [
      1780794892,
      0.334032
    ],
    [
      1780795793,
      0.335774
    ],
    [
      1780796694,
      0.336085
    ],
    [
      1780797596,
      0.337238
    ]
  ],
  "binancecoin": [
    [
      1780791287,
      574.12
    ],
    [
      1780792188,
      573.88
    ],
    [
      1780793089,
      574.03
    ],
    [
      1780793990,
      574.08
    ],
    [
      1780794892,
      577.93
    ],
    [
      1780795793,
      580.47
    ],
    [
      1780796694,
      579.9
    ],
    [
      1780797596,
      579.4
    ]
  ],
  "ripple": [
    [
      1780791287,
      1.091
    ],
    [
      1780792188,
      1.093
    ],
    [
      1780793089,
      1.093
    ],
    [
      1780793990,
      1.09
    ],
    [
      1780794892,
      1.1
    ],
    [
      1780795793,
      1.11
    ],
    [
      1780796694,
      1.12
    ],
    [
      1780797596,
      1.12
    ]
  ],
  "solana": [
    [
      1780791287,
      62.04
    ],
    [
      1780792188,
      62.12
    ],
    [
      1780793089,
      62.33
    ],
    [
      1780793990,
      62.17
    ],
    [
      1780794892,
      63.0
    ],
    [
      1780795793,
      63.54
    ],
    [
      1780796694,
      63.58
    ],
    [
      1780797596,
      63.59
    ]
  ],
  "dogecoin": [
    [
      1780791287,
      0.081707
    ],
    [
      1780792188,
      0.081676
    ],
    [
      1780793089,
      0.081846
    ],
    [
      1780793990,
      0.081805
    ],
    [
      1780794892,
      0.082856
    ],
    [
      1780795793,
      0.083411
    ],
    [
      1780796694,
      0.083504
    ],
    [
      1780797596,
      0.08342
    ]
  ],
  "cardano": [
    [
      1780791287,
      0.156945
    ],
    [
      1780792188,
      0.157267
    ],
    [
      1780793089,
      0.157287
    ],
    [
      1780793990,
      0.157511
    ],
    [
      1780794892,
      0.1604
    ],
    [
      1780795793,
      0.161246
    ],
    [
      1780796694,
      0.161442
    ],
    [
      1780797596,
      0.16081
    ]
  ],
  "tron": [
    [
      1780791287,
      0.324098
    ],
    [
      1780792188,
      0.323592
    ],
    [
      1780793089,
      0.323095
    ],
    [
      1780793990,
      0.323106
    ],
    [
      1780794892,
      0.323787
    ],
    [
      1780795793,
      0.324105
    ],
    [
      1780796694,
      0.324053
    ],
    [
      1780797596,
      0.323791
    ]
  ],
  "chainlink": [
    [
      1780791287,
      7.38
    ],
    [
      1780792188,
      7.38
    ],
    [
      1780793089,
      7.4
    ],
    [
      1780793990,
      7.4
    ],
    [
      1780794892,
      7.49
    ],
    [
      1780795793,
      7.56
    ],
    [
      1780796694,
      7.56
    ],
    [
      1780797596,
      7.55
    ]
  ],
  "the-open-network": [
    [
      1780791287,
      1.64
    ],
    [
      1780792188,
      1.64
    ],
    [
      1780793089,
      1.63
    ],
    [
      1780793990,
      1.63
    ],
    [
      1780794892,
      1.67
    ],
    [
      1780795793,
      1.7
    ],
    [
      1780796694,
      1.73
    ],
    [
      1780797596,
      1.75
    ]
  ],
  "stellar": [
    [
      1780791287,
      0.211961
    ],
    [
      1780792188,
      0.211866
    ],
    [
      1780793089,
      0.212102
    ],
    [
      1780793990,
      0.209096
    ],
    [
      1780794892,
      0.212748
    ],
    [
      1780795793,
      0.216735
    ],
    [
      1780796694,
      0.214994
    ],
    [
      1780797596,
      0.213724
    ]
  ],
  "hedera-hashgraph": [
    [
      1780791287,
      0.079565
    ],
    [
      1780792188,
      0.079631
    ],
    [
      1780793089,
      0.079746
    ],
    [
      1780793990,
      0.0796
    ],
    [
      1780794892,
      0.080496
    ],
    [
      1780795793,
      0.081067
    ],
    [
      1780796694,
      0.081065
    ],
    [
      1780797596,
      0.080942
    ]
  ],
  "sui": [
    [
      1780791287,
      0.717289
    ],
    [
      1780792188,
      0.718282
    ],
    [
      1780793089,
      0.720429
    ],
    [
      1780793990,
      0.719736
    ],
    [
      1780794892,
      0.738868
    ],
    [
      1780795793,
      0.746705
    ],
    [
      1780796694,
      0.748502
    ],
    [
      1780797596,
      0.749216
    ]
  ],
  "bitcoin-cash": [
    [
      1780791287,
      216.81
    ],
    [
      1780792188,
      216.53
    ],
    [
      1780793089,
      216.76
    ],
    [
      1780793990,
      216.47
    ],
    [
      1780794892,
      218.37
    ],
    [
      1780795793,
      219.72
    ],
    [
      1780796694,
      219.92
    ],
    [
      1780797596,
      220.33
    ]
  ],
  "litecoin": [
    [
      1780791287,
      41.33
    ],
    [
      1780792188,
      41.26
    ],
    [
      1780793089,
      41.33
    ],
    [
      1780793990,
      41.33
    ],
    [
      1780794892,
      41.82
    ],
    [
      1780795793,
      42.07
    ],
    [
      1780796694,
      42.06
    ],
    [
      1780797596,
      42.06
    ]
  ],
  "polkadot": [
    [
      1780791287,
      0.941678
    ],
    [
      1780792188,
      0.941267
    ],
    [
      1780793089,
      0.942134
    ],
    [
      1780793990,
      0.942528
    ],
    [
      1780794892,
      0.95548
    ],
    [
      1780795793,
      0.960387
    ],
    [
      1780796694,
      0.959994
    ],
    [
      1780797596,
      0.960706
    ]
  ],
  "hyperliquid": [
    [
      1780791287,
      56.57
    ],
    [
      1780792188,
      56.23
    ],
    [
      1780793089,
      57.23
    ],
    [
      1780793990,
      57.25
    ],
    [
      1780794892,
      57.98
    ],
    [
      1780795793,
      58.21
    ],
    [
      1780796694,
      57.99
    ],
    [
      1780797596,
      58.06
    ]
  ],
  "monero": [
    [
      1780791287,
      294.78
    ],
    [
      1780792188,
      293.66
    ],
    [
      1780793089,
      293.26
    ],
    [
      1780793990,
      293.38
    ],
    [
      1780794892,
      296.61
    ],
    [
      1780795793,
      296.84
    ],
    [
      1780796694,
      294.38
    ],
    [
      1780797596,
      293.39
    ]
  ],
  "_alerts_sent": {
    "the-open-network_2026-06-07 03": true
  }
}