{
  "bitcoin": [
    [
      1784150771,
      64877
    ],
    [
      1784151672,
      64764
    ],
    [
      1784152573,
      64783
    ],
    [
      1784153475,
      64786
    ],
    [
      1784154376,
      64795
    ],
    [
      1784155277,
      64853
    ],
    [
      1784156178,
      64846
    ],
    [
      1784157080,
      64874
    ]
  ],
  "ethereum": [
    [
      1784150771,
      1923.61
    ],
    [
      1784151672,
      1919.79
    ],
    [
      1784152573,
      1920.2
    ],
    [
      1784153475,
      1921.48
    ],
    [
      1784154376,
      1919.43
    ],
    [
      1784155277,
      1922.8
    ],
    [
      1784156178,
      1921.84
    ],
    [
      1784157080,
      1924.89
    ]
  ],
  "avalanche-2": [
    [
      1784150771,
      6.69
    ],
    [
      1784151672,
      6.68
    ],
    [
      1784152573,
      6.68
    ],
    [
      1784153475,
      6.68
    ],
    [
      1784154376,
      6.68
    ],
    [
      1784155277,
      6.69
    ],
    [
      1784156178,
      6.69
    ],
    [
      1784157080,
      6.7
    ]
  ],
  "ondo-finance": [
    [
      1784150771,
      0.363782
    ],
    [
      1784151672,
      0.364308
    ],
    [
      1784152573,
      0.362642
    ],
    [
      1784153475,
      0.36405
    ],
    [
      1784154376,
      0.363711
    ],
    [
      1784155277,
      0.364299
    ],
    [
      1784156178,
      0.366562
    ],
    [
      1784157080,
      0.366744
    ]
  ],
  "binancecoin": [
    [
      1784150771,
      580.65
    ],
    [
      1784151672,
      580.35
    ],
    [
      1784152573,
      580.52
    ],
    [
      1784153475,
      580.62
    ],
    [
      1784154376,
      580.53
    ],
    [
      1784155277,
      580.69
    ],
    [
      1784156178,
      580.64
    ],
    [
      1784157080,
      581.03
    ]
  ],
  "ripple": [
    [
      1784150771,
      1.11
    ],
    [
      1784151672,
      1.11
    ],
    [
      1784152573,
      1.11
    ],
    [
      1784153475,
      1.12
    ],
    [
      1784154376,
      1.12
    ],
    [
      1784155277,
      1.12
    ],
    [
      1784156178,
      1.12
    ],
    [
      1784157080,
      1.12
    ]
  ],
  "solana": [
    [
      1784150771,
      77.36
    ],
    [
      1784151672,
      77.24
    ],
    [
      1784152573,
      77.32
    ],
    [
      1784153475,
      77.42
    ],
    [
      1784154376,
      77.48
    ],
    [
      1784155277,
      77.55
    ],
    [
      1784156178,
      77.49
    ],
    [
      1784157080,
      77.49
    ]
  ],
  "dogecoin": [
    [
      1784150771,
      0.074041
    ],
    [
      1784151672,
      0.074017
    ],
    [
      1784152573,
      0.074027
    ],
    [
      1784153475,
      0.07397
    ],
    [
      1784154376,
      0.073979
    ],
    [
      1784155277,
      0.07403
    ],
    [
      1784156178,
      0.074035
    ],
    [
      1784157080,
      0.074068
    ]
  ],
  "cardano": [
    [
      1784150771,
      0.16451
    ],
    [
      1784151672,
      0.164545
    ],
    [
      1784152573,
      0.164492
    ],
    [
      1784153475,
      0.164522
    ],
    [
      1784154376,
      0.164809
    ],
    [
      1784155277,
      0.165202
    ],
    [
      1784156178,
      0.164981
    ],
    [
      1784157080,
      0.16546
    ]
  ],
  "tron": [
    [
      1784150771,
      0.324871
    ],
    [
      1784151672,
      0.324854
    ],
    [
      1784152573,
      0.324331
    ],
    [
      1784153475,
      0.324302
    ],
    [
      1784154376,
      0.324426
    ],
    [
      1784155277,
      0.324461
    ],
    [
      1784156178,
      0.324499
    ],
    [
      1784157080,
      0.324478
    ]
  ],
  "chainlink": [
    [
      1784150771,
      8.52
    ],
    [
      1784151672,
      8.51
    ],
    [
      1784152573,
      8.52
    ],
    [
      1784153475,
      8.53
    ],
    [
      1784154376,
      8.53
    ],
    [
      1784155277,
      8.56
    ],
    [
      1784156178,
      8.55
    ],
    [
      1784157080,
      8.55
    ]
  ],
  "the-open-network": [
    [
      1784150771,
      1.59
    ],
    [
      1784151672,
      1.59
    ],
    [
      1784152573,
      1.59
    ],
    [
      1784153475,
      1.59
    ],
    [
      1784154376,
      1.59
    ],
    [
      1784155277,
      1.59
    ],
    [
      1784156178,
      1.58
    ],
    [
      1784157080,
      1.58
    ]
  ],
  "stellar": [
    [
      1784150771,
      0.187718
    ],
    [
      1784151672,
      0.188521
    ],
    [
      1784152573,
      0.189131
    ],
    [
      1784153475,
      0.188757
    ],
    [
      1784154376,
      0.188789
    ],
    [
      1784155277,
      0.189206
    ],
    [
      1784156178,
      0.189147
    ],
    [
      1784157080,
      0.188903
    ]
  ],
  "hedera-hashgraph": [
    [
      1784150771,
      0.067518
    ],
    [
      1784151672,
      0.067668
    ],
    [
      1784152573,
      0.067727
    ],
    [
      1784153475,
      0.067826
    ],
    [
      1784154376,
      0.067949
    ],
    [
      1784155277,
      0.067953
    ],
    [
      1784156178,
      0.067957
    ],
    [
      1784157080,
      0.068063
    ]
  ],
  "sui": [
    [
      1784150771,
      0.752224
    ],
    [
      1784151672,
      0.751554
    ],
    [
      1784152573,
      0.752606
    ],
    [
      1784153475,
      0.752568
    ],
    [
      1784154376,
      0.753287
    ],
    [
      1784155277,
      0.754263
    ],
    [
      1784156178,
      0.756653
    ],
    [
      1784157080,
      0.756509
    ]
  ],
  "bitcoin-cash": [
    [
      1784150771,
      227.39
    ],
    [
      1784151672,
      227.05
    ],
    [
      1784152573,
      226.55
    ],
    [
      1784153475,
      226.48
    ],
    [
      1784154376,
      226.93
    ],
    [
      1784155277,
      227.27
    ],
    [
      1784156178,
      226.96
    ],
    [
      1784157080,
      226.43
    ]
  ],
  "litecoin": [
    [
      1784150771,
      45.08
    ],
    [
      1784151672,
      45.08
    ],
    [
      1784152573,
      44.99
    ],
    [
      1784153475,
      45.01
    ],
    [
      1784154376,
      45.02
    ],
    [
      1784155277,
      45.02
    ],
    [
      1784156178,
      45.05
    ],
    [
      1784157080,
      45.11
    ]
  ],
  "polkadot": [
    [
      1784150771,
      0.845967
    ],
    [
      1784151672,
      0.845295
    ],
    [
      1784152573,
      0.846036
    ],
    [
      1784153475,
      0.845989
    ],
    [
      1784154376,
      0.846286
    ],
    [
      1784155277,
      0.84744
    ],
    [
      1784156178,
      0.847579
    ],
    [
      1784157080,
      0.847933
    ]
  ],
  "hyperliquid": [
    [
      1784150771,
      67.28
    ],
    [
      1784151672,
      67.07
    ],
    [
      1784152573,
      67.06
    ],
    [
      1784153475,
      67.02
    ],
    [
      1784154376,
      66.95
    ],
    [
      1784155277,
      67.0
    ],
    [
      1784156178,
      67.09
    ],
    [
      1784157080,
      67.17
    ]
  ],
  "monero": [
    [
      1784150771,
      331.14
    ],
    [
      1784151672,
      331.51
    ],
    [
      1784152573,
      329.93
    ],
    [
      1784153475,
      329.39
    ],
    [
      1784154376,
      326.82
    ],
    [
      1784155277,
      328.4
    ],
    [
      1784156178,
      329.42
    ],
    [
      1784157080,
      329.89
    ]
  ],
  "_alerts_sent": {
    "ondo-finance_2026-07-15 22": true
  }
}