{
  "bitcoin": [
    [
      1779570501,
      76973
    ],
    [
      1779571401,
      76982
    ]
  ],
  "ethereum": [
    [
      1779570501,
      2133.79
    ],
    [
      1779571401,
      2126.08
    ]
  ],
  "avalanche-2": [
    [
      1779570501,
      9.53
    ],
    [
      1779571401,
      9.5
    ]
  ],
  "ondo-finance": [
    [
      1779570501,
      0.422777
    ],
    [
      1779571401,
      0.424163
    ]
  ]
}