{
  "bitcoin": [
    [
      1782916970,
      59590
    ],
    [
      1782917872,
      59533
    ],
    [
      1782918773,
      59795
    ],
    [
      1782919675,
      60327
    ],
    [
      1782920576,
      60150
    ],
    [
      1782921478,
      60064
    ],
    [
      1782922380,
      60087
    ],
    [
      1782923282,
      60015
    ]
  ],
  "ethereum": [
    [
      1782916970,
      1599.32
    ],
    [
      1782917872,
      1598.56
    ],
    [
      1782918773,
      1608.63
    ],
    [
      1782919675,
      1624.35
    ],
    [
      1782920576,
      1620.86
    ],
    [
      1782921478,
      1617.67
    ],
    [
      1782922380,
      1617.52
    ],
    [
      1782923282,
      1619.59
    ]
  ],
  "avalanche-2": [
    [
      1782916970,
      6.66
    ],
    [
      1782917872,
      6.66
    ],
    [
      1782918773,
      6.68
    ],
    [
      1782919675,
      6.71
    ],
    [
      1782920576,
      6.72
    ],
    [
      1782921478,
      6.72
    ],
    [
      1782922380,
      6.73
    ],
    [
      1782923282,
      6.72
    ]
  ],
  "ondo-finance": [
    [
      1782916970,
      0.316735
    ],
    [
      1782917872,
      0.317242
    ],
    [
      1782918773,
      0.318546
    ],
    [
      1782919675,
      0.318341
    ],
    [
      1782920576,
      0.319511
    ],
    [
      1782921478,
      0.319673
    ],
    [
      1782922380,
      0.320628
    ],
    [
      1782923282,
      0.321145
    ]
  ],
  "binancecoin": [
    [
      1782916970,
      549.14
    ],
    [
      1782917872,
      548.86
    ],
    [
      1782918773,
      550.55
    ],
    [
      1782919675,
      553.59
    ],
    [
      1782920576,
      552.62
    ],
    [
      1782921478,
      554.38
    ],
    [
      1782922380,
      553.27
    ],
    [
      1782923282,
      553.1
    ]
  ],
  "ripple": [
    [
      1782916970,
      1.05
    ],
    [
      1782917872,
      1.051
    ],
    [
      1782918773,
      1.055
    ],
    [
      1782919675,
      1.061
    ],
    [
      1782920576,
      1.06
    ],
    [
      1782921478,
      1.059
    ],
    [
      1782922380,
      1.059
    ],
    [
      1782923282,
      1.06
    ]
  ],
  "solana": [
    [
      1782916970,
      76.63
    ],
    [
      1782917872,
      76.85
    ],
    [
      1782918773,
      77.04
    ],
    [
      1782919675,
      77.31
    ],
    [
      1782920576,
      77.24
    ],
    [
      1782921478,
      77.17
    ],
    [
      1782922380,
      77.33
    ],
    [
      1782923282,
      77.42
    ]
  ],
  "dogecoin": [
    [
      1782916970,
      0.072378
    ],
    [
      1782917872,
      0.072493
    ],
    [
      1782918773,
      0.072996
    ],
    [
      1782919675,
      0.073198
    ],
    [
      1782920576,
      0.073234
    ],
    [
      1782921478,
      0.07326
    ],
    [
      1782922380,
      0.073342
    ],
    [
      1782923282,
      0.07321
    ]
  ],
  "cardano": [
    [
      1782916970,
      0.15419
    ],
    [
      1782917872,
      0.155382
    ],
    [
      1782918773,
      0.156269
    ],
    [
      1782919675,
      0.157198
    ],
    [
      1782920576,
      0.155559
    ],
    [
      1782921478,
      0.155203
    ],
    [
      1782922380,
      0.155178
    ],
    [
      1782923282,
      0.155245
    ]
  ],
  "tron": [
    [
      1782916970,
      0.317443
    ],
    [
      1782917872,
      0.317204
    ],
    [
      1782918773,
      0.317783
    ],
    [
      1782919675,
      0.318139
    ],
    [
      1782920576,
      0.317677
    ],
    [
      1782921478,
      0.317542
    ],
    [
      1782922380,
      0.317753
    ],
    [
      1782923282,
      0.317633
    ]
  ],
  "chainlink": [
    [
      1782916970,
      7.33
    ],
    [
      1782917872,
      7.34
    ],
    [
      1782918773,
      7.38
    ],
    [
      1782919675,
      7.42
    ],
    [
      1782920576,
      7.4
    ],
    [
      1782921478,
      7.4
    ],
    [
      1782922380,
      7.41
    ],
    [
      1782923282,
      7.41
    ]
  ],
  "the-open-network": [
    [
      1782916970,
      1.56
    ],
    [
      1782917872,
      1.56
    ],
    [
      1782918773,
      1.56
    ],
    [
      1782919675,
      1.56
    ],
    [
      1782920576,
      1.57
    ],
    [
      1782921478,
      1.57
    ],
    [
      1782922380,
      1.56
    ],
    [
      1782923282,
      1.55
    ]
  ],
  "stellar": [
    [
      1782916970,
      0.199794
    ],
    [
      1782917872,
      0.199579
    ],
    [
      1782918773,
      0.201554
    ],
    [
      1782919675,
      0.201978
    ],
    [
      1782920576,
      0.201925
    ],
    [
      1782921478,
      0.202596
    ],
    [
      1782922380,
      0.202349
    ],
    [
      1782923282,
      0.200014
    ]
  ],
  "hedera-hashgraph": [
    [
      1782916970,
      0.070422
    ],
    [
      1782917872,
      0.070669
    ],
    [
      1782918773,
      0.070904
    ],
    [
      1782919675,
      0.071536
    ],
    [
      1782920576,
      0.071425
    ],
    [
      1782921478,
      0.072032
    ],
    [
      1782922380,
      0.072677
    ],
    [
      1782923282,
      0.071942
    ]
  ],
  "sui": [
    [
      1782916970,
      0.7097
    ],
    [
      1782917872,
      0.711444
    ],
    [
      1782918773,
      0.71323
    ],
    [
      1782919675,
      0.719338
    ],
    [
      1782920576,
      0.716071
    ],
    [
      1782921478,
      0.714889
    ],
    [
      1782922380,
      0.715438
    ],
    [
      1782923282,
      0.717908
    ]
  ],
  "bitcoin-cash": [
    [
      1782916970,
      212.07
    ],
    [
      1782917872,
      213.13
    ],
    [
      1782918773,
      214.89
    ],
    [
      1782919675,
      217.06
    ],
    [
      1782920576,
      215.03
    ],
    [
      1782921478,
      215.65
    ],
    [
      1782922380,
      213.92
    ],
    [
      1782923282,
      215.68
    ]
  ],
  "litecoin": [
    [
      1782916970,
      41.95
    ],
    [
      1782917872,
      42.04
    ],
    [
      1782918773,
      42.28
    ],
    [
      1782919675,
      42.54
    ],
    [
      1782920576,
      42.75
    ],
    [
      1782921478,
      42.52
    ],
    [
      1782922380,
      42.48
    ],
    [
      1782923282,
      42.56
    ]
  ],
  "polkadot": [
    [
      1782916970,
      0.838034
    ],
    [
      1782917872,
      0.839648
    ],
    [
      1782918773,
      0.842138
    ],
    [
      1782919675,
      0.846085
    ],
    [
      1782920576,
      0.845478
    ],
    [
      1782921478,
      0.844589
    ],
    [
      1782922380,
      0.844602
    ],
    [
      1782923282,
      0.84391
    ]
  ],
  "hyperliquid": [
    [
      1782916970,
      63.46
    ],
    [
      1782917872,
      63.62
    ],
    [
      1782918773,
      64.15
    ],
    [
      1782919675,
      64.44
    ],
    [
      1782920576,
      64.4
    ],
    [
      1782921478,
      64.69
    ],
    [
      1782922380,
      64.84
    ],
    [
      1782923282,
      64.82
    ]
  ],
  "monero": [
    [
      1782916970,
      306.11
    ],
    [
      1782917872,
      305.29
    ],
    [
      1782918773,
      304.58
    ],
    [
      1782919675,
      306.98
    ],
    [
      1782920576,
      307.11
    ],
    [
      1782921478,
      306.77
    ],
    [
      1782922380,
      306.72
    ],
    [
      1782923282,
      306.57
    ]
  ],
  "_alerts_sent": {}
}