{
  "bitcoin": [
    [
      1781791369,
      63879
    ],
    [
      1781792271,
      63790
    ],
    [
      1781793021,
      63790
    ],
    [
      1781793922,
      63835
    ],
    [
      1781794824,
      63766
    ],
    [
      1781795726,
      63533
    ],
    [
      1781796995,
      63148
    ],
    [
      1781797896,
      62679
    ]
  ],
  "ethereum": [
    [
      1781791369,
      1734.24
    ],
    [
      1781792271,
      1732.29
    ],
    [
      1781793021,
      1733.18
    ],
    [
      1781793922,
      1738.09
    ],
    [
      1781794824,
      1737.35
    ],
    [
      1781795726,
      1732.27
    ],
    [
      1781796995,
      1718.8
    ],
    [
      1781797896,
      1693.49
    ]
  ],
  "avalanche-2": [
    [
      1781791369,
      6.61
    ],
    [
      1781792271,
      6.61
    ],
    [
      1781793021,
      6.64
    ],
    [
      1781793922,
      6.61
    ],
    [
      1781794824,
      6.58
    ],
    [
      1781795726,
      6.55
    ],
    [
      1781796995,
      6.34
    ],
    [
      1781797896,
      6.27
    ]
  ],
  "ondo-finance": [
    [
      1781791369,
      0.369973
    ],
    [
      1781792271,
      0.370582
    ],
    [
      1781793021,
      0.372873
    ],
    [
      1781793922,
      0.374813
    ],
    [
      1781794824,
      0.373633
    ],
    [
      1781795726,
      0.372039
    ],
    [
      1781796995,
      0.366746
    ],
    [
      1781797896,
      0.356159
    ]
  ],
  "binancecoin": [
    [
      1781791369,
      588.58
    ],
    [
      1781792271,
      588.75
    ],
    [
      1781793021,
      589.36
    ],
    [
      1781793922,
      589.95
    ],
    [
      1781794824,
      588.78
    ],
    [
      1781795726,
      586.75
    ],
    [
      1781796995,
      581.14
    ],
    [
      1781797896,
      575.5
    ]
  ],
  "ripple": [
    [
      1781791369,
      1.16
    ],
    [
      1781792271,
      1.16
    ],
    [
      1781793021,
      1.16
    ],
    [
      1781793922,
      1.16
    ],
    [
      1781794824,
      1.16
    ],
    [
      1781795726,
      1.16
    ],
    [
      1781796995,
      1.15
    ],
    [
      1781797896,
      1.14
    ]
  ],
  "solana": [
    [
      1781791369,
      70.94
    ],
    [
      1781792271,
      70.87
    ],
    [
      1781793021,
      71.17
    ],
    [
      1781793922,
      71.0
    ],
    [
      1781794824,
      70.97
    ],
    [
      1781795726,
      70.67
    ],
    [
      1781796995,
      69.71
    ],
    [
      1781797896,
      68.87
    ]
  ],
  "dogecoin": [
    [
      1781791369,
      0.08393
    ],
    [
      1781792271,
      0.083815
    ],
    [
      1781793021,
      0.084053
    ],
    [
      1781793922,
      0.083966
    ],
    [
      1781794824,
      0.083793
    ],
    [
      1781795726,
      0.083548
    ],
    [
      1781796995,
      0.082846
    ],
    [
      1781797896,
      0.08216
    ]
  ],
  "cardano": [
    [
      1781791369,
      0.164597
    ],
    [
      1781792271,
      0.164424
    ],
    [
      1781793021,
      0.165296
    ],
    [
      1781793922,
      0.164936
    ],
    [
      1781794824,
      0.164492
    ],
    [
      1781795726,
      0.163797
    ],
    [
      1781796995,
      0.162287
    ],
    [
      1781797896,
      0.16085
    ]
  ],
  "tron": [
    [
      1781791369,
      0.319596
    ],
    [
      1781792271,
      0.319631
    ],
    [
      1781793021,
      0.319707
    ],
    [
      1781793922,
      0.319753
    ],
    [
      1781794824,
      0.319463
    ],
    [
      1781795726,
      0.319205
    ],
    [
      1781796995,
      0.318812
    ],
    [
      1781797896,
      0.318399
    ]
  ],
  "chainlink": [
    [
      1781791369,
      8.01
    ],
    [
      1781792271,
      8.01
    ],
    [
      1781793021,
      8.05
    ],
    [
      1781793922,
      8.02
    ],
    [
      1781794824,
      8.0
    ],
    [
      1781795726,
      7.99
    ],
    [
      1781796995,
      7.92
    ],
    [
      1781797896,
      7.83
    ]
  ],
  "the-open-network": [
    [
      1781791369,
      1.65
    ],
    [
      1781792271,
      1.65
    ],
    [
      1781793021,
      1.66
    ],
    [
      1781793922,
      1.66
    ],
    [
      1781794824,
      1.66
    ],
    [
      1781795726,
      1.66
    ],
    [
      1781796995,
      1.64
    ],
    [
      1781797896,
      1.62
    ]
  ],
  "stellar": [
    [
      1781791369,
      0.243811
    ],
    [
      1781792271,
      0.243756
    ],
    [
      1781793021,
      0.249536
    ],
    [
      1781793922,
      0.248359
    ],
    [
      1781794824,
      0.246872
    ],
    [
      1781795726,
      0.246095
    ],
    [
      1781796995,
      0.242433
    ],
    [
      1781797896,
      0.240485
    ]
  ],
  "hedera-hashgraph": [
    [
      1781791369,
      0.080243
    ],
    [
      1781792271,
      0.080062
    ],
    [
      1781793021,
      0.080411
    ],
    [
      1781793922,
      0.080448
    ],
    [
      1781794824,
      0.080408
    ],
    [
      1781795726,
      0.080232
    ],
    [
      1781796995,
      0.07953
    ],
    [
      1781797896,
      0.079035
    ]
  ],
  "sui": [
    [
      1781791369,
      0.736568
    ],
    [
      1781792271,
      0.736608
    ],
    [
      1781793021,
      0.74063
    ],
    [
      1781793922,
      0.73984
    ],
    [
      1781794824,
      0.738081
    ],
    [
      1781795726,
      0.734943
    ],
    [
      1781796995,
      0.729579
    ],
    [
      1781797896,
      0.718044
    ]
  ],
  "bitcoin-cash": [
    [
      1781791369,
      205.5
    ],
    [
      1781792271,
      204.97
    ],
    [
      1781793021,
      205.87
    ],
    [
      1781793922,
      205.52
    ],
    [
      1781794824,
      205.09
    ],
    [
      1781795726,
      203.74
    ],
    [
      1781796995,
      202.71
    ],
    [
      1781797896,
      195.0
    ]
  ],
  "litecoin": [
    [
      1781791369,
      43.98
    ],
    [
      1781792271,
      43.96
    ],
    [
      1781793021,
      44.11
    ],
    [
      1781793922,
      44.04
    ],
    [
      1781794824,
      43.96
    ],
    [
      1781795726,
      43.84
    ],
    [
      1781796995,
      43.55
    ],
    [
      1781797896,
      43.14
    ]
  ],
  "polkadot": [
    [
      1781791369,
      0.973113
    ],
    [
      1781792271,
      0.973271
    ],
    [
      1781793021,
      0.979886
    ],
    [
      1781793922,
      0.977452
    ],
    [
      1781794824,
      0.975789
    ],
    [
      1781795726,
      0.973853
    ],
    [
      1781796995,
      0.962495
    ],
    [
      1781797896,
      0.949569
    ]
  ],
  "hyperliquid": [
    [
      1781791369,
      70.63
    ],
    [
      1781792271,
      70.26
    ],
    [
      1781793021,
      70.12
    ],
    [
      1781793922,
      69.43
    ],
    [
      1781794824,
      69.44
    ],
    [
      1781795726,
      68.78
    ],
    [
      1781796995,
      67.91
    ],
    [
      1781797896,
      67.95
    ]
  ],
  "monero": [
    [
      1781791369,
      329.18
    ],
    [
      1781792271,
      330.08
    ],
    [
      1781793021,
      332.33
    ],
    [
      1781793922,
      328.01
    ],
    [
      1781794824,
      327.43
    ],
    [
      1781795726,
      327.66
    ],
    [
      1781796995,
      327.44
    ],
    [
      1781797896,
      325.24
    ]
  ],
  "_alerts_sent": {}
}