{
  "bitcoin": [
    [
      1784845752,
      65126
    ],
    [
      1784846654,
      65156
    ],
    [
      1784847556,
      65142
    ],
    [
      1784848457,
      65129
    ],
    [
      1784849358,
      65121
    ],
    [
      1784850260,
      65142
    ],
    [
      1784851162,
      65028
    ],
    [
      1784852063,
      64887
    ]
  ],
  "ethereum": [
    [
      1784845752,
      1879.73
    ],
    [
      1784846654,
      1881.66
    ],
    [
      1784847556,
      1881.97
    ],
    [
      1784848457,
      1881.78
    ],
    [
      1784849358,
      1881.66
    ],
    [
      1784850260,
      1881.51
    ],
    [
      1784851162,
      1876.52
    ],
    [
      1784852063,
      1873.97
    ]
  ],
  "avalanche-2": [
    [
      1784845752,
      6.3
    ],
    [
      1784846654,
      6.3
    ],
    [
      1784847556,
      6.3
    ],
    [
      1784848457,
      6.29
    ],
    [
      1784849358,
      6.3
    ],
    [
      1784850260,
      6.28
    ],
    [
      1784851162,
      6.26
    ],
    [
      1784852063,
      6.25
    ]
  ],
  "ondo-finance": [
    [
      1784845752,
      0.403332
    ],
    [
      1784846654,
      0.402666
    ],
    [
      1784847556,
      0.402277
    ],
    [
      1784848457,
      0.402308
    ],
    [
      1784849358,
      0.400933
    ],
    [
      1784850260,
      0.402192
    ],
    [
      1784851162,
      0.40116
    ],
    [
      1784852063,
      0.400108
    ]
  ],
  "binancecoin": [
    [
      1784845752,
      566.58
    ],
    [
      1784846654,
      566.78
    ],
    [
      1784847556,
      567.3
    ],
    [
      1784848457,
      567.5
    ],
    [
      1784849358,
      567.55
    ],
    [
      1784850260,
      567.32
    ],
    [
      1784851162,
      566.84
    ],
    [
      1784852063,
      566.68
    ]
  ],
  "ripple": [
    [
      1784845752,
      1.11
    ],
    [
      1784846654,
      1.11
    ],
    [
      1784847556,
      1.11
    ],
    [
      1784848457,
      1.11
    ],
    [
      1784849358,
      1.11
    ],
    [
      1784850260,
      1.11
    ],
    [
      1784851162,
      1.11
    ],
    [
      1784852063,
      1.11
    ]
  ],
  "solana": [
    [
      1784845752,
      76.1
    ],
    [
      1784846654,
      76.13
    ],
    [
      1784847556,
      76.14
    ],
    [
      1784848457,
      76.11
    ],
    [
      1784849358,
      76.13
    ],
    [
      1784850260,
      76.07
    ],
    [
      1784851162,
      75.85
    ],
    [
      1784852063,
      75.68
    ]
  ],
  "dogecoin": [
    [
      1784845752,
      0.069563
    ],
    [
      1784846654,
      0.069588
    ],
    [
      1784847556,
      0.069503
    ],
    [
      1784848457,
      0.069392
    ],
    [
      1784849358,
      0.069363
    ],
    [
      1784850260,
      0.069286
    ],
    [
      1784851162,
      0.069152
    ],
    [
      1784852063,
      0.0689
    ]
  ],
  "cardano": [
    [
      1784845752,
      0.168567
    ],
    [
      1784846654,
      0.16909
    ],
    [
      1784847556,
      0.169009
    ],
    [
      1784848457,
      0.168772
    ],
    [
      1784849358,
      0.169016
    ],
    [
      1784850260,
      0.168575
    ],
    [
      1784851162,
      0.168371
    ],
    [
      1784852063,
      0.167695
    ]
  ],
  "tron": [
    [
      1784845752,
      0.328327
    ],
    [
      1784846654,
      0.328266
    ],
    [
      1784847556,
      0.328488
    ],
    [
      1784848457,
      0.328531
    ],
    [
      1784849358,
      0.328628
    ],
    [
      1784850260,
      0.328531
    ],
    [
      1784851162,
      0.328639
    ],
    [
      1784852063,
      0.328812
    ]
  ],
  "chainlink": [
    [
      1784845752,
      8.47
    ],
    [
      1784846654,
      8.48
    ],
    [
      1784847556,
      8.47
    ],
    [
      1784848457,
      8.47
    ],
    [
      1784849358,
      8.48
    ],
    [
      1784850260,
      8.47
    ],
    [
      1784851162,
      8.46
    ],
    [
      1784852063,
      8.45
    ]
  ],
  "the-open-network": [
    [
      1784845752,
      1.46
    ],
    [
      1784846654,
      1.47
    ],
    [
      1784847556,
      1.47
    ],
    [
      1784848457,
      1.46
    ],
    [
      1784849358,
      1.46
    ],
    [
      1784850260,
      1.46
    ],
    [
      1784851162,
      1.46
    ],
    [
      1784852063,
      1.46
    ]
  ],
  "stellar": [
    [
      1784845752,
      0.182485
    ],
    [
      1784846654,
      0.182504
    ],
    [
      1784847556,
      0.182527
    ],
    [
      1784848457,
      0.182403
    ],
    [
      1784849358,
      0.182195
    ],
    [
      1784850260,
      0.182358
    ],
    [
      1784851162,
      0.182188
    ],
    [
      1784852063,
      0.181908
    ]
  ],
  "hedera-hashgraph": [
    [
      1784845752,
      0.071607
    ],
    [
      1784846654,
      0.071521
    ],
    [
      1784847556,
      0.071325
    ],
    [
      1784848457,
      0.071409
    ],
    [
      1784849358,
      0.071391
    ],
    [
      1784850260,
      0.071257
    ],
    [
      1784851162,
      0.071148
    ],
    [
      1784852063,
      0.070968
    ]
  ],
  "sui": [
    [
      1784845752,
      0.747632
    ],
    [
      1784846654,
      0.748119
    ],
    [
      1784847556,
      0.747412
    ],
    [
      1784848457,
      0.746616
    ],
    [
      1784849358,
      0.746698
    ],
    [
      1784850260,
      0.745636
    ],
    [
      1784851162,
      0.743616
    ],
    [
      1784852063,
      0.741461
    ]
  ],
  "bitcoin-cash": [
    [
      1784845752,
      211.83
    ],
    [
      1784846654,
      212.03
    ],
    [
      1784847556,
      211.88
    ],
    [
      1784848457,
      211.99
    ],
    [
      1784849358,
      212.2
    ],
    [
      1784850260,
      212.27
    ],
    [
      1784851162,
      212.08
    ],
    [
      1784852063,
      210.96
    ]
  ],
  "litecoin": [
    [
      1784845752,
      47.09
    ],
    [
      1784846654,
      47.11
    ],
    [
      1784847556,
      47.18
    ],
    [
      1784848457,
      47.12
    ],
    [
      1784849358,
      47.09
    ],
    [
      1784850260,
      47.06
    ],
    [
      1784851162,
      46.92
    ],
    [
      1784852063,
      46.97
    ]
  ],
  "polkadot": [
    [
      1784845752,
      0.816255
    ],
    [
      1784846654,
      0.815884
    ],
    [
      1784847556,
      0.81679
    ],
    [
      1784848457,
      0.816277
    ],
    [
      1784849358,
      0.816136
    ],
    [
      1784850260,
      0.816448
    ],
    [
      1784851162,
      0.814914
    ],
    [
      1784852063,
      0.812647
    ]
  ],
  "hyperliquid": [
    [
      1784845752,
      57.58
    ],
    [
      1784846654,
      57.51
    ],
    [
      1784847556,
      57.5
    ],
    [
      1784848457,
      57.77
    ],
    [
      1784849358,
      57.93
    ],
    [
      1784850260,
      57.88
    ],
    [
      1784851162,
      57.55
    ],
    [
      1784852063,
      57.42
    ]
  ],
  "monero": [
    [
      1784845752,
      356.47
    ],
    [
      1784846654,
      355.21
    ],
    [
      1784847556,
      355.62
    ],
    [
      1784848457,
      356.39
    ],
    [
      1784849358,
      357.02
    ],
    [
      1784850260,
      357.22
    ],
    [
      1784851162,
      356.12
    ],
    [
      1784852063,
      354.15
    ]
  ],
  "_alerts_sent": {}
}