{
  "bitcoin": [
    [
      1779738786,
      77381
    ],
    [
      1779739687,
      77373
    ],
    [
      1779740589,
      77413
    ],
    [
      1779741490,
      77270
    ],
    [
      1779742514,
      77238
    ],
    [
      1779743416,
      77271
    ],
    [
      1779744317,
      77218
    ],
    [
      1779745218,
      77225
    ],
    [
      1779745900,
      77248
    ]
  ],
  "ethereum": [
    [
      1779738786,
      2119.18
    ],
    [
      1779739687,
      2120.04
    ],
    [
      1779740589,
      2119.56
    ],
    [
      1779741490,
      2115.0
    ],
    [
      1779742514,
      2112.12
    ],
    [
      1779743416,
      2110.11
    ],
    [
      1779744317,
      2107.43
    ],
    [
      1779745218,
      2107.68
    ],
    [
      1779745900,
      2108.66
    ]
  ],
  "avalanche-2": [
    [
      1779738786,
      9.37
    ],
    [
      1779739687,
      9.38
    ],
    [
      1779740589,
      9.39
    ],
    [
      1779741490,
      9.37
    ],
    [
      1779742514,
      9.34
    ],
    [
      1779743416,
      9.36
    ],
    [
      1779744317,
      9.34
    ],
    [
      1779745218,
      9.34
    ],
    [
      1779745900,
      9.33
    ]
  ],
  "ondo-finance": [
    [
      1779738786,
      0.434042
    ],
    [
      1779739687,
      0.435765
    ],
    [
      1779740589,
      0.439496
    ],
    [
      1779741490,
      0.437712
    ],
    [
      1779742514,
      0.436581
    ],
    [
      1779743416,
      0.438691
    ],
    [
      1779744317,
      0.436676
    ],
    [
      1779745218,
      0.439322
    ],
    [
      1779745900,
      0.438819
    ]
  ]
}