{
  "bitcoin": [
    [
      1784041369,
      64238
    ],
    [
      1784042271,
      64181
    ],
    [
      1784043172,
      64531
    ],
    [
      1784044074,
      64741
    ],
    [
      1784044975,
      64678.6
    ],
    [
      1784045877,
      64683
    ],
    [
      1784046779,
      64793
    ],
    [
      1784047680,
      64720
    ]
  ],
  "ethereum": [
    [
      1784041369,
      1876.26
    ],
    [
      1784042271,
      1877.69
    ],
    [
      1784043172,
      1880.64
    ],
    [
      1784044074,
      1879.67
    ],
    [
      1784044975,
      1869.98
    ],
    [
      1784045877,
      1871.35
    ],
    [
      1784046779,
      1874.49
    ],
    [
      1784047680,
      1872.09
    ]
  ],
  "avalanche-2": [
    [
      1784041369,
      6.64
    ],
    [
      1784042271,
      6.63
    ],
    [
      1784043172,
      6.66
    ],
    [
      1784044074,
      6.67
    ],
    [
      1784044975,
      6.646
    ],
    [
      1784045877,
      6.66
    ],
    [
      1784046779,
      6.67
    ],
    [
      1784047680,
      6.66
    ]
  ],
  "ondo-finance": [
    [
      1784041369,
      0.314688
    ],
    [
      1784042271,
      0.315134
    ],
    [
      1784043172,
      0.316553
    ],
    [
      1784044074,
      0.316627
    ],
    [
      1784044975,
      0.31497
    ],
    [
      1784045877,
      0.314904
    ],
    [
      1784046779,
      0.315244
    ],
    [
      1784047680,
      0.315645
    ]
  ],
  "binancecoin": [
    [
      1784041369,
      580.71
    ],
    [
      1784042271,
      581.02
    ],
    [
      1784043172,
      582.55
    ],
    [
      1784044074,
      583.45
    ],
    [
      1784045877,
      582.02
    ],
    [
      1784046779,
      582.1
    ],
    [
      1784047680,
      581.65
    ]
  ],
  "ripple": [
    [
      1784041369,
      1.1
    ],
    [
      1784042271,
      1.1
    ],
    [
      1784043172,
      1.1
    ],
    [
      1784044074,
      1.11
    ],
    [
      1784045877,
      1.1
    ],
    [
      1784046779,
      1.11
    ],
    [
      1784047680,
      1.11
    ]
  ],
  "solana": [
    [
      1784041369,
      77.17
    ],
    [
      1784042271,
      77.25
    ],
    [
      1784043172,
      77.33
    ],
    [
      1784044074,
      77.43
    ],
    [
      1784045877,
      77.28
    ],
    [
      1784046779,
      77.49
    ],
    [
      1784047680,
      77.4
    ]
  ],
  "dogecoin": [
    [
      1784041369,
      0.074393
    ],
    [
      1784042271,
      0.074336
    ],
    [
      1784043172,
      0.074561
    ],
    [
      1784044074,
      0.074871
    ],
    [
      1784045877,
      0.075138
    ],
    [
      1784046779,
      0.075035
    ],
    [
      1784047680,
      0.074704
    ]
  ],
  "cardano": [
    [
      1784041369,
      0.163964
    ],
    [
      1784042271,
      0.164256
    ],
    [
      1784043172,
      0.165893
    ],
    [
      1784044074,
      0.166603
    ],
    [
      1784045877,
      0.166069
    ],
    [
      1784046779,
      0.166225
    ],
    [
      1784047680,
      0.165647
    ]
  ],
  "tron": [
    [
      1784041369,
      0.325303
    ],
    [
      1784042271,
      0.325548
    ],
    [
      1784043172,
      0.325799
    ],
    [
      1784044074,
      0.325975
    ],
    [
      1784045877,
      0.324914
    ],
    [
      1784046779,
      0.324859
    ],
    [
      1784047680,
      0.324822
    ]
  ],
  "chainlink": [
    [
      1784041369,
      8.31
    ],
    [
      1784042271,
      8.32
    ],
    [
      1784043172,
      8.34
    ],
    [
      1784044074,
      8.33
    ],
    [
      1784045877,
      8.28
    ],
    [
      1784046779,
      8.3
    ],
    [
      1784047680,
      8.28
    ]
  ],
  "the-open-network": [
    [
      1784041369,
      1.63
    ],
    [
      1784042271,
      1.64
    ],
    [
      1784043172,
      1.63
    ],
    [
      1784044074,
      1.63
    ],
    [
      1784045877,
      1.63
    ],
    [
      1784046779,
      1.63
    ],
    [
      1784047680,
      1.63
    ]
  ],
  "stellar": [
    [
      1784041369,
      0.184129
    ],
    [
      1784042271,
      0.184066
    ],
    [
      1784043172,
      0.184182
    ],
    [
      1784044074,
      0.184841
    ],
    [
      1784045877,
      0.18455
    ],
    [
      1784046779,
      0.184946
    ],
    [
      1784047680,
      0.18487
    ]
  ],
  "hedera-hashgraph": [
    [
      1784041369,
      0.067144
    ],
    [
      1784042271,
      0.066991
    ],
    [
      1784043172,
      0.067133
    ],
    [
      1784044074,
      0.06716
    ],
    [
      1784045877,
      0.066968
    ],
    [
      1784046779,
      0.066912
    ],
    [
      1784047680,
      0.066845
    ]
  ],
  "sui": [
    [
      1784041369,
      0.763853
    ],
    [
      1784042271,
      0.76129
    ],
    [
      1784043172,
      0.762244
    ],
    [
      1784044074,
      0.760722
    ],
    [
      1784045877,
      0.758493
    ],
    [
      1784046779,
      0.757692
    ],
    [
      1784047680,
      0.75686
    ]
  ],
  "bitcoin-cash": [
    [
      1784041369,
      239.21
    ],
    [
      1784042271,
      239.01
    ],
    [
      1784043172,
      239.02
    ],
    [
      1784044074,
      239.75
    ],
    [
      1784045877,
      238.91
    ],
    [
      1784046779,
      238.98
    ],
    [
      1784047680,
      238.51
    ]
  ],
  "litecoin": [
    [
      1784041369,
      44.58
    ],
    [
      1784042271,
      44.54
    ],
    [
      1784043172,
      44.59
    ],
    [
      1784044074,
      44.83
    ],
    [
      1784045877,
      44.74
    ],
    [
      1784046779,
      44.82
    ],
    [
      1784047680,
      44.69
    ]
  ],
  "polkadot": [
    [
      1784041369,
      0.849999
    ],
    [
      1784042271,
      0.850748
    ],
    [
      1784043172,
      0.855389
    ],
    [
      1784044074,
      0.856725
    ],
    [
      1784045877,
      0.855558
    ],
    [
      1784046779,
      0.857129
    ],
    [
      1784047680,
      0.856817
    ]
  ],
  "hyperliquid": [
    [
      1784041369,
      64.71
    ],
    [
      1784042271,
      65.0
    ],
    [
      1784043172,
      64.98
    ],
    [
      1784044074,
      64.96
    ],
    [
      1784045877,
      64.67
    ],
    [
      1784046779,
      64.77
    ],
    [
      1784047680,
      64.86
    ]
  ],
  "monero": [
    [
      1784041369,
      328.7
    ],
    [
      1784042271,
      329.24
    ],
    [
      1784043172,
      329.55
    ],
    [
      1784044074,
      329.51
    ],
    [
      1784045877,
      328.68
    ],
    [
      1784046779,
      328.79
    ],
    [
      1784047680,
      329.46
    ]
  ],
  "_alerts_sent": {}
}