{
  "bitcoin": [
    [
      1781240532,
      63600
    ],
    [
      1781241434,
      63397
    ],
    [
      1781242335,
      63407
    ],
    [
      1781243237,
      63306
    ],
    [
      1781244138,
      63275
    ],
    [
      1781245040,
      63137
    ],
    [
      1781245942,
      63019
    ],
    [
      1781246843,
      62882
    ]
  ],
  "ethereum": [
    [
      1781240532,
      1674.86
    ],
    [
      1781241434,
      1667.3
    ],
    [
      1781242335,
      1666.74
    ],
    [
      1781243237,
      1662.87
    ],
    [
      1781244138,
      1662.58
    ],
    [
      1781245040,
      1658.78
    ],
    [
      1781245942,
      1656.75
    ],
    [
      1781246843,
      1653.41
    ]
  ],
  "avalanche-2": [
    [
      1781240532,
      6.66
    ],
    [
      1781241434,
      6.63
    ],
    [
      1781242335,
      6.63
    ],
    [
      1781243237,
      6.62
    ],
    [
      1781244138,
      6.61
    ],
    [
      1781245040,
      6.58
    ],
    [
      1781245942,
      6.56
    ],
    [
      1781246843,
      6.54
    ]
  ],
  "ondo-finance": [
    [
      1781240532,
      0.36494
    ],
    [
      1781241434,
      0.362099
    ],
    [
      1781242335,
      0.362291
    ],
    [
      1781243237,
      0.359473
    ],
    [
      1781244138,
      0.358339
    ],
    [
      1781245040,
      0.356783
    ],
    [
      1781245942,
      0.355067
    ],
    [
      1781246843,
      0.35524
    ]
  ],
  "binancecoin": [
    [
      1781240532,
      602.85
    ],
    [
      1781241434,
      601.76
    ],
    [
      1781242335,
      601.55
    ],
    [
      1781243237,
      600.44
    ],
    [
      1781244138,
      600.0
    ],
    [
      1781245040,
      599.84
    ],
    [
      1781245942,
      597.77
    ],
    [
      1781246843,
      597.21
    ]
  ],
  "ripple": [
    [
      1781240532,
      1.15
    ],
    [
      1781241434,
      1.14
    ],
    [
      1781242335,
      1.14
    ],
    [
      1781243237,
      1.14
    ],
    [
      1781244138,
      1.14
    ],
    [
      1781245040,
      1.14
    ],
    [
      1781245942,
      1.13
    ],
    [
      1781246843,
      1.13
    ]
  ],
  "solana": [
    [
      1781240532,
      66.98
    ],
    [
      1781241434,
      66.74
    ],
    [
      1781242335,
      66.7
    ],
    [
      1781243237,
      66.64
    ],
    [
      1781244138,
      66.67
    ],
    [
      1781245040,
      66.55
    ],
    [
      1781245942,
      66.28
    ],
    [
      1781246843,
      65.98
    ]
  ],
  "dogecoin": [
    [
      1781240532,
      0.086891
    ],
    [
      1781241434,
      0.086727
    ],
    [
      1781242335,
      0.086696
    ],
    [
      1781243237,
      0.086961
    ],
    [
      1781244138,
      0.086721
    ],
    [
      1781245040,
      0.08645
    ],
    [
      1781245942,
      0.086134
    ],
    [
      1781246843,
      0.085271
    ]
  ],
  "cardano": [
    [
      1781240532,
      0.171997
    ],
    [
      1781241434,
      0.171453
    ],
    [
      1781242335,
      0.171065
    ],
    [
      1781243237,
      0.170779
    ],
    [
      1781244138,
      0.170192
    ],
    [
      1781245040,
      0.16987
    ],
    [
      1781245942,
      0.169257
    ],
    [
      1781246843,
      0.168255
    ]
  ],
  "tron": [
    [
      1781240532,
      0.314896
    ],
    [
      1781241434,
      0.314846
    ],
    [
      1781242335,
      0.314983
    ],
    [
      1781243237,
      0.314499
    ],
    [
      1781244138,
      0.313276
    ],
    [
      1781245040,
      0.31291
    ],
    [
      1781245942,
      0.313309
    ],
    [
      1781246843,
      0.312873
    ]
  ],
  "chainlink": [
    [
      1781240532,
      7.9
    ],
    [
      1781241434,
      7.87
    ],
    [
      1781242335,
      7.86
    ],
    [
      1781243237,
      7.84
    ],
    [
      1781244138,
      7.83
    ],
    [
      1781245040,
      7.82
    ],
    [
      1781245942,
      7.8
    ],
    [
      1781246843,
      7.76
    ]
  ],
  "the-open-network": [
    [
      1781240532,
      1.71
    ],
    [
      1781241434,
      1.71
    ],
    [
      1781242335,
      1.73
    ],
    [
      1781243237,
      1.74
    ],
    [
      1781244138,
      1.73
    ],
    [
      1781245040,
      1.7
    ],
    [
      1781245942,
      1.69
    ],
    [
      1781246843,
      1.69
    ]
  ],
  "stellar": [
    [
      1781240532,
      0.19389
    ],
    [
      1781241434,
      0.192606
    ],
    [
      1781242335,
      0.19219
    ],
    [
      1781243237,
      0.192178
    ],
    [
      1781244138,
      0.191934
    ],
    [
      1781245040,
      0.191627
    ],
    [
      1781245942,
      0.191231
    ],
    [
      1781246843,
      0.18898
    ]
  ],
  "hedera-hashgraph": [
    [
      1781240532,
      0.080163
    ],
    [
      1781241434,
      0.079901
    ],
    [
      1781242335,
      0.079768
    ],
    [
      1781243237,
      0.079729
    ],
    [
      1781244138,
      0.079667
    ],
    [
      1781245040,
      0.079565
    ],
    [
      1781245942,
      0.079198
    ],
    [
      1781246843,
      0.078784
    ]
  ],
  "sui": [
    [
      1781240532,
      0.756815
    ],
    [
      1781241434,
      0.753883
    ],
    [
      1781242335,
      0.754216
    ],
    [
      1781243237,
      0.752836
    ],
    [
      1781244138,
      0.751687
    ],
    [
      1781245040,
      0.750742
    ],
    [
      1781245942,
      0.748661
    ],
    [
      1781246843,
      0.746595
    ]
  ],
  "bitcoin-cash": [
    [
      1781240532,
      205.37
    ],
    [
      1781241434,
      204.81
    ],
    [
      1781242335,
      204.6
    ],
    [
      1781243237,
      204.07
    ],
    [
      1781244138,
      203.77
    ],
    [
      1781245040,
      203.46
    ],
    [
      1781245942,
      203.26
    ],
    [
      1781246843,
      201.57
    ]
  ],
  "litecoin": [
    [
      1781240532,
      42.65
    ],
    [
      1781241434,
      42.6
    ],
    [
      1781242335,
      42.59
    ],
    [
      1781243237,
      42.52
    ],
    [
      1781244138,
      42.52
    ],
    [
      1781245040,
      42.49
    ],
    [
      1781245942,
      42.42
    ],
    [
      1781246843,
      42.23
    ]
  ],
  "polkadot": [
    [
      1781240532,
      0.956607
    ],
    [
      1781241434,
      0.952603
    ],
    [
      1781242335,
      0.952448
    ],
    [
      1781243237,
      0.950293
    ],
    [
      1781244138,
      0.950517
    ],
    [
      1781245040,
      0.947823
    ],
    [
      1781245942,
      0.944328
    ],
    [
      1781246843,
      0.941757
    ]
  ],
  "hyperliquid": [
    [
      1781240532,
      58.66
    ],
    [
      1781241434,
      58.39
    ],
    [
      1781242335,
      58.54
    ],
    [
      1781243237,
      58.43
    ],
    [
      1781244138,
      58.14
    ],
    [
      1781245040,
      57.76
    ],
    [
      1781245942,
      57.52
    ],
    [
      1781246843,
      56.96
    ]
  ],
  "monero": [
    [
      1781240532,
      368.2
    ],
    [
      1781241434,
      364.07
    ],
    [
      1781242335,
      375.74
    ],
    [
      1781243237,
      382.22
    ],
    [
      1781244138,
      385.07
    ],
    [
      1781245040,
      387.86
    ],
    [
      1781245942,
      390.06
    ],
    [
      1781246843,
      386.51
    ]
  ],
  "_alerts_sent": {
    "monero_2026-06-12 03": true,
    "monero_2026-06-12 04": true,
    "monero_2026-06-12 05": true,
    "monero_2026-06-12 08": true
  }
}