{
  "bitcoin": [
    [
      1781586827,
      65968
    ],
    [
      1781587729,
      66023
    ],
    [
      1781588630,
      66036.9
    ],
    [
      1781589537,
      66045.6
    ],
    [
      1781590445,
      66146.9
    ],
    [
      1781591353,
      66228
    ],
    [
      1781592254,
      66377.7
    ],
    [
      1781593162,
      66410.4
    ]
  ],
  "ethereum": [
    [
      1781586827,
      1762.8
    ],
    [
      1781587729,
      1762.8
    ],
    [
      1781588630,
      1761.82
    ],
    [
      1781589537,
      1761.59
    ],
    [
      1781590445,
      1763.91
    ],
    [
      1781591353,
      1764.97
    ],
    [
      1781592254,
      1769.73
    ],
    [
      1781593162,
      1770.38
    ]
  ],
  "avalanche-2": [
    [
      1781586827,
      6.8
    ],
    [
      1781587729,
      6.8
    ],
    [
      1781588630,
      6.8
    ],
    [
      1781589537,
      6.805
    ],
    [
      1781590445,
      6.82
    ],
    [
      1781591353,
      6.82
    ],
    [
      1781592254,
      6.843
    ],
    [
      1781593162,
      6.851
    ]
  ],
  "ondo-finance": [
    [
      1781586827,
      0.373456
    ],
    [
      1781587729,
      0.372685
    ],
    [
      1781588630,
      0.37091
    ],
    [
      1781589537,
      0.37152
    ],
    [
      1781590445,
      0.37286
    ],
    [
      1781591353,
      0.371977
    ],
    [
      1781592254,
      0.37339
    ],
    [
      1781593162,
      0.3721
    ]
  ],
  "binancecoin": [
    [
      1781585024,
      612.33
    ],
    [
      1781585926,
      612.34
    ],
    [
      1781586827,
      613.84
    ],
    [
      1781587729,
      613.58
    ],
    [
      1781591353,
      614.43
    ]
  ],
  "ripple": [
    [
      1781585024,
      1.22
    ],
    [
      1781585926,
      1.22
    ],
    [
      1781586827,
      1.22
    ],
    [
      1781587729,
      1.23
    ],
    [
      1781591353,
      1.23
    ]
  ],
  "solana": [
    [
      1781585024,
      73.28
    ],
    [
      1781585926,
      73.26
    ],
    [
      1781586827,
      73.55
    ],
    [
      1781587729,
      73.69
    ],
    [
      1781591353,
      73.83
    ]
  ],
  "dogecoin": [
    [
      1781585024,
      0.086796
    ],
    [
      1781585926,
      0.086806
    ],
    [
      1781586827,
      0.087122
    ],
    [
      1781587729,
      0.087201
    ],
    [
      1781591353,
      0.087308
    ]
  ],
  "cardano": [
    [
      1781585024,
      0.176063
    ],
    [
      1781585926,
      0.175694
    ],
    [
      1781586827,
      0.176428
    ],
    [
      1781587729,
      0.176664
    ],
    [
      1781591353,
      0.177244
    ]
  ],
  "tron": [
    [
      1781585024,
      0.317458
    ],
    [
      1781585926,
      0.317418
    ],
    [
      1781586827,
      0.317544
    ],
    [
      1781587729,
      0.31769
    ],
    [
      1781591353,
      0.317945
    ]
  ],
  "chainlink": [
    [
      1781585024,
      8.19
    ],
    [
      1781585926,
      8.18
    ],
    [
      1781586827,
      8.2
    ],
    [
      1781587729,
      8.21
    ],
    [
      1781591353,
      8.21
    ]
  ],
  "the-open-network": [
    [
      1781585024,
      1.69
    ],
    [
      1781585926,
      1.7
    ],
    [
      1781586827,
      1.7
    ],
    [
      1781587729,
      1.7
    ],
    [
      1781591353,
      1.7
    ]
  ],
  "stellar": [
    [
      1781585024,
      0.210749
    ],
    [
      1781585926,
      0.211885
    ],
    [
      1781586827,
      0.214426
    ],
    [
      1781587729,
      0.215491
    ],
    [
      1781591353,
      0.215149
    ]
  ],
  "hedera-hashgraph": [
    [
      1781585024,
      0.081933
    ],
    [
      1781585926,
      0.081808
    ],
    [
      1781586827,
      0.08191
    ],
    [
      1781587729,
      0.08196
    ],
    [
      1781591353,
      0.081966
    ]
  ],
  "sui": [
    [
      1781585024,
      0.78169
    ],
    [
      1781585926,
      0.780854
    ],
    [
      1781586827,
      0.783998
    ],
    [
      1781587729,
      0.78466
    ],
    [
      1781591353,
      0.785565
    ]
  ],
  "bitcoin-cash": [
    [
      1781585024,
      220.44
    ],
    [
      1781585926,
      219.82
    ],
    [
      1781586827,
      220.96
    ],
    [
      1781587729,
      221.03
    ],
    [
      1781591353,
      223.29
    ]
  ],
  "litecoin": [
    [
      1781585024,
      45.41
    ],
    [
      1781585926,
      45.43
    ],
    [
      1781586827,
      45.55
    ],
    [
      1781587729,
      45.58
    ],
    [
      1781591353,
      45.48
    ]
  ],
  "polkadot": [
    [
      1781585024,
      1.002
    ],
    [
      1781585926,
      1.001
    ],
    [
      1781586827,
      1.006
    ],
    [
      1781587729,
      1.006
    ],
    [
      1781591353,
      1.007
    ]
  ],
  "hyperliquid": [
    [
      1781585024,
      69.45
    ],
    [
      1781585926,
      69.83
    ],
    [
      1781586827,
      71.73
    ],
    [
      1781587729,
      71.7
    ],
    [
      1781591353,
      71.9
    ]
  ],
  "monero": [
    [
      1781585024,
      352.52
    ],
    [
      1781585926,
      348.3
    ],
    [
      1781586827,
      349.05
    ],
    [
      1781587729,
      346.19
    ],
    [
      1781591353,
      344.63
    ]
  ],
  "_alerts_sent": {}
}