{
  "bitcoin": [
    [
      1782951073,
      59890
    ],
    [
      1782951974,
      59780
    ],
    [
      1782952875,
      59585
    ],
    [
      1782953776,
      59675
    ],
    [
      1782954678,
      59747
    ],
    [
      1782955579,
      59949.5
    ],
    [
      1782956480,
      60158
    ],
    [
      1782957382,
      60067.5
    ]
  ],
  "ethereum": [
    [
      1782951073,
      1604.47
    ],
    [
      1782951974,
      1603.06
    ],
    [
      1782952875,
      1600.19
    ],
    [
      1782953776,
      1601.87
    ],
    [
      1782954678,
      1604.95
    ],
    [
      1782955579,
      1610.71
    ],
    [
      1782956480,
      1618.49
    ],
    [
      1782957382,
      1616.76
    ]
  ],
  "avalanche-2": [
    [
      1782951073,
      6.65
    ],
    [
      1782951974,
      6.64
    ],
    [
      1782952875,
      6.62
    ],
    [
      1782953776,
      6.63
    ],
    [
      1782954678,
      6.65
    ],
    [
      1782955579,
      6.689
    ],
    [
      1782956480,
      6.7
    ],
    [
      1782957382,
      6.687
    ]
  ],
  "ondo-finance": [
    [
      1782951073,
      0.323999
    ],
    [
      1782951974,
      0.324047
    ],
    [
      1782952875,
      0.32273
    ],
    [
      1782953776,
      0.323742
    ],
    [
      1782954678,
      0.327017
    ],
    [
      1782955579,
      0.33107
    ],
    [
      1782956480,
      0.332355
    ],
    [
      1782957382,
      0.33552
    ]
  ],
  "binancecoin": [
    [
      1782950171,
      550.26
    ],
    [
      1782951073,
      548.89
    ],
    [
      1782951974,
      548.19
    ],
    [
      1782952875,
      546.56
    ],
    [
      1782953776,
      547.11
    ],
    [
      1782954678,
      548.07
    ],
    [
      1782956480,
      550.47
    ]
  ],
  "ripple": [
    [
      1782950171,
      1.052
    ],
    [
      1782951073,
      1.05
    ],
    [
      1782951974,
      1.049
    ],
    [
      1782952875,
      1.046
    ],
    [
      1782953776,
      1.046
    ],
    [
      1782954678,
      1.047
    ],
    [
      1782956480,
      1.056
    ]
  ],
  "solana": [
    [
      1782950171,
      77.36
    ],
    [
      1782951073,
      77.28
    ],
    [
      1782951974,
      77.17
    ],
    [
      1782952875,
      76.94
    ],
    [
      1782953776,
      77.16
    ],
    [
      1782954678,
      77.28
    ],
    [
      1782956480,
      78.28
    ]
  ],
  "dogecoin": [
    [
      1782950171,
      0.072194
    ],
    [
      1782951073,
      0.072118
    ],
    [
      1782951974,
      0.072045
    ],
    [
      1782952875,
      0.071744
    ],
    [
      1782953776,
      0.071814
    ],
    [
      1782954678,
      0.071986
    ],
    [
      1782956480,
      0.072551
    ]
  ],
  "cardano": [
    [
      1782950171,
      0.154044
    ],
    [
      1782951073,
      0.153564
    ],
    [
      1782951974,
      0.153262
    ],
    [
      1782952875,
      0.152832
    ],
    [
      1782953776,
      0.152841
    ],
    [
      1782954678,
      0.153077
    ],
    [
      1782956480,
      0.154579
    ]
  ],
  "tron": [
    [
      1782950171,
      0.315718
    ],
    [
      1782951073,
      0.315825
    ],
    [
      1782951974,
      0.315659
    ],
    [
      1782952875,
      0.315663
    ],
    [
      1782953776,
      0.31577
    ],
    [
      1782954678,
      0.315995
    ],
    [
      1782956480,
      0.316092
    ]
  ],
  "chainlink": [
    [
      1782950171,
      7.35
    ],
    [
      1782951073,
      7.34
    ],
    [
      1782951974,
      7.33
    ],
    [
      1782952875,
      7.32
    ],
    [
      1782953776,
      7.33
    ],
    [
      1782954678,
      7.35
    ],
    [
      1782956480,
      7.4
    ]
  ],
  "the-open-network": [
    [
      1782950171,
      1.56
    ],
    [
      1782951073,
      1.56
    ],
    [
      1782951974,
      1.56
    ],
    [
      1782952875,
      1.56
    ],
    [
      1782953776,
      1.56
    ],
    [
      1782954678,
      1.56
    ],
    [
      1782956480,
      1.56
    ]
  ],
  "stellar": [
    [
      1782950171,
      0.197542
    ],
    [
      1782951073,
      0.196684
    ],
    [
      1782951974,
      0.194539
    ],
    [
      1782952875,
      0.192956
    ],
    [
      1782953776,
      0.193449
    ],
    [
      1782954678,
      0.194
    ],
    [
      1782956480,
      0.195359
    ]
  ],
  "hedera-hashgraph": [
    [
      1782950171,
      0.071777
    ],
    [
      1782951073,
      0.071821
    ],
    [
      1782951974,
      0.071955
    ],
    [
      1782952875,
      0.071667
    ],
    [
      1782953776,
      0.072017
    ],
    [
      1782954678,
      0.072342
    ],
    [
      1782956480,
      0.07282
    ]
  ],
  "sui": [
    [
      1782950171,
      0.715503
    ],
    [
      1782951073,
      0.714921
    ],
    [
      1782951974,
      0.713762
    ],
    [
      1782952875,
      0.710867
    ],
    [
      1782953776,
      0.712471
    ],
    [
      1782954678,
      0.716661
    ],
    [
      1782956480,
      0.723012
    ]
  ],
  "bitcoin-cash": [
    [
      1782950171,
      209.88
    ],
    [
      1782951073,
      210.55
    ],
    [
      1782951974,
      211.02
    ],
    [
      1782952875,
      211.59
    ],
    [
      1782953776,
      212.9
    ],
    [
      1782954678,
      213.63
    ],
    [
      1782956480,
      215.37
    ]
  ],
  "litecoin": [
    [
      1782950171,
      42.67
    ],
    [
      1782951073,
      42.66
    ],
    [
      1782951974,
      42.55
    ],
    [
      1782952875,
      42.46
    ],
    [
      1782953776,
      42.48
    ],
    [
      1782954678,
      42.53
    ],
    [
      1782956480,
      42.79
    ]
  ],
  "polkadot": [
    [
      1782950171,
      0.827465
    ],
    [
      1782951073,
      0.825964
    ],
    [
      1782951974,
      0.825972
    ],
    [
      1782952875,
      0.825394
    ],
    [
      1782953776,
      0.827052
    ],
    [
      1782954678,
      0.82978
    ],
    [
      1782956480,
      0.836706
    ]
  ],
  "hyperliquid": [
    [
      1782950171,
      62.44
    ],
    [
      1782951073,
      62.37
    ],
    [
      1782951974,
      62.4
    ],
    [
      1782952875,
      62.11
    ],
    [
      1782953776,
      62.18
    ],
    [
      1782954678,
      62.28
    ],
    [
      1782956480,
      62.98
    ]
  ],
  "monero": [
    [
      1782950171,
      309.62
    ],
    [
      1782951073,
      308.1
    ],
    [
      1782951974,
      309.39
    ],
    [
      1782952875,
      308.28
    ],
    [
      1782953776,
      305.49
    ],
    [
      1782954678,
      306.74
    ],
    [
      1782956480,
      307.93
    ]
  ],
  "_alerts_sent": {}
}