{
  "bitcoin": [
    [
      1783739495,
      64115
    ],
    [
      1783740396,
      64107
    ],
    [
      1783741298,
      64127
    ],
    [
      1783742199,
      64136
    ],
    [
      1783743100,
      64053
    ],
    [
      1783744001,
      64112
    ],
    [
      1783744903,
      64147
    ],
    [
      1783745804,
      64081
    ]
  ],
  "ethereum": [
    [
      1783739495,
      1794.43
    ],
    [
      1783740396,
      1794.41
    ],
    [
      1783741298,
      1796.04
    ],
    [
      1783742199,
      1796.52
    ],
    [
      1783743100,
      1794.81
    ],
    [
      1783744001,
      1796.38
    ],
    [
      1783744903,
      1797.79
    ],
    [
      1783745804,
      1794.84
    ]
  ],
  "avalanche-2": [
    [
      1783739495,
      6.72
    ],
    [
      1783740396,
      6.72
    ],
    [
      1783741298,
      6.72
    ],
    [
      1783742199,
      6.72
    ],
    [
      1783743100,
      6.72
    ],
    [
      1783744001,
      6.72
    ],
    [
      1783744903,
      6.73
    ],
    [
      1783745804,
      6.72
    ]
  ],
  "ondo-finance": [
    [
      1783739495,
      0.329917
    ],
    [
      1783740396,
      0.329316
    ],
    [
      1783741298,
      0.330706
    ],
    [
      1783742199,
      0.329516
    ],
    [
      1783743100,
      0.328694
    ],
    [
      1783744001,
      0.328282
    ],
    [
      1783744903,
      0.328568
    ],
    [
      1783745804,
      0.327494
    ]
  ],
  "binancecoin": [
    [
      1783739495,
      574.31
    ],
    [
      1783740396,
      574.53
    ],
    [
      1783741298,
      575.01
    ],
    [
      1783742199,
      575.33
    ],
    [
      1783743100,
      574.32
    ],
    [
      1783744001,
      575.03
    ],
    [
      1783744903,
      575.42
    ],
    [
      1783745804,
      574.8
    ]
  ],
  "ripple": [
    [
      1783739495,
      1.11
    ],
    [
      1783740396,
      1.11
    ],
    [
      1783741298,
      1.11
    ],
    [
      1783742199,
      1.11
    ],
    [
      1783743100,
      1.11
    ],
    [
      1783744001,
      1.11
    ],
    [
      1783744903,
      1.11
    ],
    [
      1783745804,
      1.1
    ]
  ],
  "solana": [
    [
      1783739495,
      77.67
    ],
    [
      1783740396,
      77.7
    ],
    [
      1783741298,
      77.75
    ],
    [
      1783742199,
      77.79
    ],
    [
      1783743100,
      77.67
    ],
    [
      1783744001,
      77.67
    ],
    [
      1783744903,
      77.76
    ],
    [
      1783745804,
      77.65
    ]
  ],
  "dogecoin": [
    [
      1783739495,
      0.074109
    ],
    [
      1783740396,
      0.074158
    ],
    [
      1783741298,
      0.074286
    ],
    [
      1783742199,
      0.074247
    ],
    [
      1783743100,
      0.074261
    ],
    [
      1783744001,
      0.074272
    ],
    [
      1783744903,
      0.074323
    ],
    [
      1783745804,
      0.074233
    ]
  ],
  "cardano": [
    [
      1783739495,
      0.166228
    ],
    [
      1783740396,
      0.166243
    ],
    [
      1783741298,
      0.166445
    ],
    [
      1783742199,
      0.166191
    ],
    [
      1783743100,
      0.166211
    ],
    [
      1783744001,
      0.166078
    ],
    [
      1783744903,
      0.166376
    ],
    [
      1783745804,
      0.166157
    ]
  ],
  "tron": [
    [
      1783739495,
      0.329976
    ],
    [
      1783740396,
      0.330009
    ],
    [
      1783741298,
      0.329767
    ],
    [
      1783742199,
      0.329846
    ],
    [
      1783743100,
      0.32972
    ],
    [
      1783744001,
      0.329718
    ],
    [
      1783744903,
      0.329771
    ],
    [
      1783745804,
      0.32977
    ]
  ],
  "chainlink": [
    [
      1783739495,
      7.98
    ],
    [
      1783740396,
      7.98
    ],
    [
      1783741298,
      7.99
    ],
    [
      1783742199,
      7.99
    ],
    [
      1783743100,
      7.99
    ],
    [
      1783744001,
      7.99
    ],
    [
      1783744903,
      8.0
    ],
    [
      1783745804,
      7.99
    ]
  ],
  "the-open-network": [
    [
      1783739495,
      1.64
    ],
    [
      1783740396,
      1.64
    ],
    [
      1783741298,
      1.64
    ],
    [
      1783742199,
      1.64
    ],
    [
      1783743100,
      1.64
    ],
    [
      1783744001,
      1.65
    ],
    [
      1783744903,
      1.64
    ],
    [
      1783745804,
      1.64
    ]
  ],
  "stellar": [
    [
      1783739495,
      0.190779
    ],
    [
      1783740396,
      0.190424
    ],
    [
      1783741298,
      0.190832
    ],
    [
      1783742199,
      0.190584
    ],
    [
      1783743100,
      0.190462
    ],
    [
      1783744001,
      0.190051
    ],
    [
      1783744903,
      0.189942
    ],
    [
      1783745804,
      0.189757
    ]
  ],
  "hedera-hashgraph": [
    [
      1783739495,
      0.070191
    ],
    [
      1783740396,
      0.069961
    ],
    [
      1783741298,
      0.070027
    ],
    [
      1783742199,
      0.07006
    ],
    [
      1783743100,
      0.069959
    ],
    [
      1783744001,
      0.070009
    ],
    [
      1783744903,
      0.069979
    ],
    [
      1783745804,
      0.069941
    ]
  ],
  "sui": [
    [
      1783739495,
      0.738369
    ],
    [
      1783740396,
      0.74034
    ],
    [
      1783741298,
      0.743474
    ],
    [
      1783742199,
      0.742685
    ],
    [
      1783743100,
      0.740469
    ],
    [
      1783744001,
      0.740469
    ],
    [
      1783744903,
      0.741285
    ],
    [
      1783745804,
      0.740566
    ]
  ],
  "bitcoin-cash": [
    [
      1783739495,
      245.02
    ],
    [
      1783740396,
      245.38
    ],
    [
      1783741298,
      245.48
    ],
    [
      1783742199,
      245.69
    ],
    [
      1783743100,
      245.37
    ],
    [
      1783744001,
      245.35
    ],
    [
      1783744903,
      244.89
    ],
    [
      1783745804,
      244.44
    ]
  ],
  "litecoin": [
    [
      1783739495,
      44.67
    ],
    [
      1783740396,
      44.71
    ],
    [
      1783741298,
      44.72
    ],
    [
      1783742199,
      44.71
    ],
    [
      1783743100,
      44.69
    ],
    [
      1783744001,
      44.73
    ],
    [
      1783744903,
      44.75
    ],
    [
      1783745804,
      44.74
    ]
  ],
  "polkadot": [
    [
      1783739495,
      0.879171
    ],
    [
      1783740396,
      0.878906
    ],
    [
      1783741298,
      0.880167
    ],
    [
      1783742199,
      0.880627
    ],
    [
      1783743100,
      0.882293
    ],
    [
      1783744001,
      0.880702
    ],
    [
      1783744903,
      0.879869
    ],
    [
      1783745804,
      0.877877
    ]
  ],
  "hyperliquid": [
    [
      1783739495,
      67.18
    ],
    [
      1783740396,
      67.1
    ],
    [
      1783741298,
      67.15
    ],
    [
      1783742199,
      67.02
    ],
    [
      1783743100,
      66.97
    ],
    [
      1783744001,
      67.0
    ],
    [
      1783744903,
      66.84
    ],
    [
      1783745804,
      66.61
    ]
  ],
  "monero": [
    [
      1783739495,
      320.36
    ],
    [
      1783740396,
      320.36
    ],
    [
      1783741298,
      321.12
    ],
    [
      1783742199,
      321.9
    ],
    [
      1783743100,
      322.5
    ],
    [
      1783744001,
      323.29
    ],
    [
      1783744903,
      322.94
    ],
    [
      1783745804,
      323.08
    ]
  ],
  "_alerts_sent": {}
}