{
  "bitcoin": [
    [
      1779789821,
      76555
    ],
    [
      1779790723,
      76658
    ],
    [
      1779791624,
      77102
    ],
    [
      1779792526,
      77396
    ],
    [
      1779793428,
      77363
    ],
    [
      1779794329,
      77203
    ],
    [
      1779795230,
      77194
    ],
    [
      1779796132,
      77158
    ]
  ],
  "ethereum": [
    [
      1779789821,
      2093.77
    ],
    [
      1779790723,
      2098.83
    ],
    [
      1779791624,
      2119.92
    ],
    [
      1779792526,
      2128.36
    ],
    [
      1779793428,
      2126.13
    ],
    [
      1779794329,
      2121.77
    ],
    [
      1779795230,
      2119.72
    ],
    [
      1779796132,
      2119.7
    ]
  ],
  "avalanche-2": [
    [
      1779789821,
      9.27
    ],
    [
      1779790723,
      9.29
    ],
    [
      1779791624,
      9.4
    ],
    [
      1779792526,
      9.43
    ],
    [
      1779793428,
      9.42
    ],
    [
      1779794329,
      9.41
    ],
    [
      1779795230,
      9.4
    ],
    [
      1779796132,
      9.4
    ]
  ],
  "ondo-finance": [
    [
      1779789821,
      0.426075
    ],
    [
      1779790723,
      0.426237
    ],
    [
      1779791624,
      0.43021
    ],
    [
      1779792526,
      0.429512
    ],
    [
      1779793428,
      0.427521
    ],
    [
      1779794329,
      0.42476
    ],
    [
      1779795230,
      0.423741
    ],
    [
      1779796132,
      0.421946
    ]
  ]
}