{
  "bitcoin": [
    [
      1780824425,
      62632
    ],
    [
      1780825326,
      62518
    ],
    [
      1780826227,
      62533
    ],
    [
      1780827128,
      62371
    ],
    [
      1780828030,
      62493
    ],
    [
      1780828931,
      62318
    ],
    [
      1780829832,
      62376
    ],
    [
      1780830734,
      62463
    ]
  ],
  "ethereum": [
    [
      1780824425,
      1638.48
    ],
    [
      1780825326,
      1634.47
    ],
    [
      1780826227,
      1633.67
    ],
    [
      1780827128,
      1628.64
    ],
    [
      1780828030,
      1633.02
    ],
    [
      1780828931,
      1629.31
    ],
    [
      1780829832,
      1626.27
    ],
    [
      1780830734,
      1626.19
    ]
  ],
  "avalanche-2": [
    [
      1780824425,
      6.83
    ],
    [
      1780825326,
      6.8
    ],
    [
      1780826227,
      6.78
    ],
    [
      1780827128,
      6.74
    ],
    [
      1780828030,
      6.76
    ],
    [
      1780828931,
      6.74
    ],
    [
      1780829832,
      6.71
    ],
    [
      1780830734,
      6.71
    ]
  ],
  "ondo-finance": [
    [
      1780824425,
      0.347196
    ],
    [
      1780825326,
      0.344776
    ],
    [
      1780826227,
      0.343798
    ],
    [
      1780827128,
      0.34269
    ],
    [
      1780828030,
      0.345145
    ],
    [
      1780828931,
      0.342643
    ],
    [
      1780829832,
      0.340673
    ],
    [
      1780830734,
      0.341703
    ]
  ],
  "binancecoin": [
    [
      1780824425,
      595.36
    ],
    [
      1780825326,
      593.54
    ],
    [
      1780826227,
      593.1
    ],
    [
      1780827128,
      590.07
    ],
    [
      1780828030,
      592.73
    ],
    [
      1780828931,
      592.03
    ],
    [
      1780829832,
      592.21
    ],
    [
      1780830734,
      594.56
    ]
  ],
  "ripple": [
    [
      1780824425,
      1.16
    ],
    [
      1780825326,
      1.15
    ],
    [
      1780826227,
      1.15
    ],
    [
      1780827128,
      1.14
    ],
    [
      1780828030,
      1.14
    ],
    [
      1780828931,
      1.14
    ],
    [
      1780829832,
      1.13
    ],
    [
      1780830734,
      1.14
    ]
  ],
  "solana": [
    [
      1780824425,
      65.69
    ],
    [
      1780825326,
      65.17
    ],
    [
      1780826227,
      65.05
    ],
    [
      1780827128,
      64.74
    ],
    [
      1780828030,
      64.99
    ],
    [
      1780828931,
      64.76
    ],
    [
      1780829832,
      64.62
    ],
    [
      1780830734,
      64.7
    ]
  ],
  "dogecoin": [
    [
      1780824425,
      0.085599
    ],
    [
      1780825326,
      0.085228
    ],
    [
      1780826227,
      0.084941
    ],
    [
      1780827128,
      0.084365
    ],
    [
      1780828030,
      0.084715
    ],
    [
      1780828931,
      0.084443
    ],
    [
      1780829832,
      0.084321
    ],
    [
      1780830734,
      0.084327
    ]
  ],
  "cardano": [
    [
      1780824425,
      0.165449
    ],
    [
      1780825326,
      0.165245
    ],
    [
      1780826227,
      0.165238
    ],
    [
      1780827128,
      0.16379
    ],
    [
      1780828030,
      0.165432
    ],
    [
      1780828931,
      0.164965
    ],
    [
      1780829832,
      0.164443
    ],
    [
      1780830734,
      0.164126
    ]
  ],
  "tron": [
    [
      1780824425,
      0.328408
    ],
    [
      1780825326,
      0.328727
    ],
    [
      1780826227,
      0.329004
    ],
    [
      1780827128,
      0.329247
    ],
    [
      1780828030,
      0.329403
    ],
    [
      1780828931,
      0.329051
    ],
    [
      1780829832,
      0.328506
    ],
    [
      1780830734,
      0.32882
    ]
  ],
  "chainlink": [
    [
      1780824425,
      7.8
    ],
    [
      1780825326,
      7.76
    ],
    [
      1780826227,
      7.77
    ],
    [
      1780827128,
      7.73
    ],
    [
      1780828030,
      7.75
    ],
    [
      1780828931,
      7.72
    ],
    [
      1780829832,
      7.7
    ],
    [
      1780830734,
      7.72
    ]
  ],
  "the-open-network": [
    [
      1780824425,
      1.73
    ],
    [
      1780825326,
      1.71
    ],
    [
      1780826227,
      1.71
    ],
    [
      1780827128,
      1.7
    ],
    [
      1780828030,
      1.71
    ],
    [
      1780828931,
      1.71
    ],
    [
      1780829832,
      1.7
    ],
    [
      1780830734,
      1.71
    ]
  ],
  "stellar": [
    [
      1780824425,
      0.205074
    ],
    [
      1780825326,
      0.20452
    ],
    [
      1780826227,
      0.205381
    ],
    [
      1780827128,
      0.20609
    ],
    [
      1780828030,
      0.206568
    ],
    [
      1780828931,
      0.205055
    ],
    [
      1780829832,
      0.20467
    ],
    [
      1780830734,
      0.205001
    ]
  ],
  "hedera-hashgraph": [
    [
      1780824425,
      0.082155
    ],
    [
      1780825326,
      0.081925
    ],
    [
      1780826227,
      0.081966
    ],
    [
      1780827128,
      0.0817
    ],
    [
      1780828030,
      0.081739
    ],
    [
      1780828931,
      0.081605
    ],
    [
      1780829832,
      0.081405
    ],
    [
      1780830734,
      0.0814
    ]
  ],
  "sui": [
    [
      1780824425,
      0.761889
    ],
    [
      1780825326,
      0.758006
    ],
    [
      1780826227,
      0.760777
    ],
    [
      1780827128,
      0.751344
    ],
    [
      1780828030,
      0.752453
    ],
    [
      1780828931,
      0.750156
    ],
    [
      1780829832,
      0.747716
    ],
    [
      1780830734,
      0.749068
    ]
  ],
  "bitcoin-cash": [
    [
      1780824425,
      227.51
    ],
    [
      1780825326,
      226.59
    ],
    [
      1780826227,
      226.78
    ],
    [
      1780827128,
      225.24
    ],
    [
      1780828030,
      225.88
    ],
    [
      1780828931,
      225.47
    ],
    [
      1780829832,
      224.95
    ],
    [
      1780830734,
      224.34
    ]
  ],
  "litecoin": [
    [
      1780824425,
      42.47
    ],
    [
      1780825326,
      42.37
    ],
    [
      1780826227,
      42.34
    ],
    [
      1780827128,
      42.21
    ],
    [
      1780828030,
      42.41
    ],
    [
      1780828931,
      42.43
    ],
    [
      1780829832,
      42.23
    ],
    [
      1780830734,
      42.27
    ]
  ],
  "polkadot": [
    [
      1780824425,
      0.976838
    ],
    [
      1780825326,
      0.972145
    ],
    [
      1780826227,
      0.971262
    ],
    [
      1780827128,
      0.966515
    ],
    [
      1780828030,
      0.969657
    ],
    [
      1780828931,
      0.96731
    ],
    [
      1780829832,
      0.964171
    ],
    [
      1780830734,
      0.965524
    ]
  ],
  "hyperliquid": [
    [
      1780824425,
      59.87
    ],
    [
      1780825326,
      59.41
    ],
    [
      1780826227,
      59.18
    ],
    [
      1780827128,
      58.75
    ],
    [
      1780828030,
      59.1
    ],
    [
      1780828931,
      58.93
    ],
    [
      1780829832,
      58.72
    ],
    [
      1780830734,
      58.78
    ]
  ],
  "monero": [
    [
      1780824425,
      306.62
    ],
    [
      1780825326,
      306.7
    ],
    [
      1780826227,
      307.29
    ],
    [
      1780827128,
      304.62
    ],
    [
      1780828030,
      305.63
    ],
    [
      1780828931,
      304.32
    ],
    [
      1780829832,
      302.79
    ],
    [
      1780830734,
      301.96
    ]
  ],
  "_alerts_sent": {}
}