{
  "bitcoin": [
    [
      1781753582,
      64313
    ],
    [
      1781754484,
      64266
    ],
    [
      1781755385,
      64234
    ],
    [
      1781756286,
      64015
    ],
    [
      1781757187,
      63873
    ],
    [
      1781758089,
      63781
    ],
    [
      1781759133,
      63718
    ],
    [
      1781760034,
      63903
    ]
  ],
  "ethereum": [
    [
      1781753582,
      1745.64
    ],
    [
      1781754484,
      1742.37
    ],
    [
      1781755385,
      1743.43
    ],
    [
      1781756286,
      1736.13
    ],
    [
      1781757187,
      1733.35
    ],
    [
      1781758089,
      1729.26
    ],
    [
      1781759133,
      1723.9
    ],
    [
      1781760034,
      1727.87
    ]
  ],
  "avalanche-2": [
    [
      1781753582,
      6.72
    ],
    [
      1781754484,
      6.71
    ],
    [
      1781755385,
      6.71
    ],
    [
      1781756286,
      6.66
    ],
    [
      1781757187,
      6.66
    ],
    [
      1781758089,
      6.64
    ],
    [
      1781759133,
      6.61
    ],
    [
      1781760034,
      6.6
    ]
  ],
  "ondo-finance": [
    [
      1781753582,
      0.366675
    ],
    [
      1781754484,
      0.366045
    ],
    [
      1781755385,
      0.364264
    ],
    [
      1781756286,
      0.360124
    ],
    [
      1781757187,
      0.361228
    ],
    [
      1781758089,
      0.358671
    ],
    [
      1781759133,
      0.35499
    ],
    [
      1781760034,
      0.3557
    ]
  ],
  "binancecoin": [
    [
      1781753582,
      596.72
    ],
    [
      1781754484,
      596.45
    ],
    [
      1781755385,
      596.22
    ],
    [
      1781756286,
      592.72
    ],
    [
      1781757187,
      591.64
    ],
    [
      1781758089,
      590.81
    ],
    [
      1781759133,
      588.82
    ],
    [
      1781760034,
      588.33
    ]
  ],
  "ripple": [
    [
      1781753582,
      1.18
    ],
    [
      1781754484,
      1.18
    ],
    [
      1781755385,
      1.18
    ],
    [
      1781756286,
      1.17
    ],
    [
      1781757187,
      1.17
    ],
    [
      1781758089,
      1.17
    ],
    [
      1781759133,
      1.17
    ],
    [
      1781760034,
      1.16
    ]
  ],
  "solana": [
    [
      1781753582,
      71.78
    ],
    [
      1781754484,
      71.63
    ],
    [
      1781755385,
      71.6
    ],
    [
      1781756286,
      71.23
    ],
    [
      1781757187,
      71.11
    ],
    [
      1781758089,
      70.92
    ],
    [
      1781759133,
      70.88
    ],
    [
      1781760034,
      70.85
    ]
  ],
  "dogecoin": [
    [
      1781753582,
      0.085498
    ],
    [
      1781754484,
      0.085316
    ],
    [
      1781755385,
      0.085274
    ],
    [
      1781756286,
      0.084684
    ],
    [
      1781757187,
      0.084589
    ],
    [
      1781758089,
      0.084436
    ],
    [
      1781759133,
      0.084417
    ],
    [
      1781760034,
      0.084123
    ]
  ],
  "cardano": [
    [
      1781753582,
      0.166873
    ],
    [
      1781754484,
      0.16673
    ],
    [
      1781755385,
      0.166721
    ],
    [
      1781756286,
      0.165822
    ],
    [
      1781757187,
      0.165626
    ],
    [
      1781758089,
      0.165458
    ],
    [
      1781759133,
      0.165006
    ],
    [
      1781760034,
      0.16454
    ]
  ],
  "tron": [
    [
      1781753582,
      0.320811
    ],
    [
      1781754484,
      0.32081
    ],
    [
      1781755385,
      0.320831
    ],
    [
      1781756286,
      0.320231
    ],
    [
      1781757187,
      0.320165
    ],
    [
      1781758089,
      0.320079
    ],
    [
      1781759133,
      0.320113
    ],
    [
      1781760034,
      0.319977
    ]
  ],
  "chainlink": [
    [
      1781753582,
      8.04
    ],
    [
      1781754484,
      8.02
    ],
    [
      1781755385,
      8.03
    ],
    [
      1781756286,
      7.97
    ],
    [
      1781757187,
      7.96
    ],
    [
      1781758089,
      7.94
    ],
    [
      1781759133,
      7.93
    ],
    [
      1781760034,
      7.92
    ]
  ],
  "the-open-network": [
    [
      1781753582,
      1.67
    ],
    [
      1781754484,
      1.67
    ],
    [
      1781755385,
      1.66
    ],
    [
      1781756286,
      1.65
    ],
    [
      1781757187,
      1.66
    ],
    [
      1781758089,
      1.66
    ],
    [
      1781759133,
      1.65
    ],
    [
      1781760034,
      1.65
    ]
  ],
  "stellar": [
    [
      1781753582,
      0.234391
    ],
    [
      1781754484,
      0.233099
    ],
    [
      1781755385,
      0.231671
    ],
    [
      1781756286,
      0.232883
    ],
    [
      1781757187,
      0.231164
    ],
    [
      1781758089,
      0.231391
    ],
    [
      1781759133,
      0.230449
    ],
    [
      1781760034,
      0.229397
    ]
  ],
  "hedera-hashgraph": [
    [
      1781753582,
      0.080961
    ],
    [
      1781754484,
      0.08078
    ],
    [
      1781755385,
      0.080715
    ],
    [
      1781756286,
      0.080033
    ],
    [
      1781757187,
      0.079998
    ],
    [
      1781758089,
      0.079733
    ],
    [
      1781759133,
      0.07948
    ],
    [
      1781760034,
      0.079501
    ]
  ],
  "sui": [
    [
      1781753582,
      0.762923
    ],
    [
      1781754484,
      0.760916
    ],
    [
      1781755385,
      0.762436
    ],
    [
      1781756286,
      0.752952
    ],
    [
      1781757187,
      0.750112
    ],
    [
      1781758089,
      0.746307
    ],
    [
      1781759133,
      0.742568
    ],
    [
      1781760034,
      0.741392
    ]
  ],
  "bitcoin-cash": [
    [
      1781753582,
      212.57
    ],
    [
      1781754484,
      211.87
    ],
    [
      1781755385,
      211.75
    ],
    [
      1781756286,
      210.19
    ],
    [
      1781757187,
      209.15
    ],
    [
      1781758089,
      206.58
    ],
    [
      1781759133,
      207.03
    ],
    [
      1781760034,
      206.65
    ]
  ],
  "litecoin": [
    [
      1781753582,
      44.55
    ],
    [
      1781754484,
      44.45
    ],
    [
      1781755385,
      44.47
    ],
    [
      1781756286,
      44.29
    ],
    [
      1781757187,
      44.3
    ],
    [
      1781758089,
      44.21
    ],
    [
      1781759133,
      44.16
    ],
    [
      1781760034,
      44.15
    ]
  ],
  "polkadot": [
    [
      1781753582,
      0.989579
    ],
    [
      1781754484,
      0.984654
    ],
    [
      1781755385,
      0.981768
    ],
    [
      1781756286,
      0.974352
    ],
    [
      1781757187,
      0.973122
    ],
    [
      1781758089,
      0.972025
    ],
    [
      1781759133,
      0.971076
    ],
    [
      1781760034,
      0.970319
    ]
  ],
  "hyperliquid": [
    [
      1781753582,
      71.68
    ],
    [
      1781754484,
      70.96
    ],
    [
      1781755385,
      70.97
    ],
    [
      1781756286,
      69.74
    ],
    [
      1781757187,
      69.4
    ],
    [
      1781758089,
      69.15
    ],
    [
      1781759133,
      68.93
    ],
    [
      1781760034,
      68.89
    ]
  ],
  "monero": [
    [
      1781753582,
      331.31
    ],
    [
      1781754484,
      329.76
    ],
    [
      1781755385,
      330.57
    ],
    [
      1781756286,
      329.59
    ],
    [
      1781757187,
      328.48
    ],
    [
      1781758089,
      330.56
    ],
    [
      1781759133,
      330.08
    ],
    [
      1781760034,
      329.31
    ]
  ],
  "_alerts_sent": {}
}