{
  "bitcoin": [
    [
      1780883307,
      63105
    ],
    [
      1780884208,
      63119
    ],
    [
      1780885110,
      63033
    ],
    [
      1780886012,
      63037
    ],
    [
      1780886913,
      63011
    ],
    [
      1780887814,
      63072
    ],
    [
      1780888716,
      63254
    ],
    [
      1780889617,
      63167
    ]
  ],
  "ethereum": [
    [
      1780883307,
      1684.05
    ],
    [
      1780884208,
      1685.11
    ],
    [
      1780885110,
      1682.59
    ],
    [
      1780886012,
      1682.52
    ],
    [
      1780886913,
      1682.14
    ],
    [
      1780887814,
      1682.21
    ],
    [
      1780888716,
      1686.55
    ],
    [
      1780889617,
      1681.58
    ]
  ],
  "avalanche-2": [
    [
      1780883307,
      6.69
    ],
    [
      1780884208,
      6.71
    ],
    [
      1780885110,
      6.71
    ],
    [
      1780886012,
      6.7
    ],
    [
      1780886913,
      6.69
    ],
    [
      1780887814,
      6.69
    ],
    [
      1780888716,
      6.7
    ],
    [
      1780889617,
      6.65
    ]
  ],
  "ondo-finance": [
    [
      1780883307,
      0.346691
    ],
    [
      1780884208,
      0.348247
    ],
    [
      1780885110,
      0.350759
    ],
    [
      1780886012,
      0.349214
    ],
    [
      1780886913,
      0.34948
    ],
    [
      1780887814,
      0.348329
    ],
    [
      1780888716,
      0.34973
    ],
    [
      1780889617,
      0.347244
    ]
  ],
  "binancecoin": [
    [
      1780883307,
      602.81
    ],
    [
      1780884208,
      603.06
    ],
    [
      1780885110,
      602.92
    ],
    [
      1780886012,
      602.96
    ],
    [
      1780886913,
      601.99
    ],
    [
      1780887814,
      601.57
    ],
    [
      1780888716,
      602.78
    ],
    [
      1780889617,
      602.4
    ]
  ],
  "ripple": [
    [
      1780883307,
      1.15
    ],
    [
      1780884208,
      1.16
    ],
    [
      1780885110,
      1.16
    ],
    [
      1780886012,
      1.16
    ],
    [
      1780886913,
      1.16
    ],
    [
      1780887814,
      1.16
    ],
    [
      1780888716,
      1.16
    ],
    [
      1780889617,
      1.15
    ]
  ],
  "solana": [
    [
      1780883307,
      65.96
    ],
    [
      1780884208,
      66.12
    ],
    [
      1780885110,
      66.3
    ],
    [
      1780886012,
      66.4
    ],
    [
      1780886913,
      66.31
    ],
    [
      1780887814,
      66.42
    ],
    [
      1780888716,
      66.48
    ],
    [
      1780889617,
      66.38
    ]
  ],
  "dogecoin": [
    [
      1780883307,
      0.085433
    ],
    [
      1780884208,
      0.085615
    ],
    [
      1780885110,
      0.085668
    ],
    [
      1780886012,
      0.085691
    ],
    [
      1780886913,
      0.085706
    ],
    [
      1780887814,
      0.085819
    ],
    [
      1780888716,
      0.086053
    ],
    [
      1780889617,
      0.085708
    ]
  ],
  "cardano": [
    [
      1780883307,
      0.162776
    ],
    [
      1780884208,
      0.16321
    ],
    [
      1780885110,
      0.163642
    ],
    [
      1780886012,
      0.163592
    ],
    [
      1780886913,
      0.163572
    ],
    [
      1780887814,
      0.163697
    ],
    [
      1780888716,
      0.16435
    ],
    [
      1780889617,
      0.16331
    ]
  ],
  "tron": [
    [
      1780883307,
      0.326279
    ],
    [
      1780884208,
      0.326203
    ],
    [
      1780885110,
      0.326756
    ],
    [
      1780886012,
      0.327055
    ],
    [
      1780886913,
      0.326409
    ],
    [
      1780887814,
      0.326642
    ],
    [
      1780888716,
      0.326536
    ],
    [
      1780889617,
      0.326518
    ]
  ],
  "chainlink": [
    [
      1780883307,
      7.88
    ],
    [
      1780884208,
      7.9
    ],
    [
      1780885110,
      7.91
    ],
    [
      1780886012,
      7.91
    ],
    [
      1780886913,
      7.9
    ],
    [
      1780887814,
      7.91
    ],
    [
      1780888716,
      7.92
    ],
    [
      1780889617,
      7.87
    ]
  ],
  "the-open-network": [
    [
      1780883307,
      1.69
    ],
    [
      1780884208,
      1.7
    ],
    [
      1780885110,
      1.71
    ],
    [
      1780886012,
      1.71
    ],
    [
      1780886913,
      1.71
    ],
    [
      1780887814,
      1.71
    ],
    [
      1780888716,
      1.72
    ],
    [
      1780889617,
      1.72
    ]
  ],
  "stellar": [
    [
      1780883307,
      0.203318
    ],
    [
      1780884208,
      0.203776
    ],
    [
      1780885110,
      0.202417
    ],
    [
      1780886012,
      0.202725
    ],
    [
      1780886913,
      0.202714
    ],
    [
      1780887814,
      0.202185
    ],
    [
      1780888716,
      0.20214
    ],
    [
      1780889617,
      0.200701
    ]
  ],
  "hedera-hashgraph": [
    [
      1780883307,
      0.081671
    ],
    [
      1780884208,
      0.081826
    ],
    [
      1780885110,
      0.081987
    ],
    [
      1780886012,
      0.082017
    ],
    [
      1780886913,
      0.082116
    ],
    [
      1780887814,
      0.082158
    ],
    [
      1780888716,
      0.082281
    ],
    [
      1780889617,
      0.082063
    ]
  ],
  "sui": [
    [
      1780883307,
      0.753613
    ],
    [
      1780884208,
      0.755696
    ],
    [
      1780885110,
      0.754102
    ],
    [
      1780886012,
      0.752499
    ],
    [
      1780886913,
      0.752818
    ],
    [
      1780887814,
      0.752947
    ],
    [
      1780888716,
      0.753342
    ],
    [
      1780889617,
      0.750568
    ]
  ],
  "bitcoin-cash": [
    [
      1780883307,
      222.48
    ],
    [
      1780884208,
      222.92
    ],
    [
      1780885110,
      223.51
    ],
    [
      1780886012,
      222.89
    ],
    [
      1780886913,
      221.41
    ],
    [
      1780887814,
      221.17
    ],
    [
      1780888716,
      220.6
    ],
    [
      1780889617,
      220.82
    ]
  ],
  "litecoin": [
    [
      1780883307,
      42.31
    ],
    [
      1780884208,
      42.34
    ],
    [
      1780885110,
      42.44
    ],
    [
      1780886012,
      42.45
    ],
    [
      1780886913,
      42.39
    ],
    [
      1780887814,
      42.42
    ],
    [
      1780888716,
      42.61
    ],
    [
      1780889617,
      42.46
    ]
  ],
  "polkadot": [
    [
      1780883307,
      0.965242
    ],
    [
      1780884208,
      0.96679
    ],
    [
      1780885110,
      0.968805
    ],
    [
      1780886012,
      0.967694
    ],
    [
      1780886913,
      0.96858
    ],
    [
      1780887814,
      0.969022
    ],
    [
      1780888716,
      0.970362
    ],
    [
      1780889617,
      0.967368
    ]
  ],
  "hyperliquid": [
    [
      1780883307,
      59.85
    ],
    [
      1780884208,
      59.99
    ],
    [
      1780885110,
      60.69
    ],
    [
      1780886012,
      61.01
    ],
    [
      1780886913,
      61.06
    ],
    [
      1780887814,
      61.51
    ],
    [
      1780888716,
      61.69
    ],
    [
      1780889617,
      61.32
    ]
  ],
  "monero": [
    [
      1780883307,
      302.22
    ],
    [
      1780884208,
      301.86
    ],
    [
      1780885110,
      302.77
    ],
    [
      1780886012,
      302.88
    ],
    [
      1780886913,
      305.16
    ],
    [
      1780887814,
      305.28
    ],
    [
      1780888716,
      306.38
    ],
    [
      1780889617,
      305.12
    ]
  ],
  "_alerts_sent": {}
}