{
  "bitcoin": [
    [
      1781014676,
      61891
    ],
    [
      1781015578,
      61523
    ],
    [
      1781016479,
      61265
    ],
    [
      1781017469,
      61391
    ],
    [
      1781018419,
      61558
    ],
    [
      1781019321,
      61285
    ],
    [
      1781020222,
      61269
    ],
    [
      1781021124,
      61025
    ]
  ],
  "ethereum": [
    [
      1781014676,
      1651.69
    ],
    [
      1781015578,
      1641.56
    ],
    [
      1781016479,
      1636.67
    ],
    [
      1781017469,
      1642.15
    ],
    [
      1781018419,
      1648.78
    ],
    [
      1781019321,
      1639.67
    ],
    [
      1781020222,
      1640.45
    ],
    [
      1781021124,
      1633.52
    ]
  ],
  "avalanche-2": [
    [
      1781014676,
      6.64
    ],
    [
      1781015578,
      6.57
    ],
    [
      1781016479,
      6.56
    ],
    [
      1781017469,
      6.59
    ],
    [
      1781018419,
      6.62
    ],
    [
      1781019321,
      6.56
    ],
    [
      1781020222,
      6.56
    ],
    [
      1781021124,
      6.52
    ]
  ],
  "ondo-finance": [
    [
      1781014676,
      0.361606
    ],
    [
      1781015578,
      0.357696
    ],
    [
      1781016479,
      0.357594
    ],
    [
      1781017469,
      0.358969
    ],
    [
      1781018419,
      0.364633
    ],
    [
      1781019321,
      0.359229
    ],
    [
      1781020222,
      0.358758
    ],
    [
      1781021124,
      0.355182
    ]
  ],
  "binancecoin": [
    [
      1781014676,
      590.43
    ],
    [
      1781015578,
      586.54
    ],
    [
      1781016479,
      585.46
    ],
    [
      1781017469,
      588.29
    ],
    [
      1781018419,
      589.78
    ],
    [
      1781019321,
      587.44
    ],
    [
      1781020222,
      587.86
    ],
    [
      1781021124,
      586.21
    ]
  ],
  "ripple": [
    [
      1781014676,
      1.15
    ],
    [
      1781015578,
      1.14
    ],
    [
      1781016479,
      1.14
    ],
    [
      1781017469,
      1.14
    ],
    [
      1781018419,
      1.14
    ],
    [
      1781019321,
      1.13
    ],
    [
      1781020222,
      1.13
    ],
    [
      1781021124,
      1.13
    ]
  ],
  "solana": [
    [
      1781014676,
      65.14
    ],
    [
      1781015578,
      64.91
    ],
    [
      1781016479,
      64.62
    ],
    [
      1781017469,
      64.91
    ],
    [
      1781018419,
      65.1
    ],
    [
      1781019321,
      64.57
    ],
    [
      1781020222,
      64.56
    ],
    [
      1781021124,
      64.3
    ]
  ],
  "dogecoin": [
    [
      1781014676,
      0.085321
    ],
    [
      1781015578,
      0.084689
    ],
    [
      1781016479,
      0.084649
    ],
    [
      1781017469,
      0.084862
    ],
    [
      1781018419,
      0.085067
    ],
    [
      1781019321,
      0.084375
    ],
    [
      1781020222,
      0.084332
    ],
    [
      1781021124,
      0.084108
    ]
  ],
  "cardano": [
    [
      1781014676,
      0.167285
    ],
    [
      1781015578,
      0.165332
    ],
    [
      1781016479,
      0.165138
    ],
    [
      1781017469,
      0.16594
    ],
    [
      1781018419,
      0.16615
    ],
    [
      1781019321,
      0.163982
    ],
    [
      1781020222,
      0.163898
    ],
    [
      1781021124,
      0.163025
    ]
  ],
  "tron": [
    [
      1781014676,
      0.322319
    ],
    [
      1781015578,
      0.32149
    ],
    [
      1781016479,
      0.321405
    ],
    [
      1781017469,
      0.32144
    ],
    [
      1781018419,
      0.322434
    ],
    [
      1781019321,
      0.3219
    ],
    [
      1781020222,
      0.321907
    ],
    [
      1781021124,
      0.321801
    ]
  ],
  "chainlink": [
    [
      1781014676,
      7.84
    ],
    [
      1781015578,
      7.77
    ],
    [
      1781016479,
      7.77
    ],
    [
      1781017469,
      7.79
    ],
    [
      1781018419,
      7.82
    ],
    [
      1781019321,
      7.76
    ],
    [
      1781020222,
      7.76
    ],
    [
      1781021124,
      7.72
    ]
  ],
  "the-open-network": [
    [
      1781014676,
      1.73
    ],
    [
      1781015578,
      1.72
    ],
    [
      1781016479,
      1.71
    ],
    [
      1781017469,
      1.72
    ],
    [
      1781018419,
      1.73
    ],
    [
      1781019321,
      1.7
    ],
    [
      1781020222,
      1.71
    ],
    [
      1781021124,
      1.7
    ]
  ],
  "stellar": [
    [
      1781014676,
      0.199701
    ],
    [
      1781015578,
      0.197835
    ],
    [
      1781016479,
      0.19812
    ],
    [
      1781017469,
      0.197802
    ],
    [
      1781018419,
      0.19794
    ],
    [
      1781019321,
      0.195231
    ],
    [
      1781020222,
      0.195511
    ],
    [
      1781021124,
      0.194694
    ]
  ],
  "hedera-hashgraph": [
    [
      1781014676,
      0.080239
    ],
    [
      1781015578,
      0.079598
    ],
    [
      1781016479,
      0.079434
    ],
    [
      1781017469,
      0.079617
    ],
    [
      1781018419,
      0.079872
    ],
    [
      1781019321,
      0.079565
    ],
    [
      1781020222,
      0.079584
    ],
    [
      1781021124,
      0.079174
    ]
  ],
  "sui": [
    [
      1781014676,
      0.74646
    ],
    [
      1781015578,
      0.740398
    ],
    [
      1781016479,
      0.737882
    ],
    [
      1781017469,
      0.741445
    ],
    [
      1781018419,
      0.742674
    ],
    [
      1781019321,
      0.73539
    ],
    [
      1781020222,
      0.737135
    ],
    [
      1781021124,
      0.735577
    ]
  ],
  "bitcoin-cash": [
    [
      1781014676,
      204.57
    ],
    [
      1781015578,
      202.66
    ],
    [
      1781016479,
      202.86
    ],
    [
      1781017469,
      203.04
    ],
    [
      1781018419,
      203.73
    ],
    [
      1781019321,
      202.51
    ],
    [
      1781020222,
      203.44
    ],
    [
      1781021124,
      202.02
    ]
  ],
  "litecoin": [
    [
      1781014676,
      42.51
    ],
    [
      1781015578,
      42.21
    ],
    [
      1781016479,
      42.23
    ],
    [
      1781017469,
      42.3
    ],
    [
      1781018419,
      42.47
    ],
    [
      1781019321,
      42.19
    ],
    [
      1781020222,
      42.1
    ],
    [
      1781021124,
      41.98
    ]
  ],
  "polkadot": [
    [
      1781014676,
      0.960764
    ],
    [
      1781015578,
      0.949757
    ],
    [
      1781016479,
      0.948967
    ],
    [
      1781017469,
      0.951381
    ],
    [
      1781018419,
      0.955202
    ],
    [
      1781019321,
      0.946211
    ],
    [
      1781020222,
      0.946218
    ],
    [
      1781021124,
      0.94165
    ]
  ],
  "hyperliquid": [
    [
      1781014676,
      59.94
    ],
    [
      1781015578,
      59.79
    ],
    [
      1781016479,
      59.56
    ],
    [
      1781017469,
      59.81
    ],
    [
      1781018419,
      59.98
    ],
    [
      1781019321,
      59.18
    ],
    [
      1781020222,
      59.04
    ],
    [
      1781021124,
      58.86
    ]
  ],
  "monero": [
    [
      1781014676,
      321.77
    ],
    [
      1781015578,
      320.63
    ],
    [
      1781016479,
      319.14
    ],
    [
      1781017469,
      317.71
    ],
    [
      1781018419,
      317.53
    ],
    [
      1781019321,
      313.5
    ],
    [
      1781020222,
      313.23
    ],
    [
      1781021124,
      311.81
    ]
  ],
  "_alerts_sent": {}
}