{
  "bitcoin": [
    [
      1781961991,
      63285
    ],
    [
      1781962893,
      63388
    ],
    [
      1781963794,
      63323
    ],
    [
      1781964695,
      63187
    ],
    [
      1781965596,
      63286
    ],
    [
      1781966498,
      63346
    ],
    [
      1781967399,
      63877
    ],
    [
      1781968300,
      63828
    ]
  ],
  "ethereum": [
    [
      1781961991,
      1713.98
    ],
    [
      1781962893,
      1716.83
    ],
    [
      1781963794,
      1715.67
    ],
    [
      1781964695,
      1707.96
    ],
    [
      1781965596,
      1711.04
    ],
    [
      1781966498,
      1713.57
    ],
    [
      1781967399,
      1731.9
    ],
    [
      1781968300,
      1731.0
    ]
  ],
  "avalanche-2": [
    [
      1781961991,
      6.13
    ],
    [
      1781962893,
      6.1
    ],
    [
      1781963794,
      6.13
    ],
    [
      1781964695,
      6.07
    ],
    [
      1781965596,
      6.08
    ],
    [
      1781966498,
      6.07
    ],
    [
      1781967399,
      6.11
    ],
    [
      1781968300,
      6.09
    ]
  ],
  "ondo-finance": [
    [
      1781961991,
      0.342717
    ],
    [
      1781962893,
      0.342125
    ],
    [
      1781963794,
      0.343322
    ],
    [
      1781964695,
      0.337843
    ],
    [
      1781965596,
      0.338573
    ],
    [
      1781966498,
      0.339747
    ],
    [
      1781967399,
      0.345252
    ],
    [
      1781968300,
      0.344635
    ]
  ],
  "binancecoin": [
    [
      1781961991,
      583.85
    ],
    [
      1781962893,
      583.48
    ],
    [
      1781963794,
      583.7
    ],
    [
      1781964695,
      582.5
    ],
    [
      1781965596,
      582.78
    ],
    [
      1781966498,
      582.09
    ],
    [
      1781967399,
      585.6
    ],
    [
      1781968300,
      585.38
    ]
  ],
  "ripple": [
    [
      1781961991,
      1.14
    ],
    [
      1781962893,
      1.14
    ],
    [
      1781963794,
      1.14
    ],
    [
      1781964695,
      1.14
    ],
    [
      1781965596,
      1.14
    ],
    [
      1781966498,
      1.14
    ],
    [
      1781967399,
      1.14
    ],
    [
      1781968300,
      1.15
    ]
  ],
  "solana": [
    [
      1781961991,
      71.01
    ],
    [
      1781962893,
      70.97
    ],
    [
      1781963794,
      71.13
    ],
    [
      1781964695,
      70.68
    ],
    [
      1781965596,
      70.67
    ],
    [
      1781966498,
      70.87
    ],
    [
      1781967399,
      71.8
    ],
    [
      1781968300,
      71.7
    ]
  ],
  "dogecoin": [
    [
      1781961991,
      0.083459
    ],
    [
      1781962893,
      0.083325
    ],
    [
      1781963794,
      0.083278
    ],
    [
      1781964695,
      0.082764
    ],
    [
      1781965596,
      0.082796
    ],
    [
      1781966498,
      0.082947
    ],
    [
      1781967399,
      0.083663
    ],
    [
      1781968300,
      0.083557
    ]
  ],
  "cardano": [
    [
      1781961991,
      0.161703
    ],
    [
      1781962893,
      0.161345
    ],
    [
      1781963794,
      0.161372
    ],
    [
      1781964695,
      0.160367
    ],
    [
      1781965596,
      0.160398
    ],
    [
      1781966498,
      0.160661
    ],
    [
      1781967399,
      0.162041
    ],
    [
      1781968300,
      0.161751
    ]
  ],
  "tron": [
    [
      1781961991,
      0.325207
    ],
    [
      1781962893,
      0.325364
    ],
    [
      1781963794,
      0.325831
    ],
    [
      1781964695,
      0.325067
    ],
    [
      1781965596,
      0.324058
    ],
    [
      1781966498,
      0.324849
    ],
    [
      1781967399,
      0.324785
    ],
    [
      1781968300,
      0.324872
    ]
  ],
  "chainlink": [
    [
      1781961991,
      7.89
    ],
    [
      1781962893,
      7.88
    ],
    [
      1781963794,
      7.88
    ],
    [
      1781964695,
      7.85
    ],
    [
      1781965596,
      7.85
    ],
    [
      1781966498,
      7.85
    ],
    [
      1781967399,
      7.93
    ],
    [
      1781968300,
      7.93
    ]
  ],
  "the-open-network": [
    [
      1781961991,
      1.61
    ],
    [
      1781962893,
      1.62
    ],
    [
      1781963794,
      1.62
    ],
    [
      1781964695,
      1.61
    ],
    [
      1781965596,
      1.62
    ],
    [
      1781966498,
      1.62
    ],
    [
      1781967399,
      1.62
    ],
    [
      1781968300,
      1.62
    ]
  ],
  "stellar": [
    [
      1781961991,
      0.213414
    ],
    [
      1781962893,
      0.21301
    ],
    [
      1781963794,
      0.213251
    ],
    [
      1781964695,
      0.211313
    ],
    [
      1781965596,
      0.212211
    ],
    [
      1781966498,
      0.212352
    ],
    [
      1781967399,
      0.21478
    ],
    [
      1781968300,
      0.214999
    ]
  ],
  "hedera-hashgraph": [
    [
      1781961991,
      0.079783
    ],
    [
      1781962893,
      0.079753
    ],
    [
      1781963794,
      0.079803
    ],
    [
      1781964695,
      0.079533
    ],
    [
      1781965596,
      0.079497
    ],
    [
      1781966498,
      0.079488
    ],
    [
      1781967399,
      0.080164
    ],
    [
      1781968300,
      0.080116
    ]
  ],
  "sui": [
    [
      1781961991,
      0.710224
    ],
    [
      1781962893,
      0.710841
    ],
    [
      1781963794,
      0.710696
    ],
    [
      1781964695,
      0.70341
    ],
    [
      1781965596,
      0.702579
    ],
    [
      1781966498,
      0.704114
    ],
    [
      1781967399,
      0.710827
    ],
    [
      1781968300,
      0.709178
    ]
  ],
  "bitcoin-cash": [
    [
      1781961991,
      197.42
    ],
    [
      1781962893,
      197.4
    ],
    [
      1781963794,
      197.38
    ],
    [
      1781964695,
      196.27
    ],
    [
      1781965596,
      196.33
    ],
    [
      1781966498,
      196.89
    ],
    [
      1781967399,
      198.73
    ],
    [
      1781968300,
      198.65
    ]
  ],
  "litecoin": [
    [
      1781961991,
      44.1
    ],
    [
      1781962893,
      44.04
    ],
    [
      1781963794,
      44.09
    ],
    [
      1781964695,
      43.87
    ],
    [
      1781965596,
      43.86
    ],
    [
      1781966498,
      43.86
    ],
    [
      1781967399,
      44.13
    ],
    [
      1781968300,
      44.13
    ]
  ],
  "polkadot": [
    [
      1781961991,
      0.960122
    ],
    [
      1781962893,
      0.957986
    ],
    [
      1781963794,
      0.957951
    ],
    [
      1781964695,
      0.95041
    ],
    [
      1781965596,
      0.950572
    ],
    [
      1781966498,
      0.951919
    ],
    [
      1781967399,
      0.963566
    ],
    [
      1781968300,
      0.963022
    ]
  ],
  "hyperliquid": [
    [
      1781961991,
      69.89
    ],
    [
      1781962893,
      69.44
    ],
    [
      1781963794,
      69.59
    ],
    [
      1781964695,
      68.88
    ],
    [
      1781965596,
      69.12
    ],
    [
      1781966498,
      69.39
    ],
    [
      1781967399,
      70.76
    ],
    [
      1781968300,
      70.83
    ]
  ],
  "monero": [
    [
      1781961991,
      312.85
    ],
    [
      1781962893,
      313.56
    ],
    [
      1781963794,
      314.76
    ],
    [
      1781964695,
      314.81
    ],
    [
      1781965596,
      314.69
    ],
    [
      1781966498,
      314.98
    ],
    [
      1781967399,
      316.57
    ],
    [
      1781968300,
      316.04
    ]
  ],
  "_alerts_sent": {}
}