{
  "bitcoin": [
    [
      1782767680,
      60311
    ],
    [
      1782768582,
      60258.7
    ],
    [
      1782769483,
      60369.1
    ],
    [
      1782770384,
      60399.5
    ],
    [
      1782771286,
      60342
    ],
    [
      1782772187,
      60354.7
    ],
    [
      1782773088,
      60298.5
    ],
    [
      1782773990,
      60260.6
    ]
  ],
  "ethereum": [
    [
      1782767680,
      1616.88
    ],
    [
      1782768582,
      1613.37
    ],
    [
      1782769483,
      1618.47
    ],
    [
      1782770384,
      1617.48
    ],
    [
      1782771286,
      1616.52
    ],
    [
      1782772187,
      1615.42
    ],
    [
      1782773088,
      1612.96
    ],
    [
      1782773990,
      1610.6
    ]
  ],
  "avalanche-2": [
    [
      1782767680,
      6.67
    ],
    [
      1782768582,
      6.685
    ],
    [
      1782769483,
      6.699
    ],
    [
      1782770384,
      6.69
    ],
    [
      1782771286,
      6.69
    ],
    [
      1782772187,
      6.688
    ],
    [
      1782773088,
      6.7
    ],
    [
      1782773990,
      6.69
    ]
  ],
  "ondo-finance": [
    [
      1782767680,
      0.316697
    ],
    [
      1782768582,
      0.31859
    ],
    [
      1782769483,
      0.31895
    ],
    [
      1782770384,
      0.31799
    ],
    [
      1782771286,
      0.317006
    ],
    [
      1782772187,
      0.31678
    ],
    [
      1782773088,
      0.31665
    ],
    [
      1782773990,
      0.31685
    ]
  ],
  "binancecoin": [
    [
      1782767680,
      559.66
    ],
    [
      1782771286,
      560.51
    ]
  ],
  "ripple": [
    [
      1782767680,
      1.06
    ],
    [
      1782771286,
      1.061
    ]
  ],
  "solana": [
    [
      1782767680,
      75.37
    ],
    [
      1782771286,
      75.45
    ]
  ],
  "dogecoin": [
    [
      1782767680,
      0.073656
    ],
    [
      1782771286,
      0.073755
    ]
  ],
  "cardano": [
    [
      1782767680,
      0.14672
    ],
    [
      1782771286,
      0.146862
    ]
  ],
  "tron": [
    [
      1782767680,
      0.321007
    ],
    [
      1782771286,
      0.321274
    ]
  ],
  "chainlink": [
    [
      1782767680,
      7.43
    ],
    [
      1782771286,
      7.44
    ]
  ],
  "the-open-network": [
    [
      1782767680,
      1.61
    ],
    [
      1782771286,
      1.61
    ]
  ],
  "stellar": [
    [
      1782767680,
      0.175666
    ],
    [
      1782771286,
      0.17579
    ]
  ],
  "hedera-hashgraph": [
    [
      1782767680,
      0.071612
    ],
    [
      1782771286,
      0.07185
    ]
  ],
  "sui": [
    [
      1782767680,
      0.702104
    ],
    [
      1782771286,
      0.703124
    ]
  ],
  "bitcoin-cash": [
    [
      1782767680,
      201.98
    ],
    [
      1782771286,
      201.55
    ]
  ],
  "litecoin": [
    [
      1782767680,
      43.19
    ],
    [
      1782771286,
      43.22
    ]
  ],
  "polkadot": [
    [
      1782767680,
      0.823987
    ],
    [
      1782771286,
      0.828226
    ]
  ],
  "hyperliquid": [
    [
      1782767680,
      66.55
    ],
    [
      1782771286,
      67.21
    ]
  ],
  "monero": [
    [
      1782767680,
      314.3
    ],
    [
      1782771286,
      314.75
    ]
  ],
  "_alerts_sent": {}
}