{
  "bitcoin": [
    [
      1783684944,
      64376
    ],
    [
      1783685845,
      64382
    ],
    [
      1783686747,
      64445
    ],
    [
      1783687651,
      64325
    ],
    [
      1783688552,
      64258
    ],
    [
      1783689454,
      64179
    ],
    [
      1783690355,
      64167
    ],
    [
      1783691257,
      64414
    ]
  ],
  "ethereum": [
    [
      1783684944,
      1799.98
    ],
    [
      1783685845,
      1801.45
    ],
    [
      1783686747,
      1799.22
    ],
    [
      1783687651,
      1793.76
    ],
    [
      1783688552,
      1793.13
    ],
    [
      1783689454,
      1793.47
    ],
    [
      1783690355,
      1796.13
    ],
    [
      1783691257,
      1801.61
    ]
  ],
  "avalanche-2": [
    [
      1783684944,
      6.74
    ],
    [
      1783685845,
      6.74
    ],
    [
      1783686747,
      6.74
    ],
    [
      1783687651,
      6.74
    ],
    [
      1783688552,
      6.73
    ],
    [
      1783689454,
      6.73
    ],
    [
      1783690355,
      6.72
    ],
    [
      1783691257,
      6.73
    ]
  ],
  "ondo-finance": [
    [
      1783684944,
      0.326669
    ],
    [
      1783685845,
      0.328303
    ],
    [
      1783686747,
      0.328552
    ],
    [
      1783687651,
      0.32796
    ],
    [
      1783688552,
      0.328119
    ],
    [
      1783689454,
      0.327266
    ],
    [
      1783690355,
      0.327096
    ],
    [
      1783691257,
      0.32825
    ]
  ],
  "binancecoin": [
    [
      1783684944,
      575.31
    ],
    [
      1783685845,
      575.56
    ],
    [
      1783686747,
      575.22
    ],
    [
      1783687651,
      574.06
    ],
    [
      1783688552,
      573.2
    ],
    [
      1783689454,
      573.49
    ],
    [
      1783690355,
      573.09
    ],
    [
      1783691257,
      574.7
    ]
  ],
  "ripple": [
    [
      1783684944,
      1.11
    ],
    [
      1783685845,
      1.11
    ],
    [
      1783686747,
      1.11
    ],
    [
      1783687651,
      1.11
    ],
    [
      1783688552,
      1.11
    ],
    [
      1783689454,
      1.11
    ],
    [
      1783690355,
      1.11
    ],
    [
      1783691257,
      1.11
    ]
  ],
  "solana": [
    [
      1783684944,
      79.28
    ],
    [
      1783685845,
      79.31
    ],
    [
      1783686747,
      79.27
    ],
    [
      1783687651,
      78.99
    ],
    [
      1783688552,
      78.89
    ],
    [
      1783689454,
      78.83
    ],
    [
      1783690355,
      78.84
    ],
    [
      1783691257,
      78.93
    ]
  ],
  "dogecoin": [
    [
      1783684944,
      0.074272
    ],
    [
      1783685845,
      0.07428
    ],
    [
      1783686747,
      0.074244
    ],
    [
      1783687651,
      0.074038
    ],
    [
      1783688552,
      0.073955
    ],
    [
      1783689454,
      0.073953
    ],
    [
      1783690355,
      0.073969
    ],
    [
      1783691257,
      0.074176
    ]
  ],
  "cardano": [
    [
      1783684944,
      0.167771
    ],
    [
      1783685845,
      0.167764
    ],
    [
      1783686747,
      0.167621
    ],
    [
      1783687651,
      0.16725
    ],
    [
      1783688552,
      0.167558
    ],
    [
      1783689454,
      0.167394
    ],
    [
      1783690355,
      0.167594
    ],
    [
      1783691257,
      0.168094
    ]
  ],
  "tron": [
    [
      1783684944,
      0.329316
    ],
    [
      1783685845,
      0.32943
    ],
    [
      1783686747,
      0.32964
    ],
    [
      1783687651,
      0.32989
    ],
    [
      1783688552,
      0.330172
    ],
    [
      1783689454,
      0.330128
    ],
    [
      1783690355,
      0.330183
    ],
    [
      1783691257,
      0.330682
    ]
  ],
  "chainlink": [
    [
      1783684944,
      7.98
    ],
    [
      1783685845,
      7.99
    ],
    [
      1783686747,
      7.98
    ],
    [
      1783687651,
      7.96
    ],
    [
      1783688552,
      7.95
    ],
    [
      1783689454,
      7.95
    ],
    [
      1783690355,
      7.95
    ],
    [
      1783691257,
      7.97
    ]
  ],
  "the-open-network": [
    [
      1783684944,
      1.65
    ],
    [
      1783685845,
      1.66
    ],
    [
      1783686747,
      1.65
    ],
    [
      1783687651,
      1.65
    ],
    [
      1783688552,
      1.65
    ],
    [
      1783689454,
      1.65
    ],
    [
      1783690355,
      1.65
    ],
    [
      1783691257,
      1.66
    ]
  ],
  "stellar": [
    [
      1783684944,
      0.192953
    ],
    [
      1783685845,
      0.193168
    ],
    [
      1783686747,
      0.192355
    ],
    [
      1783687651,
      0.191516
    ],
    [
      1783688552,
      0.190811
    ],
    [
      1783689454,
      0.189779
    ],
    [
      1783690355,
      0.189746
    ],
    [
      1783691257,
      0.19059
    ]
  ],
  "hedera-hashgraph": [
    [
      1783684944,
      0.071112
    ],
    [
      1783685845,
      0.07116
    ],
    [
      1783686747,
      0.071142
    ],
    [
      1783687651,
      0.070905
    ],
    [
      1783688552,
      0.07072
    ],
    [
      1783689454,
      0.070672
    ],
    [
      1783690355,
      0.070641
    ],
    [
      1783691257,
      0.070709
    ]
  ],
  "sui": [
    [
      1783684944,
      0.737096
    ],
    [
      1783685845,
      0.736187
    ],
    [
      1783686747,
      0.739694
    ],
    [
      1783687651,
      0.738693
    ],
    [
      1783688552,
      0.737104
    ],
    [
      1783689454,
      0.737745
    ],
    [
      1783690355,
      0.73827
    ],
    [
      1783691257,
      0.744654
    ]
  ],
  "bitcoin-cash": [
    [
      1783684944,
      247.88
    ],
    [
      1783685845,
      249.05
    ],
    [
      1783686747,
      249.35
    ],
    [
      1783687651,
      248.84
    ],
    [
      1783688552,
      249.2
    ],
    [
      1783689454,
      249.75
    ],
    [
      1783690355,
      250.18
    ],
    [
      1783691257,
      253.57
    ]
  ],
  "litecoin": [
    [
      1783684944,
      44.54
    ],
    [
      1783685845,
      44.58
    ],
    [
      1783686747,
      44.59
    ],
    [
      1783687651,
      44.51
    ],
    [
      1783688552,
      44.51
    ],
    [
      1783689454,
      44.48
    ],
    [
      1783690355,
      44.49
    ],
    [
      1783691257,
      44.58
    ]
  ],
  "polkadot": [
    [
      1783684944,
      0.881534
    ],
    [
      1783685845,
      0.882244
    ],
    [
      1783686747,
      0.886267
    ],
    [
      1783687651,
      0.880844
    ],
    [
      1783688552,
      0.876998
    ],
    [
      1783689454,
      0.878242
    ],
    [
      1783690355,
      0.881572
    ],
    [
      1783691257,
      0.881801
    ]
  ],
  "hyperliquid": [
    [
      1783684944,
      68.82
    ],
    [
      1783685845,
      68.51
    ],
    [
      1783686747,
      68.63
    ],
    [
      1783687651,
      68.43
    ],
    [
      1783688552,
      68.38
    ],
    [
      1783689454,
      68.33
    ],
    [
      1783690355,
      68.52
    ],
    [
      1783691257,
      68.76
    ]
  ],
  "monero": [
    [
      1783684944,
      319.75
    ],
    [
      1783685845,
      319.42
    ],
    [
      1783686747,
      319.89
    ],
    [
      1783687651,
      319.64
    ],
    [
      1783688552,
      318.79
    ],
    [
      1783689454,
      319.08
    ],
    [
      1783690355,
      320.78
    ],
    [
      1783691257,
      321.02
    ]
  ],
  "_alerts_sent": {}
}