{
  "bitcoin": [
    [
      1781494017,
      65662
    ],
    [
      1781494918,
      65726
    ],
    [
      1781495820,
      65896
    ],
    [
      1781496721,
      65718
    ],
    [
      1781497622,
      65690
    ],
    [
      1781498524,
      65634
    ],
    [
      1781499425,
      65611
    ],
    [
      1781500326,
      65639
    ]
  ],
  "ethereum": [
    [
      1781494017,
      1719.84
    ],
    [
      1781494918,
      1720.28
    ],
    [
      1781495820,
      1720.53
    ],
    [
      1781496721,
      1718.67
    ],
    [
      1781497622,
      1717.53
    ],
    [
      1781498524,
      1716.17
    ],
    [
      1781499425,
      1717.21
    ],
    [
      1781500326,
      1716.77
    ]
  ],
  "avalanche-2": [
    [
      1781494017,
      6.75
    ],
    [
      1781494918,
      6.75
    ],
    [
      1781495820,
      6.76
    ],
    [
      1781496721,
      6.75
    ],
    [
      1781497622,
      6.77
    ],
    [
      1781498524,
      6.75
    ],
    [
      1781499425,
      6.75
    ],
    [
      1781500326,
      6.75
    ]
  ],
  "ondo-finance": [
    [
      1781494017,
      0.376808
    ],
    [
      1781494918,
      0.379699
    ],
    [
      1781495820,
      0.380558
    ],
    [
      1781496721,
      0.377421
    ],
    [
      1781497622,
      0.380546
    ],
    [
      1781498524,
      0.377755
    ],
    [
      1781499425,
      0.378702
    ],
    [
      1781500326,
      0.379917
    ]
  ],
  "binancecoin": [
    [
      1781494017,
      616.45
    ],
    [
      1781494918,
      616.21
    ],
    [
      1781495820,
      617.62
    ],
    [
      1781496721,
      617.02
    ],
    [
      1781497622,
      616.67
    ],
    [
      1781498524,
      615.99
    ],
    [
      1781499425,
      616.28
    ],
    [
      1781500326,
      616.94
    ]
  ],
  "ripple": [
    [
      1781494017,
      1.19
    ],
    [
      1781494918,
      1.19
    ],
    [
      1781495820,
      1.19
    ],
    [
      1781496721,
      1.19
    ],
    [
      1781497622,
      1.19
    ],
    [
      1781498524,
      1.18
    ],
    [
      1781499425,
      1.18
    ],
    [
      1781500326,
      1.18
    ]
  ],
  "solana": [
    [
      1781494017,
      71.13
    ],
    [
      1781494918,
      71.12
    ],
    [
      1781495820,
      71.24
    ],
    [
      1781496721,
      71.11
    ],
    [
      1781497622,
      71.17
    ],
    [
      1781498524,
      70.96
    ],
    [
      1781499425,
      70.91
    ],
    [
      1781500326,
      70.86
    ]
  ],
  "dogecoin": [
    [
      1781494017,
      0.088938
    ],
    [
      1781494918,
      0.088881
    ],
    [
      1781495820,
      0.088948
    ],
    [
      1781496721,
      0.0888
    ],
    [
      1781497622,
      0.088908
    ],
    [
      1781498524,
      0.088625
    ],
    [
      1781499425,
      0.088633
    ],
    [
      1781500326,
      0.088484
    ]
  ],
  "cardano": [
    [
      1781494017,
      0.180689
    ],
    [
      1781494918,
      0.180741
    ],
    [
      1781495820,
      0.181323
    ],
    [
      1781496721,
      0.180717
    ],
    [
      1781497622,
      0.181441
    ],
    [
      1781498524,
      0.180078
    ],
    [
      1781499425,
      0.179778
    ],
    [
      1781500326,
      0.179825
    ]
  ],
  "tron": [
    [
      1781494017,
      0.320803
    ],
    [
      1781494918,
      0.320858
    ],
    [
      1781495820,
      0.320991
    ],
    [
      1781496721,
      0.3208
    ],
    [
      1781497622,
      0.320779
    ],
    [
      1781498524,
      0.320785
    ],
    [
      1781499425,
      0.320742
    ],
    [
      1781500326,
      0.320716
    ]
  ],
  "chainlink": [
    [
      1781494017,
      8.18
    ],
    [
      1781494918,
      8.18
    ],
    [
      1781495820,
      8.19
    ],
    [
      1781496721,
      8.18
    ],
    [
      1781497622,
      8.19
    ],
    [
      1781498524,
      8.16
    ],
    [
      1781499425,
      8.16
    ],
    [
      1781500326,
      8.16
    ]
  ],
  "the-open-network": [
    [
      1781494017,
      1.77
    ],
    [
      1781494918,
      1.77
    ],
    [
      1781495820,
      1.78
    ],
    [
      1781496721,
      1.79
    ],
    [
      1781497622,
      1.78
    ],
    [
      1781498524,
      1.79
    ],
    [
      1781499425,
      1.79
    ],
    [
      1781500326,
      1.78
    ]
  ],
  "stellar": [
    [
      1781494017,
      0.188627
    ],
    [
      1781494918,
      0.189227
    ],
    [
      1781495820,
      0.189821
    ],
    [
      1781496721,
      0.189903
    ],
    [
      1781497622,
      0.189955
    ],
    [
      1781498524,
      0.188219
    ],
    [
      1781499425,
      0.187858
    ],
    [
      1781500326,
      0.188156
    ]
  ],
  "hedera-hashgraph": [
    [
      1781494017,
      0.080976
    ],
    [
      1781494918,
      0.080847
    ],
    [
      1781495820,
      0.081217
    ],
    [
      1781496721,
      0.080985
    ],
    [
      1781497622,
      0.081088
    ],
    [
      1781498524,
      0.08092
    ],
    [
      1781499425,
      0.081072
    ],
    [
      1781500326,
      0.081
    ]
  ],
  "sui": [
    [
      1781494017,
      0.795715
    ],
    [
      1781494918,
      0.796687
    ],
    [
      1781495820,
      0.799688
    ],
    [
      1781496721,
      0.798465
    ],
    [
      1781497622,
      0.798774
    ],
    [
      1781498524,
      0.795722
    ],
    [
      1781499425,
      0.795308
    ],
    [
      1781500326,
      0.796439
    ]
  ],
  "bitcoin-cash": [
    [
      1781494017,
      211.69
    ],
    [
      1781494918,
      211.52
    ],
    [
      1781495820,
      211.59
    ],
    [
      1781496721,
      211.32
    ],
    [
      1781497622,
      211.19
    ],
    [
      1781498524,
      210.51
    ],
    [
      1781499425,
      210.4
    ],
    [
      1781500326,
      210.5
    ]
  ],
  "litecoin": [
    [
      1781494017,
      45.28
    ],
    [
      1781494918,
      45.28
    ],
    [
      1781495820,
      45.3
    ],
    [
      1781496721,
      45.23
    ],
    [
      1781497622,
      45.25
    ],
    [
      1781498524,
      45.14
    ],
    [
      1781499425,
      45.14
    ],
    [
      1781500326,
      45.14
    ]
  ],
  "polkadot": [
    [
      1781494017,
      0.999186
    ],
    [
      1781494918,
      0.999677
    ],
    [
      1781495820,
      1.001
    ],
    [
      1781496721,
      1.0
    ],
    [
      1781497622,
      1.002
    ],
    [
      1781498524,
      0.998822
    ],
    [
      1781499425,
      1.001
    ],
    [
      1781500326,
      0.999774
    ]
  ],
  "hyperliquid": [
    [
      1781494017,
      64.71
    ],
    [
      1781494918,
      64.88
    ],
    [
      1781495820,
      65.0
    ],
    [
      1781496721,
      65.64
    ],
    [
      1781497622,
      65.25
    ],
    [
      1781498524,
      64.87
    ],
    [
      1781499425,
      65.02
    ],
    [
      1781500326,
      64.91
    ]
  ],
  "monero": [
    [
      1781494017,
      339.7
    ],
    [
      1781494918,
      340.48
    ],
    [
      1781495820,
      338.74
    ],
    [
      1781496721,
      338.69
    ],
    [
      1781497622,
      338.12
    ],
    [
      1781498524,
      335.29
    ],
    [
      1781499425,
      335.74
    ],
    [
      1781500326,
      335.79
    ]
  ],
  "_alerts_sent": {}
}