{
  "bitcoin": [
    [
      1782023363,
      64192
    ],
    [
      1782024264,
      64241
    ],
    [
      1782025165,
      64223
    ],
    [
      1782026067,
      64188
    ],
    [
      1782026968,
      64131
    ],
    [
      1782027869,
      64147
    ],
    [
      1782028770,
      64118
    ],
    [
      1782029671,
      64078
    ]
  ],
  "ethereum": [
    [
      1782023363,
      1733.78
    ],
    [
      1782024264,
      1735.87
    ],
    [
      1782025165,
      1734.86
    ],
    [
      1782026067,
      1733.36
    ],
    [
      1782026968,
      1731.37
    ],
    [
      1782027869,
      1732.03
    ],
    [
      1782028770,
      1730.47
    ],
    [
      1782029671,
      1729.38
    ]
  ],
  "avalanche-2": [
    [
      1782023363,
      6.21
    ],
    [
      1782024264,
      6.22
    ],
    [
      1782025165,
      6.23
    ],
    [
      1782026067,
      6.23
    ],
    [
      1782026968,
      6.22
    ],
    [
      1782027869,
      6.28
    ],
    [
      1782028770,
      6.28
    ],
    [
      1782029671,
      6.3
    ]
  ],
  "ondo-finance": [
    [
      1782023363,
      0.336659
    ],
    [
      1782024264,
      0.338064
    ],
    [
      1782025165,
      0.338095
    ],
    [
      1782026067,
      0.337736
    ],
    [
      1782026968,
      0.337334
    ],
    [
      1782027869,
      0.339297
    ],
    [
      1782028770,
      0.338391
    ],
    [
      1782029671,
      0.338116
    ]
  ],
  "binancecoin": [
    [
      1782023363,
      589.55
    ],
    [
      1782024264,
      590.67
    ],
    [
      1782025165,
      589.47
    ],
    [
      1782026067,
      589.69
    ],
    [
      1782026968,
      589.16
    ],
    [
      1782027869,
      590.78
    ],
    [
      1782028770,
      590.24
    ],
    [
      1782029671,
      589.94
    ]
  ],
  "ripple": [
    [
      1782023363,
      1.14
    ],
    [
      1782024264,
      1.15
    ],
    [
      1782025165,
      1.15
    ],
    [
      1782026067,
      1.15
    ],
    [
      1782026968,
      1.15
    ],
    [
      1782027869,
      1.15
    ],
    [
      1782028770,
      1.15
    ],
    [
      1782029671,
      1.15
    ]
  ],
  "solana": [
    [
      1782023363,
      73.11
    ],
    [
      1782024264,
      73.24
    ],
    [
      1782025165,
      73.19
    ],
    [
      1782026067,
      73.24
    ],
    [
      1782026968,
      73.2
    ],
    [
      1782027869,
      73.24
    ],
    [
      1782028770,
      73.09
    ],
    [
      1782029671,
      73.07
    ]
  ],
  "dogecoin": [
    [
      1782023363,
      0.083224
    ],
    [
      1782024264,
      0.083339
    ],
    [
      1782025165,
      0.083331
    ],
    [
      1782026067,
      0.083304
    ],
    [
      1782026968,
      0.083251
    ],
    [
      1782027869,
      0.083443
    ],
    [
      1782028770,
      0.083395
    ],
    [
      1782029671,
      0.08335
    ]
  ],
  "cardano": [
    [
      1782023363,
      0.160622
    ],
    [
      1782024264,
      0.161042
    ],
    [
      1782025165,
      0.161208
    ],
    [
      1782026067,
      0.161032
    ],
    [
      1782026968,
      0.160805
    ],
    [
      1782027869,
      0.161738
    ],
    [
      1782028770,
      0.161419
    ],
    [
      1782029671,
      0.161307
    ]
  ],
  "tron": [
    [
      1782023363,
      0.325921
    ],
    [
      1782024264,
      0.325872
    ],
    [
      1782025165,
      0.325723
    ],
    [
      1782026067,
      0.325862
    ],
    [
      1782026968,
      0.326667
    ],
    [
      1782027869,
      0.326847
    ],
    [
      1782028770,
      0.327026
    ],
    [
      1782029671,
      0.326882
    ]
  ],
  "chainlink": [
    [
      1782023363,
      7.92
    ],
    [
      1782024264,
      7.94
    ],
    [
      1782025165,
      7.93
    ],
    [
      1782026067,
      7.93
    ],
    [
      1782026968,
      7.93
    ],
    [
      1782027869,
      7.95
    ],
    [
      1782028770,
      7.94
    ],
    [
      1782029671,
      7.94
    ]
  ],
  "the-open-network": [
    [
      1782023363,
      1.65
    ],
    [
      1782024264,
      1.66
    ],
    [
      1782025165,
      1.66
    ],
    [
      1782026067,
      1.66
    ],
    [
      1782026968,
      1.67
    ],
    [
      1782027869,
      1.68
    ],
    [
      1782028770,
      1.68
    ],
    [
      1782029671,
      1.68
    ]
  ],
  "stellar": [
    [
      1782023363,
      0.212998
    ],
    [
      1782024264,
      0.213224
    ],
    [
      1782025165,
      0.213098
    ],
    [
      1782026067,
      0.212993
    ],
    [
      1782026968,
      0.212573
    ],
    [
      1782027869,
      0.213388
    ],
    [
      1782028770,
      0.213328
    ],
    [
      1782029671,
      0.213312
    ]
  ],
  "hedera-hashgraph": [
    [
      1782023363,
      0.079949
    ],
    [
      1782024264,
      0.080045
    ],
    [
      1782025165,
      0.079995
    ],
    [
      1782026067,
      0.079947
    ],
    [
      1782026968,
      0.07993
    ],
    [
      1782027869,
      0.080129
    ],
    [
      1782028770,
      0.080073
    ],
    [
      1782029671,
      0.080129
    ]
  ],
  "sui": [
    [
      1782023363,
      0.70715
    ],
    [
      1782024264,
      0.708832
    ],
    [
      1782025165,
      0.708591
    ],
    [
      1782026067,
      0.708205
    ],
    [
      1782026968,
      0.707062
    ],
    [
      1782027869,
      0.711143
    ],
    [
      1782028770,
      0.70933
    ],
    [
      1782029671,
      0.709524
    ]
  ],
  "bitcoin-cash": [
    [
      1782023363,
      198.61
    ],
    [
      1782024264,
      198.93
    ],
    [
      1782025165,
      198.95
    ],
    [
      1782026067,
      198.86
    ],
    [
      1782026968,
      198.74
    ],
    [
      1782027869,
      199.0
    ],
    [
      1782028770,
      198.65
    ],
    [
      1782029671,
      198.56
    ]
  ],
  "litecoin": [
    [
      1782023363,
      44.52
    ],
    [
      1782024264,
      44.7
    ],
    [
      1782025165,
      44.72
    ],
    [
      1782026067,
      44.66
    ],
    [
      1782026968,
      44.71
    ],
    [
      1782027869,
      44.79
    ],
    [
      1782028770,
      44.77
    ],
    [
      1782029671,
      44.81
    ]
  ],
  "polkadot": [
    [
      1782023363,
      0.964711
    ],
    [
      1782024264,
      0.96688
    ],
    [
      1782025165,
      0.96658
    ],
    [
      1782026067,
      0.966351
    ],
    [
      1782026968,
      0.964582
    ],
    [
      1782027869,
      0.968079
    ],
    [
      1782028770,
      0.966321
    ],
    [
      1782029671,
      0.966505
    ]
  ],
  "hyperliquid": [
    [
      1782023363,
      69.06
    ],
    [
      1782024264,
      69.26
    ],
    [
      1782025165,
      69.16
    ],
    [
      1782026067,
      69.39
    ],
    [
      1782026968,
      69.17
    ],
    [
      1782027869,
      69.02
    ],
    [
      1782028770,
      68.46
    ],
    [
      1782029671,
      67.94
    ]
  ],
  "monero": [
    [
      1782023363,
      321.26
    ],
    [
      1782024264,
      320.94
    ],
    [
      1782025165,
      320.03
    ],
    [
      1782026067,
      320.44
    ],
    [
      1782026968,
      320.44
    ],
    [
      1782027869,
      320.75
    ],
    [
      1782028770,
      322.45
    ],
    [
      1782029671,
      322.51
    ]
  ],
  "_alerts_sent": {}
}