{
  "bitcoin": [
    [
      1780686358,
      59347
    ],
    [
      1780687259,
      59210
    ],
    [
      1780688161,
      59671
    ],
    [
      1780689062,
      60197
    ],
    [
      1780689963,
      59999
    ],
    [
      1780690865,
      60932
    ],
    [
      1780691766,
      61032
    ],
    [
      1780692669,
      61408
    ]
  ],
  "ethereum": [
    [
      1780686358,
      1550.2
    ],
    [
      1780687259,
      1545.32
    ],
    [
      1780688161,
      1550.15
    ],
    [
      1780689062,
      1573.14
    ],
    [
      1780689963,
      1558.43
    ],
    [
      1780690865,
      1592.49
    ],
    [
      1780691766,
      1593.51
    ],
    [
      1780692669,
      1601.37
    ]
  ],
  "avalanche-2": [
    [
      1780686358,
      6.74
    ],
    [
      1780687259,
      6.63
    ],
    [
      1780688161,
      6.63
    ],
    [
      1780689062,
      6.71
    ],
    [
      1780689963,
      6.67
    ],
    [
      1780690865,
      6.88
    ],
    [
      1780691766,
      6.87
    ],
    [
      1780692669,
      6.87
    ]
  ],
  "ondo-finance": [
    [
      1780686358,
      0.324259
    ],
    [
      1780687259,
      0.323317
    ],
    [
      1780688161,
      0.326838
    ],
    [
      1780689062,
      0.330044
    ],
    [
      1780689963,
      0.328613
    ],
    [
      1780690865,
      0.334778
    ],
    [
      1780691766,
      0.335298
    ],
    [
      1780692669,
      0.337187
    ]
  ],
  "binancecoin": [
    [
      1780686358,
      559.54
    ],
    [
      1780687259,
      558.91
    ],
    [
      1780688161,
      561.57
    ],
    [
      1780689062,
      566.96
    ],
    [
      1780689963,
      564.55
    ],
    [
      1780690865,
      572.43
    ],
    [
      1780691766,
      573.1
    ],
    [
      1780692669,
      575.77
    ]
  ],
  "ripple": [
    [
      1780686358,
      1.081
    ],
    [
      1780687259,
      1.072
    ],
    [
      1780688161,
      1.082
    ],
    [
      1780689062,
      1.092
    ],
    [
      1780689963,
      1.093
    ],
    [
      1780690865,
      1.11
    ],
    [
      1780691766,
      1.11
    ],
    [
      1780692669,
      1.11
    ]
  ],
  "solana": [
    [
      1780686358,
      62.67
    ],
    [
      1780687259,
      61.73
    ],
    [
      1780688161,
      62.17
    ],
    [
      1780689062,
      63.1
    ],
    [
      1780689963,
      63.16
    ],
    [
      1780690865,
      64.0
    ],
    [
      1780691766,
      64.19
    ],
    [
      1780692669,
      64.43
    ]
  ],
  "dogecoin": [
    [
      1780686358,
      0.079757
    ],
    [
      1780687259,
      0.079325
    ],
    [
      1780688161,
      0.079902
    ],
    [
      1780689062,
      0.080814
    ],
    [
      1780689963,
      0.080712
    ],
    [
      1780690865,
      0.081546
    ],
    [
      1780691766,
      0.081859
    ],
    [
      1780692669,
      0.082237
    ]
  ],
  "cardano": [
    [
      1780686358,
      0.157118
    ],
    [
      1780687259,
      0.155907
    ],
    [
      1780688161,
      0.158403
    ],
    [
      1780689062,
      0.160329
    ],
    [
      1780689963,
      0.159715
    ],
    [
      1780690865,
      0.160767
    ],
    [
      1780691766,
      0.16163
    ],
    [
      1780692669,
      0.162683
    ]
  ],
  "tron": [
    [
      1780686358,
      0.320054
    ],
    [
      1780687259,
      0.319782
    ],
    [
      1780688161,
      0.319688
    ],
    [
      1780689062,
      0.320839
    ],
    [
      1780689963,
      0.321216
    ],
    [
      1780690865,
      0.321737
    ],
    [
      1780691766,
      0.322242
    ],
    [
      1780692669,
      0.322427
    ]
  ],
  "chainlink": [
    [
      1780686358,
      7.19
    ],
    [
      1780687259,
      7.14
    ],
    [
      1780688161,
      7.2
    ],
    [
      1780689062,
      7.27
    ],
    [
      1780689963,
      7.27
    ],
    [
      1780690865,
      7.37
    ],
    [
      1780691766,
      7.39
    ],
    [
      1780692669,
      7.43
    ]
  ],
  "the-open-network": [
    [
      1780686358,
      1.47
    ],
    [
      1780687259,
      1.46
    ],
    [
      1780688161,
      1.46
    ],
    [
      1780689062,
      1.5
    ],
    [
      1780689963,
      1.49
    ],
    [
      1780690865,
      1.51
    ],
    [
      1780691766,
      1.52
    ],
    [
      1780692669,
      1.53
    ]
  ],
  "stellar": [
    [
      1780686358,
      0.190269
    ],
    [
      1780687259,
      0.188274
    ],
    [
      1780688161,
      0.189773
    ],
    [
      1780689062,
      0.192291
    ],
    [
      1780689963,
      0.191518
    ],
    [
      1780690865,
      0.195533
    ],
    [
      1780691766,
      0.196926
    ],
    [
      1780692669,
      0.199142
    ]
  ],
  "hedera-hashgraph": [
    [
      1780686358,
      0.078181
    ],
    [
      1780687259,
      0.077701
    ],
    [
      1780688161,
      0.078352
    ],
    [
      1780689062,
      0.079165
    ],
    [
      1780689963,
      0.079056
    ],
    [
      1780690865,
      0.079986
    ],
    [
      1780691766,
      0.080035
    ],
    [
      1780692669,
      0.08047
    ]
  ],
  "sui": [
    [
      1780686358,
      0.681705
    ],
    [
      1780687259,
      0.675063
    ],
    [
      1780688161,
      0.682964
    ],
    [
      1780689062,
      0.692638
    ],
    [
      1780689963,
      0.692698
    ],
    [
      1780690865,
      0.702078
    ],
    [
      1780691766,
      0.703769
    ],
    [
      1780692669,
      0.708032
    ]
  ],
  "bitcoin-cash": [
    [
      1780686358,
      212.19
    ],
    [
      1780687259,
      210.42
    ],
    [
      1780688161,
      212.53
    ],
    [
      1780689062,
      214.97
    ],
    [
      1780689963,
      215.89
    ],
    [
      1780690865,
      218.05
    ],
    [
      1780691766,
      218.77
    ],
    [
      1780692669,
      219.24
    ]
  ],
  "litecoin": [
    [
      1780686358,
      42.64
    ],
    [
      1780687259,
      42.24
    ],
    [
      1780688161,
      42.39
    ],
    [
      1780689062,
      42.91
    ],
    [
      1780689963,
      42.81
    ],
    [
      1780690865,
      43.1
    ],
    [
      1780691766,
      43.24
    ],
    [
      1780692669,
      43.48
    ]
  ],
  "polkadot": [
    [
      1780686358,
      0.923609
    ],
    [
      1780687259,
      0.91555
    ],
    [
      1780688161,
      0.924382
    ],
    [
      1780689062,
      0.933113
    ],
    [
      1780689963,
      0.930625
    ],
    [
      1780690865,
      0.939494
    ],
    [
      1780691766,
      0.942977
    ],
    [
      1780692669,
      0.947813
    ]
  ],
  "hyperliquid": [
    [
      1780686358,
      57.67
    ],
    [
      1780687259,
      56.93
    ],
    [
      1780688161,
      57.81
    ],
    [
      1780689062,
      58.31
    ],
    [
      1780689963,
      58.57
    ],
    [
      1780690865,
      59.36
    ],
    [
      1780691766,
      59.18
    ],
    [
      1780692669,
      59.05
    ]
  ],
  "monero": [
    [
      1780686358,
      305.2
    ],
    [
      1780687259,
      303.64
    ],
    [
      1780688161,
      304.32
    ],
    [
      1780689062,
      311.12
    ],
    [
      1780689963,
      310.91
    ],
    [
      1780690865,
      312.72
    ],
    [
      1780691766,
      310.58
    ],
    [
      1780692669,
      314.84
    ]
  ],
  "_alerts_sent": {
    "ondo-finance_2026-06-05 17": true
  }
}