{
  "bitcoin": [
    [
      1783354339,
      63640
    ],
    [
      1783355240,
      63470
    ],
    [
      1783356142,
      63631
    ],
    [
      1783357044,
      63639.2
    ],
    [
      1783357945,
      63742
    ],
    [
      1783358847,
      63878
    ],
    [
      1783359748,
      63694
    ],
    [
      1783360649,
      63523.8
    ]
  ],
  "ethereum": [
    [
      1783354339,
      1797.65
    ],
    [
      1783355240,
      1789.35
    ],
    [
      1783356142,
      1792.31
    ],
    [
      1783357044,
      1790.03
    ],
    [
      1783357945,
      1790.72
    ],
    [
      1783358847,
      1796.68
    ],
    [
      1783359748,
      1789.39
    ],
    [
      1783360649,
      1786.41
    ]
  ],
  "avalanche-2": [
    [
      1783354339,
      6.92
    ],
    [
      1783355240,
      6.94
    ],
    [
      1783356142,
      6.95
    ],
    [
      1783357044,
      6.942
    ],
    [
      1783357945,
      6.94
    ],
    [
      1783358847,
      6.94
    ],
    [
      1783359748,
      6.91
    ],
    [
      1783360649,
      6.907
    ]
  ],
  "ondo-finance": [
    [
      1783354339,
      0.338062
    ],
    [
      1783355240,
      0.336883
    ],
    [
      1783356142,
      0.337874
    ],
    [
      1783357044,
      0.33588
    ],
    [
      1783357945,
      0.336051
    ],
    [
      1783358847,
      0.335898
    ],
    [
      1783359748,
      0.334687
    ],
    [
      1783360649,
      0.33506
    ]
  ],
  "binancecoin": [
    [
      1783354339,
      585.12
    ],
    [
      1783355240,
      583.81
    ],
    [
      1783356142,
      584.33
    ],
    [
      1783357945,
      584.72
    ],
    [
      1783358847,
      585.17
    ],
    [
      1783359748,
      583.39
    ]
  ],
  "ripple": [
    [
      1783354339,
      1.14
    ],
    [
      1783355240,
      1.15
    ],
    [
      1783356142,
      1.15
    ],
    [
      1783357945,
      1.16
    ],
    [
      1783358847,
      1.15
    ],
    [
      1783359748,
      1.15
    ]
  ],
  "solana": [
    [
      1783354339,
      81.79
    ],
    [
      1783355240,
      81.78
    ],
    [
      1783356142,
      81.89
    ],
    [
      1783357945,
      81.9
    ],
    [
      1783358847,
      81.94
    ],
    [
      1783359748,
      81.62
    ]
  ],
  "dogecoin": [
    [
      1783354339,
      0.076398
    ],
    [
      1783355240,
      0.076435
    ],
    [
      1783356142,
      0.076657
    ],
    [
      1783357945,
      0.07682
    ],
    [
      1783358847,
      0.076881
    ],
    [
      1783359748,
      0.076591
    ]
  ],
  "cardano": [
    [
      1783354339,
      0.185605
    ],
    [
      1783355240,
      0.184899
    ],
    [
      1783356142,
      0.184625
    ],
    [
      1783357945,
      0.184223
    ],
    [
      1783358847,
      0.18403
    ],
    [
      1783359748,
      0.183593
    ]
  ],
  "tron": [
    [
      1783354339,
      0.327469
    ],
    [
      1783355240,
      0.327589
    ],
    [
      1783356142,
      0.327491
    ],
    [
      1783357945,
      0.327228
    ],
    [
      1783358847,
      0.328015
    ],
    [
      1783359748,
      0.328235
    ]
  ],
  "chainlink": [
    [
      1783354339,
      8.03
    ],
    [
      1783355240,
      8.03
    ],
    [
      1783356142,
      8.04
    ],
    [
      1783357945,
      8.04
    ],
    [
      1783358847,
      8.03
    ],
    [
      1783359748,
      8.0
    ]
  ],
  "the-open-network": [
    [
      1783354339,
      1.78
    ],
    [
      1783355240,
      1.78
    ],
    [
      1783356142,
      1.79
    ],
    [
      1783357945,
      1.8
    ],
    [
      1783358847,
      1.8
    ],
    [
      1783359748,
      1.8
    ]
  ],
  "stellar": [
    [
      1783354339,
      0.199562
    ],
    [
      1783355240,
      0.200162
    ],
    [
      1783356142,
      0.200259
    ],
    [
      1783357945,
      0.200399
    ],
    [
      1783358847,
      0.200272
    ],
    [
      1783359748,
      0.200128
    ]
  ],
  "hedera-hashgraph": [
    [
      1783354339,
      0.074515
    ],
    [
      1783355240,
      0.074493
    ],
    [
      1783356142,
      0.074723
    ],
    [
      1783357945,
      0.074818
    ],
    [
      1783358847,
      0.074691
    ],
    [
      1783359748,
      0.074492
    ]
  ],
  "sui": [
    [
      1783354339,
      0.744607
    ],
    [
      1783355240,
      0.745693
    ],
    [
      1783356142,
      0.747314
    ],
    [
      1783357945,
      0.746249
    ],
    [
      1783358847,
      0.746409
    ],
    [
      1783359748,
      0.742434
    ]
  ],
  "bitcoin-cash": [
    [
      1783354339,
      239.94
    ],
    [
      1783355240,
      240.42
    ],
    [
      1783356142,
      240.82
    ],
    [
      1783357945,
      241.42
    ],
    [
      1783358847,
      241.74
    ],
    [
      1783359748,
      242.16
    ]
  ],
  "litecoin": [
    [
      1783354339,
      45.0
    ],
    [
      1783355240,
      45.01
    ],
    [
      1783356142,
      45.12
    ],
    [
      1783357945,
      45.16
    ],
    [
      1783358847,
      45.2
    ],
    [
      1783359748,
      45.07
    ]
  ],
  "polkadot": [
    [
      1783354339,
      0.882433
    ],
    [
      1783355240,
      0.884979
    ],
    [
      1783356142,
      0.887851
    ],
    [
      1783357945,
      0.888953
    ],
    [
      1783358847,
      0.889901
    ],
    [
      1783359748,
      0.885972
    ]
  ],
  "hyperliquid": [
    [
      1783354339,
      71.04
    ],
    [
      1783355240,
      70.96
    ],
    [
      1783356142,
      70.89
    ],
    [
      1783357945,
      71.22
    ],
    [
      1783358847,
      71.41
    ],
    [
      1783359748,
      71.16
    ]
  ],
  "monero": [
    [
      1783354339,
      321.59
    ],
    [
      1783355240,
      321.72
    ],
    [
      1783356142,
      321.92
    ],
    [
      1783357945,
      323.22
    ],
    [
      1783358847,
      323.95
    ],
    [
      1783359748,
      323.16
    ]
  ],
  "_alerts_sent": {}
}