{
  "bitcoin": [
    [
      1782169670,
      63911
    ],
    [
      1782170541,
      63863
    ],
    [
      1782171331,
      63914
    ],
    [
      1782172232,
      63907
    ],
    [
      1782173134,
      63936
    ],
    [
      1782174035,
      63855
    ],
    [
      1782174936,
      63929
    ],
    [
      1782175838,
      64014
    ],
    [
      1782176739,
      64133
    ]
  ],
  "ethereum": [
    [
      1782169670,
      1723.28
    ],
    [
      1782170541,
      1721.81
    ],
    [
      1782171331,
      1724.03
    ],
    [
      1782172232,
      1724.92
    ],
    [
      1782173134,
      1725.89
    ],
    [
      1782174035,
      1722.6
    ],
    [
      1782174936,
      1724.77
    ],
    [
      1782175838,
      1726.92
    ],
    [
      1782176739,
      1731.65
    ]
  ],
  "avalanche-2": [
    [
      1782169670,
      6.2
    ],
    [
      1782170541,
      6.19
    ],
    [
      1782171331,
      6.22
    ],
    [
      1782172232,
      6.22
    ],
    [
      1782173134,
      6.23
    ],
    [
      1782174035,
      6.23
    ],
    [
      1782174936,
      6.23
    ],
    [
      1782175838,
      6.25
    ],
    [
      1782176739,
      6.27
    ]
  ],
  "ondo-finance": [
    [
      1782169670,
      0.327751
    ],
    [
      1782170541,
      0.326939
    ],
    [
      1782171331,
      0.328127
    ],
    [
      1782172232,
      0.327766
    ],
    [
      1782173134,
      0.328324
    ],
    [
      1782174035,
      0.327297
    ],
    [
      1782174936,
      0.326693
    ],
    [
      1782175838,
      0.327049
    ],
    [
      1782176739,
      0.327967
    ]
  ],
  "binancecoin": [
    [
      1782169670,
      589.07
    ],
    [
      1782170541,
      589.13
    ],
    [
      1782171331,
      589.44
    ],
    [
      1782172232,
      589.49
    ],
    [
      1782173134,
      589.52
    ],
    [
      1782174035,
      589.18
    ],
    [
      1782174936,
      589.87
    ],
    [
      1782175838,
      590.7
    ],
    [
      1782176739,
      590.94
    ]
  ],
  "ripple": [
    [
      1782169670,
      1.13
    ],
    [
      1782170541,
      1.13
    ],
    [
      1782171331,
      1.13
    ],
    [
      1782172232,
      1.13
    ],
    [
      1782173134,
      1.13
    ],
    [
      1782174035,
      1.13
    ],
    [
      1782174936,
      1.13
    ],
    [
      1782175838,
      1.13
    ],
    [
      1782176739,
      1.13
    ]
  ],
  "solana": [
    [
      1782169670,
      71.97
    ],
    [
      1782170541,
      71.93
    ],
    [
      1782171331,
      71.93
    ],
    [
      1782172232,
      71.81
    ],
    [
      1782173134,
      71.86
    ],
    [
      1782174035,
      71.73
    ],
    [
      1782174936,
      71.57
    ],
    [
      1782175838,
      71.66
    ],
    [
      1782176739,
      71.82
    ]
  ],
  "dogecoin": [
    [
      1782169670,
      0.082121
    ],
    [
      1782170541,
      0.082202
    ],
    [
      1782171331,
      0.082299
    ],
    [
      1782172232,
      0.08229
    ],
    [
      1782173134,
      0.082363
    ],
    [
      1782174035,
      0.082233
    ],
    [
      1782174936,
      0.082154
    ],
    [
      1782175838,
      0.082343
    ],
    [
      1782176739,
      0.082481
    ]
  ],
  "cardano": [
    [
      1782169670,
      0.157845
    ],
    [
      1782170541,
      0.157817
    ],
    [
      1782171331,
      0.158229
    ],
    [
      1782172232,
      0.158217
    ],
    [
      1782173134,
      0.1584
    ],
    [
      1782174035,
      0.158449
    ],
    [
      1782174936,
      0.158556
    ],
    [
      1782175838,
      0.158807
    ],
    [
      1782176739,
      0.15919
    ]
  ],
  "tron": [
    [
      1782169670,
      0.333343
    ],
    [
      1782170541,
      0.333397
    ],
    [
      1782171331,
      0.333404
    ],
    [
      1782172232,
      0.333491
    ],
    [
      1782173134,
      0.333822
    ],
    [
      1782174035,
      0.333377
    ],
    [
      1782174936,
      0.333619
    ],
    [
      1782175838,
      0.333455
    ],
    [
      1782176739,
      0.333418
    ]
  ],
  "chainlink": [
    [
      1782169670,
      7.84
    ],
    [
      1782170541,
      7.85
    ],
    [
      1782171331,
      7.86
    ],
    [
      1782172232,
      7.86
    ],
    [
      1782173134,
      7.86
    ],
    [
      1782174035,
      7.85
    ],
    [
      1782174936,
      7.85
    ],
    [
      1782175838,
      7.85
    ],
    [
      1782176739,
      7.86
    ]
  ],
  "the-open-network": [
    [
      1782169670,
      1.68
    ],
    [
      1782170541,
      1.69
    ],
    [
      1782171331,
      1.69
    ],
    [
      1782172232,
      1.69
    ],
    [
      1782173134,
      1.69
    ],
    [
      1782174035,
      1.68
    ],
    [
      1782174936,
      1.68
    ],
    [
      1782175838,
      1.68
    ],
    [
      1782176739,
      1.68
    ]
  ],
  "stellar": [
    [
      1782169670,
      0.202574
    ],
    [
      1782170541,
      0.202166
    ],
    [
      1782171331,
      0.202505
    ],
    [
      1782172232,
      0.202322
    ],
    [
      1782173134,
      0.202138
    ],
    [
      1782174035,
      0.201524
    ],
    [
      1782174936,
      0.200469
    ],
    [
      1782175838,
      0.20108
    ],
    [
      1782176739,
      0.20116
    ]
  ],
  "hedera-hashgraph": [
    [
      1782169670,
      0.078717
    ],
    [
      1782170541,
      0.078563
    ],
    [
      1782171331,
      0.078646
    ],
    [
      1782172232,
      0.07858
    ],
    [
      1782173134,
      0.07858
    ],
    [
      1782174035,
      0.078603
    ],
    [
      1782174936,
      0.078666
    ],
    [
      1782175838,
      0.078791
    ],
    [
      1782176739,
      0.078746
    ]
  ],
  "sui": [
    [
      1782169670,
      0.715521
    ],
    [
      1782170541,
      0.716014
    ],
    [
      1782171331,
      0.717265
    ],
    [
      1782172232,
      0.71748
    ],
    [
      1782173134,
      0.719255
    ],
    [
      1782174035,
      0.719545
    ],
    [
      1782174936,
      0.717828
    ],
    [
      1782175838,
      0.720516
    ],
    [
      1782176739,
      0.721307
    ]
  ],
  "bitcoin-cash": [
    [
      1782169670,
      196.74
    ],
    [
      1782170541,
      196.59
    ],
    [
      1782171331,
      197.0
    ],
    [
      1782172232,
      196.92
    ],
    [
      1782173134,
      197.34
    ],
    [
      1782174035,
      197.69
    ],
    [
      1782174936,
      195.57
    ],
    [
      1782175838,
      196.12
    ],
    [
      1782176739,
      195.73
    ]
  ],
  "litecoin": [
    [
      1782169670,
      44.46
    ],
    [
      1782170541,
      44.46
    ],
    [
      1782171331,
      44.58
    ],
    [
      1782172232,
      44.56
    ],
    [
      1782173134,
      44.52
    ],
    [
      1782174035,
      44.51
    ],
    [
      1782174936,
      44.46
    ],
    [
      1782175838,
      44.48
    ],
    [
      1782176739,
      44.53
    ]
  ],
  "polkadot": [
    [
      1782169670,
      0.932374
    ],
    [
      1782170541,
      0.932091
    ],
    [
      1782171331,
      0.934765
    ],
    [
      1782172232,
      0.933811
    ],
    [
      1782173134,
      0.934648
    ],
    [
      1782174035,
      0.931853
    ],
    [
      1782174936,
      0.930996
    ],
    [
      1782175838,
      0.932699
    ],
    [
      1782176739,
      0.932551
    ]
  ],
  "hyperliquid": [
    [
      1782169670,
      66.17
    ],
    [
      1782170541,
      65.88
    ],
    [
      1782171331,
      66.14
    ],
    [
      1782172232,
      66.07
    ],
    [
      1782173134,
      66.22
    ],
    [
      1782174035,
      66.17
    ],
    [
      1782174936,
      66.14
    ],
    [
      1782175838,
      66.41
    ],
    [
      1782176739,
      66.37
    ]
  ],