{
  "bitcoin": [
    [
      1779777195,
      76762
    ],
    [
      1779778097,
      76881
    ],
    [
      1779778998,
      76826
    ],
    [
      1779779900,
      76567
    ],
    [
      1779780802,
      76576
    ],
    [
      1779781703,
      76564
    ],
    [
      1779782607,
      76626
    ],
    [
      1779783508,
      76660
    ]
  ],
  "ethereum": [
    [
      1779777195,
      2095.17
    ],
    [
      1779778097,
      2099.96
    ],
    [
      1779778998,
      2099.83
    ],
    [
      1779779900,
      2090.51
    ],
    [
      1779780802,
      2093.8
    ],
    [
      1779781703,
      2093.79
    ],
    [
      1779782607,
      2093.33
    ],
    [
      1779783508,
      2095.7
    ]
  ],
  "avalanche-2": [
    [
      1779777195,
      9.27
    ],
    [
      1779778097,
      9.31
    ],
    [
      1779778998,
      9.3
    ],
    [
      1779779900,
      9.25
    ],
    [
      1779780802,
      9.26
    ],
    [
      1779781703,
      9.25
    ],
    [
      1779782607,
      9.26
    ],
    [
      1779783508,
      9.27
    ]
  ],
  "ondo-finance": [
    [
      1779777195,
      0.421884
    ],
    [
      1779778097,
      0.421673
    ],
    [
      1779778998,
      0.419829
    ],
    [
      1779779900,
      0.419638
    ],
    [
      1779780802,
      0.420912
    ],
    [
      1779781703,
      0.418544
    ],
    [
      1779782607,
      0.419915
    ],
    [
      1779783508,
      0.418636
    ]
  ]
}