{
  "bitcoin": [
    [
      1781421012,
      64207
    ],
    [
      1781421914,
      64305
    ],
    [
      1781422815,
      64282
    ],
    [
      1781423716,
      64385
    ],
    [
      1781424617,
      64408
    ],
    [
      1781425519,
      64466
    ],
    [
      1781426420,
      64460
    ],
    [
      1781427321,
      64423
    ]
  ],
  "ethereum": [
    [
      1781421012,
      1673.62
    ],
    [
      1781421914,
      1675.99
    ],
    [
      1781422815,
      1674.33
    ],
    [
      1781423716,
      1674.89
    ],
    [
      1781424617,
      1675.59
    ],
    [
      1781425519,
      1676.79
    ],
    [
      1781426420,
      1677.34
    ],
    [
      1781427321,
      1675.38
    ]
  ],
  "avalanche-2": [
    [
      1781421012,
      6.65
    ],
    [
      1781421914,
      6.65
    ],
    [
      1781422815,
      6.65
    ],
    [
      1781423716,
      6.65
    ],
    [
      1781424617,
      6.65
    ],
    [
      1781425519,
      6.66
    ],
    [
      1781426420,
      6.66
    ],
    [
      1781427321,
      6.65
    ]
  ],
  "ondo-finance": [
    [
      1781421012,
      0.358023
    ],
    [
      1781421914,
      0.359236
    ],
    [
      1781422815,
      0.359006
    ],
    [
      1781423716,
      0.359184
    ],
    [
      1781424617,
      0.358578
    ],
    [
      1781425519,
      0.360316
    ],
    [
      1781426420,
      0.360038
    ],
    [
      1781427321,
      0.359563
    ]
  ],
  "binancecoin": [
    [
      1781421012,
      610.54
    ],
    [
      1781421914,
      610.81
    ],
    [
      1781422815,
      609.77
    ],
    [
      1781423716,
      610.11
    ],
    [
      1781424617,
      610.25
    ],
    [
      1781425519,
      610.62
    ],
    [
      1781426420,
      611.15
    ],
    [
      1781427321,
      610.35
    ]
  ],
  "ripple": [
    [
      1781421012,
      1.15
    ],
    [
      1781421914,
      1.15
    ],
    [
      1781422815,
      1.14
    ],
    [
      1781423716,
      1.15
    ],
    [
      1781424617,
      1.15
    ],
    [
      1781425519,
      1.15
    ],
    [
      1781426420,
      1.15
    ],
    [
      1781427321,
      1.15
    ]
  ],
  "solana": [
    [
      1781421012,
      68.08
    ],
    [
      1781421914,
      68.18
    ],
    [
      1781422815,
      68.12
    ],
    [
      1781423716,
      68.15
    ],
    [
      1781424617,
      68.18
    ],
    [
      1781425519,
      68.28
    ],
    [
      1781426420,
      68.28
    ],
    [
      1781427321,
      68.22
    ]
  ],
  "dogecoin": [
    [
      1781421012,
      0.087335
    ],
    [
      1781421914,
      0.087347
    ],
    [
      1781422815,
      0.087274
    ],
    [
      1781423716,
      0.087177
    ],
    [
      1781424617,
      0.087095
    ],
    [
      1781425519,
      0.087288
    ],
    [
      1781426420,
      0.087371
    ],
    [
      1781427321,
      0.087322
    ]
  ],
  "cardano": [
    [
      1781421012,
      0.171165
    ],
    [
      1781421914,
      0.171401
    ],
    [
      1781422815,
      0.171253
    ],
    [
      1781423716,
      0.171184
    ],
    [
      1781424617,
      0.170954
    ],
    [
      1781425519,
      0.171343
    ],
    [
      1781426420,
      0.170995
    ],
    [
      1781427321,
      0.171213
    ]
  ],
  "tron": [
    [
      1781421012,
      0.31572
    ],
    [
      1781421914,
      0.315853
    ],
    [
      1781422815,
      0.316075
    ],
    [
      1781423716,
      0.316262
    ],
    [
      1781424617,
      0.316525
    ],
    [
      1781425519,
      0.316886
    ],
    [
      1781426420,
      0.317122
    ],
    [
      1781427321,
      0.317012
    ]
  ],
  "chainlink": [
    [
      1781421012,
      7.91
    ],
    [
      1781421914,
      7.91
    ],
    [
      1781422815,
      7.9
    ],
    [
      1781423716,
      7.9
    ],
    [
      1781424617,
      7.91
    ],
    [
      1781425519,
      7.92
    ],
    [
      1781426420,
      7.92
    ],
    [
      1781427321,
      7.91
    ]
  ],
  "the-open-network": [
    [
      1781421012,
      1.71
    ],
    [
      1781421914,
      1.72
    ],
    [
      1781422815,
      1.73
    ],
    [
      1781423716,
      1.72
    ],
    [
      1781424617,
      1.72
    ],
    [
      1781425519,
      1.72
    ],
    [
      1781426420,
      1.72
    ],
    [
      1781427321,
      1.71
    ]
  ],
  "stellar": [
    [
      1781421012,
      0.186387
    ],
    [
      1781421914,
      0.186429
    ],
    [
      1781422815,
      0.186227
    ],
    [
      1781423716,
      0.186388
    ],
    [
      1781424617,
      0.186115
    ],
    [
      1781425519,
      0.186882
    ],
    [
      1781426420,
      0.186619
    ],
    [
      1781427321,
      0.186631
    ]
  ],
  "hedera-hashgraph": [
    [
      1781421012,
      0.078772
    ],
    [
      1781421914,
      0.078894
    ],
    [
      1781422815,
      0.078836
    ],
    [
      1781423716,
      0.079015
    ],
    [
      1781424617,
      0.079023
    ],
    [
      1781425519,
      0.079038
    ],
    [
      1781426420,
      0.079248
    ],
    [
      1781427321,
      0.079232
    ]
  ],
  "sui": [
    [
      1781421012,
      0.757347
    ],
    [
      1781421914,
      0.758633
    ],
    [
      1781422815,
      0.758054
    ],
    [
      1781423716,
      0.758497
    ],
    [
      1781424617,
      0.758154
    ],
    [
      1781425519,
      0.759636
    ],
    [
      1781426420,
      0.759253
    ],
    [
      1781427321,
      0.758408
    ]
  ],
  "bitcoin-cash": [
    [
      1781421012,
      202.88
    ],
    [
      1781421914,
      203.17
    ],
    [
      1781422815,
      203.1
    ],
    [
      1781423716,
      203.36
    ],
    [
      1781424617,
      203.35
    ],
    [
      1781425519,
      203.88
    ],
    [
      1781426420,
      203.91
    ],
    [
      1781427321,
      203.73
    ]
  ],
  "litecoin": [
    [
      1781421012,
      43.96
    ],
    [
      1781421914,
      43.97
    ],
    [
      1781422815,
      43.98
    ],
    [
      1781423716,
      44.03
    ],
    [
      1781424617,
      44.04
    ],
    [
      1781425519,
      44.08
    ],
    [
      1781426420,
      44.11
    ],
    [
      1781427321,
      44.11
    ]
  ],
  "polkadot": [
    [
      1781421012,
      0.965454
    ],
    [
      1781421914,
      0.967075
    ],
    [
      1781422815,
      0.966153
    ],
    [
      1781423716,
      0.967037
    ],
    [
      1781424617,
      0.967778
    ],
    [
      1781425519,
      0.970025
    ],
    [
      1781426420,
      0.969713
    ],
    [
      1781427321,
      0.968623
    ]
  ],
  "hyperliquid": [
    [
      1781421012,
      59.91
    ],
    [
      1781421914,
      60.39
    ],
    [
      1781422815,
      60.21
    ],
    [
      1781423716,
      60.06
    ],
    [
      1781424617,
      59.83
    ],
    [
      1781425519,
      59.86
    ],
    [
      1781426420,
      59.98
    ],
    [
      1781427321,
      60.21
    ]
  ],
  "monero": [
    [
      1781421012,
      336.26
    ],
    [
      1781421914,
      338.21
    ],
    [
      1781422815,
      337.91
    ],
    [
      1781423716,
      338.42
    ],
    [
      1781424617,
      338.47
    ],
    [
      1781425519,
      338.82
    ],
    [
      1781426420,
      339.2
    ],
    [
      1781427321,
      340.86
    ]
  ],
  "_alerts_sent": {}
}