{
  "bitcoin": [
    [
      1781183934,
      62882
    ],
    [
      1781184835,
      62685
    ],
    [
      1781185737,
      62992
    ],
    [
      1781186638,
      62967
    ],
    [
      1781187540,
      62740
    ],
    [
      1781188442,
      62873
    ],
    [
      1781189343,
      62834
    ],
    [
      1781190245,
      62580
    ]
  ],
  "ethereum": [
    [
      1781183934,
      1649.11
    ],
    [
      1781184835,
      1646.17
    ],
    [
      1781185737,
      1654.12
    ],
    [
      1781186638,
      1652.52
    ],
    [
      1781187540,
      1641.22
    ],
    [
      1781188442,
      1645.75
    ],
    [
      1781189343,
      1649.37
    ],
    [
      1781190245,
      1639.06
    ]
  ],
  "avalanche-2": [
    [
      1781183934,
      6.55
    ],
    [
      1781184835,
      6.54
    ],
    [
      1781185737,
      6.58
    ],
    [
      1781186638,
      6.58
    ],
    [
      1781187540,
      6.54
    ],
    [
      1781188442,
      6.55
    ],
    [
      1781189343,
      6.56
    ],
    [
      1781190245,
      6.53
    ]
  ],
  "ondo-finance": [
    [
      1781183934,
      0.346541
    ],
    [
      1781184835,
      0.345716
    ],
    [
      1781185737,
      0.349636
    ],
    [
      1781186638,
      0.354547
    ],
    [
      1781187540,
      0.350271
    ],
    [
      1781188442,
      0.350924
    ],
    [
      1781189343,
      0.350048
    ],
    [
      1781190245,
      0.345433
    ]
  ],
  "binancecoin": [
    [
      1781183934,
      599.77
    ],
    [
      1781184835,
      598.46
    ],
    [
      1781185737,
      601.59
    ],
    [
      1781186638,
      601.21
    ],
    [
      1781187540,
      598.47
    ],
    [
      1781188442,
      599.3
    ],
    [
      1781189343,
      599.48
    ],
    [
      1781190245,
      597.52
    ]
  ],
  "ripple": [
    [
      1781183934,
      1.11
    ],
    [
      1781184835,
      1.11
    ],
    [
      1781185737,
      1.12
    ],
    [
      1781186638,
      1.12
    ],
    [
      1781187540,
      1.11
    ],
    [
      1781188442,
      1.11
    ],
    [
      1781189343,
      1.11
    ],
    [
      1781190245,
      1.11
    ]
  ],
  "solana": [
    [
      1781183934,
      65.23
    ],
    [
      1781184835,
      65.14
    ],
    [
      1781185737,
      65.48
    ],
    [
      1781186638,
      65.45
    ],
    [
      1781187540,
      65.06
    ],
    [
      1781188442,
      65.3
    ],
    [
      1781189343,
      65.51
    ],
    [
      1781190245,
      65.16
    ]
  ],
  "dogecoin": [
    [
      1781183934,
      0.084785
    ],
    [
      1781184835,
      0.084612
    ],
    [
      1781185737,
      0.084949
    ],
    [
      1781186638,
      0.084947
    ],
    [
      1781187540,
      0.084671
    ],
    [
      1781188442,
      0.084909
    ],
    [
      1781189343,
      0.085046
    ],
    [
      1781190245,
      0.084834
    ]
  ],
  "cardano": [
    [
      1781183934,
      0.1648
    ],
    [
      1781184835,
      0.164462
    ],
    [
      1781185737,
      0.165388
    ],
    [
      1781186638,
      0.165853
    ],
    [
      1781187540,
      0.164989
    ],
    [
      1781188442,
      0.165134
    ],
    [
      1781189343,
      0.165876
    ],
    [
      1781190245,
      0.165207
    ]
  ],
  "tron": [
    [
      1781183934,
      0.320891
    ],
    [
      1781184835,
      0.320736
    ],
    [
      1781185737,
      0.321322
    ],
    [
      1781186638,
      0.321467
    ],
    [
      1781187540,
      0.32087
    ],
    [
      1781188442,
      0.320932
    ],
    [
      1781189343,
      0.32107
    ],
    [
      1781190245,
      0.320908
    ]
  ],
  "chainlink": [
    [
      1781183934,
      7.79
    ],
    [
      1781184835,
      7.77
    ],
    [
      1781185737,
      7.8
    ],
    [
      1781186638,
      7.81
    ],
    [
      1781187540,
      7.76
    ],
    [
      1781188442,
      7.77
    ],
    [
      1781189343,
      7.78
    ],
    [
      1781190245,
      7.74
    ]
  ],
  "the-open-network": [
    [
      1781183934,
      1.64
    ],
    [
      1781184835,
      1.63
    ],
    [
      1781185737,
      1.64
    ],
    [
      1781186638,
      1.64
    ],
    [
      1781187540,
      1.63
    ],
    [
      1781188442,
      1.63
    ],
    [
      1781189343,
      1.63
    ],
    [
      1781190245,
      1.61
    ]
  ],
  "stellar": [
    [
      1781183934,
      0.18827
    ],
    [
      1781184835,
      0.186955
    ],
    [
      1781185737,
      0.187358
    ],
    [
      1781186638,
      0.187119
    ],
    [
      1781187540,
      0.185659
    ],
    [
      1781188442,
      0.185953
    ],
    [
      1781189343,
      0.186096
    ],
    [
      1781190245,
      0.186151
    ]
  ],
  "hedera-hashgraph": [
    [
      1781183934,
      0.078404
    ],
    [
      1781184835,
      0.078235
    ],
    [
      1781185737,
      0.078579
    ],
    [
      1781186638,
      0.078485
    ],
    [
      1781187540,
      0.078098
    ],
    [
      1781188442,
      0.078096
    ],
    [
      1781189343,
      0.077941
    ],
    [
      1781190245,
      0.077747
    ]
  ],
  "sui": [
    [
      1781183934,
      0.748043
    ],
    [
      1781184835,
      0.744994
    ],
    [
      1781185737,
      0.749375
    ],
    [
      1781186638,
      0.750541
    ],
    [
      1781187540,
      0.746539
    ],
    [
      1781188442,
      0.748055
    ],
    [
      1781189343,
      0.749032
    ],
    [
      1781190245,
      0.746012
    ]
  ],
  "bitcoin-cash": [
    [
      1781183934,
      200.77
    ],
    [
      1781184835,
      200.26
    ],
    [
      1781185737,
      200.68
    ],
    [
      1781186638,
      200.69
    ],
    [
      1781187540,
      199.7
    ],
    [
      1781188442,
      200.18
    ],
    [
      1781189343,
      200.36
    ],
    [
      1781190245,
      199.21
    ]
  ],
  "litecoin": [
    [
      1781183934,
      42.46
    ],
    [
      1781184835,
      42.41
    ],
    [
      1781185737,
      42.54
    ],
    [
      1781186638,
      42.52
    ],
    [
      1781187540,
      42.35
    ],
    [
      1781188442,
      42.45
    ],
    [
      1781189343,
      42.42
    ],
    [
      1781190245,
      42.27
    ]
  ],
  "polkadot": [
    [
      1781183934,
      0.945884
    ],
    [
      1781184835,
      0.94337
    ],
    [
      1781185737,
      0.947742
    ],
    [
      1781186638,
      0.946742
    ],
    [
      1781187540,
      0.942684
    ],
    [
      1781188442,
      0.944056
    ],
    [
      1781189343,
      0.94629
    ],
    [
      1781190245,
      0.942627
    ]
  ],
  "hyperliquid": [
    [
      1781183934,
      56.44
    ],
    [
      1781184835,
      56.2
    ],
    [
      1781185737,
      56.85
    ],
    [
      1781186638,
      57.05
    ],
    [
      1781187540,
      56.6
    ],
    [
      1781188442,
      56.52
    ],
    [
      1781189343,
      56.73
    ],
    [
      1781190245,
      56.43
    ]
  ],
  "monero": [
    [
      1781183934,
      352.29
    ],
    [
      1781184835,
      355.15
    ],
    [
      1781185737,
      356.44
    ],
    [
      1781186638,
      353.17
    ],
    [
      1781187540,
      349.68
    ],
    [
      1781188442,
      351.23
    ],
    [
      1781189343,
      352.46
    ],
    [
      1781190245,
      352.46
    ]
  ],
  "_alerts_sent": {}
}