{
  "bitcoin": [
    [
      1784683244,
      66403
    ],
    [
      1784684145,
      66355
    ],
    [
      1784685047,
      66435
    ],
    [
      1784685948,
      66394
    ],
    [
      1784686849,
      66431
    ],
    [
      1784687751,
      66329
    ],
    [
      1784688652,
      66316
    ],
    [
      1784689553,
      66269
    ]
  ],
  "ethereum": [
    [
      1784683244,
      1931.71
    ],
    [
      1784684145,
      1932.2
    ],
    [
      1784685047,
      1935.2
    ],
    [
      1784685948,
      1931.88
    ],
    [
      1784686849,
      1933.07
    ],
    [
      1784687751,
      1928.77
    ],
    [
      1784688652,
      1928.79
    ],
    [
      1784689553,
      1930.08
    ]
  ],
  "avalanche-2": [
    [
      1784683244,
      6.59
    ],
    [
      1784684145,
      6.58
    ],
    [
      1784685047,
      6.57
    ],
    [
      1784685948,
      6.58
    ],
    [
      1784686849,
      6.6
    ],
    [
      1784687751,
      6.6
    ],
    [
      1784688652,
      6.6
    ],
    [
      1784689553,
      6.59
    ]
  ],
  "ondo-finance": [
    [
      1784683244,
      0.403961
    ],
    [
      1784684145,
      0.402171
    ],
    [
      1784685047,
      0.401818
    ],
    [
      1784685948,
      0.400053
    ],
    [
      1784686849,
      0.400915
    ],
    [
      1784687751,
      0.400281
    ],
    [
      1784688652,
      0.401362
    ],
    [
      1784689553,
      0.401148
    ]
  ],
  "binancecoin": [
    [
      1784683244,
      573.61
    ],
    [
      1784684145,
      572.96
    ],
    [
      1784685047,
      573.61
    ],
    [
      1784685948,
      572.89
    ],
    [
      1784686849,
      573.42
    ],
    [
      1784687751,
      573.26
    ],
    [
      1784688652,
      572.51
    ],
    [
      1784689553,
      572.15
    ]
  ],
  "ripple": [
    [
      1784683244,
      1.14
    ],
    [
      1784684145,
      1.14
    ],
    [
      1784685047,
      1.14
    ],
    [
      1784685948,
      1.14
    ],
    [
      1784686849,
      1.14
    ],
    [
      1784687751,
      1.14
    ],
    [
      1784688652,
      1.14
    ],
    [
      1784689553,
      1.14
    ]
  ],
  "solana": [
    [
      1784683244,
      78.3
    ],
    [
      1784684145,
      78.25
    ],
    [
      1784685047,
      78.35
    ],
    [
      1784685948,
      78.26
    ],
    [
      1784686849,
      78.37
    ],
    [
      1784687751,
      78.3
    ],
    [
      1784688652,
      78.19
    ],
    [
      1784689553,
      78.1
    ]
  ],
  "dogecoin": [
    [
      1784683244,
      0.073477
    ],
    [
      1784684145,
      0.073411
    ],
    [
      1784685047,
      0.073575
    ],
    [
      1784685948,
      0.07351
    ],
    [
      1784686849,
      0.073624
    ],
    [
      1784687751,
      0.073533
    ],
    [
      1784688652,
      0.073512
    ],
    [
      1784689553,
      0.073389
    ]
  ],
  "cardano": [
    [
      1784683244,
      0.173304
    ],
    [
      1784684145,
      0.17363
    ],
    [
      1784685047,
      0.174308
    ],
    [
      1784685948,
      0.173962
    ],
    [
      1784686849,
      0.174347
    ],
    [
      1784687751,
      0.174484
    ],
    [
      1784688652,
      0.17507
    ],
    [
      1784689553,
      0.174203
    ]
  ],
  "tron": [
    [
      1784683244,
      0.329034
    ],
    [
      1784684145,
      0.328981
    ],
    [
      1784685047,
      0.32894
    ],
    [
      1784685948,
      0.328953
    ],
    [
      1784686849,
      0.32899
    ],
    [
      1784687751,
      0.329015
    ],
    [
      1784688652,
      0.329211
    ],
    [
      1784689553,
      0.328911
    ]
  ],
  "chainlink": [
    [
      1784683244,
      8.69
    ],
    [
      1784684145,
      8.7
    ],
    [
      1784685047,
      8.71
    ],
    [
      1784685948,
      8.7
    ],
    [
      1784686849,
      8.71
    ],
    [
      1784687751,
      8.71
    ],
    [
      1784688652,
      8.7
    ],
    [
      1784689553,
      8.69
    ]
  ],
  "the-open-network": [
    [
      1784683244,
      1.54
    ],
    [
      1784684145,
      1.53
    ],
    [
      1784685047,
      1.53
    ],
    [
      1784685948,
      1.54
    ],
    [
      1784686849,
      1.56
    ],
    [
      1784687751,
      1.58
    ],
    [
      1784688652,
      1.58
    ],
    [
      1784689553,
      1.58
    ]
  ],
  "stellar": [
    [
      1784683244,
      0.19318
    ],
    [
      1784684145,
      0.193087
    ],
    [
      1784685047,
      0.193381
    ],
    [
      1784685948,
      0.193055
    ],
    [
      1784686849,
      0.192976
    ],
    [
      1784687751,
      0.192699
    ],
    [
      1784688652,
      0.192994
    ],
    [
      1784689553,
      0.192427
    ]
  ],
  "hedera-hashgraph": [
    [
      1784683244,
      0.069894
    ],
    [
      1784684145,
      0.069881
    ],
    [
      1784685047,
      0.069944
    ],
    [
      1784685948,
      0.069967
    ],
    [
      1784686849,
      0.070027
    ],
    [
      1784687751,
      0.070306
    ],
    [
      1784688652,
      0.070522
    ],
    [
      1784689553,
      0.070362
    ]
  ],
  "sui": [
    [
      1784683244,
      0.770371
    ],
    [
      1784684145,
      0.768216
    ],
    [
      1784685047,
      0.768288
    ],
    [
      1784685948,
      0.76801
    ],
    [
      1784686849,
      0.770236
    ],
    [
      1784687751,
      0.772312
    ],
    [
      1784688652,
      0.770195
    ],
    [
      1784689553,
      0.768943
    ]
  ],
  "bitcoin-cash": [
    [
      1784683244,
      224.19
    ],
    [
      1784684145,
      224.32
    ],
    [
      1784685047,
      224.39
    ],
    [
      1784685948,
      224.43
    ],
    [
      1784686849,
      224.62
    ],
    [
      1784687751,
      225.02
    ],
    [
      1784688652,
      225.15
    ],
    [
      1784689553,
      225.12
    ]
  ],
  "litecoin": [
    [
      1784683244,
      46.83
    ],
    [
      1784684145,
      46.79
    ],
    [
      1784685047,
      46.84
    ],
    [
      1784685948,
      46.75
    ],
    [
      1784686849,
      46.79
    ],
    [
      1784687751,
      46.83
    ],
    [
      1784688652,
      46.61
    ],
    [
      1784689553,
      46.58
    ]
  ],
  "polkadot": [
    [
      1784683244,
      0.850811
    ],
    [
      1784684145,
      0.850387
    ],
    [
      1784685047,
      0.851822
    ],
    [
      1784685948,
      0.851997
    ],
    [
      1784686849,
      0.853938
    ],
    [
      1784687751,
      0.853445
    ],
    [
      1784688652,
      0.85354
    ],
    [
      1784689553,
      0.854714
    ]
  ],
  "hyperliquid": [
    [
      1784683244,
      60.92
    ],
    [
      1784684145,
      60.88
    ],
    [
      1784685047,
      60.92
    ],
    [
      1784685948,
      60.73
    ],
    [
      1784686849,
      60.85
    ],
    [
      1784687751,
      60.87
    ],
    [
      1784688652,
      60.78
    ],
    [
      1784689553,
      60.77
    ]
  ],
  "monero": [
    [
      1784683244,
      360.03
    ],
    [
      1784684145,
      359.76
    ],
    [
      1784685047,
      358.72
    ],
    [
      1784685948,
      357.71
    ],
    [
      1784686849,
      357.25
    ],
    [
      1784687751,
      357.14
    ],
    [
      1784688652,
      355.7
    ],
    [
      1784689553,
      354.38
    ]
  ],
  "_alerts_sent": {}
}