{
  "bitcoin": [
    [
      1780278839,
      73370
    ],
    [
      1780279447,
      73218
    ],
    [
      1780280348,
      73417
    ],
    [
      1780281250,
      73391
    ],
    [
      1780282151,
      73672
    ],
    [
      1780283053,
      73740
    ],
    [
      1780284319,
      73842
    ],
    [
      1780285034,
      73841
    ],
    [
      1780285936,
      73786
    ]
  ],
  "ethereum": [
    [
      1780278839,
      1998.73
    ],
    [
      1780279447,
      1992.58
    ],
    [
      1780280348,
      2002.12
    ],
    [
      1780281250,
      2000.05
    ],
    [
      1780282151,
      2008.72
    ],
    [
      1780283053,
      2010.51
    ],
    [
      1780284319,
      2012.71
    ],
    [
      1780285034,
      2012.86
    ],
    [
      1780285936,
      2010.74
    ]
  ],
  "avalanche-2": [
    [
      1780278839,
      8.93
    ],
    [
      1780279447,
      8.88
    ],
    [
      1780280348,
      8.94
    ],
    [
      1780281250,
      8.95
    ],
    [
      1780282151,
      9.01
    ],
    [
      1780283053,
      9.02
    ],
    [
      1780284319,
      9.03
    ],
    [
      1780285034,
      9.04
    ],
    [
      1780285936,
      9.02
    ]
  ],
  "ondo-finance": [
    [
      1780278839,
      0.36408
    ],
    [
      1780279447,
      0.362072
    ],
    [
      1780280348,
      0.36494
    ],
    [
      1780281250,
      0.364616
    ],
    [
      1780282151,
      0.368696
    ],
    [
      1780283053,
      0.370072
    ],
    [
      1780284319,
      0.369369
    ],
    [
      1780285034,
      0.371315
    ],
    [
      1780285936,
      0.369949
    ]
  ],
  "binancecoin": [
    [
      1780278839,
      696.3
    ],
    [
      1780279447,
      694.75
    ],
    [
      1780280348,
      701.84
    ],
    [
      1780281250,
      704.03
    ],
    [
      1780282151,
      706.25
    ],
    [
      1780283053,
      706.88
    ],
    [
      1780284319,
      706.57
    ],
    [
      1780285034,
      705.28
    ],
    [
      1780285936,
      704.12
    ]
  ],
  "ripple": [
    [
      1780278839,
      1.32
    ],
    [
      1780279447,
      1.32
    ],
    [
      1780280348,
      1.33
    ],
    [
      1780281250,
      1.32
    ],
    [
      1780282151,
      1.33
    ],
    [
      1780283053,
      1.33
    ],
    [
      1780284319,
      1.33
    ],
    [
      1780285034,
      1.33
    ],
    [
      1780285936,
      1.33
    ]
  ],
  "solana": [
    [
      1780278839,
      82.02
    ],
    [
      1780279447,
      81.67
    ],
    [
      1780280348,
      82.15
    ],
    [
      1780281250,
      82.08
    ],
    [
      1780282151,
      82.55
    ],
    [
      1780283053,
      82.62
    ],
    [
      1780284319,
      82.73
    ],
    [
      1780285034,
      82.81
    ],
    [
      1780285936,
      82.63
    ]
  ],
  "dogecoin": [
    [
      1780278839,
      0.100165
    ],
    [
      1780279447,
      0.09975
    ],
    [
      1780280348,
      0.10045
    ],
    [
      1780281250,
      0.100414
    ],
    [
      1780282151,
      0.100885
    ],
    [
      1780283053,
      0.100951
    ],
    [
      1780284319,
      0.101181
    ],
    [
      1780285034,
      0.101327
    ],
    [
      1780285936,
      0.101176
    ]
  ],
  "cardano": [
    [
      1780278839,
      0.234258
    ],
    [
      1780279447,
      0.233193
    ],
    [
      1780280348,
      0.234343
    ],
    [
      1780281250,
      0.234504
    ],
    [
      1780282151,
      0.235924
    ],
    [
      1780283053,
      0.236203
    ],
    [
      1780284319,
      0.236485
    ],
    [
      1780285034,
      0.236951
    ],
    [
      1780285936,
      0.236648
    ]
  ],
  "tron": [
    [
      1780278839,
      0.350932
    ],
    [
      1780279447,
      0.350483
    ],
    [
      1780280348,
      0.350446
    ],
    [
      1780281250,
      0.350082
    ],
    [
      1780282151,
      0.350183
    ],
    [
      1780283053,
      0.350226
    ],
    [
      1780284319,
      0.350329
    ],
    [
      1780285034,
      0.350015
    ],
    [
      1780285936,
      0.350134
    ]
  ],
  "chainlink": [
    [
      1780278839,
      9.08
    ],
    [
      1780279447,
      9.03
    ],
    [
      1780280348,
      9.09
    ],
    [
      1780281250,
      9.08
    ],
    [
      1780282151,
      9.14
    ],
    [
      1780283053,
      9.16
    ],
    [
      1780284319,
      9.18
    ],
    [
      1780285034,
      9.19
    ],
    [
      1780285936,
      9.18
    ]
  ],
  "the-open-network": [
    [
      1780278839,
      1.94
    ],
    [
      1780279447,
      1.9
    ],
    [
      1780280348,
      1.92
    ],
    [
      1780281250,
      1.93
    ],
    [
      1780282151,
      1.94
    ],
    [
      1780283053,
      1.96
    ],
    [
      1780284319,
      1.97
    ],
    [
      1780285034,
      1.98
    ],
    [
      1780285936,
      2.0
    ]
  ],
  "stellar": [
    [
      1780278839,
      0.265447
    ],
    [
      1780279447,
      0.261661
    ],
    [
      1780280348,
      0.26779
    ],
    [
      1780281250,
      0.270947
    ],
    [
      1780282151,
      0.269255
    ],
    [
      1780283053,
      0.266085
    ],
    [
      1780284319,
      0.267343
    ],
    [
      1780285034,
      0.263018
    ],
    [
      1780285936,
      0.264956
    ]
  ],
  "hedera-hashgraph": [
    [
      1780278839,
      0.095134
    ],
    [
      1780279447,
      0.094438
    ],
    [
      1780280348,
      0.095124
    ],
    [
      1780281250,
      0.095077
    ],
    [
      1780282151,
      0.095289
    ],
    [
      1780283053,
      0.095678
    ],
    [
      1780284319,
      0.096341
    ],
    [
      1780285034,
      0.097308
    ],
    [
      1780285936,
      0.097168
    ]
  ],
  "sui": [
    [
      1780278839,
      0.885827
    ],
    [
      1780279447,
      0.880697
    ],
    [
      1780280348,
      0.88741
    ],
    [
      1780281250,
      0.88697
    ],
    [
      1780282151,
      0.892403
    ],
    [
      1780283053,
      0.894412
    ],
    [
      1780284319,
      0.898371
    ],
    [
      1780285034,
      0.899727
    ],
    [
      1780285936,
      0.898025
    ]
  ],
  "bitcoin-cash": [
    [
      1780278839,
      298.86
    ],
    [
      1780279447,
      297.53
    ],
    [
      1780280348,
      298.57
    ],
    [
      1780281250,
      299.04
    ],
    [
      1780282151,
      301.01
    ],
    [
      1780283053,
      301.42
    ],
    [
      1780284319,
      300.97
    ],
    [
      1780285034,
      301.52
    ],
    [
      1780285936,
      301.32
    ]
  ],
  "litecoin": [
    [
      1780278839,
      51.65
    ],
    [
      1780279447,
      51.43
    ],
    [
      1780280348,
      51.67
    ],
    [
      1780281250,
      51.7
    ],
    [
      1780282151,
      52.0
    ],
    [
      1780283053,
      51.99
    ],
    [
      1780284319,
      52.03
    ],
    [
      1780285034,
      52.01
    ],
    [
      1780285936,
      51.95
    ]
  ],
  "polkadot": [
    [
      1780278839,
      1.18
    ],
    [
      1780279447,
      1.18
    ],
    [
      1780280348,
      1.18
    ],
    [
      1780281250,
      1.18
    ],
    [
      1780282151,
      1.2
    ],
    [
      1780283053,
      1.2
    ],
    [
      1780284319,
      1.2
    ],
    [
      1780285034,
      1.2
    ],
    [
      1780285936,
      1.2
    ]
  ],
  "hyperliquid": [
    [
      1780278839,
      72.18
    ],
    [
      1780279447,
      71.69
    ],
    [
      1780280348,
      71.98
    ],
    [
      1780281250,
      72.32
    ],
    [
      1780282151,
      72.39
    ],
    [
      1780283053,
      72.34
    ],
    [
      1780284319,
      72.65
    ],
    [
      1780285034,
      72.55
    ],
    [
      1780285936,
      73.02
    ]
  ],