{
  "bitcoin": [
    [
      1783813470,
      63900
    ],
    [
      1783814371,
      63793
    ],
    [
      1783815273,
      63821
    ],
    [
      1783816174,
      63821
    ],
    [
      1783817075,
      63732
    ],
    [
      1783817979,
      63803
    ],
    [
      1783818883,
      63906
    ],
    [
      1783819786,
      63903
    ]
  ],
  "ethereum": [
    [
      1783813470,
      1790.18
    ],
    [
      1783814371,
      1787.76
    ],
    [
      1783815273,
      1785.62
    ],
    [
      1783816174,
      1787.18
    ],
    [
      1783817075,
      1785.28
    ],
    [
      1783817979,
      1788.71
    ],
    [
      1783818883,
      1792.74
    ],
    [
      1783819786,
      1799.33
    ]
  ],
  "avalanche-2": [
    [
      1783813470,
      6.56
    ],
    [
      1783814371,
      6.55
    ],
    [
      1783815273,
      6.47
    ],
    [
      1783816174,
      6.47
    ],
    [
      1783817075,
      6.45
    ],
    [
      1783817979,
      6.46
    ],
    [
      1783818883,
      6.46
    ],
    [
      1783819786,
      6.49
    ]
  ],
  "ondo-finance": [
    [
      1783813470,
      0.324798
    ],
    [
      1783814371,
      0.324346
    ],
    [
      1783815273,
      0.324021
    ],
    [
      1783816174,
      0.324772
    ],
    [
      1783817075,
      0.323053
    ],
    [
      1783817979,
      0.323819
    ],
    [
      1783818883,
      0.323912
    ],
    [
      1783819786,
      0.325077
    ]
  ],
  "binancecoin": [
    [
      1783813470,
      575.28
    ],
    [
      1783814371,
      574.67
    ],
    [
      1783815273,
      572.23
    ],
    [
      1783816174,
      572.12
    ],
    [
      1783817075,
      570.71
    ],
    [
      1783817979,
      571.2
    ],
    [
      1783818883,
      571.62
    ],
    [
      1783819786,
      572.39
    ]
  ],
  "ripple": [
    [
      1783813470,
      1.098
    ],
    [
      1783814371,
      1.097
    ],
    [
      1783815273,
      1.094
    ],
    [
      1783816174,
      1.093
    ],
    [
      1783817075,
      1.091
    ],
    [
      1783817979,
      1.092
    ],
    [
      1783818883,
      1.094
    ],
    [
      1783819786,
      1.095
    ]
  ],
  "solana": [
    [
      1783813470,
      76.93
    ],
    [
      1783814371,
      76.84
    ],
    [
      1783815273,
      76.51
    ],
    [
      1783816174,
      76.42
    ],
    [
      1783817075,
      75.9
    ],
    [
      1783817979,
      76.04
    ],
    [
      1783818883,
      76.19
    ],
    [
      1783819786,
      76.54
    ]
  ],
  "dogecoin": [
    [
      1783813470,
      0.073379
    ],
    [
      1783814371,
      0.073295
    ],
    [
      1783815273,
      0.072832
    ],
    [
      1783816174,
      0.072816
    ],
    [
      1783817075,
      0.07241
    ],
    [
      1783817979,
      0.072608
    ],
    [
      1783818883,
      0.072762
    ],
    [
      1783819786,
      0.073038
    ]
  ],
  "cardano": [
    [
      1783813470,
      0.165993
    ],
    [
      1783814371,
      0.165919
    ],
    [
      1783815273,
      0.164622
    ],
    [
      1783816174,
      0.164676
    ],
    [
      1783817075,
      0.163353
    ],
    [
      1783817979,
      0.163689
    ],
    [
      1783818883,
      0.164017
    ],
    [
      1783819786,
      0.164659
    ]
  ],
  "tron": [
    [
      1783813470,
      0.329822
    ],
    [
      1783814371,
      0.329806
    ],
    [
      1783815273,
      0.329537
    ],
    [
      1783816174,
      0.329445
    ],
    [
      1783817075,
      0.329376
    ],
    [
      1783817979,
      0.329408
    ],
    [
      1783818883,
      0.329581
    ],
    [
      1783819786,
      0.329537
    ]
  ],
  "chainlink": [
    [
      1783813470,
      7.92
    ],
    [
      1783814371,
      7.92
    ],
    [
      1783815273,
      7.9
    ],
    [
      1783816174,
      7.9
    ],
    [
      1783817075,
      7.88
    ],
    [
      1783817979,
      7.89
    ],
    [
      1783818883,
      7.92
    ],
    [
      1783819786,
      7.94
    ]
  ],
  "the-open-network": [
    [
      1783813470,
      1.64
    ],
    [
      1783814371,
      1.64
    ],
    [
      1783815273,
      1.65
    ],
    [
      1783816174,
      1.65
    ],
    [
      1783817075,
      1.64
    ],
    [
      1783817979,
      1.64
    ],
    [
      1783818883,
      1.65
    ],
    [
      1783819786,
      1.65
    ]
  ],
  "stellar": [
    [
      1783813470,
      0.187383
    ],
    [
      1783814371,
      0.186689
    ],
    [
      1783815273,
      0.184564
    ],
    [
      1783816174,
      0.185101
    ],
    [
      1783817075,
      0.183472
    ],
    [
      1783817979,
      0.183948
    ],
    [
      1783818883,
      0.184591
    ],
    [
      1783819786,
      0.185323
    ]
  ],
  "hedera-hashgraph": [
    [
      1783813470,
      0.068634
    ],
    [
      1783814371,
      0.068572
    ],
    [
      1783815273,
      0.068091
    ],
    [
      1783816174,
      0.068157
    ],
    [
      1783817075,
      0.068013
    ],
    [
      1783817979,
      0.068007
    ],
    [
      1783818883,
      0.068198
    ],
    [
      1783819786,
      0.068321
    ]
  ],
  "sui": [
    [
      1783813470,
      0.730576
    ],
    [
      1783814371,
      0.72918
    ],
    [
      1783815273,
      0.726286
    ],
    [
      1783816174,
      0.726392
    ],
    [
      1783817075,
      0.723072
    ],
    [
      1783817979,
      0.72362
    ],
    [
      1783818883,
      0.725162
    ],
    [
      1783819786,
      0.727541
    ]
  ],
  "bitcoin-cash": [
    [
      1783813470,
      244.46
    ],
    [
      1783814371,
      244.25
    ],
    [
      1783815273,
      244.11
    ],
    [
      1783816174,
      244.42
    ],
    [
      1783817075,
      243.63
    ],
    [
      1783817979,
      243.88
    ],
    [
      1783818883,
      244.52
    ],
    [
      1783819786,
      245.34
    ]
  ],
  "litecoin": [
    [
      1783813470,
      44.77
    ],
    [
      1783814371,
      44.71
    ],
    [
      1783815273,
      44.41
    ],
    [
      1783816174,
      44.47
    ],
    [
      1783817075,
      44.4
    ],
    [
      1783817979,
      44.44
    ],
    [
      1783818883,
      44.56
    ],
    [
      1783819786,
      44.61
    ]
  ],
  "polkadot": [
    [
      1783813470,
      0.8527
    ],
    [
      1783814371,
      0.854017
    ],
    [
      1783815273,
      0.849494
    ],
    [
      1783816174,
      0.85034
    ],
    [
      1783817075,
      0.849644
    ],
    [
      1783817979,
      0.851188
    ],
    [
      1783818883,
      0.853387
    ],
    [
      1783819786,
      0.854939
    ]
  ],
  "hyperliquid": [
    [
      1783813470,
      67.04
    ],
    [
      1783814371,
      66.92
    ],
    [
      1783815273,
      66.85
    ],
    [
      1783816174,
      66.92
    ],
    [
      1783817075,
      66.95
    ],
    [
      1783817979,
      66.88
    ],
    [
      1783818883,
      66.91
    ],
    [
      1783819786,
      67.21
    ]
  ],
  "monero": [
    [
      1783813470,
      322.32
    ],
    [
      1783814371,
      322.89
    ],
    [
      1783815273,
      322.88
    ],
    [
      1783816174,
      322.24
    ],
    [
      1783817075,
      323.02
    ],
    [
      1783817979,
      323.67
    ],
    [
      1783818883,
      323.97
    ],
    [
      1783819786,
      324.07
    ]
  ],
  "_alerts_sent": {}
}