{
  "bitcoin": [
    [
      1782472818,
      59350
    ],
    [
      1782473719,
      59377
    ],
    [
      1782474621,
      59332
    ],
    [
      1782475522,
      59326
    ],
    [
      1782476424,
      59480
    ],
    [
      1782477326,
      59786
    ],
    [
      1782478227,
      59189
    ],
    [
      1782479129,
      59122
    ]
  ],
  "ethereum": [
    [
      1782472818,
      1545.72
    ],
    [
      1782473719,
      1545.6
    ],
    [
      1782474621,
      1544.94
    ],
    [
      1782475522,
      1543.92
    ],
    [
      1782476424,
      1546.92
    ],
    [
      1782477326,
      1553.43
    ],
    [
      1782478227,
      1536.07
    ],
    [
      1782479129,
      1533.96
    ]
  ],
  "avalanche-2": [
    [
      1782472818,
      6.14
    ],
    [
      1782473719,
      6.13
    ],
    [
      1782474621,
      6.13
    ],
    [
      1782475522,
      6.13
    ],
    [
      1782476424,
      6.13
    ],
    [
      1782477326,
      6.15
    ],
    [
      1782478227,
      6.1
    ],
    [
      1782479129,
      6.1
    ]
  ],
  "ondo-finance": [
    [
      1782472818,
      0.307218
    ],
    [
      1782473719,
      0.307211
    ],
    [
      1782474621,
      0.307069
    ],
    [
      1782475522,
      0.306594
    ],
    [
      1782476424,
      0.306965
    ],
    [
      1782477326,
      0.309365
    ],
    [
      1782478227,
      0.306858
    ],
    [
      1782479129,
      0.305741
    ]
  ],
  "binancecoin": [
    [
      1782472818,
      563.44
    ],
    [
      1782473719,
      563.67
    ],
    [
      1782474621,
      560.44
    ],
    [
      1782475522,
      558.7
    ],
    [
      1782476424,
      558.98
    ],
    [
      1782477326,
      559.48
    ],
    [
      1782478227,
      556.25
    ],
    [
      1782479129,
      555.4
    ]
  ],
  "ripple": [
    [
      1782472818,
      1.024
    ],
    [
      1782473719,
      1.024
    ],
    [
      1782474621,
      1.022
    ],
    [
      1782475522,
      1.021
    ],
    [
      1782476424,
      1.025
    ],
    [
      1782477326,
      1.029
    ],
    [
      1782478227,
      1.02
    ],
    [
      1782479129,
      1.018
    ]
  ],
  "solana": [
    [
      1782472818,
      68.61
    ],
    [
      1782473719,
      68.52
    ],
    [
      1782474621,
      68.53
    ],
    [
      1782475522,
      68.56
    ],
    [
      1782476424,
      68.91
    ],
    [
      1782477326,
      69.24
    ],
    [
      1782478227,
      68.8
    ],
    [
      1782479129,
      68.78
    ]
  ],
  "dogecoin": [
    [
      1782472818,
      0.073633
    ],
    [
      1782473719,
      0.073494
    ],
    [
      1782474621,
      0.073502
    ],
    [
      1782475522,
      0.073387
    ],
    [
      1782476424,
      0.073512
    ],
    [
      1782477326,
      0.073835
    ],
    [
      1782478227,
      0.073318
    ],
    [
      1782479129,
      0.073295
    ]
  ],
  "cardano": [
    [
      1782472818,
      0.143754
    ],
    [
      1782473719,
      0.143534
    ],
    [
      1782474621,
      0.143246
    ],
    [
      1782475522,
      0.143185
    ],
    [
      1782476424,
      0.143726
    ],
    [
      1782477326,
      0.144129
    ],
    [
      1782478227,
      0.143093
    ],
    [
      1782479129,
      0.142651
    ]
  ],
  "tron": [
    [
      1782472818,
      0.321646
    ],
    [
      1782473719,
      0.321673
    ],
    [
      1782474621,
      0.321743
    ],
    [
      1782475522,
      0.32154
    ],
    [
      1782476424,
      0.321336
    ],
    [
      1782477326,
      0.321276
    ],
    [
      1782478227,
      0.320368
    ],
    [
      1782479129,
      0.320126
    ]
  ],
  "chainlink": [
    [
      1782472818,
      7.15
    ],
    [
      1782473719,
      7.15
    ],
    [
      1782474621,
      7.15
    ],
    [
      1782475522,
      7.14
    ],
    [
      1782476424,
      7.17
    ],
    [
      1782477326,
      7.19
    ],
    [
      1782478227,
      7.13
    ],
    [
      1782479129,
      7.12
    ]
  ],
  "the-open-network": [
    [
      1782472818,
      1.56
    ],
    [
      1782473719,
      1.54
    ],
    [
      1782474621,
      1.55
    ],
    [
      1782475522,
      1.55
    ],
    [
      1782476424,
      1.54
    ],
    [
      1782477326,
      1.55
    ],
    [
      1782478227,
      1.54
    ],
    [
      1782479129,
      1.54
    ]
  ],
  "stellar": [
    [
      1782472818,
      0.174263
    ],
    [
      1782473719,
      0.17435
    ],
    [
      1782474621,
      0.174143
    ],
    [
      1782475522,
      0.174195
    ],
    [
      1782476424,
      0.174895
    ],
    [
      1782477326,
      0.175639
    ],
    [
      1782478227,
      0.173312
    ],
    [
      1782479129,
      0.172391
    ]
  ],
  "hedera-hashgraph": [
    [
      1782472818,
      0.072689
    ],
    [
      1782473719,
      0.072675
    ],
    [
      1782474621,
      0.072734
    ],
    [
      1782475522,
      0.072663
    ],
    [
      1782476424,
      0.072794
    ],
    [
      1782477326,
      0.072956
    ],
    [
      1782478227,
      0.072245
    ],
    [
      1782479129,
      0.072249
    ]
  ],
  "sui": [
    [
      1782472818,
      0.67744
    ],
    [
      1782473719,
      0.676317
    ],
    [
      1782474621,
      0.676093
    ],
    [
      1782475522,
      0.675682
    ],
    [
      1782476424,
      0.678415
    ],
    [
      1782477326,
      0.679309
    ],
    [
      1782478227,
      0.675088
    ],
    [
      1782479129,
      0.674369
    ]
  ],
  "bitcoin-cash": [
    [
      1782472818,
      193.66
    ],
    [
      1782473719,
      193.08
    ],
    [
      1782474621,
      193.05
    ],
    [
      1782475522,
      193.14
    ],
    [
      1782476424,
      193.51
    ],
    [
      1782477326,
      194.07
    ],
    [
      1782478227,
      192.76
    ],
    [
      1782479129,
      192.63
    ]
  ],
  "litecoin": [
    [
      1782472818,
      41.21
    ],
    [
      1782473719,
      40.95
    ],
    [
      1782474621,
      40.88
    ],
    [
      1782475522,
      40.87
    ],
    [
      1782476424,
      40.82
    ],
    [
      1782477326,
      40.93
    ],
    [
      1782478227,
      40.5
    ],
    [
      1782479129,
      40.48
    ]
  ],
  "polkadot": [
    [
      1782472818,
      0.829678
    ],
    [
      1782473719,
      0.828496
    ],
    [
      1782474621,
      0.828574
    ],
    [
      1782475522,
      0.828881
    ],
    [
      1782476424,
      0.83113
    ],
    [
      1782477326,
      0.836689
    ],
    [
      1782478227,
      0.829406
    ],
    [
      1782479129,
      0.828615
    ]
  ],
  "hyperliquid": [
    [
      1782472818,
      61.88
    ],
    [
      1782473719,
      61.86
    ],
    [
      1782474621,
      62.06
    ],
    [
      1782475522,
      62.12
    ],
    [
      1782476424,
      62.33
    ],
    [
      1782477326,
      62.42
    ],
    [
      1782478227,
      61.52
    ],
    [
      1782479129,
      61.51
    ]
  ],
  "monero": [
    [
      1782472818,
      307.92
    ],
    [
      1782473719,
      308.4
    ],
    [
      1782474621,
      310.62
    ],
    [
      1782475522,
      310.87
    ],
    [
      1782476424,
      311.67
    ],
    [
      1782477326,
      311.06
    ],
    [
      1782478227,
      310.57
    ],
    [
      1782479129,
      308.02
    ]
  ],
  "_alerts_sent": {}
}