{
  "bitcoin": [
    [
      1784759499,
      65981
    ],
    [
      1784760400,
      65921
    ],
    [
      1784761301,
      66004
    ],
    [
      1784762202,
      65876
    ],
    [
      1784763104,
      65947
    ],
    [
      1784764005,
      65954
    ],
    [
      1784764906,
      66070
    ],
    [
      1784765808,
      66148
    ]
  ],
  "ethereum": [
    [
      1784759499,
      1934.62
    ],
    [
      1784760400,
      1932.31
    ],
    [
      1784761301,
      1936.99
    ],
    [
      1784762202,
      1925.8
    ],
    [
      1784763104,
      1928.59
    ],
    [
      1784764005,
      1929.03
    ],
    [
      1784764906,
      1933.07
    ],
    [
      1784765808,
      1933.78
    ]
  ],
  "avalanche-2": [
    [
      1784759499,
      6.62
    ],
    [
      1784760400,
      6.6
    ],
    [
      1784761301,
      6.62
    ],
    [
      1784762202,
      6.6
    ],
    [
      1784763104,
      6.6
    ],
    [
      1784764005,
      6.6
    ],
    [
      1784764906,
      6.62
    ],
    [
      1784765808,
      6.61
    ]
  ],
  "ondo-finance": [
    [
      1784759499,
      0.416015
    ],
    [
      1784760400,
      0.415137
    ],
    [
      1784761301,
      0.415732
    ],
    [
      1784762202,
      0.413916
    ],
    [
      1784763104,
      0.412993
    ],
    [
      1784764005,
      0.412025
    ],
    [
      1784764906,
      0.412729
    ],
    [
      1784765808,
      0.412688
    ]
  ],
  "binancecoin": [
    [
      1784759499,
      570.71
    ],
    [
      1784760400,
      570.3
    ],
    [
      1784761301,
      570.89
    ],
    [
      1784762202,
      569.54
    ],
    [
      1784763104,
      569.89
    ],
    [
      1784764005,
      570.08
    ],
    [
      1784764906,
      570.7
    ],
    [
      1784765808,
      571.05
    ]
  ],
  "ripple": [
    [
      1784759499,
      1.14
    ],
    [
      1784760400,
      1.14
    ],
    [
      1784761301,
      1.14
    ],
    [
      1784762202,
      1.14
    ],
    [
      1784763104,
      1.14
    ],
    [
      1784764005,
      1.14
    ],
    [
      1784764906,
      1.14
    ],
    [
      1784765808,
      1.14
    ]
  ],
  "solana": [
    [
      1784759499,
      78.0
    ],
    [
      1784760400,
      77.74
    ],
    [
      1784761301,
      77.96
    ],
    [
      1784762202,
      77.69
    ],
    [
      1784763104,
      77.68
    ],
    [
      1784764005,
      77.76
    ],
    [
      1784764906,
      77.94
    ],
    [
      1784765808,
      78.26
    ]
  ],
  "dogecoin": [
    [
      1784759499,
      0.072917
    ],
    [
      1784760400,
      0.072799
    ],
    [
      1784761301,
      0.07298
    ],
    [
      1784762202,
      0.072697
    ],
    [
      1784763104,
      0.072702
    ],
    [
      1784764005,
      0.072785
    ],
    [
      1784764906,
      0.072953
    ],
    [
      1784765808,
      0.073005
    ]
  ],
  "cardano": [
    [
      1784759499,
      0.17531
    ],
    [
      1784760400,
      0.174713
    ],
    [
      1784761301,
      0.175222
    ],
    [
      1784762202,
      0.173807
    ],
    [
      1784763104,
      0.173641
    ],
    [
      1784764005,
      0.173824
    ],
    [
      1784764906,
      0.174312
    ],
    [
      1784765808,
      0.174777
    ]
  ],
  "tron": [
    [
      1784759499,
      0.328507
    ],
    [
      1784760400,
      0.328474
    ],
    [
      1784761301,
      0.328519
    ],
    [
      1784762202,
      0.328572
    ],
    [
      1784763104,
      0.328586
    ],
    [
      1784764005,
      0.328589
    ],
    [
      1784764906,
      0.328741
    ],
    [
      1784765808,
      0.328575
    ]
  ],
  "chainlink": [
    [
      1784759499,
      8.63
    ],
    [
      1784760400,
      8.62
    ],
    [
      1784761301,
      8.63
    ],
    [
      1784762202,
      8.61
    ],
    [
      1784763104,
      8.6
    ],
    [
      1784764005,
      8.61
    ],
    [
      1784764906,
      8.62
    ],
    [
      1784765808,
      8.63
    ]
  ],
  "the-open-network": [
    [
      1784759499,
      1.5
    ],
    [
      1784760400,
      1.5
    ],
    [
      1784761301,
      1.5
    ],
    [
      1784762202,
      1.49
    ],
    [
      1784763104,
      1.49
    ],
    [
      1784764005,
      1.49
    ],
    [
      1784764906,
      1.49
    ],
    [
      1784765808,
      1.49
    ]
  ],
  "stellar": [
    [
      1784759499,
      0.188221
    ],
    [
      1784760400,
      0.187741
    ],
    [
      1784761301,
      0.187853
    ],
    [
      1784762202,
      0.186576
    ],
    [
      1784763104,
      0.186412
    ],
    [
      1784764005,
      0.186677
    ],
    [
      1784764906,
      0.18719
    ],
    [
      1784765808,
      0.187006
    ]
  ],
  "hedera-hashgraph": [
    [
      1784759499,
      0.072776
    ],
    [
      1784760400,
      0.072908
    ],
    [
      1784761301,
      0.073072
    ],
    [
      1784762202,
      0.072575
    ],
    [
      1784763104,
      0.072403
    ],
    [
      1784764005,
      0.07255
    ],
    [
      1784764906,
      0.072773
    ],
    [
      1784765808,
      0.073124
    ]
  ],
  "sui": [
    [
      1784759499,
      0.764953
    ],
    [
      1784760400,
      0.762482
    ],
    [
      1784761301,
      0.764373
    ],
    [
      1784762202,
      0.762064
    ],
    [
      1784763104,
      0.762364
    ],
    [
      1784764005,
      0.762068
    ],
    [
      1784764906,
      0.764124
    ],
    [
      1784765808,
      0.764571
    ]
  ],
  "bitcoin-cash": [
    [
      1784759499,
      219.8
    ],
    [
      1784760400,
      219.81
    ],
    [
      1784761301,
      220.27
    ],
    [
      1784762202,
      219.55
    ],
    [
      1784763104,
      219.37
    ],
    [
      1784764005,
      219.71
    ],
    [
      1784764906,
      219.91
    ],
    [
      1784765808,
      220.1
    ]
  ],
  "litecoin": [
    [
      1784759499,
      47.23
    ],
    [
      1784760400,
      47.12
    ],
    [
      1784761301,
      47.11
    ],
    [
      1784762202,
      46.98
    ],
    [
      1784763104,
      46.98
    ],
    [
      1784764005,
      46.95
    ],
    [
      1784764906,
      47.09
    ],
    [
      1784765808,
      47.15
    ]
  ],
  "polkadot": [
    [
      1784759499,
      0.837787
    ],
    [
      1784760400,
      0.835273
    ],
    [
      1784761301,
      0.836778
    ],
    [
      1784762202,
      0.833287
    ],
    [
      1784763104,
      0.831672
    ],
    [
      1784764005,
      0.832226
    ],
    [
      1784764906,
      0.834492
    ],
    [
      1784765808,
      0.837197
    ]
  ],
  "hyperliquid": [
    [
      1784759499,
      59.06
    ],
    [
      1784760400,
      58.91
    ],
    [
      1784761301,
      59.16
    ],
    [
      1784762202,
      59.06
    ],
    [
      1784763104,
      59.11
    ],
    [
      1784764005,
      59.3
    ],
    [
      1784764906,
      59.37
    ],
    [
      1784765808,
      59.52
    ]
  ],
  "monero": [
    [
      1784759499,
      350.75
    ],
    [
      1784760400,
      351.52
    ],
    [
      1784761301,
      351.93
    ],
    [
      1784762202,
      350.79
    ],
    [
      1784763104,
      351.25
    ],
    [
      1784764005,
      351.97
    ],
    [
      1784764906,
      352.5
    ],
    [
      1784765808,
      352.41
    ]
  ],
  "_alerts_sent": {}
}