{
  "bitcoin": [
    [
      1780731430,
      60994
    ],
    [
      1780732331,
      60995
    ],
    [
      1780733232,
      60938
    ],
    [
      1780734413,
      61116
    ],
    [
      1780735848,
      61336
    ],
    [
      1780736767,
      61181
    ],
    [
      1780737668,
      61172
    ],
    [
      1780738569,
      61235
    ]
  ],
  "ethereum": [
    [
      1780731430,
      1573.4
    ],
    [
      1780732331,
      1574.71
    ],
    [
      1780733232,
      1572.8
    ],
    [
      1780734413,
      1576.4
    ],
    [
      1780735848,
      1584.74
    ],
    [
      1780736767,
      1581.25
    ],
    [
      1780737668,
      1579.09
    ],
    [
      1780738569,
      1585.06
    ]
  ],
  "avalanche-2": [
    [
      1780731430,
      6.66
    ],
    [
      1780732331,
      6.7
    ],
    [
      1780733232,
      6.65
    ],
    [
      1780734413,
      6.69
    ],
    [
      1780735848,
      6.73
    ],
    [
      1780736767,
      6.74
    ],
    [
      1780737668,
      6.75
    ],
    [
      1780738569,
      6.81
    ]
  ],
  "ondo-finance": [
    [
      1780731430,
      0.330359
    ],
    [
      1780732331,
      0.332024
    ],
    [
      1780733232,
      0.329339
    ],
    [
      1780734413,
      0.329928
    ],
    [
      1780735848,
      0.333654
    ],
    [
      1780736767,
      0.334143
    ],
    [
      1780737668,
      0.334927
    ],
    [
      1780738569,
      0.336775
    ]
  ],
  "binancecoin": [
    [
      1780731430,
      577.28
    ],
    [
      1780732331,
      579.5
    ],
    [
      1780733232,
      578.27
    ],
    [
      1780734413,
      580.03
    ],
    [
      1780735848,
      581.29
    ],
    [
      1780736767,
      579.7
    ],
    [
      1780737668,
      580.3
    ],
    [
      1780738569,
      581.16
    ]
  ],
  "ripple": [
    [
      1780731430,
      1.091
    ],
    [
      1780732331,
      1.095
    ],
    [
      1780733232,
      1.091
    ],
    [
      1780734413,
      1.096
    ],
    [
      1780735848,
      1.099
    ],
    [
      1780736767,
      1.099
    ],
    [
      1780737668,
      1.096
    ],
    [
      1780738569,
      1.1
    ]
  ],
  "solana": [
    [
      1780731430,
      62.78
    ],
    [
      1780732331,
      62.88
    ],
    [
      1780733232,
      62.62
    ],
    [
      1780734413,
      62.9
    ],
    [
      1780735848,
      63.19
    ],
    [
      1780736767,
      63.19
    ],
    [
      1780737668,
      63.21
    ],
    [
      1780738569,
      63.43
    ]
  ],
  "dogecoin": [
    [
      1780731430,
      0.081174
    ],
    [
      1780732331,
      0.081562
    ],
    [
      1780733232,
      0.081275
    ],
    [
      1780734413,
      0.081685
    ],
    [
      1780735848,
      0.08202
    ],
    [
      1780736767,
      0.082203
    ],
    [
      1780737668,
      0.082096
    ],
    [
      1780738569,
      0.082306
    ]
  ],
  "cardano": [
    [
      1780731430,
      0.156911
    ],
    [
      1780732331,
      0.157796
    ],
    [
      1780733232,
      0.156818
    ],
    [
      1780734413,
      0.158375
    ],
    [
      1780735848,
      0.158782
    ],
    [
      1780736767,
      0.159561
    ],
    [
      1780737668,
      0.159137
    ],
    [
      1780738569,
      0.159105
    ]
  ],
  "tron": [
    [
      1780731430,
      0.320822
    ],
    [
      1780732331,
      0.32111
    ],
    [
      1780733232,
      0.319843
    ],
    [
      1780734413,
      0.31953
    ],
    [
      1780735848,
      0.319727
    ],
    [
      1780736767,
      0.319699
    ],
    [
      1780737668,
      0.319831
    ],
    [
      1780738569,
      0.320286
    ]
  ],
  "chainlink": [
    [
      1780731430,
      7.36
    ],
    [
      1780732331,
      7.39
    ],
    [
      1780733232,
      7.38
    ],
    [
      1780734413,
      7.39
    ],
    [
      1780735848,
      7.43
    ],
    [
      1780736767,
      7.44
    ],
    [
      1780737668,
      7.43
    ],
    [
      1780738569,
      7.46
    ]
  ],
  "the-open-network": [
    [
      1780731430,
      1.53
    ],
    [
      1780732331,
      1.53
    ],
    [
      1780733232,
      1.53
    ],
    [
      1780734413,
      1.57
    ],
    [
      1780735848,
      1.57
    ],
    [
      1780736767,
      1.57
    ],
    [
      1780737668,
      1.57
    ],
    [
      1780738569,
      1.58
    ]
  ],
  "stellar": [
    [
      1780731430,
      0.19907
    ],
    [
      1780732331,
      0.19929
    ],
    [
      1780733232,
      0.20039
    ],
    [
      1780734413,
      0.201633
    ],
    [
      1780735848,
      0.202558
    ],
    [
      1780736767,
      0.2032
    ],
    [
      1780737668,
      0.200856
    ],
    [
      1780738569,
      0.202754
    ]
  ],
  "hedera-hashgraph": [
    [
      1780731430,
      0.079066
    ],
    [
      1780732331,
      0.079425
    ],
    [
      1780733232,
      0.079378
    ],
    [
      1780734413,
      0.079324
    ],
    [
      1780735848,
      0.079315
    ],
    [
      1780736767,
      0.079894
    ],
    [
      1780737668,
      0.079663
    ],
    [
      1780738569,
      0.079873
    ]
  ],
  "sui": [
    [
      1780731430,
      0.702066
    ],
    [
      1780732331,
      0.704129
    ],
    [
      1780733232,
      0.700746
    ],
    [
      1780734413,
      0.704947
    ],
    [
      1780735848,
      0.70873
    ],
    [
      1780736767,
      0.711641
    ],
    [
      1780737668,
      0.711987
    ],
    [
      1780738569,
      0.716843
    ]
  ],
  "bitcoin-cash": [
    [
      1780731430,
      224.91
    ],
    [
      1780732331,
      224.5
    ],
    [
      1780733232,
      221.53
    ],
    [
      1780734413,
      224.83
    ],
    [
      1780735848,
      224.74
    ],
    [
      1780736767,
      223.87
    ],
    [
      1780737668,
      223.75
    ],
    [
      1780738569,
      224.01
    ]
  ],
  "litecoin": [
    [
      1780731430,
      42.7
    ],
    [
      1780732331,
      42.83
    ],
    [
      1780733232,
      42.65
    ],
    [
      1780734413,
      42.97
    ],
    [
      1780735848,
      43.24
    ],
    [
      1780736767,
      43.27
    ],
    [
      1780737668,
      43.3
    ],
    [
      1780738569,
      43.44
    ]
  ],
  "polkadot": [
    [
      1780731430,
      0.939009
    ],
    [
      1780732331,
      0.943294
    ],
    [
      1780733232,
      0.942736
    ],
    [
      1780734413,
      0.946
    ],
    [
      1780735848,
      0.950831
    ],
    [
      1780736767,
      0.954082
    ],
    [
      1780737668,
      0.953198
    ],
    [
      1780738569,
      0.95754
    ]
  ],
  "hyperliquid": [
    [
      1780731430,
      59.96
    ],
    [
      1780732331,
      60.26
    ],
    [
      1780733232,
      59.62
    ],
    [
      1780734413,
      60.1
    ],
    [
      1780735848,
      60.17
    ],
    [
      1780736767,
      60.02
    ],
    [
      1780737668,
      60.16
    ],
    [
      1780738569,
      60.19
    ]
  ],
  "monero": [
    [
      1780731430,
      307.79
    ],
    [
      1780732331,
      309.28
    ],
    [
      1780733232,
      308.29
    ],
    [
      1780734413,
      306.45
    ],
    [
      1780735848,
      308.0
    ],
    [
      1780736767,
      308.97
    ],
    [
      1780737668,
      308.67
    ],
    [
      1780738569,
      306.31
    ]
  ],
  "_alerts_sent": {
    "bitcoin-cash_2026-06-06 09": true
  }
}