{
  "bitcoin": [
    [
      1784443761,
      64669
    ],
    [
      1784444663,
      64671
    ],
    [
      1784445564,
      64653
    ],
    [
      1784446465,
      64666
    ],
    [
      1784447366,
      64704
    ],
    [
      1784448267,
      64639
    ],
    [
      1784449168,
      64638
    ],
    [
      1784450070,
      64625
    ]
  ],
  "ethereum": [
    [
      1784443761,
      1867.85
    ],
    [
      1784444663,
      1867.84
    ],
    [
      1784445564,
      1866.5
    ],
    [
      1784446465,
      1867.48
    ],
    [
      1784447366,
      1869.25
    ],
    [
      1784448267,
      1867.69
    ],
    [
      1784449168,
      1868.02
    ],
    [
      1784450070,
      1867.9
    ]
  ],
  "avalanche-2": [
    [
      1784443761,
      6.57
    ],
    [
      1784444663,
      6.57
    ],
    [
      1784445564,
      6.57
    ],
    [
      1784446465,
      6.56
    ],
    [
      1784447366,
      6.57
    ],
    [
      1784448267,
      6.55
    ],
    [
      1784449168,
      6.55
    ],
    [
      1784450070,
      6.55
    ]
  ],
  "ondo-finance": [
    [
      1784443761,
      0.350412
    ],
    [
      1784444663,
      0.350282
    ],
    [
      1784445564,
      0.349063
    ],
    [
      1784446465,
      0.349113
    ],
    [
      1784447366,
      0.349458
    ],
    [
      1784448267,
      0.350567
    ],
    [
      1784449168,
      0.351455
    ],
    [
      1784450070,
      0.353834
    ]
  ],
  "binancecoin": [
    [
      1784443761,
      568.6
    ],
    [
      1784444663,
      568.77
    ],
    [
      1784445564,
      568.48
    ],
    [
      1784446465,
      568.78
    ],
    [
      1784447366,
      568.93
    ],
    [
      1784448267,
      568.45
    ],
    [
      1784449168,
      568.77
    ],
    [
      1784450070,
      568.44
    ]
  ],
  "ripple": [
    [
      1784443761,
      1.095
    ],
    [
      1784444663,
      1.096
    ],
    [
      1784445564,
      1.096
    ],
    [
      1784446465,
      1.096
    ],
    [
      1784447366,
      1.096
    ],
    [
      1784448267,
      1.095
    ],
    [
      1784449168,
      1.096
    ],
    [
      1784450070,
      1.096
    ]
  ],
  "solana": [
    [
      1784443761,
      75.98
    ],
    [
      1784444663,
      76.06
    ],
    [
      1784445564,
      76.0
    ],
    [
      1784446465,
      76.13
    ],
    [
      1784447366,
      76.17
    ],
    [
      1784448267,
      76.05
    ],
    [
      1784449168,
      76.18
    ],
    [
      1784450070,
      76.16
    ]
  ],
  "dogecoin": [
    [
      1784443761,
      0.072427
    ],
    [
      1784444663,
      0.07244
    ],
    [
      1784445564,
      0.072379
    ],
    [
      1784446465,
      0.072466
    ],
    [
      1784447366,
      0.072535
    ],
    [
      1784448267,
      0.072397
    ],
    [
      1784449168,
      0.072555
    ],
    [
      1784450070,
      0.07253
    ]
  ],
  "cardano": [
    [
      1784443761,
      0.16616
    ],
    [
      1784444663,
      0.166105
    ],
    [
      1784445564,
      0.165845
    ],
    [
      1784446465,
      0.165919
    ],
    [
      1784447366,
      0.165929
    ],
    [
      1784448267,
      0.165524
    ],
    [
      1784449168,
      0.16566
    ],
    [
      1784450070,
      0.165588
    ]
  ],
  "tron": [
    [
      1784443761,
      0.325434
    ],
    [
      1784444663,
      0.325443
    ],
    [
      1784445564,
      0.325447
    ],
    [
      1784446465,
      0.325287
    ],
    [
      1784447366,
      0.325686
    ],
    [
      1784448267,
      0.325852
    ],
    [
      1784449168,
      0.326271
    ],
    [
      1784450070,
      0.326043
    ]
  ],
  "chainlink": [
    [
      1784443761,
      8.35
    ],
    [
      1784444663,
      8.35
    ],
    [
      1784445564,
      8.35
    ],
    [
      1784446465,
      8.36
    ],
    [
      1784447366,
      8.37
    ],
    [
      1784448267,
      8.36
    ],
    [
      1784449168,
      8.36
    ],
    [
      1784450070,
      8.35
    ]
  ],
  "the-open-network": [
    [
      1784443761,
      1.46
    ],
    [
      1784444663,
      1.46
    ],
    [
      1784445564,
      1.46
    ],
    [
      1784446465,
      1.46
    ],
    [
      1784447366,
      1.46
    ],
    [
      1784448267,
      1.46
    ],
    [
      1784449168,
      1.46
    ],
    [
      1784450070,
      1.46
    ]
  ],
  "stellar": [
    [
      1784443761,
      0.186467
    ],
    [
      1784444663,
      0.186352
    ],
    [
      1784445564,
      0.186669
    ],
    [
      1784446465,
      0.186698
    ],
    [
      1784447366,
      0.18668
    ],
    [
      1784448267,
      0.186322
    ],
    [
      1784449168,
      0.186714
    ],
    [
      1784450070,
      0.186864
    ]
  ],
  "hedera-hashgraph": [
    [
      1784443761,
      0.066764
    ],
    [
      1784444663,
      0.066994
    ],
    [
      1784445564,
      0.067002
    ],
    [
      1784446465,
      0.066958
    ],
    [
      1784447366,
      0.067134
    ],
    [
      1784448267,
      0.067119
    ],
    [
      1784449168,
      0.067118
    ],
    [
      1784450070,
      0.067037
    ]
  ],
  "sui": [
    [
      1784443761,
      0.743055
    ],
    [
      1784444663,
      0.745065
    ],
    [
      1784445564,
      0.745346
    ],
    [
      1784446465,
      0.745616
    ],
    [
      1784447366,
      0.745621
    ],
    [
      1784448267,
      0.744523
    ],
    [
      1784449168,
      0.746651
    ],
    [
      1784450070,
      0.746919
    ]
  ],
  "bitcoin-cash": [
    [
      1784443761,
      218.63
    ],
    [
      1784444663,
      218.47
    ],
    [
      1784445564,
      218.34
    ],
    [
      1784446465,
      218.45
    ],
    [
      1784447366,
      218.45
    ],
    [
      1784448267,
      217.91
    ],
    [
      1784449168,
      218.07
    ],
    [
      1784450070,
      217.67
    ]
  ],
  "litecoin": [
    [
      1784443761,
      46.8
    ],
    [
      1784444663,
      46.82
    ],
    [
      1784445564,
      46.89
    ],
    [
      1784446465,
      47.1
    ],
    [
      1784447366,
      47.1
    ],
    [
      1784448267,
      47.04
    ],
    [
      1784449168,
      46.94
    ],
    [
      1784450070,
      46.87
    ]
  ],
  "polkadot": [
    [
      1784443761,
      0.83755
    ],
    [
      1784444663,
      0.837727
    ],
    [
      1784445564,
      0.836653
    ],
    [
      1784446465,
      0.836918
    ],
    [
      1784447366,
      0.837782
    ],
    [
      1784448267,
      0.836498
    ],
    [
      1784449168,
      0.837411
    ],
    [
      1784450070,
      0.835989
    ]
  ],
  "hyperliquid": [
    [
      1784443761,
      60.81
    ],
    [
      1784444663,
      60.8
    ],
    [
      1784445564,
      60.81
    ],
    [
      1784446465,
      60.87
    ],
    [
      1784447366,
      60.81
    ],
    [
      1784448267,
      60.8
    ],
    [
      1784449168,
      61.0
    ],
    [
      1784450070,
      60.96
    ]
  ],
  "monero": [
    [
      1784443761,
      336.5
    ],
    [
      1784444663,
      337.7
    ],
    [
      1784445564,
      338.39
    ],
    [
      1784446465,
      339.37
    ],
    [
      1784447366,
      339.0
    ],
    [
      1784448267,
      338.96
    ],
    [
      1784449168,
      339.53
    ],
    [
      1784450070,
      339.35
    ]
  ],
  "_alerts_sent": {}
}