{
  "bitcoin": [
    [
      1783220035,
      62566.4
    ],
    [
      1783220936,
      62707
    ],
    [
      1783221838,
      62644
    ],
    [
      1783222739,
      62680
    ],
    [
      1783223640,
      62679.8
    ],
    [
      1783224542,
      62703
    ],
    [
      1783225443,
      62784
    ],
    [
      1783226344,
      62854
    ]
  ],
  "ethereum": [
    [
      1783220035,
      1757.98
    ],
    [
      1783220936,
      1761.22
    ],
    [
      1783221838,
      1757.5
    ],
    [
      1783222739,
      1759.63
    ],
    [
      1783223640,
      1760.0
    ],
    [
      1783224542,
      1760.8
    ],
    [
      1783225443,
      1766.08
    ],
    [
      1783226344,
      1768.24
    ]
  ],
  "avalanche-2": [
    [
      1783220035,
      6.814
    ],
    [
      1783220936,
      6.81
    ],
    [
      1783221838,
      6.82
    ],
    [
      1783222739,
      6.8
    ],
    [
      1783223640,
      6.796
    ],
    [
      1783224542,
      6.78
    ],
    [
      1783225443,
      6.79
    ],
    [
      1783226344,
      6.8
    ]
  ],
  "ondo-finance": [
    [
      1783220035,
      0.32732
    ],
    [
      1783220936,
      0.327473
    ],
    [
      1783221838,
      0.327559
    ],
    [
      1783222739,
      0.326895
    ],
    [
      1783223640,
      0.32782
    ],
    [
      1783224542,
      0.327102
    ],
    [
      1783225443,
      0.328296
    ],
    [
      1783226344,
      0.328839
    ]
  ],
  "binancecoin": [
    [
      1783220936,
      569.65
    ],
    [
      1783221838,
      569.68
    ],
    [
      1783222739,
      569.86
    ],
    [
      1783224542,
      570.11
    ],
    [
      1783225443,
      570.72
    ],
    [
      1783226344,
      571.24
    ]
  ],
  "ripple": [
    [
      1783220936,
      1.14
    ],
    [
      1783221838,
      1.14
    ],
    [
      1783222739,
      1.14
    ],
    [
      1783224542,
      1.14
    ],
    [
      1783225443,
      1.14
    ],
    [
      1783226344,
      1.14
    ]
  ],
  "solana": [
    [
      1783220936,
      80.42
    ],
    [
      1783221838,
      80.43
    ],
    [
      1783222739,
      80.39
    ],
    [
      1783224542,
      80.42
    ],
    [
      1783225443,
      80.54
    ],
    [
      1783226344,
      80.67
    ]
  ],
  "dogecoin": [
    [
      1783220936,
      0.075917
    ],
    [
      1783221838,
      0.075982
    ],
    [
      1783222739,
      0.075957
    ],
    [
      1783224542,
      0.075866
    ],
    [
      1783225443,
      0.075979
    ],
    [
      1783226344,
      0.076182
    ]
  ],
  "cardano": [
    [
      1783220936,
      0.190892
    ],
    [
      1783221838,
      0.190058
    ],
    [
      1783222739,
      0.189781
    ],
    [
      1783224542,
      0.190443
    ],
    [
      1783225443,
      0.190234
    ],
    [
      1783226344,
      0.191859
    ]
  ],
  "tron": [
    [
      1783220936,
      0.324327
    ],
    [
      1783221838,
      0.324396
    ],
    [
      1783222739,
      0.324129
    ],
    [
      1783224542,
      0.32417
    ],
    [
      1783225443,
      0.324286
    ],
    [
      1783226344,
      0.324455
    ]
  ],
  "chainlink": [
    [
      1783220936,
      7.9
    ],
    [
      1783221838,
      7.89
    ],
    [
      1783222739,
      7.88
    ],
    [
      1783224542,
      7.88
    ],
    [
      1783225443,
      7.9
    ],
    [
      1783226344,
      7.91
    ]
  ],
  "the-open-network": [
    [
      1783220936,
      1.74
    ],
    [
      1783221838,
      1.74
    ],
    [
      1783222739,
      1.74
    ],
    [
      1783224542,
      1.75
    ],
    [
      1783225443,
      1.76
    ],
    [
      1783226344,
      1.78
    ]
  ],
  "stellar": [
    [
      1783220936,
      0.202263
    ],
    [
      1783221838,
      0.201725
    ],
    [
      1783222739,
      0.201678
    ],
    [
      1783224542,
      0.201082
    ],
    [
      1783225443,
      0.201465
    ],
    [
      1783226344,
      0.202055
    ]
  ],
  "hedera-hashgraph": [
    [
      1783220936,
      0.075309
    ],
    [
      1783221838,
      0.075244
    ],
    [
      1783222739,
      0.075206
    ],
    [
      1783224542,
      0.075285
    ],
    [
      1783225443,
      0.075309
    ],
    [
      1783226344,
      0.075371
    ]
  ],
  "sui": [
    [
      1783220936,
      0.741907
    ],
    [
      1783221838,
      0.741814
    ],
    [
      1783222739,
      0.740993
    ],
    [
      1783224542,
      0.741317
    ],
    [
      1783225443,
      0.743077
    ],
    [
      1783226344,
      0.744304
    ]
  ],
  "bitcoin-cash": [
    [
      1783220936,
      234.7
    ],
    [
      1783221838,
      236.14
    ],
    [
      1783222739,
      236.75
    ],
    [
      1783224542,
      236.68
    ],
    [
      1783225443,
      238.42
    ],
    [
      1783226344,
      239.04
    ]
  ],
  "litecoin": [
    [
      1783220936,
      44.22
    ],
    [
      1783221838,
      44.24
    ],
    [
      1783222739,
      44.21
    ],
    [
      1783224542,
      44.24
    ],
    [
      1783225443,
      44.3
    ],
    [
      1783226344,
      44.34
    ]
  ],
  "polkadot": [
    [
      1783220936,
      0.871206
    ],
    [
      1783221838,
      0.870374
    ],
    [
      1783222739,
      0.868239
    ],
    [
      1783224542,
      0.868633
    ],
    [
      1783225443,
      0.870427
    ],
    [
      1783226344,
      0.872027
    ]
  ],
  "hyperliquid": [
    [
      1783220936,
      68.64
    ],
    [
      1783221838,
      68.6
    ],
    [
      1783222739,
      68.43
    ],
    [
      1783224542,
      68.72
    ],
    [
      1783225443,
      69.06
    ],
    [
      1783226344,
      68.96
    ]
  ],
  "monero": [
    [
      1783220936,
      327.73
    ],
    [
      1783221838,
      327.56
    ],
    [
      1783222739,
      327.15
    ],
    [
      1783224542,
      328.18
    ],
    [
      1783225443,
      329.16
    ],
    [
      1783226344,
      329.79
    ]
  ],
  "_alerts_sent": {}
}