{
  "bitcoin": [
    [
      1784086380,
      64628
    ],
    [
      1784087281,
      64631
    ],
    [
      1784088182,
      64748
    ],
    [
      1784089083,
      64782
    ],
    [
      1784089985,
      64687
    ],
    [
      1784090886,
      64783
    ],
    [
      1784091787,
      64717
    ],
    [
      1784092689,
      64585
    ]
  ],
  "ethereum": [
    [
      1784086380,
      1869.82
    ],
    [
      1784087281,
      1871.07
    ],
    [
      1784088182,
      1875.34
    ],
    [
      1784089083,
      1875.83
    ],
    [
      1784089985,
      1873.48
    ],
    [
      1784090886,
      1877.54
    ],
    [
      1784091787,
      1875.48
    ],
    [
      1784092689,
      1871.77
    ]
  ],
  "avalanche-2": [
    [
      1784086380,
      6.63
    ],
    [
      1784087281,
      6.64
    ],
    [
      1784088182,
      6.66
    ],
    [
      1784089083,
      6.66
    ],
    [
      1784089985,
      6.64
    ],
    [
      1784090886,
      6.64
    ],
    [
      1784091787,
      6.65
    ],
    [
      1784092689,
      6.64
    ]
  ],
  "ondo-finance": [
    [
      1784086380,
      0.321941
    ],
    [
      1784087281,
      0.321211
    ],
    [
      1784088182,
      0.321943
    ],
    [
      1784089083,
      0.322378
    ],
    [
      1784089985,
      0.320106
    ],
    [
      1784090886,
      0.320303
    ],
    [
      1784091787,
      0.320381
    ],
    [
      1784092689,
      0.318618
    ]
  ],
  "binancecoin": [
    [
      1784086380,
      580.3
    ],
    [
      1784087281,
      579.56
    ],
    [
      1784088182,
      580.41
    ],
    [
      1784089083,
      580.54
    ],
    [
      1784089985,
      578.22
    ],
    [
      1784090886,
      579.13
    ],
    [
      1784091787,
      579.37
    ],
    [
      1784092689,
      578.81
    ]
  ],
  "ripple": [
    [
      1784086380,
      1.1
    ],
    [
      1784087281,
      1.1
    ],
    [
      1784088182,
      1.1
    ],
    [
      1784089083,
      1.1
    ],
    [
      1784089985,
      1.1
    ],
    [
      1784090886,
      1.1
    ],
    [
      1784091787,
      1.1
    ],
    [
      1784092689,
      1.1
    ]
  ],
  "solana": [
    [
      1784086380,
      77.5
    ],
    [
      1784087281,
      77.62
    ],
    [
      1784088182,
      77.74
    ],
    [
      1784089083,
      77.67
    ],
    [
      1784089985,
      77.6
    ],
    [
      1784090886,
      77.86
    ],
    [
      1784091787,
      77.97
    ],
    [
      1784092689,
      77.76
    ]
  ],
  "dogecoin": [
    [
      1784086380,
      0.073943
    ],
    [
      1784087281,
      0.073939
    ],
    [
      1784088182,
      0.074015
    ],
    [
      1784089083,
      0.074017
    ],
    [
      1784089985,
      0.073872
    ],
    [
      1784090886,
      0.073978
    ],
    [
      1784091787,
      0.074013
    ],
    [
      1784092689,
      0.073864
    ]
  ],
  "cardano": [
    [
      1784086380,
      0.163519
    ],
    [
      1784087281,
      0.163295
    ],
    [
      1784088182,
      0.163877
    ],
    [
      1784089083,
      0.163843
    ],
    [
      1784089985,
      0.163351
    ],
    [
      1784090886,
      0.163501
    ],
    [
      1784091787,
      0.163542
    ],
    [
      1784092689,
      0.1629
    ]
  ],
  "tron": [
    [
      1784086380,
      0.325941
    ],
    [
      1784087281,
      0.326652
    ],
    [
      1784088182,
      0.326804
    ],
    [
      1784089083,
      0.326631
    ],
    [
      1784089985,
      0.326578
    ],
    [
      1784090886,
      0.3265
    ],
    [
      1784091787,
      0.326435
    ],
    [
      1784092689,
      0.326411
    ]
  ],
  "chainlink": [
    [
      1784086380,
      8.28
    ],
    [
      1784087281,
      8.29
    ],
    [
      1784088182,
      8.33
    ],
    [
      1784089083,
      8.34
    ],
    [
      1784089985,
      8.32
    ],
    [
      1784090886,
      8.33
    ],
    [
      1784091787,
      8.32
    ],
    [
      1784092689,
      8.32
    ]
  ],
  "the-open-network": [
    [
      1784086380,
      1.61
    ],
    [
      1784087281,
      1.61
    ],
    [
      1784088182,
      1.62
    ],
    [
      1784089083,
      1.61
    ],
    [
      1784089985,
      1.61
    ],
    [
      1784090886,
      1.61
    ],
    [
      1784091787,
      1.61
    ],
    [
      1784092689,
      1.61
    ]
  ],
  "stellar": [
    [
      1784086380,
      0.182354
    ],
    [
      1784087281,
      0.182438
    ],
    [
      1784088182,
      0.183034
    ],
    [
      1784089083,
      0.183252
    ],
    [
      1784089985,
      0.182748
    ],
    [
      1784090886,
      0.1831
    ],
    [
      1784091787,
      0.1832
    ],
    [
      1784092689,
      0.18273
    ]
  ],
  "hedera-hashgraph": [
    [
      1784086380,
      0.067324
    ],
    [
      1784087281,
      0.067237
    ],
    [
      1784088182,
      0.067382
    ],
    [
      1784089083,
      0.067445
    ],
    [
      1784089985,
      0.067255
    ],
    [
      1784090886,
      0.067268
    ],
    [
      1784091787,
      0.067327
    ],
    [
      1784092689,
      0.067194
    ]
  ],
  "sui": [
    [
      1784086380,
      0.752166
    ],
    [
      1784087281,
      0.752234
    ],
    [
      1784088182,
      0.752987
    ],
    [
      1784089083,
      0.753553
    ],
    [
      1784089985,
      0.751623
    ],
    [
      1784090886,
      0.753091
    ],
    [
      1784091787,
      0.752891
    ],
    [
      1784092689,
      0.750385
    ]
  ],
  "bitcoin-cash": [
    [
      1784086380,
      233.0
    ],
    [
      1784087281,
      233.42
    ],
    [
      1784088182,
      233.72
    ],
    [
      1784089083,
      233.45
    ],
    [
      1784089985,
      233.11
    ],
    [
      1784090886,
      233.33
    ],
    [
      1784091787,
      233.02
    ],
    [
      1784092689,
      234.42
    ]
  ],
  "litecoin": [
    [
      1784086380,
      44.95
    ],
    [
      1784087281,
      44.86
    ],
    [
      1784088182,
      44.95
    ],
    [
      1784089083,
      44.68
    ],
    [
      1784089985,
      44.64
    ],
    [
      1784090886,
      44.7
    ],
    [
      1784091787,
      44.74
    ],
    [
      1784092689,
      44.68
    ]
  ],
  "polkadot": [
    [
      1784086380,
      0.851671
    ],
    [
      1784087281,
      0.853031
    ],
    [
      1784088182,
      0.854676
    ],
    [
      1784089083,
      0.85377
    ],
    [
      1784089985,
      0.850203
    ],
    [
      1784090886,
      0.850829
    ],
    [
      1784091787,
      0.851579
    ],
    [
      1784092689,
      0.84788
    ]
  ],
  "hyperliquid": [
    [
      1784086380,
      67.37
    ],
    [
      1784087281,
      67.1
    ],
    [
      1784088182,
      67.25
    ],
    [
      1784089083,
      66.94
    ],
    [
      1784089985,
      66.86
    ],
    [
      1784090886,
      66.92
    ],
    [
      1784091787,
      66.75
    ],
    [
      1784092689,
      66.67
    ]
  ],
  "monero": [
    [
      1784086380,
      330.78
    ],
    [
      1784087281,
      330.84
    ],
    [
      1784088182,
      331.19
    ],
    [
      1784089083,
      330.96
    ],
    [
      1784089985,
      330.53
    ],
    [
      1784090886,
      330.71
    ],
    [
      1784091787,
      331.43
    ],
    [
      1784092689,
      330.98
    ]
  ],
  "_alerts_sent": {}
}