{
  "bitcoin": [
    [
      1779803626,
      77187
    ],
    [
      1779804527,
      77154
    ],
    [
      1779805429,
      77619
    ],
    [
      1779806331,
      77294
    ],
    [
      1779807233,
      77018
    ],
    [
      1779808134,
      76739
    ],
    [
      1779809036,
      76624
    ],
    [
      1779809938,
      76346
    ]
  ],
  "ethereum": [
    [
      1779803626,
      2122.74
    ],
    [
      1779804527,
      2125.43
    ],
    [
      1779805429,
      2132.91
    ],
    [
      1779806331,
      2124.89
    ],
    [
      1779807233,
      2114.11
    ],
    [
      1779808134,
      2102.01
    ],
    [
      1779809036,
      2100.79
    ],
    [
      1779809938,
      2086.91
    ]
  ],
  "avalanche-2": [
    [
      1779803626,
      9.4
    ],
    [
      1779804527,
      9.42
    ],
    [
      1779805429,
      9.44
    ],
    [
      1779806331,
      9.43
    ],
    [
      1779807233,
      9.35
    ],
    [
      1779808134,
      9.31
    ],
    [
      1779809036,
      9.31
    ],
    [
      1779809938,
      9.27
    ]
  ],
  "ondo-finance": [
    [
      1779803626,
      0.417872
    ],
    [
      1779804527,
      0.416613
    ],
    [
      1779805429,
      0.41653
    ],
    [
      1779806331,
      0.414403
    ],
    [
      1779807233,
      0.412313
    ],
    [
      1779808134,
      0.415203
    ],
    [
      1779809036,
      0.417031
    ],
    [
      1779809938,
      0.416766
    ]
  ]
}