{
  "bitcoin": [
    [
      1782085604,
      63253
    ],
    [
      1782086505,
      63294
    ],
    [
      1782087406,
      63445
    ],
    [
      1782088308,
      63632
    ],
    [
      1782089209,
      63828
    ],
    [
      1782090110,
      63844
    ],
    [
      1782091011,
      63869
    ],
    [
      1782091913,
      64593
    ]
  ],
  "ethereum": [
    [
      1782085604,
      1704.93
    ],
    [
      1782086505,
      1707.39
    ],
    [
      1782087406,
      1711.0
    ],
    [
      1782088308,
      1718.01
    ],
    [
      1782089209,
      1723.59
    ],
    [
      1782090110,
      1725.44
    ],
    [
      1782091011,
      1725.5
    ],
    [
      1782091913,
      1750.91
    ]
  ],
  "avalanche-2": [
    [
      1782085604,
      6.1
    ],
    [
      1782086505,
      6.11
    ],
    [
      1782087406,
      6.12
    ],
    [
      1782088308,
      6.14
    ],
    [
      1782089209,
      6.18
    ],
    [
      1782090110,
      6.19
    ],
    [
      1782091011,
      6.19
    ],
    [
      1782091913,
      6.29
    ]
  ],
  "ondo-finance": [
    [
      1782085604,
      0.330669
    ],
    [
      1782086505,
      0.329821
    ],
    [
      1782087406,
      0.331428
    ],
    [
      1782088308,
      0.333345
    ],
    [
      1782089209,
      0.335909
    ],
    [
      1782090110,
      0.336103
    ],
    [
      1782091011,
      0.33599
    ],
    [
      1782091913,
      0.338559
    ]
  ],
  "binancecoin": [
    [
      1782085604,
      584.26
    ],
    [
      1782086505,
      583.95
    ],
    [
      1782087406,
      584.31
    ],
    [
      1782088308,
      585.93
    ],
    [
      1782089209,
      587.52
    ],
    [
      1782090110,
      587.29
    ],
    [
      1782091011,
      587.3
    ],
    [
      1782091913,
      593.15
    ]
  ],
  "ripple": [
    [
      1782085604,
      1.12
    ],
    [
      1782086505,
      1.12
    ],
    [
      1782087406,
      1.13
    ],
    [
      1782088308,
      1.13
    ],
    [
      1782089209,
      1.14
    ],
    [
      1782090110,
      1.14
    ],
    [
      1782091011,
      1.13
    ],
    [
      1782091913,
      1.15
    ]
  ],
  "solana": [
    [
      1782085604,
      72.46
    ],
    [
      1782086505,
      72.41
    ],
    [
      1782087406,
      72.64
    ],
    [
      1782088308,
      72.87
    ],
    [
      1782089209,
      73.25
    ],
    [
      1782090110,
      73.26
    ],
    [
      1782091011,
      73.29
    ],
    [
      1782091913,
      74.6
    ]
  ],
  "dogecoin": [
    [
      1782085604,
      0.082184
    ],
    [
      1782086505,
      0.08217
    ],
    [
      1782087406,
      0.082404
    ],
    [
      1782088308,
      0.08258
    ],
    [
      1782089209,
      0.082931
    ],
    [
      1782090110,
      0.08302
    ],
    [
      1782091011,
      0.082993
    ],
    [
      1782091913,
      0.083831
    ]
  ],
  "cardano": [
    [
      1782085604,
      0.157253
    ],
    [
      1782086505,
      0.156618
    ],
    [
      1782087406,
      0.157041
    ],
    [
      1782088308,
      0.158226
    ],
    [
      1782089209,
      0.159075
    ],
    [
      1782090110,
      0.159277
    ],
    [
      1782091011,
      0.159232
    ],
    [
      1782091913,
      0.161633
    ]
  ],
  "tron": [
    [
      1782085604,
      0.327274
    ],
    [
      1782086505,
      0.327326
    ],
    [
      1782087406,
      0.327425
    ],
    [
      1782088308,
      0.32725
    ],
    [
      1782089209,
      0.32746
    ],
    [
      1782090110,
      0.327372
    ],
    [
      1782091011,
      0.327654
    ],
    [
      1782091913,
      0.327932
    ]
  ],
  "chainlink": [
    [
      1782085604,
      7.78
    ],
    [
      1782086505,
      7.77
    ],
    [
      1782087406,
      7.8
    ],
    [
      1782088308,
      7.83
    ],
    [
      1782089209,
      7.88
    ],
    [
      1782090110,
      7.88
    ],
    [
      1782091011,
      7.87
    ],
    [
      1782091913,
      7.97
    ]
  ],
  "the-open-network": [
    [
      1782085604,
      1.65
    ],
    [
      1782086505,
      1.64
    ],
    [
      1782087406,
      1.64
    ],
    [
      1782088308,
      1.63
    ],
    [
      1782089209,
      1.63
    ],
    [
      1782090110,
      1.63
    ],
    [
      1782091011,
      1.63
    ],
    [
      1782091913,
      1.64
    ]
  ],
  "stellar": [
    [
      1782085604,
      0.2101
    ],
    [
      1782086505,
      0.209773
    ],
    [
      1782087406,
      0.210226
    ],
    [
      1782088308,
      0.210862
    ],
    [
      1782089209,
      0.2122
    ],
    [
      1782090110,
      0.212878
    ],
    [
      1782091011,
      0.212507
    ],
    [
      1782091913,
      0.215192
    ]
  ],
  "hedera-hashgraph": [
    [
      1782085604,
      0.07807
    ],
    [
      1782086505,
      0.078014
    ],
    [
      1782087406,
      0.07805
    ],
    [
      1782088308,
      0.078171
    ],
    [
      1782089209,
      0.078541
    ],
    [
      1782090110,
      0.078546
    ],
    [
      1782091011,
      0.078518
    ],
    [
      1782091913,
      0.07931
    ]
  ],
  "sui": [
    [
      1782085604,
      0.692717
    ],
    [
      1782086505,
      0.693025
    ],
    [
      1782087406,
      0.696005
    ],
    [
      1782088308,
      0.699262
    ],
    [
      1782089209,
      0.702937
    ],
    [
      1782090110,
      0.704416
    ],
    [
      1782091011,
      0.702941
    ],
    [
      1782091913,
      0.711068
    ]
  ],
  "bitcoin-cash": [
    [
      1782085604,
      194.88
    ],
    [
      1782086505,
      194.89
    ],
    [
      1782087406,
      195.86
    ],
    [
      1782088308,
      196.26
    ],
    [
      1782089209,
      197.65
    ],
    [
      1782090110,
      197.87
    ],
    [
      1782091011,
      197.93
    ],
    [
      1782091913,
      200.31
    ]
  ],
  "litecoin": [
    [
      1782085604,
      44.44
    ],
    [
      1782086505,
      44.44
    ],
    [
      1782087406,
      44.52
    ],
    [
      1782088308,
      44.61
    ],
    [
      1782089209,
      44.86
    ],
    [
      1782090110,
      44.84
    ],
    [
      1782091011,
      44.82
    ],
    [
      1782091913,
      45.34
    ]
  ],
  "polkadot": [
    [
      1782085604,
      0.9415
    ],
    [
      1782086505,
      0.940896
    ],
    [
      1782087406,
      0.94512
    ],
    [
      1782088308,
      0.946943
    ],
    [
      1782089209,
      0.953032
    ],
    [
      1782090110,
      0.954289
    ],
    [
      1782091011,
      0.953511
    ],
    [
      1782091913,
      0.963687
    ]
  ],
  "hyperliquid": [
    [
      1782085604,
      66.95
    ],
    [
      1782086505,
      67.01
    ],
    [
      1782087406,
      66.99
    ],
    [
      1782088308,
      67.15
    ],
    [
      1782089209,
      67.52
    ],
    [
      1782090110,
      67.59
    ],
    [
      1782091011,
      67.8
    ],
    [
      1782091913,
      68.6
    ]
  ],
  "monero": [
    [
      1782085604,
      319.09
    ],
    [
      1782086505,
      320.2
    ],
    [
      1782087406,
      321.58
    ],
    [
      1782088308,
      322.74
    ],
    [
      1782089209,
      322.64
    ],
    [
      1782090110,
      323.17
    ],
    [
      1782091011,
      322.4
    ],
    [
      1782091913,
      323.78
    ]
  ],
  "_alerts_sent": {}
}