{
  "bitcoin": [
    [
      1782859271,
      58510
    ],
    [
      1782860173,
      58473
    ],
    [
      1782861074,
      58536
    ],
    [
      1782861976,
      58541
    ],
    [
      1782862877,
      58502
    ],
    [
      1782863779,
      58552
    ],
    [
      1782864680,
      58601
    ],
    [
      1782865582,
      58333
    ]
  ],
  "ethereum": [
    [
      1782859271,
      1566.81
    ],
    [
      1782860173,
      1565.23
    ],
    [
      1782861074,
      1566.8
    ],
    [
      1782861976,
      1568.2
    ],
    [
      1782862877,
      1567.96
    ],
    [
      1782863779,
      1569.05
    ],
    [
      1782864680,
      1571.34
    ],
    [
      1782865582,
      1566.17
    ]
  ],
  "avalanche-2": [
    [
      1782859271,
      6.52
    ],
    [
      1782860173,
      6.51
    ],
    [
      1782861074,
      6.5
    ],
    [
      1782861976,
      6.51
    ],
    [
      1782862877,
      6.51
    ],
    [
      1782863779,
      6.52
    ],
    [
      1782864680,
      6.53
    ],
    [
      1782865582,
      6.52
    ]
  ],
  "ondo-finance": [
    [
      1782859271,
      0.30832
    ],
    [
      1782860173,
      0.308022
    ],
    [
      1782861074,
      0.308334
    ],
    [
      1782861976,
      0.308532
    ],
    [
      1782862877,
      0.308261
    ],
    [
      1782863779,
      0.308264
    ],
    [
      1782864680,
      0.308707
    ],
    [
      1782865582,
      0.307844
    ]
  ],
  "binancecoin": [
    [
      1782859271,
      544.06
    ],
    [
      1782860173,
      544.47
    ],
    [
      1782861074,
      544.83
    ],
    [
      1782861976,
      544.94
    ],
    [
      1782862877,
      544.73
    ],
    [
      1782863779,
      545.46
    ],
    [
      1782864680,
      545.7
    ],
    [
      1782865582,
      545.42
    ]
  ],
  "ripple": [
    [
      1782859271,
      1.038
    ],
    [
      1782860173,
      1.038
    ],
    [
      1782861074,
      1.038
    ],
    [
      1782861976,
      1.038
    ],
    [
      1782862877,
      1.038
    ],
    [
      1782863779,
      1.039
    ],
    [
      1782864680,
      1.039
    ],
    [
      1782865582,
      1.036
    ]
  ],
  "solana": [
    [
      1782859271,
      73.29
    ],
    [
      1782860173,
      73.29
    ],
    [
      1782861074,
      73.31
    ],
    [
      1782861976,
      73.41
    ],
    [
      1782862877,
      73.48
    ],
    [
      1782863779,
      73.52
    ],
    [
      1782864680,
      73.57
    ],
    [
      1782865582,
      73.41
    ]
  ],
  "dogecoin": [
    [
      1782859271,
      0.071858
    ],
    [
      1782860173,
      0.071876
    ],
    [
      1782861074,
      0.071811
    ],
    [
      1782861976,
      0.071775
    ],
    [
      1782862877,
      0.071804
    ],
    [
      1782863779,
      0.071973
    ],
    [
      1782864680,
      0.07201
    ],
    [
      1782865582,
      0.071798
    ]
  ],
  "cardano": [
    [
      1782859271,
      0.143635
    ],
    [
      1782860173,
      0.143782
    ],
    [
      1782861074,
      0.143845
    ],
    [
      1782861976,
      0.143937
    ],
    [
      1782862877,
      0.143882
    ],
    [
      1782863779,
      0.144155
    ],
    [
      1782864680,
      0.14407
    ],
    [
      1782865582,
      0.143543
    ]
  ],
  "tron": [
    [
      1782859271,
      0.314738
    ],
    [
      1782860173,
      0.314834
    ],
    [
      1782861074,
      0.314955
    ],
    [
      1782861976,
      0.315006
    ],
    [
      1782862877,
      0.314982
    ],
    [
      1782863779,
      0.31497
    ],
    [
      1782864680,
      0.314741
    ],
    [
      1782865582,
      0.314519
    ]
  ],
  "chainlink": [
    [
      1782859271,
      7.17
    ],
    [
      1782860173,
      7.17
    ],
    [
      1782861074,
      7.17
    ],
    [
      1782861976,
      7.18
    ],
    [
      1782862877,
      7.18
    ],
    [
      1782863779,
      7.18
    ],
    [
      1782864680,
      7.19
    ],
    [
      1782865582,
      7.18
    ]
  ],
  "the-open-network": [
    [
      1782859271,
      1.51
    ],
    [
      1782860173,
      1.51
    ],
    [
      1782861074,
      1.5
    ],
    [
      1782861976,
      1.5
    ],
    [
      1782862877,
      1.5
    ],
    [
      1782863779,
      1.49
    ],
    [
      1782864680,
      1.51
    ],
    [
      1782865582,
      1.51
    ]
  ],
  "stellar": [
    [
      1782859271,
      0.18395
    ],
    [
      1782860173,
      0.183742
    ],
    [
      1782861074,
      0.183967
    ],
    [
      1782861976,
      0.1855
    ],
    [
      1782862877,
      0.186809
    ],
    [
      1782863779,
      0.187234
    ],
    [
      1782864680,
      0.189745
    ],
    [
      1782865582,
      0.190846
    ]
  ],
  "hedera-hashgraph": [
    [
      1782859271,
      0.06937
    ],
    [
      1782860173,
      0.069297
    ],
    [
      1782861074,
      0.069268
    ],
    [
      1782861976,
      0.06931
    ],
    [
      1782862877,
      0.069194
    ],
    [
      1782863779,
      0.069382
    ],
    [
      1782864680,
      0.06939
    ],
    [
      1782865582,
      0.069452
    ]
  ],
  "sui": [
    [
      1782859271,
      0.689931
    ],
    [
      1782860173,
      0.689368
    ],
    [
      1782861074,
      0.68879
    ],
    [
      1782861976,
      0.68899
    ],
    [
      1782862877,
      0.688516
    ],
    [
      1782863779,
      0.689411
    ],
    [
      1782864680,
      0.690085
    ],
    [
      1782865582,
      0.689085
    ]
  ],
  "bitcoin-cash": [
    [
      1782859271,
      199.05
    ],
    [
      1782860173,
      199.07
    ],
    [
      1782861074,
      199.16
    ],
    [
      1782861976,
      199.69
    ],
    [
      1782862877,
      199.29
    ],
    [
      1782863779,
      199.12
    ],
    [
      1782864680,
      199.6
    ],
    [
      1782865582,
      199.26
    ]
  ],
  "litecoin": [
    [
      1782859271,
      41.74
    ],
    [
      1782860173,
      41.75
    ],
    [
      1782861074,
      41.8
    ],
    [
      1782861976,
      41.8
    ],
    [
      1782862877,
      41.82
    ],
    [
      1782863779,
      41.87
    ],
    [
      1782864680,
      41.85
    ],
    [
      1782865582,
      41.79
    ]
  ],
  "polkadot": [
    [
      1782859271,
      0.817454
    ],
    [
      1782860173,
      0.817288
    ],
    [
      1782861074,
      0.816752
    ],
    [
      1782861976,
      0.817251
    ],
    [
      1782862877,
      0.818127
    ],
    [
      1782863779,
      0.820108
    ],
    [
      1782864680,
      0.821477
    ],
    [
      1782865582,
      0.820725
    ]
  ],
  "hyperliquid": [
    [
      1782859271,
      64.5
    ],
    [
      1782860173,
      64.55
    ],
    [
      1782861074,
      64.58
    ],
    [
      1782861976,
      64.62
    ],
    [
      1782862877,
      64.61
    ],
    [
      1782863779,
      64.73
    ],
    [
      1782864680,
      64.9
    ],
    [
      1782865582,
      64.45
    ]
  ],
  "monero": [
    [
      1782859271,
      305.17
    ],
    [
      1782860173,
      305.3
    ],
    [
      1782861074,
      302.98
    ],
    [
      1782861976,
      303.94
    ],
    [
      1782862877,
      302.46
    ],
    [
      1782863779,
      303.15
    ],
    [
      1782864680,
      302.45
    ],
    [
      1782865582,
      302.93
    ]
  ],
  "_alerts_sent": {}
}