{
  "bitcoin": [
    [
      1782988096,
      61119
    ],
    [
      1782988997,
      61235
    ],
    [
      1782989899,
      61194
    ],
    [
      1782990800,
      61261
    ],
    [
      1782991701,
      61228
    ],
    [
      1782992602,
      61210
    ],
    [
      1782993504,
      61179
    ],
    [
      1782994405,
      61245
    ]
  ],
  "ethereum": [
    [
      1782988096,
      1643.0
    ],
    [
      1782988997,
      1645.96
    ],
    [
      1782989899,
      1644.33
    ],
    [
      1782990800,
      1649.6
    ],
    [
      1782991701,
      1646.24
    ],
    [
      1782992602,
      1643.76
    ],
    [
      1782993504,
      1645.12
    ],
    [
      1782994405,
      1649.28
    ]
  ],
  "avalanche-2": [
    [
      1782988096,
      6.76
    ],
    [
      1782988997,
      6.77
    ],
    [
      1782989899,
      6.77
    ],
    [
      1782990800,
      6.78
    ],
    [
      1782991701,
      6.78
    ],
    [
      1782992602,
      6.77
    ],
    [
      1782993504,
      6.77
    ],
    [
      1782994405,
      6.77
    ]
  ],
  "ondo-finance": [
    [
      1782988096,
      0.332785
    ],
    [
      1782988997,
      0.332812
    ],
    [
      1782989899,
      0.332969
    ],
    [
      1782990800,
      0.33374
    ],
    [
      1782991701,
      0.33351
    ],
    [
      1782992602,
      0.333305
    ],
    [
      1782993504,
      0.333553
    ],
    [
      1782994405,
      0.334996
    ]
  ],
  "binancecoin": [
    [
      1782988096,
      554.97
    ],
    [
      1782988997,
      555.72
    ],
    [
      1782989899,
      555.26
    ],
    [
      1782990800,
      556.37
    ],
    [
      1782991701,
      559.2
    ],
    [
      1782992602,
      558.85
    ],
    [
      1782993504,
      558.71
    ],
    [
      1782994405,
      559.33
    ]
  ],
  "ripple": [
    [
      1782988096,
      1.074
    ],
    [
      1782988997,
      1.079
    ],
    [
      1782989899,
      1.079
    ],
    [
      1782990800,
      1.079
    ],
    [
      1782991701,
      1.083
    ],
    [
      1782992602,
      1.082
    ],
    [
      1782993504,
      1.082
    ],
    [
      1782994405,
      1.086
    ]
  ],
  "solana": [
    [
      1782988096,
      80.05
    ],
    [
      1782988997,
      80.8
    ],
    [
      1782989899,
      81.48
    ],
    [
      1782990800,
      81.9
    ],
    [
      1782991701,
      82.39
    ],
    [
      1782992602,
      82.26
    ],
    [
      1782993504,
      82.17
    ],
    [
      1782994405,
      82.19
    ]
  ],
  "dogecoin": [
    [
      1782988096,
      0.073578
    ],
    [
      1782988997,
      0.073916
    ],
    [
      1782989899,
      0.073877
    ],
    [
      1782990800,
      0.07393
    ],
    [
      1782991701,
      0.074108
    ],
    [
      1782992602,
      0.073996
    ],
    [
      1782993504,
      0.073927
    ],
    [
      1782994405,
      0.074184
    ]
  ],
  "cardano": [
    [
      1782988096,
      0.157755
    ],
    [
      1782988997,
      0.158862
    ],
    [
      1782989899,
      0.158719
    ],
    [
      1782990800,
      0.159074
    ],
    [
      1782991701,
      0.159088
    ],
    [
      1782992602,
      0.159501
    ],
    [
      1782993504,
      0.159094
    ],
    [
      1782994405,
      0.159949
    ]
  ],
  "tron": [
    [
      1782988096,
      0.316491
    ],
    [
      1782988997,
      0.316552
    ],
    [
      1782989899,
      0.316493
    ],
    [
      1782990800,
      0.316538
    ],
    [
      1782991701,
      0.316764
    ],
    [
      1782992602,
      0.316765
    ],
    [
      1782993504,
      0.316987
    ],
    [
      1782994405,
      0.31697
    ]
  ],
  "chainlink": [
    [
      1782988096,
      7.63
    ],
    [
      1782988997,
      7.64
    ],
    [
      1782989899,
      7.63
    ],
    [
      1782990800,
      7.63
    ],
    [
      1782991701,
      7.65
    ],
    [
      1782992602,
      7.64
    ],
    [
      1782993504,
      7.64
    ],
    [
      1782994405,
      7.65
    ]
  ],
  "the-open-network": [
    [
      1782988096,
      1.69
    ],
    [
      1782988997,
      1.68
    ],
    [
      1782989899,
      1.67
    ],
    [
      1782990800,
      1.67
    ],
    [
      1782991701,
      1.67
    ],
    [
      1782992602,
      1.66
    ],
    [
      1782993504,
      1.65
    ],
    [
      1782994405,
      1.66
    ]
  ],
  "stellar": [
    [
      1782988096,
      0.198888
    ],
    [
      1782988997,
      0.198894
    ],
    [
      1782989899,
      0.198104
    ],
    [
      1782990800,
      0.197789
    ],
    [
      1782991701,
      0.198576
    ],
    [
      1782992602,
      0.199373
    ],
    [
      1782993504,
      0.199623
    ],
    [
      1782994405,
      0.200297
    ]
  ],
  "hedera-hashgraph": [
    [
      1782988096,
      0.073343
    ],
    [
      1782988997,
      0.073522
    ],
    [
      1782989899,
      0.073415
    ],
    [
      1782990800,
      0.073505
    ],
    [
      1782991701,
      0.073616
    ],
    [
      1782992602,
      0.073582
    ],
    [
      1782993504,
      0.073629
    ],
    [
      1782994405,
      0.073828
    ]
  ],
  "sui": [
    [
      1782988096,
      0.736481
    ],
    [
      1782988997,
      0.739052
    ],
    [
      1782989899,
      0.741962
    ],
    [
      1782990800,
      0.74198
    ],
    [
      1782991701,
      0.743861
    ],
    [
      1782992602,
      0.74246
    ],
    [
      1782993504,
      0.740636
    ],
    [
      1782994405,
      0.741532
    ]
  ],
  "bitcoin-cash": [
    [
      1782988096,
      215.86
    ],
    [
      1782988997,
      216.31
    ],
    [
      1782989899,
      217.39
    ],
    [
      1782990800,
      217.75
    ],
    [
      1782991701,
      217.75
    ],
    [
      1782992602,
      216.74
    ],
    [
      1782993504,
      215.82
    ],
    [
      1782994405,
      216.21
    ]
  ],
  "litecoin": [
    [
      1782988096,
      43.24
    ],
    [
      1782988997,
      43.31
    ],
    [
      1782989899,
      43.25
    ],
    [
      1782990800,
      43.3
    ],
    [
      1782991701,
      43.31
    ],
    [
      1782992602,
      43.24
    ],
    [
      1782993504,
      42.9
    ],
    [
      1782994405,
      42.97
    ]
  ],
  "polkadot": [
    [
      1782988096,
      0.846838
    ],
    [
      1782988997,
      0.848373
    ],
    [
      1782989899,
      0.846176
    ],
    [
      1782990800,
      0.847133
    ],
    [
      1782991701,
      0.847791
    ],
    [
      1782992602,
      0.848393
    ],
    [
      1782993504,
      0.847906
    ],
    [
      1782994405,
      0.850832
    ]
  ],
  "hyperliquid": [
    [
      1782988096,
      64.3
    ],
    [
      1782988997,
      64.17
    ],
    [
      1782989899,
      64.24
    ],
    [
      1782990800,
      64.53
    ],
    [
      1782991701,
      64.61
    ],
    [
      1782992602,
      64.75
    ],
    [
      1782993504,
      64.96
    ],
    [
      1782994405,
      64.89
    ]
  ],
  "monero": [
    [
      1782988096,
      309.56
    ],
    [
      1782988997,
      310.23
    ],
    [
      1782989899,
      310.04
    ],
    [
      1782990800,
      309.69
    ],
    [
      1782991701,
      310.07
    ],
    [
      1782992602,
      309.92
    ],
    [
      1782993504,
      309.95
    ],
    [
      1782994405,
      311.72
    ]
  ],
  "_alerts_sent": {}
}