{
  "bitcoin": [
    [
      1781427321,
      64423
    ],
    [
      1781428222,
      64424
    ],
    [
      1781429124,
      64320
    ],
    [
      1781430025,
      64455
    ],
    [
      1781430926,
      64564
    ],
    [
      1781431827,
      64502
    ],
    [
      1781432729,
      64584
    ],
    [
      1781433630,
      64596
    ]
  ],
  "ethereum": [
    [
      1781427321,
      1675.38
    ],
    [
      1781428222,
      1675.22
    ],
    [
      1781429124,
      1670.05
    ],
    [
      1781430025,
      1674.11
    ],
    [
      1781430926,
      1676.66
    ],
    [
      1781431827,
      1675.06
    ],
    [
      1781432729,
      1677.11
    ],
    [
      1781433630,
      1676.19
    ]
  ],
  "avalanche-2": [
    [
      1781427321,
      6.65
    ],
    [
      1781428222,
      6.65
    ],
    [
      1781429124,
      6.63
    ],
    [
      1781430025,
      6.65
    ],
    [
      1781430926,
      6.67
    ],
    [
      1781431827,
      6.66
    ],
    [
      1781432729,
      6.67
    ],
    [
      1781433630,
      6.67
    ]
  ],
  "ondo-finance": [
    [
      1781427321,
      0.359563
    ],
    [
      1781428222,
      0.358902
    ],
    [
      1781429124,
      0.357423
    ],
    [
      1781430025,
      0.359252
    ],
    [
      1781430926,
      0.361294
    ],
    [
      1781431827,
      0.359798
    ],
    [
      1781432729,
      0.361237
    ],
    [
      1781433630,
      0.361126
    ]
  ],
  "binancecoin": [
    [
      1781427321,
      610.35
    ],
    [
      1781428222,
      610.62
    ],
    [
      1781429124,
      609.86
    ],
    [
      1781430025,
      611.57
    ],
    [
      1781430926,
      611.69
    ],
    [
      1781431827,
      611.3
    ],
    [
      1781432729,
      612.45
    ],
    [
      1781433630,
      611.76
    ]
  ],
  "ripple": [
    [
      1781427321,
      1.15
    ],
    [
      1781428222,
      1.14
    ],
    [
      1781429124,
      1.14
    ],
    [
      1781430025,
      1.14
    ],
    [
      1781430926,
      1.15
    ],
    [
      1781431827,
      1.15
    ],
    [
      1781432729,
      1.15
    ],
    [
      1781433630,
      1.15
    ]
  ],
  "solana": [
    [
      1781427321,
      68.22
    ],
    [
      1781428222,
      68.17
    ],
    [
      1781429124,
      67.98
    ],
    [
      1781430025,
      68.23
    ],
    [
      1781430926,
      68.37
    ],
    [
      1781431827,
      68.32
    ],
    [
      1781432729,
      68.41
    ],
    [
      1781433630,
      68.42
    ]
  ],
  "dogecoin": [
    [
      1781427321,
      0.087322
    ],
    [
      1781428222,
      0.087113
    ],
    [
      1781429124,
      0.086859
    ],
    [
      1781430025,
      0.087093
    ],
    [
      1781430926,
      0.087349
    ],
    [
      1781431827,
      0.08726
    ],
    [
      1781432729,
      0.087336
    ],
    [
      1781433630,
      0.087349
    ]
  ],
  "cardano": [
    [
      1781427321,
      0.171213
    ],
    [
      1781428222,
      0.17077
    ],
    [
      1781429124,
      0.170335
    ],
    [
      1781430025,
      0.171062
    ],
    [
      1781430926,
      0.171601
    ],
    [
      1781431827,
      0.17072
    ],
    [
      1781432729,
      0.170712
    ],
    [
      1781433630,
      0.170494
    ]
  ],
  "tron": [
    [
      1781427321,
      0.317012
    ],
    [
      1781428222,
      0.317158
    ],
    [
      1781429124,
      0.317166
    ],
    [
      1781430025,
      0.317309
    ],
    [
      1781430926,
      0.317423
    ],
    [
      1781431827,
      0.317462
    ],
    [
      1781432729,
      0.317662
    ],
    [
      1781433630,
      0.317714
    ]
  ],
  "chainlink": [
    [
      1781427321,
      7.91
    ],
    [
      1781428222,
      7.91
    ],
    [
      1781429124,
      7.89
    ],
    [
      1781430025,
      7.91
    ],
    [
      1781430926,
      7.94
    ],
    [
      1781431827,
      7.93
    ],
    [
      1781432729,
      7.94
    ],
    [
      1781433630,
      7.94
    ]
  ],
  "the-open-network": [
    [
      1781427321,
      1.71
    ],
    [
      1781428222,
      1.72
    ],
    [
      1781429124,
      1.71
    ],
    [
      1781430025,
      1.71
    ],
    [
      1781430926,
      1.72
    ],
    [
      1781431827,
      1.73
    ],
    [
      1781432729,
      1.73
    ],
    [
      1781433630,
      1.73
    ]
  ],
  "stellar": [
    [
      1781427321,
      0.186631
    ],
    [
      1781428222,
      0.186436
    ],
    [
      1781429124,
      0.18503
    ],
    [
      1781430025,
      0.18563
    ],
    [
      1781430926,
      0.18586
    ],
    [
      1781431827,
      0.184938
    ],
    [
      1781432729,
      0.184912
    ],
    [
      1781433630,
      0.184725
    ]
  ],
  "hedera-hashgraph": [
    [
      1781427321,
      0.079232
    ],
    [
      1781428222,
      0.079084
    ],
    [
      1781429124,
      0.078825
    ],
    [
      1781430025,
      0.079082
    ],
    [
      1781430926,
      0.079126
    ],
    [
      1781431827,
      0.079146
    ],
    [
      1781432729,
      0.079161
    ],
    [
      1781433630,
      0.079275
    ]
  ],
  "sui": [
    [
      1781427321,
      0.758408
    ],
    [
      1781428222,
      0.757859
    ],
    [
      1781429124,
      0.756393
    ],
    [
      1781430025,
      0.759089
    ],
    [
      1781430926,
      0.760922
    ],
    [
      1781431827,
      0.759027
    ],
    [
      1781432729,
      0.760511
    ],
    [
      1781433630,
      0.76054
    ]
  ],
  "bitcoin-cash": [
    [
      1781427321,
      203.73
    ],
    [
      1781428222,
      203.26
    ],
    [
      1781429124,
      202.79
    ],
    [
      1781430025,
      203.53
    ],
    [
      1781430926,
      204.4
    ],
    [
      1781431827,
      204.0
    ],
    [
      1781432729,
      204.4
    ],
    [
      1781433630,
      204.2
    ]
  ],
  "litecoin": [
    [
      1781427321,
      44.11
    ],
    [
      1781428222,
      44.16
    ],
    [
      1781429124,
      44.06
    ],
    [
      1781430025,
      44.09
    ],
    [
      1781430926,
      44.25
    ],
    [
      1781431827,
      44.2
    ],
    [
      1781432729,
      44.25
    ],
    [
      1781433630,
      44.26
    ]
  ],
  "polkadot": [
    [
      1781427321,
      0.968623
    ],
    [
      1781428222,
      0.968658
    ],
    [
      1781429124,
      0.966755
    ],
    [
      1781430025,
      0.969044
    ],
    [
      1781430926,
      0.971565
    ],
    [
      1781431827,
      0.969903
    ],
    [
      1781432729,
      0.972188
    ],
    [
      1781433630,
      0.972159
    ]
  ],
  "hyperliquid": [
    [
      1781427321,
      60.21
    ],
    [
      1781428222,
      60.22
    ],
    [
      1781429124,
      60.02
    ],
    [
      1781430025,
      60.19
    ],
    [
      1781430926,
      60.38
    ],
    [
      1781431827,
      60.55
    ],
    [
      1781432729,
      61.03
    ],
    [
      1781433630,
      61.41
    ]
  ],
  "monero": [
    [
      1781427321,
      340.86
    ],
    [
      1781428222,
      339.83
    ],
    [
      1781429124,
      339.01
    ],
    [
      1781430025,
      339.76
    ],
    [
      1781430926,
      338.32
    ],
    [
      1781431827,
      337.93
    ],
    [
      1781432729,
      337.7
    ],
    [
      1781433630,
      337.2
    ]
  ],
  "_alerts_sent": {}
}