{
  "bitcoin": [
    [
      1784187723,
      64195
    ],
    [
      1784188624,
      64086
    ],
    [
      1784189526,
      64040
    ],
    [
      1784190427,
      64008
    ],
    [
      1784191328,
      64264
    ],
    [
      1784192229,
      64038
    ],
    [
      1784193131,
      64097
    ],
    [
      1784194032,
      64026
    ]
  ],
  "ethereum": [
    [
      1784187723,
      1907.0
    ],
    [
      1784188624,
      1905.81
    ],
    [
      1784189526,
      1899.84
    ],
    [
      1784190427,
      1882.9
    ],
    [
      1784191328,
      1893.19
    ],
    [
      1784192229,
      1882.51
    ],
    [
      1784193131,
      1885.36
    ],
    [
      1784194032,
      1884.3
    ]
  ],
  "avalanche-2": [
    [
      1784187723,
      6.64
    ],
    [
      1784188624,
      6.61
    ],
    [
      1784189526,
      6.6
    ],
    [
      1784190427,
      6.56
    ],
    [
      1784191328,
      6.6
    ],
    [
      1784192229,
      6.58
    ],
    [
      1784193131,
      6.58
    ],
    [
      1784194032,
      6.59
    ]
  ],
  "ondo-finance": [
    [
      1784187723,
      0.370315
    ],
    [
      1784188624,
      0.368121
    ],
    [
      1784189526,
      0.368967
    ],
    [
      1784190427,
      0.370886
    ],
    [
      1784191328,
      0.368947
    ],
    [
      1784192229,
      0.366685
    ],
    [
      1784193131,
      0.369062
    ],
    [
      1784194032,
      0.367808
    ]
  ],
  "binancecoin": [
    [
      1784187723,
      579.47
    ],
    [
      1784188624,
      578.7
    ],
    [
      1784189526,
      577.54
    ],
    [
      1784190427,
      575.72
    ],
    [
      1784191328,
      577.49
    ],
    [
      1784192229,
      576.29
    ],
    [
      1784193131,
      576.81
    ],
    [
      1784194032,
      577.05
    ]
  ],
  "ripple": [
    [
      1784187723,
      1.11
    ],
    [
      1784188624,
      1.1
    ],
    [
      1784189526,
      1.1
    ],
    [
      1784190427,
      1.1
    ],
    [
      1784191328,
      1.11
    ],
    [
      1784192229,
      1.11
    ],
    [
      1784193131,
      1.11
    ],
    [
      1784194032,
      1.1
    ]
  ],
  "solana": [
    [
      1784187723,
      76.38
    ],
    [
      1784188624,
      76.23
    ],
    [
      1784189526,
      76.2
    ],
    [
      1784190427,
      75.91
    ],
    [
      1784191328,
      76.32
    ],
    [
      1784192229,
      76.05
    ],
    [
      1784193131,
      76.1
    ],
    [
      1784194032,
      76.06
    ]
  ],
  "dogecoin": [
    [
      1784187723,
      0.073539
    ],
    [
      1784188624,
      0.073377
    ],
    [
      1784189526,
      0.073163
    ],
    [
      1784190427,
      0.072806
    ],
    [
      1784191328,
      0.073226
    ],
    [
      1784192229,
      0.07303
    ],
    [
      1784193131,
      0.073111
    ],
    [
      1784194032,
      0.073064
    ]
  ],
  "cardano": [
    [
      1784187723,
      0.162933
    ],
    [
      1784188624,
      0.162573
    ],
    [
      1784189526,
      0.162377
    ],
    [
      1784190427,
      0.161497
    ],
    [
      1784191328,
      0.162358
    ],
    [
      1784192229,
      0.161901
    ],
    [
      1784193131,
      0.161942
    ],
    [
      1784194032,
      0.161987
    ]
  ],
  "tron": [
    [
      1784187723,
      0.324244
    ],
    [
      1784188624,
      0.323861
    ],
    [
      1784189526,
      0.323667
    ],
    [
      1784190427,
      0.3234
    ],
    [
      1784191328,
      0.323685
    ],
    [
      1784192229,
      0.323362
    ],
    [
      1784193131,
      0.32339
    ],
    [
      1784194032,
      0.323174
    ]
  ],
  "chainlink": [
    [
      1784187723,
      8.48
    ],
    [
      1784188624,
      8.48
    ],
    [
      1784189526,
      8.48
    ],
    [
      1784190427,
      8.41
    ],
    [
      1784191328,
      8.45
    ],
    [
      1784192229,
      8.43
    ],
    [
      1784193131,
      8.43
    ],
    [
      1784194032,
      8.42
    ]
  ],
  "the-open-network": [
    [
      1784187723,
      1.56
    ],
    [
      1784188624,
      1.56
    ],
    [
      1784189526,
      1.56
    ],
    [
      1784190427,
      1.56
    ],
    [
      1784191328,
      1.57
    ],
    [
      1784192229,
      1.56
    ],
    [
      1784193131,
      1.56
    ],
    [
      1784194032,
      1.56
    ]
  ],
  "stellar": [
    [
      1784187723,
      0.187566
    ],
    [
      1784188624,
      0.186719
    ],
    [
      1784189526,
      0.186619
    ],
    [
      1784190427,
      0.186818
    ],
    [
      1784191328,
      0.189209
    ],
    [
      1784192229,
      0.188162
    ],
    [
      1784193131,
      0.187857
    ],
    [
      1784194032,
      0.187769
    ]
  ],
  "hedera-hashgraph": [
    [
      1784187723,
      0.067118
    ],
    [
      1784188624,
      0.066999
    ],
    [
      1784189526,
      0.066938
    ],
    [
      1784190427,
      0.066938
    ],
    [
      1784191328,
      0.06729
    ],
    [
      1784192229,
      0.067096
    ],
    [
      1784193131,
      0.06708
    ],
    [
      1784194032,
      0.067091
    ]
  ],
  "sui": [
    [
      1784187723,
      0.747218
    ],
    [
      1784188624,
      0.740129
    ],
    [
      1784189526,
      0.739735
    ],
    [
      1784190427,
      0.734442
    ],
    [
      1784191328,
      0.740123
    ],
    [
      1784192229,
      0.738394
    ],
    [
      1784193131,
      0.73989
    ],
    [
      1784194032,
      0.739566
    ]
  ],
  "bitcoin-cash": [
    [
      1784187723,
      222.6
    ],
    [
      1784188624,
      222.91
    ],
    [
      1784189526,
      223.27
    ],
    [
      1784190427,
      223.35
    ],
    [
      1784191328,
      223.97
    ],
    [
      1784192229,
      222.97
    ],
    [
      1784193131,
      221.07
    ],
    [
      1784194032,
      220.93
    ]
  ],
  "litecoin": [
    [
      1784187723,
      44.87
    ],
    [
      1784188624,
      44.77
    ],
    [
      1784189526,
      44.79
    ],
    [
      1784190427,
      44.62
    ],
    [
      1784191328,
      44.71
    ],
    [
      1784192229,
      44.63
    ],
    [
      1784193131,
      44.69
    ],
    [
      1784194032,
      44.68
    ]
  ],
  "polkadot": [
    [
      1784187723,
      0.834748
    ],
    [
      1784188624,
      0.834145
    ],
    [
      1784189526,
      0.832633
    ],
    [
      1784190427,
      0.832769
    ],
    [
      1784191328,
      0.836846
    ],
    [
      1784192229,
      0.833895
    ],
    [
      1784193131,
      0.835744
    ],
    [
      1784194032,
      0.836631
    ]
  ],
  "hyperliquid": [
    [
      1784187723,
      66.34
    ],
    [
      1784188624,
      66.23
    ],
    [
      1784189526,
      65.96
    ],
    [
      1784190427,
      65.72
    ],
    [
      1784191328,
      66.12
    ],
    [
      1784192229,
      65.99
    ],
    [
      1784193131,
      65.92
    ],
    [
      1784194032,
      65.84
    ]
  ],
  "monero": [
    [
      1784187723,
      332.78
    ],
    [
      1784188624,
      333.28
    ],
    [
      1784189526,
      333.81
    ],
    [
      1784190427,
      331.43
    ],
    [
      1784191328,
      332.18
    ],
    [
      1784192229,
      331.9
    ],
    [
      1784193131,
      332.55
    ],
    [
      1784194032,
      330.54
    ]
  ],
  "_alerts_sent": {}
}