{
  "bitcoin": [
    [
      1781838473,
      62890
    ],
    [
      1781839374,
      62608
    ],
    [
      1781840275,
      62663
    ],
    [
      1781841176,
      62686
    ],
    [
      1781842077,
      62660
    ],
    [
      1781842979,
      62687
    ],
    [
      1781843880,
      62520
    ],
    [
      1781844781,
      62534
    ]
  ],
  "ethereum": [
    [
      1781838473,
      1704.35
    ],
    [
      1781839374,
      1692.75
    ],
    [
      1781840275,
      1695.07
    ],
    [
      1781841176,
      1696.17
    ],
    [
      1781842077,
      1693.09
    ],
    [
      1781842979,
      1694.32
    ],
    [
      1781843880,
      1688.0
    ],
    [
      1781844781,
      1688.83
    ]
  ],
  "avalanche-2": [
    [
      1781838473,
      6.28
    ],
    [
      1781839374,
      6.14
    ],
    [
      1781840275,
      6.17
    ],
    [
      1781841176,
      6.16
    ],
    [
      1781842077,
      6.11
    ],
    [
      1781842979,
      6.11
    ],
    [
      1781843880,
      6.06
    ],
    [
      1781844781,
      6.05
    ]
  ],
  "ondo-finance": [
    [
      1781838473,
      0.361478
    ],
    [
      1781839374,
      0.354822
    ],
    [
      1781840275,
      0.359079
    ],
    [
      1781841176,
      0.357605
    ],
    [
      1781842077,
      0.356036
    ],
    [
      1781842979,
      0.358864
    ],
    [
      1781843880,
      0.353585
    ],
    [
      1781844781,
      0.352948
    ]
  ],
  "binancecoin": [
    [
      1781838473,
      581.84
    ],
    [
      1781839374,
      577.9
    ],
    [
      1781840275,
      577.13
    ],
    [
      1781841176,
      577.32
    ],
    [
      1781842077,
      576.32
    ],
    [
      1781842979,
      576.28
    ],
    [
      1781843880,
      571.96
    ],
    [
      1781844781,
      573.05
    ]
  ],
  "ripple": [
    [
      1781838473,
      1.15
    ],
    [
      1781839374,
      1.14
    ],
    [
      1781840275,
      1.14
    ],
    [
      1781841176,
      1.14
    ],
    [
      1781842077,
      1.13
    ],
    [
      1781842979,
      1.14
    ],
    [
      1781843880,
      1.13
    ],
    [
      1781844781,
      1.13
    ]
  ],
  "solana": [
    [
      1781838473,
      69.58
    ],
    [
      1781839374,
      68.89
    ],
    [
      1781840275,
      69.05
    ],
    [
      1781841176,
      68.95
    ],
    [
      1781842077,
      68.78
    ],
    [
      1781842979,
      68.94
    ],
    [
      1781843880,
      68.4
    ],
    [
      1781844781,
      68.44
    ]
  ],
  "dogecoin": [
    [
      1781838473,
      0.0836
    ],
    [
      1781839374,
      0.082771
    ],
    [
      1781840275,
      0.082891
    ],
    [
      1781841176,
      0.082731
    ],
    [
      1781842077,
      0.082505
    ],
    [
      1781842979,
      0.082658
    ],
    [
      1781843880,
      0.082217
    ],
    [
      1781844781,
      0.08227
    ]
  ],
  "cardano": [
    [
      1781838473,
      0.164072
    ],
    [
      1781839374,
      0.161553
    ],
    [
      1781840275,
      0.162126
    ],
    [
      1781841176,
      0.162014
    ],
    [
      1781842077,
      0.161408
    ],
    [
      1781842979,
      0.161557
    ],
    [
      1781843880,
      0.160094
    ],
    [
      1781844781,
      0.160031
    ]
  ],
  "tron": [
    [
      1781838473,
      0.321036
    ],
    [
      1781839374,
      0.320804
    ],
    [
      1781840275,
      0.321142
    ],
    [
      1781841176,
      0.320845
    ],
    [
      1781842077,
      0.320796
    ],
    [
      1781842979,
      0.320844
    ],
    [
      1781843880,
      0.320646
    ],
    [
      1781844781,
      0.320334
    ]
  ],
  "chainlink": [
    [
      1781838473,
      7.99
    ],
    [
      1781839374,
      7.86
    ],
    [
      1781840275,
      7.89
    ],
    [
      1781841176,
      7.87
    ],
    [
      1781842077,
      7.85
    ],
    [
      1781842979,
      7.88
    ],
    [
      1781843880,
      7.83
    ],
    [
      1781844781,
      7.83
    ]
  ],
  "the-open-network": [
    [
      1781838473,
      1.65
    ],
    [
      1781839374,
      1.63
    ],
    [
      1781840275,
      1.63
    ],
    [
      1781841176,
      1.63
    ],
    [
      1781842077,
      1.62
    ],
    [
      1781842979,
      1.63
    ],
    [
      1781843880,
      1.62
    ],
    [
      1781844781,
      1.62
    ]
  ],
  "stellar": [
    [
      1781838473,
      0.233667
    ],
    [
      1781839374,
      0.227241
    ],
    [
      1781840275,
      0.228413
    ],
    [
      1781841176,
      0.226108
    ],
    [
      1781842077,
      0.221869
    ],
    [
      1781842979,
      0.222468
    ],
    [
      1781843880,
      0.219511
    ],
    [
      1781844781,
      0.218717
    ]
  ],
  "hedera-hashgraph": [
    [
      1781838473,
      0.080515
    ],
    [
      1781839374,
      0.079631
    ],
    [
      1781840275,
      0.079707
    ],
    [
      1781841176,
      0.079655
    ],
    [
      1781842077,
      0.079353
    ],
    [
      1781842979,
      0.079474
    ],
    [
      1781843880,
      0.078933
    ],
    [
      1781844781,
      0.07884
    ]
  ],
  "sui": [
    [
      1781838473,
      0.726919
    ],
    [
      1781839374,
      0.715769
    ],
    [
      1781840275,
      0.718985
    ],
    [
      1781841176,
      0.717839
    ],
    [
      1781842077,
      0.714995
    ],
    [
      1781842979,
      0.717763
    ],
    [
      1781843880,
      0.712145
    ],
    [
      1781844781,
      0.710674
    ]
  ],
  "bitcoin-cash": [
    [
      1781838473,
      197.85
    ],
    [
      1781839374,
      194.65
    ],
    [
      1781840275,
      195.34
    ],
    [
      1781841176,
      194.54
    ],
    [
      1781842077,
      193.98
    ],
    [
      1781842979,
      194.76
    ],
    [
      1781843880,
      193.51
    ],
    [
      1781844781,
      193.52
    ]
  ],
  "litecoin": [
    [
      1781838473,
      43.83
    ],
    [
      1781839374,
      43.47
    ],
    [
      1781840275,
      43.57
    ],
    [
      1781841176,
      43.56
    ],
    [
      1781842077,
      43.44
    ],
    [
      1781842979,
      43.54
    ],
    [
      1781843880,
      43.35
    ],
    [
      1781844781,
      43.31
    ]
  ],
  "polkadot": [
    [
      1781838473,
      0.975499
    ],
    [
      1781839374,
      0.960554
    ],
    [
      1781840275,
      0.965446
    ],
    [
      1781841176,
      0.964842
    ],
    [
      1781842077,
      0.961413
    ],
    [
      1781842979,
      0.964757
    ],
    [
      1781843880,
      0.958163
    ],
    [
      1781844781,
      0.956317
    ]
  ],
  "hyperliquid": [
    [
      1781838473,
      67.97
    ],
    [
      1781839374,
      67.06
    ],
    [
      1781840275,
      67.16
    ],
    [
      1781841176,
      66.9
    ],
    [
      1781842077,
      66.5
    ],
    [
      1781842979,
      67.12
    ],
    [
      1781843880,
      66.59
    ],
    [
      1781844781,
      66.23
    ]
  ],
  "monero": [
    [
      1781838473,
      321.49
    ],
    [
      1781839374,
      319.43
    ],
    [
      1781840275,
      322.86
    ],
    [
      1781841176,
      323.48
    ],
    [
      1781842077,
      322.95
    ],
    [
      1781842979,
      324.76
    ],
    [
      1781843880,
      324.4
    ],
    [
      1781844781,
      324.58
    ]
  ],
  "_alerts_sent": {}
}