{
  "bitcoin": [
    [
      1780312135,
      72609
    ],
    [
      1780313037,
      72616
    ],
    [
      1780313939,
      72586
    ],
    [
      1780314840,
      72614
    ],
    [
      1780315742,
      72168
    ],
    [
      1780316643,
      72113
    ],
    [
      1780317545,
      72159
    ],
    [
      1780318446,
      72112
    ]
  ],
  "ethereum": [
    [
      1780312135,
      1981.24
    ],
    [
      1780313037,
      1983.07
    ],
    [
      1780313939,
      1981.89
    ],
    [
      1780314840,
      1981.39
    ],
    [
      1780315742,
      1977.23
    ],
    [
      1780316643,
      1980.53
    ],
    [
      1780317545,
      1986.06
    ],
    [
      1780318446,
      1986.77
    ]
  ],
  "avalanche-2": [
    [
      1780312135,
      8.85
    ],
    [
      1780313037,
      8.86
    ],
    [
      1780313939,
      8.86
    ],
    [
      1780314840,
      8.83
    ],
    [
      1780315742,
      8.82
    ],
    [
      1780316643,
      8.82
    ],
    [
      1780317545,
      8.84
    ],
    [
      1780318446,
      8.83
    ]
  ],
  "ondo-finance": [
    [
      1780312135,
      0.354442
    ],
    [
      1780313037,
      0.352971
    ],
    [
      1780313939,
      0.350345
    ],
    [
      1780314840,
      0.35225
    ],
    [
      1780315742,
      0.352473
    ],
    [
      1780316643,
      0.351657
    ],
    [
      1780317545,
      0.353534
    ],
    [
      1780318446,
      0.353973
    ]
  ],
  "binancecoin": [
    [
      1780312135,
      705.1
    ],
    [
      1780313037,
      703.49
    ],
    [
      1780313939,
      699.2
    ],
    [
      1780314840,
      695.27
    ],
    [
      1780315742,
      695.25
    ],
    [
      1780316643,
      693.81
    ],
    [
      1780317545,
      693.03
    ],
    [
      1780318446,
      692.78
    ]
  ],
  "ripple": [
    [
      1780312135,
      1.3
    ],
    [
      1780313037,
      1.31
    ],
    [
      1780313939,
      1.3
    ],
    [
      1780314840,
      1.3
    ],
    [
      1780315742,
      1.3
    ],
    [
      1780316643,
      1.3
    ],
    [
      1780317545,
      1.3
    ],
    [
      1780318446,
      1.3
    ]
  ],
  "solana": [
    [
      1780312135,
      80.97
    ],
    [
      1780313037,
      81.06
    ],
    [
      1780313939,
      81.06
    ],
    [
      1780314840,
      80.8
    ],
    [
      1780315742,
      80.66
    ],
    [
      1780316643,
      80.63
    ],
    [
      1780317545,
      80.8
    ],
    [
      1780318446,
      80.81
    ]
  ],
  "dogecoin": [
    [
      1780312135,
      0.100062
    ],
    [
      1780313037,
      0.100098
    ],
    [
      1780313939,
      0.099998
    ],
    [
      1780314840,
      0.099928
    ],
    [
      1780315742,
      0.099861
    ],
    [
      1780316643,
      0.099734
    ],
    [
      1780317545,
      0.099793
    ],
    [
      1780318446,
      0.099855
    ]
  ],
  "cardano": [
    [
      1780312135,
      0.2313
    ],
    [
      1780313037,
      0.231555
    ],
    [
      1780313939,
      0.23144
    ],
    [
      1780314840,
      0.230579
    ],
    [
      1780315742,
      0.230435
    ],
    [
      1780316643,
      0.230314
    ],
    [
      1780317545,
      0.230689
    ],
    [
      1780318446,
      0.230734
    ]
  ],
  "tron": [
    [
      1780312135,
      0.35067
    ],
    [
      1780313037,
      0.350248
    ],
    [
      1780313939,
      0.350014
    ],
    [
      1780314840,
      0.349689
    ],
    [
      1780315742,
      0.349841
    ],
    [
      1780316643,
      0.349591
    ],
    [
      1780317545,
      0.349051
    ],
    [
      1780318446,
      0.348746
    ]
  ],
  "chainlink": [
    [
      1780312135,
      9.01
    ],
    [
      1780313037,
      9.03
    ],
    [
      1780313939,
      9.02
    ],
    [
      1780314840,
      9.0
    ],
    [
      1780315742,
      8.98
    ],
    [
      1780316643,
      8.97
    ],
    [
      1780317545,
      9.0
    ],
    [
      1780318446,
      9.01
    ]
  ],
  "the-open-network": [
    [
      1780312135,
      1.93
    ],
    [
      1780313037,
      1.93
    ],
    [
      1780313939,
      1.93
    ],
    [
      1780314840,
      1.9
    ],
    [
      1780315742,
      1.9
    ],
    [
      1780316643,
      1.91
    ],
    [
      1780317545,
      1.93
    ],
    [
      1780318446,
      1.94
    ]
  ],
  "stellar": [
    [
      1780312135,
      0.265758
    ],
    [
      1780313037,
      0.266292
    ],
    [
      1780313939,
      0.261749
    ],
    [
      1780314840,
      0.260247
    ],
    [
      1780315742,
      0.262243
    ],
    [
      1780316643,
      0.262971
    ],
    [
      1780317545,
      0.261149
    ],
    [
      1780318446,
      0.266332
    ]
  ],
  "hedera-hashgraph": [
    [
      1780312135,
      0.094506
    ],
    [
      1780313037,
      0.094843
    ],
    [
      1780313939,
      0.09451
    ],
    [
      1780314840,
      0.094048
    ],
    [
      1780315742,
      0.094101
    ],
    [
      1780316643,
      0.093859
    ],
    [
      1780317545,
      0.09403
    ],
    [
      1780318446,
      0.093946
    ]
  ],
  "sui": [
    [
      1780312135,
      0.879218
    ],
    [
      1780313037,
      0.880202
    ],
    [
      1780313939,
      0.879833
    ],
    [
      1780314840,
      0.877119
    ],
    [
      1780315742,
      0.875662
    ],
    [
      1780316643,
      0.875521
    ],
    [
      1780317545,
      0.879359
    ],
    [
      1780318446,
      0.87931
    ]
  ],
  "bitcoin-cash": [
    [
      1780312135,
      284.17
    ],
    [
      1780313037,
      283.81
    ],
    [
      1780313939,
      280.18
    ],
    [
      1780314840,
      281.14
    ],
    [
      1780315742,
      281.12
    ],
    [
      1780316643,
      281.89
    ],
    [
      1780317545,
      283.26
    ],
    [
      1780318446,
      283.53
    ]
  ],
  "litecoin": [
    [
      1780312135,
      51.05
    ],
    [
      1780313037,
      51.09
    ],
    [
      1780313939,
      51.02
    ],
    [
      1780314840,
      50.97
    ],
    [
      1780315742,
      50.94
    ],
    [
      1780316643,
      50.97
    ],
    [
      1780317545,
      51.03
    ],
    [
      1780318446,
      51.05
    ]
  ],
  "polkadot": [
    [
      1780312135,
      1.17
    ],
    [
      1780313037,
      1.17
    ],
    [
      1780313939,
      1.17
    ],
    [
      1780314840,
      1.16
    ],
    [
      1780315742,
      1.16
    ],
    [
      1780316643,
      1.16
    ],
    [
      1780317545,
      1.16
    ],
    [
      1780318446,
      1.16
    ]
  ],
  "hyperliquid": [
    [
      1780312135,
      72.44
    ],
    [
      1780313037,
      73.1
    ],
    [
      1780313939,
      73.49
    ],
    [
      1780314840,
      73.57
    ],
    [
      1780315742,
      73.15
    ],
    [
      1780316643,
      73.34
    ],
    [
      1780317545,
      74.05
    ],
    [
      1780318446,
      73.94
    ]
  ],
  "monero": [
    [
      1780312135,
      366.43
    ],
    [
      1780313037,
      368.65
    ],
    [
      1780313939,
      367.35
    ],
    [
      1780314840,
      367.23
    ],
    [
      1780315742,
      367.4
    ],
    [
      1780316643,
      366.16
    ],
    [
      1780317545,
      363.19
    ],
    [
      1780318446,
      361.33
    ]
  ],
  "_alerts_sent": {}
}