{
  "bitcoin": [
    [
      1782736130,
      60388.3
    ],
    [
      1782737032,
      59857.0
    ],
    [
      1782737933,
      59871.2
    ],
    [
      1782738835,
      60155.4
    ],
    [
      1782739736,
      59923.7
    ],
    [
      1782740638,
      59371.7
    ],
    [
      1782741539,
      59401.7
    ],
    [
      1782742441,
      59045
    ]
  ],
  "ethereum": [
    [
      1782736130,
      1587.64
    ],
    [
      1782737032,
      1572.99
    ],
    [
      1782737933,
      1574.2
    ],
    [
      1782738835,
      1583.63
    ],
    [
      1782739736,
      1575.23
    ],
    [
      1782740638,
      1564.36
    ],
    [
      1782741539,
      1566.78
    ],
    [
      1782742441,
      1560.2
    ]
  ],
  "avalanche-2": [
    [
      1782736130,
      6.65
    ],
    [
      1782737032,
      6.572
    ],
    [
      1782737933,
      6.564
    ],
    [
      1782738835,
      6.582
    ],
    [
      1782739736,
      6.552
    ],
    [
      1782740638,
      6.533
    ],
    [
      1782741539,
      6.541
    ],
    [
      1782742441,
      6.51
    ]
  ],
  "ondo-finance": [
    [
      1782736130,
      0.31478
    ],
    [
      1782737032,
      0.31154
    ],
    [
      1782737933,
      0.31238
    ],
    [
      1782738835,
      0.31388
    ],
    [
      1782739736,
      0.31232
    ],
    [
      1782740638,
      0.31087
    ],
    [
      1782741539,
      0.31145
    ],
    [
      1782742441,
      0.309995
    ]
  ],
  "binancecoin": [
    [
      1782742441,
      546.52
    ]
  ],
  "ripple": [
    [
      1782742441,
      1.043
    ]
  ],
  "solana": [
    [
      1782742441,
      72.85
    ]
  ],
  "dogecoin": [
    [
      1782742441,
      0.072256
    ]
  ],
  "cardano": [
    [
      1782742441,
      0.143779
    ]
  ],
  "tron": [
    [
      1782742441,
      0.321659
    ]
  ],
  "chainlink": [
    [
      1782742441,
      7.23
    ]
  ],
  "the-open-network": [
    [
      1782742441,
      1.59
    ]
  ],
  "stellar": [
    [
      1782742441,
      0.172564
    ]
  ],
  "hedera-hashgraph": [
    [
      1782742441,
      0.071402
    ]
  ],
  "sui": [
    [
      1782742441,
      0.685394
    ]
  ],
  "bitcoin-cash": [
    [
      1782742441,
      195.23
    ]
  ],
  "litecoin": [
    [
      1782742441,
      42.34
    ]
  ],
  "polkadot": [
    [
      1782742441,
      0.813624
    ]
  ],
  "hyperliquid": [
    [
      1782742441,
      63.55
    ]
  ],
  "monero": [
    [
      1782742441,
      305.13
    ]
  ],
  "_alerts_sent": {}
}