{
  "bitcoin": [
    [
      1780099204,
      73383
    ],
    [
      1780100106,
      73413
    ],
    [
      1780101008,
      73389
    ],
    [
      1780101910,
      73417
    ],
    [
      1780102812,
      73458
    ],
    [
      1780103713,
      73489
    ],
    [
      1780104614,
      73543
    ],
    [
      1780105515,
      73509
    ]
  ],
  "ethereum": [
    [
      1780099204,
      2012.23
    ],
    [
      1780100106,
      2012.17
    ],
    [
      1780101008,
      2011.0
    ],
    [
      1780101910,
      2011.2
    ],
    [
      1780102812,
      2013.53
    ],
    [
      1780103713,
      2015.24
    ],
    [
      1780104614,
      2017.67
    ],
    [
      1780105515,
      2014.79
    ]
  ],
  "avalanche-2": [
    [
      1780099204,
      8.82
    ],
    [
      1780100106,
      8.82
    ],
    [
      1780101008,
      8.83
    ],
    [
      1780101910,
      8.85
    ],
    [
      1780102812,
      8.86
    ],
    [
      1780103713,
      8.88
    ],
    [
      1780104614,
      8.91
    ],
    [
      1780105515,
      8.92
    ]
  ],
  "ondo-finance": [
    [
      1780099204,
      0.354335
    ],
    [
      1780100106,
      0.353904
    ],
    [
      1780101008,
      0.350048
    ],
    [
      1780101910,
      0.348144
    ],
    [
      1780102812,
      0.346461
    ],
    [
      1780103713,
      0.348834
    ],
    [
      1780104614,
      0.350541
    ],
    [
      1780105515,
      0.352347
    ]
  ]
}