{
  "bitcoin": [
    [
      1782893529,
      58658
    ],
    [
      1782894431,
      58554
    ],
    [
      1782895332,
      58558
    ],
    [
      1782896234,
      58739
    ],
    [
      1782897135,
      58924
    ],
    [
      1782898037,
      58837
    ],
    [
      1782898938,
      58792
    ],
    [
      1782899840,
      58873
    ]
  ],
  "ethereum": [
    [
      1782893529,
      1574.49
    ],
    [
      1782894431,
      1570.8
    ],
    [
      1782895332,
      1570.44
    ],
    [
      1782896234,
      1575.14
    ],
    [
      1782897135,
      1580.14
    ],
    [
      1782898037,
      1578.12
    ],
    [
      1782898938,
      1578.57
    ],
    [
      1782899840,
      1579.23
    ]
  ],
  "avalanche-2": [
    [
      1782893529,
      6.63
    ],
    [
      1782894431,
      6.62
    ],
    [
      1782895332,
      6.63
    ],
    [
      1782896234,
      6.63
    ],
    [
      1782897135,
      6.67
    ],
    [
      1782898037,
      6.67
    ],
    [
      1782898938,
      6.67
    ],
    [
      1782899840,
      6.68
    ]
  ],
  "ondo-finance": [
    [
      1782893529,
      0.310095
    ],
    [
      1782894431,
      0.309112
    ],
    [
      1782895332,
      0.309162
    ],
    [
      1782896234,
      0.309805
    ],
    [
      1782897135,
      0.312083
    ],
    [
      1782898037,
      0.311539
    ],
    [
      1782898938,
      0.311257
    ],
    [
      1782899840,
      0.311256
    ]
  ],
  "binancecoin": [
    [
      1782893529,
      545.8
    ],
    [
      1782894431,
      544.44
    ],
    [
      1782895332,
      544.36
    ],
    [
      1782896234,
      545.39
    ],
    [
      1782897135,
      546.44
    ],
    [
      1782898037,
      545.97
    ],
    [
      1782898938,
      544.89
    ],
    [
      1782899840,
      544.87
    ]
  ],
  "ripple": [
    [
      1782893529,
      1.042
    ],
    [
      1782894431,
      1.039
    ],
    [
      1782895332,
      1.039
    ],
    [
      1782896234,
      1.042
    ],
    [
      1782897135,
      1.047
    ],
    [
      1782898037,
      1.045
    ],
    [
      1782898938,
      1.045
    ],
    [
      1782899840,
      1.045
    ]
  ],
  "solana": [
    [
      1782893529,
      74.85
    ],
    [
      1782894431,
      74.54
    ],
    [
      1782895332,
      74.57
    ],
    [
      1782896234,
      74.77
    ],
    [
      1782897135,
      75.19
    ],
    [
      1782898037,
      75.07
    ],
    [
      1782898938,
      75.17
    ],
    [
      1782899840,
      75.28
    ]
  ],
  "dogecoin": [
    [
      1782893529,
      0.071375
    ],
    [
      1782894431,
      0.070948
    ],
    [
      1782895332,
      0.070966
    ],
    [
      1782896234,
      0.071131
    ],
    [
      1782897135,
      0.071388
    ],
    [
      1782898037,
      0.071324
    ],
    [
      1782898938,
      0.071368
    ],
    [
      1782899840,
      0.071177
    ]
  ],
  "cardano": [
    [
      1782893529,
      0.150347
    ],
    [
      1782894431,
      0.149523
    ],
    [
      1782895332,
      0.149429
    ],
    [
      1782896234,
      0.149868
    ],
    [
      1782897135,
      0.150403
    ],
    [
      1782898037,
      0.150788
    ],
    [
      1782898938,
      0.150669
    ],
    [
      1782899840,
      0.150128
    ]
  ],
  "tron": [
    [
      1782893529,
      0.315843
    ],
    [
      1782894431,
      0.315849
    ],
    [
      1782895332,
      0.315714
    ],
    [
      1782896234,
      0.315906
    ],
    [
      1782897135,
      0.31636
    ],
    [
      1782898037,
      0.316286
    ],
    [
      1782898938,
      0.316308
    ],
    [
      1782899840,
      0.316359
    ]
  ],
  "chainlink": [
    [
      1782893529,
      7.18
    ],
    [
      1782894431,
      7.18
    ],
    [
      1782895332,
      7.19
    ],
    [
      1782896234,
      7.2
    ],
    [
      1782897135,
      7.25
    ],
    [
      1782898037,
      7.24
    ],
    [
      1782898938,
      7.25
    ],
    [
      1782899840,
      7.25
    ]
  ],
  "the-open-network": [
    [
      1782893529,
      1.56
    ],
    [
      1782894431,
      1.56
    ],
    [
      1782895332,
      1.56
    ],
    [
      1782896234,
      1.56
    ],
    [
      1782897135,
      1.56
    ],
    [
      1782898037,
      1.56
    ],
    [
      1782898938,
      1.56
    ],
    [
      1782899840,
      1.55
    ]
  ],
  "stellar": [
    [
      1782893529,
      0.200094
    ],
    [
      1782894431,
      0.199291
    ],
    [
      1782895332,
      0.200135
    ],
    [
      1782896234,
      0.201446
    ],
    [
      1782897135,
      0.202011
    ],
    [
      1782898037,
      0.200864
    ],
    [
      1782898938,
      0.199373
    ],
    [
      1782899840,
      0.198676
    ]
  ],
  "hedera-hashgraph": [
    [
      1782893529,
      0.068712
    ],
    [
      1782894431,
      0.06865
    ],
    [
      1782895332,
      0.068881
    ],
    [
      1782896234,
      0.068993
    ],
    [
      1782897135,
      0.069261
    ],
    [
      1782898037,
      0.069247
    ],
    [
      1782898938,
      0.069279
    ],
    [
      1782899840,
      0.069268
    ]
  ],
  "sui": [
    [
      1782893529,
      0.695549
    ],
    [
      1782894431,
      0.693355
    ],
    [
      1782895332,
      0.69347
    ],
    [
      1782896234,
      0.695434
    ],
    [
      1782897135,
      0.703497
    ],
    [
      1782898037,
      0.70167
    ],
    [
      1782898938,
      0.70121
    ],
    [
      1782899840,
      0.70118
    ]
  ],
  "bitcoin-cash": [
    [
      1782893529,
      202.47
    ],
    [
      1782894431,
      201.92
    ],
    [
      1782895332,
      202.36
    ],
    [
      1782896234,
      202.67
    ],
    [
      1782897135,
      204.44
    ],
    [
      1782898037,
      204.6
    ],
    [
      1782898938,
      205.25
    ],
    [
      1782899840,
      204.55
    ]
  ],
  "litecoin": [
    [
      1782893529,
      42.08
    ],
    [
      1782894431,
      42.03
    ],
    [
      1782895332,
      42.13
    ],
    [
      1782896234,
      42.09
    ],
    [
      1782897135,
      42.31
    ],
    [
      1782898037,
      42.31
    ],
    [
      1782898938,
      42.22
    ],
    [
      1782899840,
      42.17
    ]
  ],
  "polkadot": [
    [
      1782893529,
      0.832515
    ],
    [
      1782894431,
      0.831248
    ],
    [
      1782895332,
      0.831856
    ],
    [
      1782896234,
      0.833507
    ],
    [
      1782897135,
      0.837237
    ],
    [
      1782898037,
      0.835892
    ],
    [
      1782898938,
      0.835243
    ],
    [
      1782899840,
      0.835284
    ]
  ],
  "hyperliquid": [
    [
      1782893529,
      63.95
    ],
    [
      1782894431,
      63.44
    ],
    [
      1782895332,
      63.41
    ],
    [
      1782896234,
      63.6
    ],
    [
      1782897135,
      63.96
    ],
    [
      1782898037,
      64.02
    ],
    [
      1782898938,
      64.1
    ],
    [
      1782899840,
      64.11
    ]
  ],
  "monero": [
    [
      1782893529,
      304.25
    ],
    [
      1782894431,
      304.88
    ],
    [
      1782895332,
      305.59
    ],
    [
      1782896234,
      304.74
    ],
    [
      1782897135,
      306.11
    ],
    [
      1782898037,
      307.16
    ],
    [
      1782898938,
      304.47
    ],
    [
      1782899840,
      306.42
    ]
  ],
  "_alerts_sent": {}
}