{
  "bitcoin": [
    [
      1781123536,
      61790
    ],
    [
      1781124438,
      61739
    ],
    [
      1781125339,
      61715
    ],
    [
      1781126241,
      61568
    ],
    [
      1781127142,
      61580
    ],
    [
      1781128043,
      61607
    ],
    [
      1781128945,
      61223
    ],
    [
      1781129846,
      61122
    ]
  ],
  "ethereum": [
    [
      1781123536,
      1629.46
    ],
    [
      1781124438,
      1628.03
    ],
    [
      1781125339,
      1627.49
    ],
    [
      1781126241,
      1619.86
    ],
    [
      1781127142,
      1619.67
    ],
    [
      1781128043,
      1621.68
    ],
    [
      1781128945,
      1608.09
    ],
    [
      1781129846,
      1607.61
    ]
  ],
  "avalanche-2": [
    [
      1781123536,
      6.47
    ],
    [
      1781124438,
      6.45
    ],
    [
      1781125339,
      6.43
    ],
    [
      1781126241,
      6.38
    ],
    [
      1781127142,
      6.38
    ],
    [
      1781128043,
      6.39
    ],
    [
      1781128945,
      6.33
    ],
    [
      1781129846,
      6.33
    ]
  ],
  "ondo-finance": [
    [
      1781123536,
      0.334474
    ],
    [
      1781124438,
      0.333487
    ],
    [
      1781125339,
      0.331973
    ],
    [
      1781126241,
      0.330058
    ],
    [
      1781127142,
      0.33227
    ],
    [
      1781128043,
      0.332095
    ],
    [
      1781128945,
      0.328131
    ],
    [
      1781129846,
      0.328106
    ]
  ],
  "binancecoin": [
    [
      1781123536,
      587.56
    ],
    [
      1781124438,
      587.09
    ],
    [
      1781125339,
      586.37
    ],
    [
      1781126241,
      584.93
    ],
    [
      1781127142,
      585.36
    ],
    [
      1781128043,
      585.66
    ],
    [
      1781128945,
      582.76
    ],
    [
      1781129846,
      582.97
    ]
  ],
  "ripple": [
    [
      1781123536,
      1.099
    ],
    [
      1781124438,
      1.098
    ],
    [
      1781125339,
      1.097
    ],
    [
      1781126241,
      1.092
    ],
    [
      1781127142,
      1.094
    ],
    [
      1781128043,
      1.095
    ],
    [
      1781128945,
      1.091
    ],
    [
      1781129846,
      1.092
    ]
  ],
  "solana": [
    [
      1781123536,
      63.52
    ],
    [
      1781124438,
      63.37
    ],
    [
      1781125339,
      63.21
    ],
    [
      1781126241,
      62.8
    ],
    [
      1781127142,
      62.97
    ],
    [
      1781128043,
      62.98
    ],
    [
      1781128945,
      62.47
    ],
    [
      1781129846,
      62.48
    ]
  ],
  "dogecoin": [
    [
      1781123536,
      0.083027
    ],
    [
      1781124438,
      0.082866
    ],
    [
      1781125339,
      0.08269
    ],
    [
      1781126241,
      0.082268
    ],
    [
      1781127142,
      0.082441
    ],
    [
      1781128043,
      0.082509
    ],
    [
      1781128945,
      0.082046
    ],
    [
      1781129846,
      0.082031
    ]
  ],
  "cardano": [
    [
      1781123536,
      0.161167
    ],
    [
      1781124438,
      0.160356
    ],
    [
      1781125339,
      0.159995
    ],
    [
      1781126241,
      0.159025
    ],
    [
      1781127142,
      0.159448
    ],
    [
      1781128043,
      0.159777
    ],
    [
      1781128945,
      0.158975
    ],
    [
      1781129846,
      0.159361
    ]
  ],
  "tron": [
    [
      1781123536,
      0.321704
    ],
    [
      1781124438,
      0.321598
    ],
    [
      1781125339,
      0.321262
    ],
    [
      1781126241,
      0.321277
    ],
    [
      1781127142,
      0.321422
    ],
    [
      1781128043,
      0.321553
    ],
    [
      1781128945,
      0.32115
    ],
    [
      1781129846,
      0.32132
    ]
  ],
  "chainlink": [
    [
      1781123536,
      7.62
    ],
    [
      1781124438,
      7.6
    ],
    [
      1781125339,
      7.58
    ],
    [
      1781126241,
      7.53
    ],
    [
      1781127142,
      7.55
    ],
    [
      1781128043,
      7.55
    ],
    [
      1781128945,
      7.5
    ],
    [
      1781129846,
      7.51
    ]
  ],
  "the-open-network": [
    [
      1781123536,
      1.62
    ],
    [
      1781124438,
      1.61
    ],
    [
      1781125339,
      1.61
    ],
    [
      1781126241,
      1.6
    ],
    [
      1781127142,
      1.61
    ],
    [
      1781128043,
      1.61
    ],
    [
      1781128945,
      1.56
    ],
    [
      1781129846,
      1.57
    ]
  ],
  "stellar": [
    [
      1781123536,
      0.184612
    ],
    [
      1781124438,
      0.18362
    ],
    [
      1781125339,
      0.183455
    ],
    [
      1781126241,
      0.182631
    ],
    [
      1781127142,
      0.182502
    ],
    [
      1781128043,
      0.182226
    ],
    [
      1781128945,
      0.181385
    ],
    [
      1781129846,
      0.182028
    ]
  ],
  "hedera-hashgraph": [
    [
      1781123536,
      0.077874
    ],
    [
      1781124438,
      0.077729
    ],
    [
      1781125339,
      0.077567
    ],
    [
      1781126241,
      0.077243
    ],
    [
      1781127142,
      0.077269
    ],
    [
      1781128043,
      0.077412
    ],
    [
      1781128945,
      0.076997
    ],
    [
      1781129846,
      0.077061
    ]
  ],
  "sui": [
    [
      1781123536,
      0.734726
    ],
    [
      1781124438,
      0.732349
    ],
    [
      1781125339,
      0.729187
    ],
    [
      1781126241,
      0.719852
    ],
    [
      1781127142,
      0.721733
    ],
    [
      1781128043,
      0.721583
    ],
    [
      1781128945,
      0.716375
    ],
    [
      1781129846,
      0.71838
    ]
  ],
  "bitcoin-cash": [
    [
      1781123536,
      195.59
    ],
    [
      1781124438,
      196.33
    ],
    [
      1781125339,
      195.4
    ],
    [
      1781126241,
      193.52
    ],
    [
      1781127142,
      194.14
    ],
    [
      1781128043,
      194.76
    ],
    [
      1781128945,
      192.33
    ],
    [
      1781129846,
      192.84
    ]
  ],
  "litecoin": [
    [
      1781123536,
      41.73
    ],
    [
      1781124438,
      41.67
    ],
    [
      1781125339,
      41.61
    ],
    [
      1781126241,
      41.43
    ],
    [
      1781127142,
      41.53
    ],
    [
      1781128043,
      41.6
    ],
    [
      1781128945,
      41.33
    ],
    [
      1781129846,
      41.39
    ]
  ],
  "polkadot": [
    [
      1781123536,
      0.922921
    ],
    [
      1781124438,
      0.919281
    ],
    [
      1781125339,
      0.914751
    ],
    [
      1781126241,
      0.90769
    ],
    [
      1781127142,
      0.910443
    ],
    [
      1781128043,
      0.911877
    ],
    [
      1781128945,
      0.906329
    ],
    [
      1781129846,
      0.905445
    ]
  ],
  "hyperliquid": [
    [
      1781123536,
      53.67
    ],
    [
      1781124438,
      53.69
    ],
    [
      1781125339,
      53.64
    ],
    [
      1781126241,
      53.33
    ],
    [
      1781127142,
      53.71
    ],
    [
      1781128043,
      53.5
    ],
    [
      1781128945,
      53.2
    ],
    [
      1781129846,
      52.83
    ]
  ],
  "monero": [
    [
      1781123536,
      321.93
    ],
    [
      1781124438,
      323.25
    ],
    [
      1781125339,
      324.84
    ],
    [
      1781126241,
      325.11
    ],
    [
      1781127142,
      327.69
    ],
    [
      1781128043,
      328.47
    ],
    [
      1781128945,
      327.02
    ],
    [
      1781129846,
      330.22
    ]
  ],
  "_alerts_sent": {}
}