{
  "bitcoin": [
    [
      1783861297,
      63968.0
    ],
    [
      1783862203,
      63990
    ],
    [
      1783863109,
      64005
    ],
    [
      1783864010,
      64000
    ],
    [
      1783864913,
      63988
    ],
    [
      1783865816,
      63937
    ],
    [
      1783866720,
      63957
    ],
    [
      1783867625,
      64036
    ]
  ],
  "ethereum": [
    [
      1783861297,
      1804.59
    ],
    [
      1783862203,
      1806.47
    ],
    [
      1783863109,
      1806.61
    ],
    [
      1783864010,
      1806.48
    ],
    [
      1783864913,
      1804.92
    ],
    [
      1783865816,
      1803.62
    ],
    [
      1783866720,
      1804.72
    ],
    [
      1783867625,
      1808.52
    ]
  ],
  "avalanche-2": [
    [
      1783861297,
      6.433
    ],
    [
      1783862203,
      6.44
    ],
    [
      1783863109,
      6.44
    ],
    [
      1783864010,
      6.44
    ],
    [
      1783864913,
      6.44
    ],
    [
      1783865816,
      6.43
    ],
    [
      1783866720,
      6.44
    ],
    [
      1783867625,
      6.44
    ]
  ],
  "ondo-finance": [
    [
      1783861297,
      0.32858
    ],
    [
      1783862203,
      0.3287
    ],
    [
      1783863109,
      0.327657
    ],
    [
      1783864010,
      0.32705
    ],
    [
      1783864913,
      0.326102
    ],
    [
      1783865816,
      0.325648
    ],
    [
      1783866720,
      0.326123
    ],
    [
      1783867625,
      0.326528
    ]
  ],
  "binancecoin": [
    [
      1783862203,
      580.62
    ],
    [
      1783863109,
      580.73
    ],
    [
      1783864010,
      580.62
    ],
    [
      1783864913,
      580.53
    ],
    [
      1783865816,
      579.75
    ],
    [
      1783866720,
      580.42
    ],
    [
      1783867625,
      580.81
    ]
  ],
  "ripple": [
    [
      1783862203,
      1.099
    ],
    [
      1783863109,
      1.099
    ],
    [
      1783864010,
      1.098
    ],
    [
      1783864913,
      1.098
    ],
    [
      1783865816,
      1.096
    ],
    [
      1783866720,
      1.097
    ],
    [
      1783867625,
      1.097
    ]
  ],
  "solana": [
    [
      1783862203,
      77.27
    ],
    [
      1783863109,
      77.23
    ],
    [
      1783864010,
      77.24
    ],
    [
      1783864913,
      77.12
    ],
    [
      1783865816,
      76.99
    ],
    [
      1783866720,
      76.99
    ],
    [
      1783867625,
      77.14
    ]
  ],
  "dogecoin": [
    [
      1783862203,
      0.07345
    ],
    [
      1783863109,
      0.0734
    ],
    [
      1783864010,
      0.073354
    ],
    [
      1783864913,
      0.073252
    ],
    [
      1783865816,
      0.07325
    ],
    [
      1783866720,
      0.073183
    ],
    [
      1783867625,
      0.07336
    ]
  ],
  "cardano": [
    [
      1783862203,
      0.165146
    ],
    [
      1783863109,
      0.165001
    ],
    [
      1783864010,
      0.16495
    ],
    [
      1783864913,
      0.164671
    ],
    [
      1783865816,
      0.164032
    ],
    [
      1783866720,
      0.163962
    ],
    [
      1783867625,
      0.164323
    ]
  ],
  "tron": [
    [
      1783862203,
      0.331836
    ],
    [
      1783863109,
      0.33145
    ],
    [
      1783864010,
      0.331279
    ],
    [
      1783864913,
      0.330812
    ],
    [
      1783865816,
      0.330837
    ],
    [
      1783866720,
      0.330836
    ],
    [
      1783867625,
      0.330839
    ]
  ],
  "chainlink": [
    [
      1783862203,
      8.05
    ],
    [
      1783863109,
      8.05
    ],
    [
      1783864010,
      8.04
    ],
    [
      1783864913,
      8.03
    ],
    [
      1783865816,
      8.02
    ],
    [
      1783866720,
      8.01
    ],
    [
      1783867625,
      8.02
    ]
  ],
  "the-open-network": [
    [
      1783862203,
      1.64
    ],
    [
      1783863109,
      1.64
    ],
    [
      1783864010,
      1.64
    ],
    [
      1783864913,
      1.64
    ],
    [
      1783865816,
      1.64
    ],
    [
      1783866720,
      1.64
    ],
    [
      1783867625,
      1.64
    ]
  ],
  "stellar": [
    [
      1783862203,
      0.18742
    ],
    [
      1783863109,
      0.187467
    ],
    [
      1783864010,
      0.187268
    ],
    [
      1783864913,
      0.186841
    ],
    [
      1783865816,
      0.186793
    ],
    [
      1783866720,
      0.186733
    ],
    [
      1783867625,
      0.187166
    ]
  ],
  "hedera-hashgraph": [
    [
      1783862203,
      0.068016
    ],
    [
      1783863109,
      0.067826
    ],
    [
      1783864010,
      0.067684
    ],
    [
      1783864913,
      0.067549
    ],
    [
      1783865816,
      0.067558
    ],
    [
      1783866720,
      0.067298
    ],
    [
      1783867625,
      0.067555
    ]
  ],
  "sui": [
    [
      1783862203,
      0.743903
    ],
    [
      1783863109,
      0.743486
    ],
    [
      1783864010,
      0.743633
    ],
    [
      1783864913,
      0.741684
    ],
    [
      1783865816,
      0.740859
    ],
    [
      1783866720,
      0.740713
    ],
    [
      1783867625,
      0.742592
    ]
  ],
  "bitcoin-cash": [
    [
      1783862203,
      246.55
    ],
    [
      1783863109,
      245.53
    ],
    [
      1783864010,
      245.32
    ],
    [
      1783864913,
      245.26
    ],
    [
      1783865816,
      245.19
    ],
    [
      1783866720,
      245.25
    ],
    [
      1783867625,
      245.37
    ]
  ],
  "litecoin": [
    [
      1783862203,
      44.71
    ],
    [
      1783863109,
      44.73
    ],
    [
      1783864010,
      44.7
    ],
    [
      1783864913,
      44.59
    ],
    [
      1783865816,
      44.55
    ],
    [
      1783866720,
      44.53
    ],
    [
      1783867625,
      44.57
    ]
  ],
  "polkadot": [
    [
      1783862203,
      0.845856
    ],
    [
      1783863109,
      0.844881
    ],
    [
      1783864010,
      0.843895
    ],
    [
      1783864913,
      0.842214
    ],
    [
      1783865816,
      0.840249
    ],
    [
      1783866720,
      0.840267
    ],
    [
      1783867625,
      0.841571
    ]
  ],
  "hyperliquid": [
    [
      1783862203,
      66.88
    ],
    [
      1783863109,
      67.05
    ],
    [
      1783864010,
      67.08
    ],
    [
      1783864913,
      66.99
    ],
    [
      1783865816,
      67.1
    ],
    [
      1783866720,
      67.12
    ],
    [
      1783867625,
      67.1
    ]
  ],
  "monero": [
    [
      1783862203,
      329.87
    ],
    [
      1783863109,
      329.7
    ],
    [
      1783864010,
      329.73
    ],
    [
      1783864913,
      329.15
    ],
    [
      1783865816,
      329.11
    ],
    [
      1783866720,
      329.6
    ],
    [
      1783867625,
      329.01
    ]
  ],
  "_alerts_sent": {}
}