{
  "bitcoin": [
    [
      1784161586,
      64613
    ],
    [
      1784162487,
      64476
    ],
    [
      1784163388,
      64557
    ],
    [
      1784164290,
      64589
    ],
    [
      1784165191,
      64463
    ],
    [
      1784166092,
      64634
    ],
    [
      1784166993,
      64724
    ],
    [
      1784167895,
      64631
    ]
  ],
  "ethereum": [
    [
      1784161586,
      1915.25
    ],
    [
      1784162487,
      1912.01
    ],
    [
      1784163388,
      1915.32
    ],
    [
      1784164290,
      1915.4
    ],
    [
      1784165191,
      1911.71
    ],
    [
      1784166092,
      1918.91
    ],
    [
      1784166993,
      1923.01
    ],
    [
      1784167895,
      1919.26
    ]
  ],
  "avalanche-2": [
    [
      1784161586,
      6.7
    ],
    [
      1784162487,
      6.7
    ],
    [
      1784163388,
      6.7
    ],
    [
      1784164290,
      6.71
    ],
    [
      1784165191,
      6.67
    ],
    [
      1784166092,
      6.68
    ],
    [
      1784166993,
      6.7
    ],
    [
      1784167895,
      6.7
    ]
  ],
  "ondo-finance": [
    [
      1784161586,
      0.366773
    ],
    [
      1784162487,
      0.361528
    ],
    [
      1784163388,
      0.359678
    ],
    [
      1784164290,
      0.360328
    ],
    [
      1784165191,
      0.361261
    ],
    [
      1784166092,
      0.362004
    ],
    [
      1784166993,
      0.367857
    ],
    [
      1784167895,
      0.365649
    ]
  ],
  "binancecoin": [
    [
      1784161586,
      580.36
    ],
    [
      1784162487,
      578.29
    ],
    [
      1784163388,
      579.69
    ],
    [
      1784164290,
      579.19
    ],
    [
      1784165191,
      578.22
    ],
    [
      1784166092,
      579.5
    ],
    [
      1784166993,
      579.59
    ],
    [
      1784167895,
      579.42
    ]
  ],
  "ripple": [
    [
      1784161586,
      1.11
    ],
    [
      1784162487,
      1.11
    ],
    [
      1784163388,
      1.11
    ],
    [
      1784164290,
      1.11
    ],
    [
      1784165191,
      1.11
    ],
    [
      1784166092,
      1.11
    ],
    [
      1784166993,
      1.11
    ],
    [
      1784167895,
      1.11
    ]
  ],
  "solana": [
    [
      1784161586,
      77.11
    ],
    [
      1784162487,
      76.89
    ],
    [
      1784163388,
      76.87
    ],
    [
      1784164290,
      76.98
    ],
    [
      1784165191,
      76.81
    ],
    [
      1784166092,
      76.94
    ],
    [
      1784166993,
      77.01
    ],
    [
      1784167895,
      76.97
    ]
  ],
  "dogecoin": [
    [
      1784161586,
      0.073902
    ],
    [
      1784162487,
      0.073854
    ],
    [
      1784163388,
      0.073848
    ],
    [
      1784164290,
      0.073898
    ],
    [
      1784165191,
      0.073677
    ],
    [
      1784166092,
      0.073913
    ],
    [
      1784166993,
      0.074066
    ],
    [
      1784167895,
      0.074068
    ]
  ],
  "cardano": [
    [
      1784161586,
      0.164795
    ],
    [
      1784162487,
      0.164415
    ],
    [
      1784163388,
      0.16452
    ],
    [
      1784164290,
      0.164711
    ],
    [
      1784165191,
      0.16401
    ],
    [
      1784166092,
      0.164623
    ],
    [
      1784166993,
      0.1651
    ],
    [
      1784167895,
      0.165096
    ]
  ],
  "tron": [
    [
      1784161586,
      0.324291
    ],
    [
      1784162487,
      0.32417
    ],
    [
      1784163388,
      0.323969
    ],
    [
      1784164290,
      0.324302
    ],
    [
      1784165191,
      0.324232
    ],
    [
      1784166092,
      0.32429
    ],
    [
      1784166993,
      0.324375
    ],
    [
      1784167895,
      0.32446
    ]
  ],
  "chainlink": [
    [
      1784161586,
      8.53
    ],
    [
      1784162487,
      8.5
    ],
    [
      1784163388,
      8.49
    ],
    [
      1784164290,
      8.49
    ],
    [
      1784165191,
      8.46
    ],
    [
      1784166092,
      8.49
    ],
    [
      1784166993,
      8.5
    ],
    [
      1784167895,
      8.52
    ]
  ],
  "the-open-network": [
    [
      1784161586,
      1.57
    ],
    [
      1784162487,
      1.58
    ],
    [
      1784163388,
      1.58
    ],
    [
      1784164290,
      1.58
    ],
    [
      1784165191,
      1.57
    ],
    [
      1784166092,
      1.57
    ],
    [
      1784166993,
      1.57
    ],
    [
      1784167895,
      1.57
    ]
  ],
  "stellar": [
    [
      1784161586,
      0.1894
    ],
    [
      1784162487,
      0.188659
    ],
    [
      1784163388,
      0.188224
    ],
    [
      1784164290,
      0.187951
    ],
    [
      1784165191,
      0.186945
    ],
    [
      1784166092,
      0.187676
    ],
    [
      1784166993,
      0.187989
    ],
    [
      1784167895,
      0.187696
    ]
  ],
  "hedera-hashgraph": [
    [
      1784161586,
      0.068029
    ],
    [
      1784162487,
      0.067937
    ],
    [
      1784163388,
      0.067784
    ],
    [
      1784164290,
      0.067749
    ],
    [
      1784165191,
      0.067442
    ],
    [
      1784166092,
      0.06754
    ],
    [
      1784166993,
      0.06768
    ],
    [
      1784167895,
      0.067643
    ]
  ],
  "sui": [
    [
      1784161586,
      0.751291
    ],
    [
      1784162487,
      0.750261
    ],
    [
      1784163388,
      0.748603
    ],
    [
      1784164290,
      0.74829
    ],
    [
      1784165191,
      0.747411
    ],
    [
      1784166092,
      0.750064
    ],
    [
      1784166993,
      0.751525
    ],
    [
      1784167895,
      0.752122
    ]
  ],
  "bitcoin-cash": [
    [
      1784161586,
      221.93
    ],
    [
      1784162487,
      220.75
    ],
    [
      1784163388,
      221.07
    ],
    [
      1784164290,
      220.95
    ],
    [
      1784165191,
      221.15
    ],
    [
      1784166092,
      222.54
    ],
    [
      1784166993,
      222.19
    ],
    [
      1784167895,
      222.06
    ]
  ],
  "litecoin": [
    [
      1784161586,
      45.15
    ],
    [
      1784162487,
      45.05
    ],
    [
      1784163388,
      44.99
    ],
    [
      1784164290,
      45.04
    ],
    [
      1784165191,
      45.0
    ],
    [
      1784166092,
      45.17
    ],
    [
      1784166993,
      45.2
    ],
    [
      1784167895,
      45.15
    ]
  ],
  "polkadot": [
    [
      1784161586,
      0.845236
    ],
    [
      1784162487,
      0.843748
    ],
    [
      1784163388,
      0.842685
    ],
    [
      1784164290,
      0.842432
    ],
    [
      1784165191,
      0.839556
    ],
    [
      1784166092,
      0.841716
    ],
    [
      1784166993,
      0.844012
    ],
    [
      1784167895,
      0.84378
    ]
  ],
  "hyperliquid": [
    [
      1784161586,
      66.87
    ],
    [
      1784162487,
      66.49
    ],
    [
      1784163388,
      66.49
    ],
    [
      1784164290,
      66.53
    ],
    [
      1784165191,
      66.16
    ],
    [
      1784166092,
      66.43
    ],
    [
      1784166993,
      66.65
    ],
    [
      1784167895,
      66.51
    ]
  ],
  "monero": [
    [
      1784161586,
      328.95
    ],
    [
      1784162487,
      328.45
    ],
    [
      1784163388,
      328.72
    ],
    [
      1784164290,
      329.06
    ],
    [
      1784165191,
      328.46
    ],
    [
      1784166092,
      329.24
    ],
    [
      1784166993,
      328.41
    ],
    [
      1784167895,
      327.67
    ]
  ],
  "_alerts_sent": {
    "ondo-finance_2026-07-15 22": true
  }
}