{
  "bitcoin": [
    [
      1781825855,
      62844
    ],
    [
      1781826756,
      62874
    ],
    [
      1781827658,
      62881
    ],
    [
      1781828559,
      62841
    ],
    [
      1781829460,
      62961
    ],
    [
      1781830361,
      62954
    ],
    [
      1781831263,
      62993
    ],
    [
      1781832164,
      63001
    ]
  ],
  "ethereum": [
    [
      1781825855,
      1708.37
    ],
    [
      1781826756,
      1709.06
    ],
    [
      1781827658,
      1708.88
    ],
    [
      1781828559,
      1710.29
    ],
    [
      1781829460,
      1713.56
    ],
    [
      1781830361,
      1713.33
    ],
    [
      1781831263,
      1715.86
    ],
    [
      1781832164,
      1713.29
    ]
  ],
  "avalanche-2": [
    [
      1781825855,
      6.3
    ],
    [
      1781826756,
      6.3
    ],
    [
      1781827658,
      6.3
    ],
    [
      1781828559,
      6.3
    ],
    [
      1781829460,
      6.31
    ],
    [
      1781830361,
      6.3
    ],
    [
      1781831263,
      6.31
    ],
    [
      1781832164,
      6.3
    ]
  ],
  "ondo-finance": [
    [
      1781825855,
      0.362879
    ],
    [
      1781826756,
      0.364526
    ],
    [
      1781827658,
      0.365523
    ],
    [
      1781828559,
      0.363838
    ],
    [
      1781829460,
      0.365643
    ],
    [
      1781830361,
      0.364202
    ],
    [
      1781831263,
      0.363306
    ],
    [
      1781832164,
      0.363335
    ]
  ],
  "binancecoin": [
    [
      1781825855,
      577.95
    ],
    [
      1781826756,
      577.92
    ],
    [
      1781827658,
      577.72
    ],
    [
      1781828559,
      577.95
    ],
    [
      1781829460,
      579.04
    ],
    [
      1781830361,
      579.17
    ],
    [
      1781831263,
      581.12
    ],
    [
      1781832164,
      581.16
    ]
  ],
  "ripple": [
    [
      1781825855,
      1.14
    ],
    [
      1781826756,
      1.14
    ],
    [
      1781827658,
      1.14
    ],
    [
      1781828559,
      1.14
    ],
    [
      1781829460,
      1.15
    ],
    [
      1781830361,
      1.15
    ],
    [
      1781831263,
      1.15
    ],
    [
      1781832164,
      1.15
    ]
  ],
  "solana": [
    [
      1781825855,
      69.54
    ],
    [
      1781826756,
      69.61
    ],
    [
      1781827658,
      69.62
    ],
    [
      1781828559,
      69.59
    ],
    [
      1781829460,
      69.8
    ],
    [
      1781830361,
      69.72
    ],
    [
      1781831263,
      69.85
    ],
    [
      1781832164,
      69.85
    ]
  ],
  "dogecoin": [
    [
      1781825855,
      0.083401
    ],
    [
      1781826756,
      0.083384
    ],
    [
      1781827658,
      0.083417
    ],
    [
      1781828559,
      0.083475
    ],
    [
      1781829460,
      0.083639
    ],
    [
      1781830361,
      0.083571
    ],
    [
      1781831263,
      0.083689
    ],
    [
      1781832164,
      0.083701
    ]
  ],
  "cardano": [
    [
      1781825855,
      0.163026
    ],
    [
      1781826756,
      0.16319
    ],
    [
      1781827658,
      0.163453
    ],
    [
      1781828559,
      0.163489
    ],
    [
      1781829460,
      0.163922
    ],
    [
      1781830361,
      0.164084
    ],
    [
      1781831263,
      0.164215
    ],
    [
      1781832164,
      0.164271
    ]
  ],
  "tron": [
    [
      1781825855,
      0.320404
    ],
    [
      1781826756,
      0.320406
    ],
    [
      1781827658,
      0.320406
    ],
    [
      1781828559,
      0.320479
    ],
    [
      1781829460,
      0.320649
    ],
    [
      1781830361,
      0.320636
    ],
    [
      1781831263,
      0.320488
    ],
    [
      1781832164,
      0.320624
    ]
  ],
  "chainlink": [
    [
      1781825855,
      7.99
    ],
    [
      1781826756,
      7.99
    ],
    [
      1781827658,
      8.0
    ],
    [
      1781828559,
      8.0
    ],
    [
      1781829460,
      8.01
    ],
    [
      1781830361,
      8.01
    ],
    [
      1781831263,
      8.02
    ],
    [
      1781832164,
      8.01
    ]
  ],
  "the-open-network": [
    [
      1781825855,
      1.65
    ],
    [
      1781826756,
      1.66
    ],
    [
      1781827658,
      1.66
    ],
    [
      1781828559,
      1.66
    ],
    [
      1781829460,
      1.66
    ],
    [
      1781830361,
      1.66
    ],
    [
      1781831263,
      1.67
    ],
    [
      1781832164,
      1.67
    ]
  ],
  "stellar": [
    [
      1781825855,
      0.235221
    ],
    [
      1781826756,
      0.234576
    ],
    [
      1781827658,
      0.233992
    ],
    [
      1781828559,
      0.231963
    ],
    [
      1781829460,
      0.232394
    ],
    [
      1781830361,
      0.23186
    ],
    [
      1781831263,
      0.232153
    ],
    [
      1781832164,
      0.232721
    ]
  ],
  "hedera-hashgraph": [
    [
      1781825855,
      0.080233
    ],
    [
      1781826756,
      0.080115
    ],
    [
      1781827658,
      0.080233
    ],
    [
      1781828559,
      0.080325
    ],
    [
      1781829460,
      0.080513
    ],
    [
      1781830361,
      0.08056
    ],
    [
      1781831263,
      0.080658
    ],
    [
      1781832164,
      0.080699
    ]
  ],
  "sui": [
    [
      1781825855,
      0.725809
    ],
    [
      1781826756,
      0.727023
    ],
    [
      1781827658,
      0.729093
    ],
    [
      1781828559,
      0.728241
    ],
    [
      1781829460,
      0.729431
    ],
    [
      1781830361,
      0.729648
    ],
    [
      1781831263,
      0.730964
    ],
    [
      1781832164,
      0.729552
    ]
  ],
  "bitcoin-cash": [
    [
      1781825855,
      198.64
    ],
    [
      1781826756,
      198.96
    ],
    [
      1781827658,
      199.41
    ],
    [
      1781828559,
      199.19
    ],
    [
      1781829460,
      199.15
    ],
    [
      1781830361,
      199.12
    ],
    [
      1781831263,
      198.73
    ],
    [
      1781832164,
      198.53
    ]
  ],
  "litecoin": [
    [
      1781825855,
      43.8
    ],
    [
      1781826756,
      43.78
    ],
    [
      1781827658,
      43.8
    ],
    [
      1781828559,
      43.81
    ],
    [
      1781829460,
      43.86
    ],
    [
      1781830361,
      43.85
    ],
    [
      1781831263,
      43.88
    ],
    [
      1781832164,
      43.83
    ]
  ],
  "polkadot": [
    [
      1781825855,
      0.969488
    ],
    [
      1781826756,
      0.97088
    ],
    [
      1781827658,
      0.971946
    ],
    [
      1781828559,
      0.972139
    ],
    [
      1781829460,
      0.976802
    ],
    [
      1781830361,
      0.976566
    ],
    [
      1781831263,
      0.977248
    ],
    [
      1781832164,
      0.976747
    ]
  ],
  "hyperliquid": [
    [
      1781825855,
      67.63
    ],
    [
      1781826756,
      68.04
    ],
    [
      1781827658,
      67.95
    ],
    [
      1781828559,
      67.94
    ],
    [
      1781829460,
      67.89
    ],
    [
      1781830361,
      67.76
    ],
    [
      1781831263,
      67.64
    ],
    [
      1781832164,
      67.5
    ]
  ],
  "monero": [
    [
      1781825855,
      319.1
    ],
    [
      1781826756,
      319.03
    ],
    [
      1781827658,
      320.65
    ],
    [
      1781828559,
      318.79
    ],
    [
      1781829460,
      318.85
    ],
    [
      1781830361,
      317.32
    ],
    [
      1781831263,
      319.11
    ],
    [
      1781832164,
      317.78
    ]
  ],
  "_alerts_sent": {}
}