{
  "bitcoin": [
    [
      1781896142,
      62990
    ],
    [
      1781896987,
      62958
    ],
    [
      1781897992,
      62950
    ],
    [
      1781898894,
      63044.5
    ],
    [
      1781899801,
      63015
    ],
    [
      1781900702,
      62940
    ],
    [
      1781901328,
      62992
    ],
    [
      1781902507,
      63128
    ]
  ],
  "ethereum": [
    [
      1781896142,
      1700.9
    ],
    [
      1781896987,
      1699.42
    ],
    [
      1781897992,
      1698.93
    ],
    [
      1781898894,
      1701.18
    ],
    [
      1781899801,
      1702.72
    ],
    [
      1781900702,
      1698.64
    ],
    [
      1781901328,
      1700.31
    ],
    [
      1781902507,
      1704.65
    ]
  ],
  "avalanche-2": [
    [
      1781896142,
      5.87
    ],
    [
      1781896987,
      5.71
    ],
    [
      1781897992,
      5.76
    ],
    [
      1781898894,
      5.875
    ],
    [
      1781899801,
      5.88
    ],
    [
      1781900702,
      5.83
    ],
    [
      1781901328,
      5.84
    ],
    [
      1781902507,
      5.9
    ]
  ],
  "ondo-finance": [
    [
      1781896142,
      0.352034
    ],
    [
      1781896987,
      0.3508
    ],
    [
      1781897992,
      0.348753
    ],
    [
      1781898894,
      0.34989
    ],
    [
      1781899801,
      0.34997
    ],
    [
      1781900702,
      0.348707
    ],
    [
      1781901328,
      0.348957
    ],
    [
      1781902507,
      0.350812
    ]
  ],
  "binancecoin": [
    [
      1781896142,
      578.47
    ],
    [
      1781896987,
      578.04
    ],
    [
      1781897992,
      578.38
    ],
    [
      1781899010,
      579.96
    ],
    [
      1781899801,
      579.55
    ],
    [
      1781900702,
      578.77
    ],
    [
      1781901328,
      579.32
    ],
    [
      1781902507,
      580.58
    ]
  ],
  "ripple": [
    [
      1781896142,
      1.13
    ],
    [
      1781896987,
      1.13
    ],
    [
      1781897992,
      1.13
    ],
    [
      1781899010,
      1.13
    ],
    [
      1781899801,
      1.13
    ],
    [
      1781900702,
      1.13
    ],
    [
      1781901328,
      1.13
    ],
    [
      1781902507,
      1.13
    ]
  ],
  "solana": [
    [
      1781896142,
      68.98
    ],
    [
      1781896987,
      68.87
    ],
    [
      1781897992,
      68.79
    ],
    [
      1781899010,
      69.03
    ],
    [
      1781899801,
      68.95
    ],
    [
      1781900702,
      68.75
    ],
    [
      1781901328,
      68.82
    ],
    [
      1781902507,
      69.07
    ]
  ],
  "dogecoin": [
    [
      1781896142,
      0.082983
    ],
    [
      1781896987,
      0.08289
    ],
    [
      1781897992,
      0.082747
    ],
    [
      1781899010,
      0.082952
    ],
    [
      1781899801,
      0.082877
    ],
    [
      1781900702,
      0.08275
    ],
    [
      1781901328,
      0.082738
    ],
    [
      1781902507,
      0.082987
    ]
  ],
  "cardano": [
    [
      1781896142,
      0.160999
    ],
    [
      1781896987,
      0.160733
    ],
    [
      1781897992,
      0.160542
    ],
    [
      1781899010,
      0.16099
    ],
    [
      1781899801,
      0.160955
    ],
    [
      1781900702,
      0.160548
    ],
    [
      1781901328,
      0.160726
    ],
    [
      1781902507,
      0.161487
    ]
  ],
  "tron": [
    [
      1781896142,
      0.322543
    ],
    [
      1781896987,
      0.322416
    ],
    [
      1781897992,
      0.322671
    ],
    [
      1781899010,
      0.322819
    ],
    [
      1781899801,
      0.32266
    ],
    [
      1781900702,
      0.322627
    ],
    [
      1781901328,
      0.322654
    ],
    [
      1781902507,
      0.322679
    ]
  ],
  "chainlink": [
    [
      1781896142,
      7.88
    ],
    [
      1781896987,
      7.87
    ],
    [
      1781897992,
      7.86
    ],
    [
      1781899010,
      7.87
    ],
    [
      1781899801,
      7.88
    ],
    [
      1781900702,
      7.86
    ],
    [
      1781901328,
      7.87
    ],
    [
      1781902507,
      7.89
    ]
  ],
  "the-open-network": [
    [
      1781896142,
      1.58
    ],
    [
      1781896987,
      1.57
    ],
    [
      1781897992,
      1.57
    ],
    [
      1781899010,
      1.58
    ],
    [
      1781899801,
      1.58
    ],
    [
      1781900702,
      1.58
    ],
    [
      1781901328,
      1.58
    ],
    [
      1781902507,
      1.59
    ]
  ],
  "stellar": [
    [
      1781896142,
      0.220733
    ],
    [
      1781896987,
      0.220114
    ],
    [
      1781897992,
      0.217916
    ],
    [
      1781899010,
      0.218915
    ],
    [
      1781899801,
      0.218678
    ],
    [
      1781900702,
      0.216468
    ],
    [
      1781901328,
      0.21687
    ],
    [
      1781902507,
      0.21821
    ]
  ],
  "hedera-hashgraph": [
    [
      1781896142,
      0.080319
    ],
    [
      1781896987,
      0.080171
    ],
    [
      1781897992,
      0.080092
    ],
    [
      1781899010,
      0.080224
    ],
    [
      1781899801,
      0.080214
    ],
    [
      1781900702,
      0.080071
    ],
    [
      1781901328,
      0.080079
    ],
    [
      1781902507,
      0.080415
    ]
  ],
  "sui": [
    [
      1781896142,
      0.709722
    ],
    [
      1781896987,
      0.708201
    ],
    [
      1781897992,
      0.707317
    ],
    [
      1781899010,
      0.709948
    ],
    [
      1781899801,
      0.70985
    ],
    [
      1781900702,
      0.707553
    ],
    [
      1781901328,
      0.708757
    ],
    [
      1781902507,
      0.711726
    ]
  ],
  "bitcoin-cash": [
    [
      1781896142,
      197.39
    ],
    [
      1781896987,
      196.94
    ],
    [
      1781897992,
      196.84
    ],
    [
      1781899010,
      197.36
    ],
    [
      1781899801,
      197.31
    ],
    [
      1781900702,
      196.81
    ],
    [
      1781901328,
      197.09
    ],
    [
      1781902507,
      197.51
    ]
  ],
  "litecoin": [
    [
      1781896142,
      44.12
    ],
    [
      1781896987,
      44.03
    ],
    [
      1781897992,
      43.94
    ],
    [
      1781899010,
      43.94
    ],
    [
      1781899801,
      43.94
    ],
    [
      1781900702,
      43.87
    ],
    [
      1781901328,
      43.92
    ],
    [
      1781902507,
      43.96
    ]
  ],
  "polkadot": [
    [
      1781896142,
      0.954228
    ],
    [
      1781896987,
      0.950977
    ],
    [
      1781897992,
      0.950421
    ],
    [
      1781899010,
      0.953699
    ],
    [
      1781899801,
      0.952943
    ],
    [
      1781900702,
      0.950926
    ],
    [
      1781901328,
      0.951512
    ],
    [
      1781902507,
      0.956338
    ]
  ],
  "hyperliquid": [
    [
      1781896142,
      70.74
    ],
    [
      1781896987,
      71.07
    ],
    [
      1781897992,
      70.62
    ],
    [
      1781899010,
      70.71
    ],
    [
      1781899801,
      70.68
    ],
    [
      1781900702,
      69.9
    ],
    [
      1781901328,
      69.94
    ],
    [
      1781902507,
      70.26
    ]
  ],
  "monero": [
    [
      1781896142,
      309.46
    ],
    [
      1781896987,
      308.01
    ],
    [
      1781897992,
      306.1
    ],
    [
      1781899010,
      306.94
    ],
    [
      1781899801,
      306.11
    ],
    [
      1781900702,
      306.49
    ],
    [
      1781901328,
      306.77
    ],
    [
      1781902507,
      308.68
    ]
  ],
  "_alerts_sent": {
    "avalanche-2_2026-06-19 21": true
  }
}