{
  "bitcoin": [
    [
      1782919675,
      60327
    ],
    [
      1782920576,
      60150
    ],
    [
      1782921478,
      60064
    ],
    [
      1782922380,
      60087
    ],
    [
      1782923282,
      60015
    ],
    [
      1782924183,
      59976
    ],
    [
      1782925085,
      59827
    ],
    [
      1782925986,
      59796
    ]
  ],
  "ethereum": [
    [
      1782919675,
      1624.35
    ],
    [
      1782920576,
      1620.86
    ],
    [
      1782921478,
      1617.67
    ],
    [
      1782922380,
      1617.52
    ],
    [
      1782923282,
      1619.59
    ],
    [
      1782924183,
      1617.05
    ],
    [
      1782925085,
      1612.18
    ],
    [
      1782925986,
      1609.88
    ]
  ],
  "avalanche-2": [
    [
      1782919675,
      6.71
    ],
    [
      1782920576,
      6.72
    ],
    [
      1782921478,
      6.72
    ],
    [
      1782922380,
      6.73
    ],
    [
      1782923282,
      6.72
    ],
    [
      1782924183,
      6.72
    ],
    [
      1782925085,
      6.69
    ],
    [
      1782925986,
      6.67
    ]
  ],
  "ondo-finance": [
    [
      1782919675,
      0.318341
    ],
    [
      1782920576,
      0.319511
    ],
    [
      1782921478,
      0.319673
    ],
    [
      1782922380,
      0.320628
    ],
    [
      1782923282,
      0.321145
    ],
    [
      1782924183,
      0.31948
    ],
    [
      1782925085,
      0.317864
    ],
    [
      1782925986,
      0.316915
    ]
  ],
  "binancecoin": [
    [
      1782919675,
      553.59
    ],
    [
      1782920576,
      552.62
    ],
    [
      1782921478,
      554.38
    ],
    [
      1782922380,
      553.27
    ],
    [
      1782923282,
      553.1
    ],
    [
      1782924183,
      551.86
    ],
    [
      1782925085,
      550.9
    ],
    [
      1782925986,
      550.35
    ]
  ],
  "ripple": [
    [
      1782919675,
      1.061
    ],
    [
      1782920576,
      1.06
    ],
    [
      1782921478,
      1.059
    ],
    [
      1782922380,
      1.059
    ],
    [
      1782923282,
      1.06
    ],
    [
      1782924183,
      1.059
    ],
    [
      1782925085,
      1.056
    ],
    [
      1782925986,
      1.055
    ]
  ],
  "solana": [
    [
      1782919675,
      77.31
    ],
    [
      1782920576,
      77.24
    ],
    [
      1782921478,
      77.17
    ],
    [
      1782922380,
      77.33
    ],
    [
      1782923282,
      77.42
    ],
    [
      1782924183,
      77.49
    ],
    [
      1782925085,
      77.12
    ],
    [
      1782925986,
      77.04
    ]
  ],
  "dogecoin": [
    [
      1782919675,
      0.073198
    ],
    [
      1782920576,
      0.073234
    ],
    [
      1782921478,
      0.07326
    ],
    [
      1782922380,
      0.073342
    ],
    [
      1782923282,
      0.07321
    ],
    [
      1782924183,
      0.073153
    ],
    [
      1782925085,
      0.072935
    ],
    [
      1782925986,
      0.072815
    ]
  ],
  "cardano": [
    [
      1782919675,
      0.157198
    ],
    [
      1782920576,
      0.155559
    ],
    [
      1782921478,
      0.155203
    ],
    [
      1782922380,
      0.155178
    ],
    [
      1782923282,
      0.155245
    ],
    [
      1782924183,
      0.155134
    ],
    [
      1782925085,
      0.154574
    ],
    [
      1782925986,
      0.153932
    ]
  ],
  "tron": [
    [
      1782919675,
      0.318139
    ],
    [
      1782920576,
      0.317677
    ],
    [
      1782921478,
      0.317542
    ],
    [
      1782922380,
      0.317753
    ],
    [
      1782923282,
      0.317633
    ],
    [
      1782924183,
      0.317805
    ],
    [
      1782925085,
      0.317668
    ],
    [
      1782925986,
      0.317657
    ]
  ],
  "chainlink": [
    [
      1782919675,
      7.42
    ],
    [
      1782920576,
      7.4
    ],
    [
      1782921478,
      7.4
    ],
    [
      1782922380,
      7.41
    ],
    [
      1782923282,
      7.41
    ],
    [
      1782924183,
      7.4
    ],
    [
      1782925085,
      7.37
    ],
    [
      1782925986,
      7.35
    ]
  ],
  "the-open-network": [
    [
      1782919675,
      1.56
    ],
    [
      1782920576,
      1.57
    ],
    [
      1782921478,
      1.57
    ],
    [
      1782922380,
      1.56
    ],
    [
      1782923282,
      1.55
    ],
    [
      1782924183,
      1.55
    ],
    [
      1782925085,
      1.54
    ],
    [
      1782925986,
      1.54
    ]
  ],
  "stellar": [
    [
      1782919675,
      0.201978
    ],
    [
      1782920576,
      0.201925
    ],
    [
      1782921478,
      0.202596
    ],
    [
      1782922380,
      0.202349
    ],
    [
      1782923282,
      0.200014
    ],
    [
      1782924183,
      0.199632
    ],
    [
      1782925085,
      0.199065
    ],
    [
      1782925986,
      0.198647
    ]
  ],
  "hedera-hashgraph": [
    [
      1782919675,
      0.071536
    ],
    [
      1782920576,
      0.071425
    ],
    [
      1782921478,
      0.072032
    ],
    [
      1782922380,
      0.072677
    ],
    [
      1782923282,
      0.071942
    ],
    [
      1782924183,
      0.071923
    ],
    [
      1782925085,
      0.071676
    ],
    [
      1782925986,
      0.07144
    ]
  ],
  "sui": [
    [
      1782919675,
      0.719338
    ],
    [
      1782920576,
      0.716071
    ],
    [
      1782921478,
      0.714889
    ],
    [
      1782922380,
      0.715438
    ],
    [
      1782923282,
      0.717908
    ],
    [
      1782924183,
      0.71692
    ],
    [
      1782925085,
      0.712358
    ],
    [
      1782925986,
      0.708827
    ]
  ],
  "bitcoin-cash": [
    [
      1782919675,
      217.06
    ],
    [
      1782920576,
      215.03
    ],
    [
      1782921478,
      215.65
    ],
    [
      1782922380,
      213.92
    ],
    [
      1782923282,
      215.68
    ],
    [
      1782924183,
      214.16
    ],
    [
      1782925085,
      213.22
    ],
    [
      1782925986,
      211.53
    ]
  ],
  "litecoin": [
    [
      1782919675,
      42.54
    ],
    [
      1782920576,
      42.75
    ],
    [
      1782921478,
      42.52
    ],
    [
      1782922380,
      42.48
    ],
    [
      1782923282,
      42.56
    ],
    [
      1782924183,
      42.52
    ],
    [
      1782925085,
      42.35
    ],
    [
      1782925986,
      42.24
    ]
  ],
  "polkadot": [
    [
      1782919675,
      0.846085
    ],
    [
      1782920576,
      0.845478
    ],
    [
      1782921478,
      0.844589
    ],
    [
      1782922380,
      0.844602
    ],
    [
      1782923282,
      0.84391
    ],
    [
      1782924183,
      0.84284
    ],
    [
      1782925085,
      0.838802
    ],
    [
      1782925986,
      0.835467
    ]
  ],
  "hyperliquid": [
    [
      1782919675,
      64.44
    ],
    [
      1782920576,
      64.4
    ],
    [
      1782921478,
      64.69
    ],
    [
      1782922380,
      64.84
    ],
    [
      1782923282,
      64.82
    ],
    [
      1782924183,
      64.63
    ],
    [
      1782925085,
      64.45
    ],
    [
      1782925986,
      64.1
    ]
  ],
  "monero": [
    [
      1782919675,
      306.98
    ],
    [
      1782920576,
      307.11
    ],
    [
      1782921478,
      306.77
    ],
    [
      1782922380,
      306.72
    ],
    [
      1782923282,
      306.57
    ],
    [
      1782924183,
      305.84
    ],
    [
      1782925085,
      304.36
    ],
    [
      1782925986,
      304.57
    ]
  ],
  "_alerts_sent": {}
}