{
  "bitcoin": [
    [
      1782055304,
      64133
    ],
    [
      1782056205,
      64129
    ],
    [
      1782057106,
      64189
    ],
    [
      1782058008,
      64143
    ],
    [
      1782058909,
      64119
    ],
    [
      1782059810,
      64016
    ],
    [
      1782060711,
      64086
    ],
    [
      1782061612,
      64122
    ]
  ],
  "ethereum": [
    [
      1782055304,
      1727.78
    ],
    [
      1782056205,
      1727.95
    ],
    [
      1782057106,
      1728.64
    ],
    [
      1782058008,
      1727.5
    ],
    [
      1782058909,
      1725.73
    ],
    [
      1782059810,
      1722.0
    ],
    [
      1782060711,
      1726.2
    ],
    [
      1782061612,
      1728.37
    ]
  ],
  "avalanche-2": [
    [
      1782055304,
      6.33
    ],
    [
      1782056205,
      6.31
    ],
    [
      1782057106,
      6.32
    ],
    [
      1782058008,
      6.32
    ],
    [
      1782058909,
      6.28
    ],
    [
      1782059810,
      6.25
    ],
    [
      1782060711,
      6.26
    ],
    [
      1782061612,
      6.27
    ]
  ],
  "ondo-finance": [
    [
      1782055304,
      0.340526
    ],
    [
      1782056205,
      0.34104
    ],
    [
      1782057106,
      0.341084
    ],
    [
      1782058008,
      0.340963
    ],
    [
      1782058909,
      0.340521
    ],
    [
      1782059810,
      0.339575
    ],
    [
      1782060711,
      0.339045
    ],
    [
      1782061612,
      0.339821
    ]
  ],
  "binancecoin": [
    [
      1782055304,
      589.12
    ],
    [
      1782056205,
      588.87
    ],
    [
      1782057106,
      589.17
    ],
    [
      1782058008,
      588.81
    ],
    [
      1782058909,
      589.05
    ],
    [
      1782059810,
      588.38
    ],
    [
      1782060711,
      588.84
    ],
    [
      1782061612,
      590.15
    ]
  ],
  "ripple": [
    [
      1782055304,
      1.15
    ],
    [
      1782056205,
      1.15
    ],
    [
      1782057106,
      1.15
    ],
    [
      1782058008,
      1.15
    ],
    [
      1782058909,
      1.15
    ],
    [
      1782059810,
      1.14
    ],
    [
      1782060711,
      1.14
    ],
    [
      1782061612,
      1.14
    ]
  ],
  "solana": [
    [
      1782055304,
      73.94
    ],
    [
      1782056205,
      74.02
    ],
    [
      1782057106,
      73.99
    ],
    [
      1782058008,
      73.95
    ],
    [
      1782058909,
      73.85
    ],
    [
      1782059810,
      73.81
    ],
    [
      1782060711,
      74.21
    ],
    [
      1782061612,
      74.3
    ]
  ],
  "dogecoin": [
    [
      1782055304,
      0.083392
    ],
    [
      1782056205,
      0.083396
    ],
    [
      1782057106,
      0.083391
    ],
    [
      1782058008,
      0.083324
    ],
    [
      1782058909,
      0.083254
    ],
    [
      1782059810,
      0.083197
    ],
    [
      1782060711,
      0.083265
    ],
    [
      1782061612,
      0.083575
    ]
  ],
  "cardano": [
    [
      1782055304,
      0.162235
    ],
    [
      1782056205,
      0.162155
    ],
    [
      1782057106,
      0.162164
    ],
    [
      1782058008,
      0.162125
    ],
    [
      1782058909,
      0.161573
    ],
    [
      1782059810,
      0.161073
    ],
    [
      1782060711,
      0.161226
    ],
    [
      1782061612,
      0.161754
    ]
  ],
  "tron": [
    [
      1782055304,
      0.326314
    ],
    [
      1782056205,
      0.326275
    ],
    [
      1782057106,
      0.326609
    ],
    [
      1782058008,
      0.326369
    ],
    [
      1782058909,
      0.326466
    ],
    [
      1782059810,
      0.326503
    ],
    [
      1782060711,
      0.326689
    ],
    [
      1782061612,
      0.326992
    ]
  ],
  "chainlink": [
    [
      1782055304,
      7.96
    ],
    [
      1782056205,
      7.96
    ],
    [
      1782057106,
      7.97
    ],
    [
      1782058008,
      7.98
    ],
    [
      1782058909,
      7.95
    ],
    [
      1782059810,
      7.93
    ],
    [
      1782060711,
      7.93
    ],
    [
      1782061612,
      7.95
    ]
  ],
  "the-open-network": [
    [
      1782055304,
      1.7
    ],
    [
      1782056205,
      1.69
    ],
    [
      1782057106,
      1.69
    ],
    [
      1782058008,
      1.7
    ],
    [
      1782058909,
      1.69
    ],
    [
      1782059810,
      1.7
    ],
    [
      1782060711,
      1.7
    ],
    [
      1782061612,
      1.71
    ]
  ],
  "stellar": [
    [
      1782055304,
      0.215252
    ],
    [
      1782056205,
      0.215031
    ],
    [
      1782057106,
      0.215428
    ],
    [
      1782058008,
      0.215389
    ],
    [
      1782058909,
      0.213759
    ],
    [
      1782059810,
      0.21202
    ],
    [
      1782060711,
      0.212972
    ],
    [
      1782061612,
      0.213489
    ]
  ],
  "hedera-hashgraph": [
    [
      1782055304,
      0.079997
    ],
    [
      1782056205,
      0.080073
    ],
    [
      1782057106,
      0.080069
    ],
    [
      1782058008,
      0.080139
    ],
    [
      1782058909,
      0.079947
    ],
    [
      1782059810,
      0.079774
    ],
    [
      1782060711,
      0.07974
    ],
    [
      1782061612,
      0.079832
    ]
  ],
  "sui": [
    [
      1782055304,
      0.711912
    ],
    [
      1782056205,
      0.711712
    ],
    [
      1782057106,
      0.713052
    ],
    [
      1782058008,
      0.712987
    ],
    [
      1782058909,
      0.709809
    ],
    [
      1782059810,
      0.706937
    ],
    [
      1782060711,
      0.708391
    ],
    [
      1782061612,
      0.710125
    ]
  ],
  "bitcoin-cash": [
    [
      1782055304,
      198.77
    ],
    [
      1782056205,
      199.23
    ],
    [
      1782057106,
      199.68
    ],
    [
      1782058008,
      199.41
    ],
    [
      1782058909,
      198.99
    ],
    [
      1782059810,
      198.56
    ],
    [
      1782060711,
      198.66
    ],
    [
      1782061612,
      198.43
    ]
  ],
  "litecoin": [
    [
      1782055304,
      45.43
    ],
    [
      1782056205,
      45.71
    ],
    [
      1782057106,
      45.96
    ],
    [
      1782058008,
      45.73
    ],
    [
      1782058909,
      45.52
    ],
    [
      1782059810,
      45.39
    ],
    [
      1782060711,
      45.34
    ],
    [
      1782061612,
      45.31
    ]
  ],
  "polkadot": [
    [
      1782055304,
      0.968056
    ],
    [
      1782056205,
      0.967747
    ],
    [
      1782057106,
      0.968242
    ],
    [
      1782058008,
      0.968614
    ],
    [
      1782058909,
      0.965689
    ],
    [
      1782059810,
      0.963401
    ],
    [
      1782060711,
      0.962347
    ],
    [
      1782061612,
      0.964343
    ]
  ],
  "hyperliquid": [
    [
      1782055304,
      68.57
    ],
    [
      1782056205,
      68.55
    ],
    [
      1782057106,
      68.47
    ],
    [
      1782058008,
      68.58
    ],
    [
      1782058909,
      68.48
    ],
    [
      1782059810,
      68.33
    ],
    [
      1782060711,
      68.12
    ],
    [
      1782061612,
      68.07
    ]
  ],
  "monero": [
    [
      1782055304,
      319.25
    ],
    [
      1782056205,
      319.29
    ],
    [
      1782057106,
      318.87
    ],
    [
      1782058008,
      318.58
    ],
    [
      1782058909,
      317.9
    ],
    [
      1782059810,
      318.59
    ],
    [
      1782060711,
      318.75
    ],
    [
      1782061612,
      319.17
    ]
  ],
  "_alerts_sent": {}
}