{
  "bitcoin": [
    [
      1781628394,
      65755
    ],
    [
      1781629296,
      65730
    ],
    [
      1781630197,
      65749
    ],
    [
      1781631098,
      65683
    ],
    [
      1781632000,
      65694
    ],
    [
      1781632901,
      65916
    ],
    [
      1781633803,
      66073
    ],
    [
      1781634738,
      65872
    ]
  ],
  "ethereum": [
    [
      1781628394,
      1777.85
    ],
    [
      1781629296,
      1777.51
    ],
    [
      1781630197,
      1779.1
    ],
    [
      1781631098,
      1779.47
    ],
    [
      1781632000,
      1782.84
    ],
    [
      1781632901,
      1793.71
    ],
    [
      1781633803,
      1802.6
    ],
    [
      1781634738,
      1794.71
    ]
  ],
  "avalanche-2": [
    [
      1781628394,
      6.78
    ],
    [
      1781629296,
      6.78
    ],
    [
      1781630197,
      6.79
    ],
    [
      1781631098,
      6.79
    ],
    [
      1781632000,
      6.79
    ],
    [
      1781632901,
      6.84
    ],
    [
      1781633803,
      6.88
    ],
    [
      1781634738,
      6.85
    ]
  ],
  "ondo-finance": [
    [
      1781628394,
      0.36937
    ],
    [
      1781629296,
      0.367058
    ],
    [
      1781630197,
      0.367232
    ],
    [
      1781631098,
      0.36678
    ],
    [
      1781632000,
      0.364744
    ],
    [
      1781632901,
      0.367731
    ],
    [
      1781633803,
      0.369488
    ],
    [
      1781634738,
      0.367865
    ]
  ],
  "binancecoin": [
    [
      1781628394,
      605.29
    ],
    [
      1781629296,
      604.0
    ],
    [
      1781630197,
      604.25
    ],
    [
      1781631098,
      604.61
    ],
    [
      1781632000,
      604.76
    ],
    [
      1781632901,
      607.52
    ],
    [
      1781633803,
      608.92
    ],
    [
      1781634738,
      607.37
    ]
  ],
  "ripple": [
    [
      1781628394,
      1.21
    ],
    [
      1781629296,
      1.21
    ],
    [
      1781630197,
      1.22
    ],
    [
      1781631098,
      1.21
    ],
    [
      1781632000,
      1.21
    ],
    [
      1781632901,
      1.22
    ],
    [
      1781633803,
      1.23
    ],
    [
      1781634738,
      1.22
    ]
  ],
  "solana": [
    [
      1781628394,
      73.21
    ],
    [
      1781629296,
      73.07
    ],
    [
      1781630197,
      73.19
    ],
    [
      1781631098,
      73.2
    ],
    [
      1781632000,
      73.19
    ],
    [
      1781632901,
      73.6
    ],
    [
      1781633803,
      74.04
    ],
    [
      1781634738,
      73.64
    ]
  ],
  "dogecoin": [
    [
      1781628394,
      0.086548
    ],
    [
      1781629296,
      0.086485
    ],
    [
      1781630197,
      0.086645
    ],
    [
      1781631098,
      0.086601
    ],
    [
      1781632000,
      0.086682
    ],
    [
      1781632901,
      0.087139
    ],
    [
      1781633803,
      0.087562
    ],
    [
      1781634738,
      0.087365
    ]
  ],
  "cardano": [
    [
      1781628394,
      0.173409
    ],
    [
      1781629296,
      0.173078
    ],
    [
      1781630197,
      0.173339
    ],
    [
      1781631098,
      0.173313
    ],
    [
      1781632000,
      0.173101
    ],
    [
      1781632901,
      0.174375
    ],
    [
      1781633803,
      0.175864
    ],
    [
      1781634738,
      0.175086
    ]
  ],
  "tron": [
    [
      1781628394,
      0.317251
    ],
    [
      1781629296,
      0.316973
    ],
    [
      1781630197,
      0.317112
    ],
    [
      1781631098,
      0.317202
    ],
    [
      1781632000,
      0.317552
    ],
    [
      1781632901,
      0.317733
    ],
    [
      1781633803,
      0.317955
    ],
    [
      1781634738,
      0.317669
    ]
  ],
  "chainlink": [
    [
      1781628394,
      8.18
    ],
    [
      1781629296,
      8.17
    ],
    [
      1781630197,
      8.18
    ],
    [
      1781631098,
      8.18
    ],
    [
      1781632000,
      8.19
    ],
    [
      1781632901,
      8.24
    ],
    [
      1781633803,
      8.3
    ],
    [
      1781634738,
      8.27
    ]
  ],
  "the-open-network": [
    [
      1781628394,
      1.67
    ],
    [
      1781629296,
      1.67
    ],
    [
      1781630197,
      1.67
    ],
    [
      1781631098,
      1.67
    ],
    [
      1781632000,
      1.67
    ],
    [
      1781632901,
      1.67
    ],
    [
      1781633803,
      1.67
    ],
    [
      1781634738,
      1.67
    ]
  ],
  "stellar": [
    [
      1781628394,
      0.216719
    ],
    [
      1781629296,
      0.215577
    ],
    [
      1781630197,
      0.214943
    ],
    [
      1781631098,
      0.214772
    ],
    [
      1781632000,
      0.21532
    ],
    [
      1781632901,
      0.217894
    ],
    [
      1781633803,
      0.219953
    ],
    [
      1781634738,
      0.218842
    ]
  ],
  "hedera-hashgraph": [
    [
      1781628394,
      0.081133
    ],
    [
      1781629296,
      0.081345
    ],
    [
      1781630197,
      0.081248
    ],
    [
      1781631098,
      0.081071
    ],
    [
      1781632000,
      0.081197
    ],
    [
      1781632901,
      0.081456
    ],
    [
      1781633803,
      0.081645
    ],
    [
      1781634738,
      0.081176
    ]
  ],
  "sui": [
    [
      1781628394,
      0.783345
    ],
    [
      1781629296,
      0.782246
    ],
    [
      1781630197,
      0.784287
    ],
    [
      1781631098,
      0.783918
    ],
    [
      1781632000,
      0.782759
    ],
    [
      1781632901,
      0.789467
    ],
    [
      1781633803,
      0.795121
    ],
    [
      1781634738,
      0.791207
    ]
  ],
  "bitcoin-cash": [
    [
      1781628394,
      216.16
    ],
    [
      1781629296,
      215.98
    ],
    [
      1781630197,
      216.67
    ],
    [
      1781631098,
      216.92
    ],
    [
      1781632000,
      217.05
    ],
    [
      1781632901,
      217.86
    ],
    [
      1781633803,
      218.61
    ],
    [
      1781634738,
      218.53
    ]
  ],
  "litecoin": [
    [
      1781628394,
      45.0
    ],
    [
      1781629296,
      44.95
    ],
    [
      1781630197,
      45.04
    ],
    [
      1781631098,
      45.09
    ],
    [
      1781632000,
      45.22
    ],
    [
      1781632901,
      45.43
    ],
    [
      1781633803,
      45.6
    ],
    [
      1781634738,
      45.47
    ]
  ],
  "polkadot": [
    [
      1781628394,
      1.0
    ],
    [
      1781629296,
      1.0
    ],
    [
      1781630197,
      1.002
    ],
    [
      1781631098,
      1.003
    ],
    [
      1781632000,
      1.003
    ],
    [
      1781632901,
      1.01
    ],
    [
      1781633803,
      1.017
    ],
    [
      1781634738,
      1.012
    ]
  ],
  "hyperliquid": [
    [
      1781628394,
      74.63
    ],
    [
      1781629296,
      73.59
    ],
    [
      1781630197,
      73.28
    ],
    [
      1781631098,
      73.58
    ],
    [
      1781632000,
      73.56
    ],
    [
      1781632901,
      73.81
    ],
    [
      1781633803,
      74.47
    ],
    [
      1781634738,
      73.43
    ]
  ],
  "monero": [
    [
      1781628394,
      338.07
    ],
    [
      1781629296,
      339.46
    ],
    [
      1781630197,
      340.25
    ],
    [
      1781631098,
      340.44
    ],
    [
      1781632000,
      340.96
    ],
    [
      1781632901,
      341.51
    ],
    [
      1781633803,
      343.84
    ],
    [
      1781634738,
      346.41
    ]
  ],
  "_alerts_sent": {}
}