{
  "bitcoin": [
    [
      1782545838,
      60336
    ],
    [
      1782546740,
      60426
    ],
    [
      1782547641,
      60376
    ],
    [
      1782548543,
      60372
    ],
    [
      1782549444,
      60345
    ],
    [
      1782550121,
      60310
    ],
    [
      1782551023,
      60347
    ],
    [
      1782551924,
      60230
    ],
    [
      1782553008,
      60330
    ]
  ],
  "ethereum": [
    [
      1782545838,
      1580.14
    ],
    [
      1782546740,
      1582.66
    ],
    [
      1782547641,
      1582.2
    ],
    [
      1782548543,
      1581.21
    ],
    [
      1782549444,
      1580.87
    ],
    [
      1782550121,
      1580.26
    ],
    [
      1782551023,
      1581.12
    ],
    [
      1782551924,
      1577.67
    ],
    [
      1782553008,
      1579.9
    ]
  ],
  "avalanche-2": [
    [
      1782545838,
      6.56
    ],
    [
      1782546740,
      6.55
    ],
    [
      1782547641,
      6.55
    ],
    [
      1782548543,
      6.56
    ],
    [
      1782549444,
      6.56
    ],
    [
      1782550121,
      6.54
    ],
    [
      1782551023,
      6.55
    ],
    [
      1782551924,
      6.53
    ],
    [
      1782553008,
      6.51
    ]
  ],
  "ondo-finance": [
    [
      1782545838,
      0.320096
    ],
    [
      1782546740,
      0.319706
    ],
    [
      1782547641,
      0.318111
    ],
    [
      1782548543,
      0.317566
    ],
    [
      1782549444,
      0.317619
    ],
    [
      1782550121,
      0.316924
    ],
    [
      1782551023,
      0.316999
    ],
    [
      1782551924,
      0.315866
    ],
    [
      1782553008,
      0.315399
    ]
  ],
  "binancecoin": [
    [
      1782545838,
      564.54
    ],
    [
      1782546740,
      564.71
    ],
    [
      1782547641,
      564.7
    ],
    [
      1782548543,
      563.99
    ],
    [
      1782549444,
      563.8
    ],
    [
      1782550121,
      563.72
    ],
    [
      1782551023,
      564.5
    ],
    [
      1782551924,
      563.6
    ],
    [
      1782553008,
      563.95
    ]
  ],
  "ripple": [
    [
      1782545838,
      1.059
    ],
    [
      1782546740,
      1.059
    ],
    [
      1782547641,
      1.058
    ],
    [
      1782548543,
      1.056
    ],
    [
      1782549444,
      1.055
    ],
    [
      1782550121,
      1.054
    ],
    [
      1782551023,
      1.056
    ],
    [
      1782551924,
      1.054
    ],
    [
      1782553008,
      1.055
    ]
  ],
  "solana": [
    [
      1782545838,
      71.96
    ],
    [
      1782546740,
      72.08
    ],
    [
      1782547641,
      72.13
    ],
    [
      1782548543,
      72.08
    ],
    [
      1782549444,
      72.04
    ],
    [
      1782550121,
      71.84
    ],
    [
      1782551023,
      71.9
    ],
    [
      1782551924,
      71.7
    ],
    [
      1782553008,
      71.73
    ]
  ],
  "dogecoin": [
    [
      1782545838,
      0.075633
    ],
    [
      1782546740,
      0.075681
    ],
    [
      1782547641,
      0.075634
    ],
    [
      1782548543,
      0.075582
    ],
    [
      1782549444,
      0.075504
    ],
    [
      1782550121,
      0.07539
    ],
    [
      1782551023,
      0.075431
    ],
    [
      1782551924,
      0.075255
    ],
    [
      1782553008,
      0.075264
    ]
  ],
  "cardano": [
    [
      1782545838,
      0.147604
    ],
    [
      1782546740,
      0.147613
    ],
    [
      1782547641,
      0.147392
    ],
    [
      1782548543,
      0.147291
    ],
    [
      1782549444,
      0.147379
    ],
    [
      1782550121,
      0.147038
    ],
    [
      1782551023,
      0.147138
    ],
    [
      1782551924,
      0.146723
    ],
    [
      1782553008,
      0.146859
    ]
  ],
  "tron": [
    [
      1782545838,
      0.320596
    ],
    [
      1782546740,
      0.320725
    ],
    [
      1782547641,
      0.320711
    ],
    [
      1782548543,
      0.32055
    ],
    [
      1782549444,
      0.320562
    ],
    [
      1782550121,
      0.320539
    ],
    [
      1782551023,
      0.32062
    ],
    [
      1782551924,
      0.320677
    ],
    [
      1782553008,
      0.320771
    ]
  ],
  "chainlink": [
    [
      1782545838,
      7.37
    ],
    [
      1782546740,
      7.37
    ],
    [
      1782547641,
      7.37
    ],
    [
      1782548543,
      7.37
    ],
    [
      1782549444,
      7.36
    ],
    [
      1782550121,
      7.35
    ],
    [
      1782551023,
      7.36
    ],
    [
      1782551924,
      7.35
    ],
    [
      1782553008,
      7.34
    ]
  ],
  "the-open-network": [
    [
      1782545838,
      1.57
    ],
    [
      1782546740,
      1.58
    ],
    [
      1782547641,
      1.58
    ],
    [
      1782548543,
      1.58
    ],
    [
      1782549444,
      1.59
    ],
    [
      1782550121,
      1.58
    ],
    [
      1782551023,
      1.58
    ],
    [
      1782551924,
      1.58
    ],
    [
      1782553008,
      1.58
    ]
  ],
  "stellar": [
    [
      1782545838,
      0.175087
    ],
    [
      1782546740,
      0.175023
    ],
    [
      1782547641,
      0.175023
    ],
    [
      1782548543,
      0.17493
    ],
    [
      1782549444,
      0.174817
    ],
    [
      1782550121,
      0.173931
    ],
    [
      1782551023,
      0.174039
    ],
    [
      1782551924,
      0.173768
    ],
    [
      1782553008,
      0.1738
    ]
  ],
  "hedera-hashgraph": [
    [
      1782545838,
      0.072637
    ],
    [
      1782546740,
      0.072461
    ],
    [
      1782547641,
      0.072386
    ],
    [
      1782548543,
      0.072233
    ],
    [
      1782549444,
      0.072133
    ],
    [
      1782550121,
      0.072032
    ],
    [
      1782551023,
      0.072148
    ],
    [
      1782551924,
      0.072025
    ],
    [
      1782553008,
      0.071992
    ]
  ],
  "sui": [
    [
      1782545838,
      0.712437
    ],
    [
      1782546740,
      0.709152
    ],
    [
      1782547641,
      0.708158
    ],
    [
      1782548543,
      0.706795
    ],
    [
      1782549444,
      0.706059
    ],
    [
      1782550121,
      0.703968
    ],
    [
      1782551023,
      0.704571
    ],
    [
      1782551924,
      0.70309
    ],
    [
      1782553008,
      0.699951
    ]
  ],
  "bitcoin-cash": [
    [
      1782545838,
      197.1
    ],
    [
      1782546740,
      197.01
    ],
    [
      1782547641,
      196.71
    ],
    [
      1782548543,
      196.25
    ],
    [
      1782549444,
      195.78
    ],
    [
      1782550121,
      195.49
    ],
    [
      1782551023,
      195.9
    ],
    [
      1782551924,
      195.73
    ],
    [
      1782553008,
      195.99
    ]
  ],
  "litecoin": [
    [
      1782545838,
      42.36
    ],
    [
      1782546740,
      42.35
    ],
    [
      1782547641,
      42.34
    ],
    [
      1782548543,
      42.32
    ],
    [
      1782549444,
      42.42
    ],
    [
      1782550121,
      42.33
    ],
    [
      1782551023,
      42.6
    ],
    [
      1782551924,
      42.55
    ],
    [
      1782553008,
      42.79
    ]
  ],
  "polkadot": [
    [
      1782545838,
      0.84413
    ],
    [
      1782546740,
      0.844517
    ],
    [
      1782547641,
      0.844284
    ],
    [
      1782548543,
      0.843384
    ],
    [
      1782549444,
      0.842247
    ],
    [
      1782550121,
      0.841648
    ],
    [
      1782551023,
      0.842659
    ],
    [
      1782551924,
      0.84177
    ],
    [
      1782553008,
      0.842589
    ]
  ],
  "hyperliquid": [
    [
      1782545838,
      63.46
    ],
    [
      1782546740,
      63.49
    ],
    [
      1782547641,
      63.76
    ],
    [
      1782548543,
      63.55
    ],
    [
      1782549444,
      63.6
    ],
    [
      1782550121,
      63.37
    ],
    [
      1782551023,
      63.41
    ],
    [
      1782551924,
      62.86
    ],
    [
      1782553008,
      62.86
    ]
  ],