{
  "bitcoin": [
    [
      1784561906,
      64773
    ],
    [
      1784562808,
      65284
    ],
    [
      1784563710,
      65396
    ],
    [
      1784564612,
      65404
    ],
    [
      1784565514,
      65374
    ],
    [
      1784566415,
      65388
    ],
    [
      1784567317,
      65442
    ],
    [
      1784568218,
      65441
    ]
  ],
  "ethereum": [
    [
      1784561906,
      1881.58
    ],
    [
      1784562808,
      1895.82
    ],
    [
      1784563710,
      1893.76
    ],
    [
      1784564612,
      1898.46
    ],
    [
      1784565514,
      1899.34
    ],
    [
      1784566415,
      1897.11
    ],
    [
      1784567317,
      1898.05
    ],
    [
      1784568218,
      1898.26
    ]
  ],
  "avalanche-2": [
    [
      1784561906,
      6.58
    ],
    [
      1784562808,
      6.61
    ],
    [
      1784563710,
      6.6
    ],
    [
      1784564612,
      6.59
    ],
    [
      1784565514,
      6.57
    ],
    [
      1784566415,
      6.57
    ],
    [
      1784567317,
      6.57
    ],
    [
      1784568218,
      6.57
    ]
  ],
  "ondo-finance": [
    [
      1784561906,
      0.349055
    ],
    [
      1784562808,
      0.351408
    ],
    [
      1784563710,
      0.35141
    ],
    [
      1784564612,
      0.35392
    ],
    [
      1784565514,
      0.354907
    ],
    [
      1784566415,
      0.355728
    ],
    [
      1784567317,
      0.357334
    ],
    [
      1784568218,
      0.356818
    ]
  ],
  "binancecoin": [
    [
      1784561906,
      570.21
    ],
    [
      1784562808,
      572.4
    ],
    [
      1784563710,
      573.2
    ],
    [
      1784564612,
      573.3
    ],
    [
      1784565514,
      572.97
    ],
    [
      1784566415,
      572.48
    ],
    [
      1784567317,
      573.03
    ],
    [
      1784568218,
      572.21
    ]
  ],
  "ripple": [
    [
      1784561906,
      1.1
    ],
    [
      1784562808,
      1.11
    ],
    [
      1784563710,
      1.11
    ],
    [
      1784564612,
      1.11
    ],
    [
      1784565514,
      1.11
    ],
    [
      1784566415,
      1.11
    ],
    [
      1784567317,
      1.11
    ],
    [
      1784568218,
      1.11
    ]
  ],
  "solana": [
    [
      1784561906,
      76.89
    ],
    [
      1784562808,
      77.46
    ],
    [
      1784563710,
      77.6
    ],
    [
      1784564612,
      77.63
    ],
    [
      1784565514,
      77.56
    ],
    [
      1784566415,
      77.66
    ],
    [
      1784567317,
      77.59
    ],
    [
      1784568218,
      77.55
    ]
  ],
  "dogecoin": [
    [
      1784561906,
      0.072845
    ],
    [
      1784562808,
      0.073116
    ],
    [
      1784563710,
      0.073254
    ],
    [
      1784564612,
      0.073401
    ],
    [
      1784565514,
      0.073097
    ],
    [
      1784566415,
      0.073147
    ],
    [
      1784567317,
      0.073178
    ],
    [
      1784568218,
      0.072916
    ]
  ],
  "cardano": [
    [
      1784561906,
      0.164394
    ],
    [
      1784562808,
      0.165565
    ],
    [
      1784563710,
      0.166715
    ],
    [
      1784564612,
      0.166352
    ],
    [
      1784565514,
      0.166023
    ],
    [
      1784566415,
      0.166093
    ],
    [
      1784567317,
      0.166185
    ],
    [
      1784568218,
      0.166055
    ]
  ],
  "tron": [
    [
      1784561906,
      0.325281
    ],
    [
      1784562808,
      0.325577
    ],
    [
      1784563710,
      0.325626
    ],
    [
      1784564612,
      0.326123
    ],
    [
      1784565514,
      0.325967
    ],
    [
      1784566415,
      0.325906
    ],
    [
      1784567317,
      0.325962
    ],
    [
      1784568218,
      0.326024
    ]
  ],
  "chainlink": [
    [
      1784561906,
      8.46
    ],
    [
      1784562808,
      8.52
    ],
    [
      1784563710,
      8.54
    ],
    [
      1784564612,
      8.55
    ],
    [
      1784565514,
      8.53
    ],
    [
      1784566415,
      8.54
    ],
    [
      1784567317,
      8.53
    ],
    [
      1784568218,
      8.53
    ]
  ],
  "the-open-network": [
    [
      1784561906,
      1.42
    ],
    [
      1784562808,
      1.43
    ],
    [
      1784563710,
      1.43
    ],
    [
      1784564612,
      1.43
    ],
    [
      1784565514,
      1.43
    ],
    [
      1784566415,
      1.43
    ],
    [
      1784567317,
      1.44
    ],
    [
      1784568218,
      1.43
    ]
  ],
  "stellar": [
    [
      1784561906,
      0.188045
    ],
    [
      1784562808,
      0.18878
    ],
    [
      1784563710,
      0.188969
    ],
    [
      1784564612,
      0.189391
    ],
    [
      1784565514,
      0.189202
    ],
    [
      1784566415,
      0.189139
    ],
    [
      1784567317,
      0.189217
    ],
    [
      1784568218,
      0.188914
    ]
  ],
  "hedera-hashgraph": [
    [
      1784561906,
      0.06626
    ],
    [
      1784562808,
      0.066542
    ],
    [
      1784563710,
      0.066549
    ],
    [
      1784564612,
      0.066525
    ],
    [
      1784565514,
      0.06657
    ],
    [
      1784566415,
      0.066621
    ],
    [
      1784567317,
      0.066608
    ],
    [
      1784568218,
      0.066601
    ]
  ],
  "sui": [
    [
      1784561906,
      0.758832
    ],
    [
      1784562808,
      0.762842
    ],
    [
      1784563710,
      0.763438
    ],
    [
      1784564612,
      0.762373
    ],
    [
      1784565514,
      0.762818
    ],
    [
      1784566415,
      0.760883
    ],
    [
      1784567317,
      0.763162
    ],
    [
      1784568218,
      0.760942
    ]
  ],
  "bitcoin-cash": [
    [
      1784561906,
      215.7
    ],
    [
      1784562808,
      217.08
    ],
    [
      1784563710,
      217.29
    ],
    [
      1784564612,
      216.96
    ],
    [
      1784565514,
      216.89
    ],
    [
      1784566415,
      217.19
    ],
    [
      1784567317,
      217.11
    ],
    [
      1784568218,
      217.28
    ]
  ],
  "litecoin": [
    [
      1784561906,
      47.17
    ],
    [
      1784562808,
      47.33
    ],
    [
      1784563710,
      47.34
    ],
    [
      1784564612,
      47.33
    ],
    [
      1784565514,
      47.26
    ],
    [
      1784566415,
      47.32
    ],
    [
      1784567317,
      47.37
    ],
    [
      1784568218,
      47.34
    ]
  ],
  "polkadot": [
    [
      1784561906,
      0.819016
    ],
    [
      1784562808,
      0.82161
    ],
    [
      1784563710,
      0.823689
    ],
    [
      1784564612,
      0.823459
    ],
    [
      1784565514,
      0.81984
    ],
    [
      1784566415,
      0.819396
    ],
    [
      1784567317,
      0.819213
    ],
    [
      1784568218,
      0.821108
    ]
  ],
  "hyperliquid": [
    [
      1784561906,
      61.22
    ],
    [
      1784562808,
      61.81
    ],
    [
      1784563710,
      62.17
    ],
    [
      1784564612,
      62.31
    ],
    [
      1784565514,
      62.1
    ],
    [
      1784566415,
      62.2
    ],
    [
      1784567317,
      62.22
    ],
    [
      1784568218,
      62.0
    ]
  ],
  "monero": [
    [
      1784561906,
      334.69
    ],
    [
      1784562808,
      334.44
    ],
    [
      1784563710,
      334.82
    ],
    [
      1784564612,
      334.5
    ],
    [
      1784565514,
      335.91
    ],
    [
      1784566415,
      337.01
    ],
    [
      1784567317,
      336.79
    ],
    [
      1784568218,
      336.58
    ]
  ],
  "_alerts_sent": {}
}