{
  "bitcoin": [
    [
      1783891095,
      64153
    ],
    [
      1783892002,
      64035
    ],
    [
      1783892903,
      63911
    ],
    [
      1783893805,
      63737.6
    ],
    [
      1783894708,
      63735
    ],
    [
      1783895610,
      63779
    ],
    [
      1783896511,
      63715
    ],
    [
      1783897413,
      63768.3
    ]
  ],
  "ethereum": [
    [
      1783891095,
      1817.94
    ],
    [
      1783892002,
      1812.87
    ],
    [
      1783892903,
      1810.88
    ],
    [
      1783893805,
      1803.04
    ],
    [
      1783894708,
      1801.83
    ],
    [
      1783895610,
      1801.71
    ],
    [
      1783896511,
      1798.67
    ],
    [
      1783897413,
      1801.85
    ]
  ],
  "avalanche-2": [
    [
      1783891095,
      6.46
    ],
    [
      1783892002,
      6.43
    ],
    [
      1783892903,
      6.43
    ],
    [
      1783893805,
      6.396
    ],
    [
      1783894708,
      6.39
    ],
    [
      1783895610,
      6.39
    ],
    [
      1783896511,
      6.39
    ],
    [
      1783897413,
      6.389
    ]
  ],
  "ondo-finance": [
    [
      1783891095,
      0.325906
    ],
    [
      1783892002,
      0.324839
    ],
    [
      1783892903,
      0.324885
    ],
    [
      1783893805,
      0.32359
    ],
    [
      1783894708,
      0.323156
    ],
    [
      1783895610,
      0.322327
    ],
    [
      1783896511,
      0.321364
    ],
    [
      1783897413,
      0.32262
    ]
  ],
  "binancecoin": [
    [
      1783891095,
      578.45
    ],
    [
      1783892002,
      577.26
    ],
    [
      1783892903,
      576.82
    ],
    [
      1783894708,
      573.72
    ],
    [
      1783895610,
      573.61
    ],
    [
      1783896511,
      573.3
    ]
  ],
  "ripple": [
    [
      1783891095,
      1.099
    ],
    [
      1783892002,
      1.095
    ],
    [
      1783892903,
      1.095
    ],
    [
      1783894708,
      1.088
    ],
    [
      1783895610,
      1.084
    ],
    [
      1783896511,
      1.083
    ]
  ],
  "solana": [
    [
      1783891095,
      77.5
    ],
    [
      1783892002,
      77.18
    ],
    [
      1783892903,
      77.17
    ],
    [
      1783894708,
      76.68
    ],
    [
      1783895610,
      76.67
    ],
    [
      1783896511,
      76.55
    ]
  ],
  "dogecoin": [
    [
      1783891095,
      0.073392
    ],
    [
      1783892002,
      0.073046
    ],
    [
      1783892903,
      0.073143
    ],
    [
      1783894708,
      0.072697
    ],
    [
      1783895610,
      0.072592
    ],
    [
      1783896511,
      0.072427
    ]
  ],
  "cardano": [
    [
      1783891095,
      0.164248
    ],
    [
      1783892002,
      0.163614
    ],
    [
      1783892903,
      0.163528
    ],
    [
      1783894708,
      0.16191
    ],
    [
      1783895610,
      0.16165
    ],
    [
      1783896511,
      0.161288
    ]
  ],
  "tron": [
    [
      1783891095,
      0.331355
    ],
    [
      1783892002,
      0.331387
    ],
    [
      1783892903,
      0.331457
    ],
    [
      1783894708,
      0.33106
    ],
    [
      1783895610,
      0.331131
    ],
    [
      1783896511,
      0.331185
    ]
  ],
  "chainlink": [
    [
      1783891095,
      8.08
    ],
    [
      1783892002,
      8.06
    ],
    [
      1783892903,
      8.06
    ],
    [
      1783894708,
      7.98
    ],
    [
      1783895610,
      7.97
    ],
    [
      1783896511,
      7.95
    ]
  ],
  "the-open-network": [
    [
      1783891095,
      1.64
    ],
    [
      1783892002,
      1.64
    ],
    [
      1783892903,
      1.63
    ],
    [
      1783894708,
      1.61
    ],
    [
      1783895610,
      1.61
    ],
    [
      1783896511,
      1.61
    ]
  ],
  "stellar": [
    [
      1783891095,
      0.188983
    ],
    [
      1783892002,
      0.187581
    ],
    [
      1783892903,
      0.187408
    ],
    [
      1783894708,
      0.186119
    ],
    [
      1783895610,
      0.186104
    ],
    [
      1783896511,
      0.18586
    ]
  ],
  "hedera-hashgraph": [
    [
      1783891095,
      0.068151
    ],
    [
      1783892002,
      0.067911
    ],
    [
      1783892903,
      0.067826
    ],
    [
      1783894708,
      0.067355
    ],
    [
      1783895610,
      0.067411
    ],
    [
      1783896511,
      0.067335
    ]
  ],
  "sui": [
    [
      1783891095,
      0.742187
    ],
    [
      1783892002,
      0.739044
    ],
    [
      1783892903,
      0.738092
    ],
    [
      1783894708,
      0.736009
    ],
    [
      1783895610,
      0.734623
    ],
    [
      1783896511,
      0.734094
    ]
  ],
  "bitcoin-cash": [
    [
      1783891095,
      246.27
    ],
    [
      1783892002,
      245.56
    ],
    [
      1783892903,
      244.78
    ],
    [
      1783894708,
      241.67
    ],
    [
      1783895610,
      241.53
    ],
    [
      1783896511,
      241.03
    ]
  ],
  "litecoin": [
    [
      1783891095,
      44.59
    ],
    [
      1783892002,
      44.44
    ],
    [
      1783892903,
      44.37
    ],
    [
      1783894708,
      44.14
    ],
    [
      1783895610,
      44.12
    ],
    [
      1783896511,
      44.07
    ]
  ],
  "polkadot": [
    [
      1783891095,
      0.850729
    ],
    [
      1783892002,
      0.848812
    ],
    [
      1783892903,
      0.849461
    ],
    [
      1783894708,
      0.844672
    ],
    [
      1783895610,
      0.845195
    ],
    [
      1783896511,
      0.845322
    ]
  ],
  "hyperliquid": [
    [
      1783891095,
      67.81
    ],
    [
      1783892002,
      67.72
    ],
    [
      1783892903,
      67.74
    ],
    [
      1783894708,
      67.42
    ],
    [
      1783895610,
      67.38
    ],
    [
      1783896511,
      67.05
    ]
  ],
  "monero": [
    [
      1783891095,
      330.15
    ],
    [
      1783892002,
      330.21
    ],
    [
      1783892903,
      330.02
    ],
    [
      1783894708,
      328.53
    ],
    [
      1783895610,
      326.99
    ],
    [
      1783896511,
      326.23
    ]
  ],
  "_alerts_sent": {}
}