{
  "bitcoin": [
    [
      1784865586,
      65400
    ],
    [
      1784866487,
      65361
    ],
    [
      1784867388,
      65377
    ],
    [
      1784868290,
      65284
    ],
    [
      1784869191,
      65236
    ],
    [
      1784870093,
      65313
    ],
    [
      1784870994,
      65293
    ],
    [
      1784871896,
      65234
    ]
  ],
  "ethereum": [
    [
      1784865586,
      1879.63
    ],
    [
      1784866487,
      1878.79
    ],
    [
      1784867388,
      1879.44
    ],
    [
      1784868290,
      1875.79
    ],
    [
      1784869191,
      1874.72
    ],
    [
      1784870093,
      1879.1
    ],
    [
      1784870994,
      1879.08
    ],
    [
      1784871896,
      1878.31
    ]
  ],
  "avalanche-2": [
    [
      1784865586,
      6.26
    ],
    [
      1784866487,
      6.26
    ],
    [
      1784867388,
      6.27
    ],
    [
      1784868290,
      6.27
    ],
    [
      1784869191,
      6.26
    ],
    [
      1784870093,
      6.27
    ],
    [
      1784870994,
      6.28
    ],
    [
      1784871896,
      6.27
    ]
  ],
  "ondo-finance": [
    [
      1784865586,
      0.403731
    ],
    [
      1784866487,
      0.405655
    ],
    [
      1784867388,
      0.404315
    ],
    [
      1784868290,
      0.403991
    ],
    [
      1784869191,
      0.404354
    ],
    [
      1784870093,
      0.404835
    ],
    [
      1784870994,
      0.404669
    ],
    [
      1784871896,
      0.401039
    ]
  ],
  "binancecoin": [
    [
      1784865586,
      568.8
    ],
    [
      1784866487,
      568.39
    ],
    [
      1784867388,
      568.23
    ],
    [
      1784868290,
      567.56
    ],
    [
      1784869191,
      566.82
    ],
    [
      1784870093,
      567.13
    ],
    [
      1784870994,
      567.03
    ],
    [
      1784871896,
      566.86
    ]
  ],
  "ripple": [
    [
      1784865586,
      1.11
    ],
    [
      1784866487,
      1.11
    ],
    [
      1784867388,
      1.11
    ],
    [
      1784868290,
      1.11
    ],
    [
      1784869191,
      1.11
    ],
    [
      1784870093,
      1.11
    ],
    [
      1784870994,
      1.11
    ],
    [
      1784871896,
      1.11
    ]
  ],
  "solana": [
    [
      1784865586,
      75.79
    ],
    [
      1784866487,
      75.67
    ],
    [
      1784867388,
      75.74
    ],
    [
      1784868290,
      75.66
    ],
    [
      1784869191,
      75.58
    ],
    [
      1784870093,
      75.73
    ],
    [
      1784870994,
      75.78
    ],
    [
      1784871896,
      75.7
    ]
  ],
  "dogecoin": [
    [
      1784865586,
      0.069375
    ],
    [
      1784866487,
      0.069232
    ],
    [
      1784867388,
      0.069194
    ],
    [
      1784868290,
      0.069022
    ],
    [
      1784869191,
      0.068981
    ],
    [
      1784870093,
      0.069018
    ],
    [
      1784870994,
      0.069121
    ],
    [
      1784871896,
      0.069098
    ]
  ],
  "cardano": [
    [
      1784865586,
      0.167392
    ],
    [
      1784866487,
      0.167147
    ],
    [
      1784867388,
      0.167201
    ],
    [
      1784868290,
      0.167139
    ],
    [
      1784869191,
      0.167156
    ],
    [
      1784870093,
      0.167243
    ],
    [
      1784870994,
      0.167072
    ],
    [
      1784871896,
      0.166798
    ]
  ],
  "tron": [
    [
      1784865586,
      0.328624
    ],
    [
      1784866487,
      0.329379
    ],
    [
      1784867388,
      0.329502
    ],
    [
      1784868290,
      0.329616
    ],
    [
      1784869191,
      0.329633
    ],
    [
      1784870093,
      0.329263
    ],
    [
      1784870994,
      0.329493
    ],
    [
      1784871896,
      0.329431
    ]
  ],
  "chainlink": [
    [
      1784865586,
      8.45
    ],
    [
      1784866487,
      8.44
    ],
    [
      1784867388,
      8.45
    ],
    [
      1784868290,
      8.43
    ],
    [
      1784869191,
      8.42
    ],
    [
      1784870093,
      8.44
    ],
    [
      1784870994,
      8.44
    ],
    [
      1784871896,
      8.44
    ]
  ],
  "the-open-network": [
    [
      1784865586,
      1.46
    ],
    [
      1784866487,
      1.46
    ],
    [
      1784867388,
      1.46
    ],
    [
      1784868290,
      1.46
    ],
    [
      1784869191,
      1.46
    ],
    [
      1784870093,
      1.46
    ],
    [
      1784870994,
      1.46
    ],
    [
      1784871896,
      1.45
    ]
  ],
  "stellar": [
    [
      1784865586,
      0.183062
    ],
    [
      1784866487,
      0.18363
    ],
    [
      1784867388,
      0.183441
    ],
    [
      1784868290,
      0.183649
    ],
    [
      1784869191,
      0.183511
    ],
    [
      1784870093,
      0.184402
    ],
    [
      1784870994,
      0.184204
    ],
    [
      1784871896,
      0.184261
    ]
  ],
  "hedera-hashgraph": [
    [
      1784865586,
      0.07087
    ],
    [
      1784866487,
      0.07089
    ],
    [
      1784867388,
      0.07098
    ],
    [
      1784868290,
      0.070969
    ],
    [
      1784869191,
      0.070931
    ],
    [
      1784870093,
      0.071061
    ],
    [
      1784870994,
      0.071124
    ],
    [
      1784871896,
      0.071211
    ]
  ],
  "sui": [
    [
      1784865586,
      0.745772
    ],
    [
      1784866487,
      0.744669
    ],
    [
      1784867388,
      0.745048
    ],
    [
      1784868290,
      0.743082
    ],
    [
      1784869191,
      0.742091
    ],
    [
      1784870093,
      0.743093
    ],
    [
      1784870994,
      0.742591
    ],
    [
      1784871896,
      0.741841
    ]
  ],
  "bitcoin-cash": [
    [
      1784865586,
      211.51
    ],
    [
      1784866487,
      211.53
    ],
    [
      1784867388,
      211.49
    ],
    [
      1784868290,
      210.88
    ],
    [
      1784869191,
      210.8
    ],
    [
      1784870093,
      211.44
    ],
    [
      1784870994,
      211.5
    ],
    [
      1784871896,
      211.2
    ]
  ],
  "litecoin": [
    [
      1784865586,
      46.75
    ],
    [
      1784866487,
      46.76
    ],
    [
      1784867388,
      46.77
    ],
    [
      1784868290,
      46.7
    ],
    [
      1784869191,
      46.65
    ],
    [
      1784870093,
      46.69
    ],
    [
      1784870994,
      46.74
    ],
    [
      1784871896,
      46.7
    ]
  ],
  "polkadot": [
    [
      1784865586,
      0.815128
    ],
    [
      1784866487,
      0.815009
    ],
    [
      1784867388,
      0.813741
    ],
    [
      1784868290,
      0.812621
    ],
    [
      1784869191,
      0.812266
    ],
    [
      1784870093,
      0.814068
    ],
    [
      1784870994,
      0.815143
    ],
    [
      1784871896,
      0.814798
    ]
  ],
  "hyperliquid": [
    [
      1784865586,
      58.17
    ],
    [
      1784866487,
      58.33
    ],
    [
      1784867388,
      58.38
    ],
    [
      1784868290,
      58.37
    ],
    [
      1784869191,
      58.32
    ],
    [
      1784870093,
      58.47
    ],
    [
      1784870994,
      58.37
    ],
    [
      1784871896,
      58.38
    ]
  ],
  "monero": [
    [
      1784865586,
      353.87
    ],
    [
      1784866487,
      354.32
    ],
    [
      1784867388,
      354.52
    ],
    [
      1784868290,
      354.43
    ],
    [
      1784869191,
      354.63
    ],
    [
      1784870093,
      355.46
    ],
    [
      1784870994,
      356.19
    ],
    [
      1784871896,
      356.85
    ]
  ],
  "_alerts_sent": {}
}