{
  "bitcoin": [
    [
      1781544538,
      66841
    ],
    [
      1781545440,
      66837
    ],
    [
      1781546341,
      66829
    ],
    [
      1781547244,
      66714
    ],
    [
      1781548146,
      66817
    ],
    [
      1781549380,
      66838
    ],
    [
      1781550281,
      66791
    ],
    [
      1781551183,
      66652
    ]
  ],
  "ethereum": [
    [
      1781544538,
      1829.66
    ],
    [
      1781545440,
      1829.98
    ],
    [
      1781546341,
      1827.14
    ],
    [
      1781547244,
      1828.07
    ],
    [
      1781548146,
      1829.25
    ],
    [
      1781549380,
      1831.51
    ],
    [
      1781550281,
      1828.64
    ],
    [
      1781551183,
      1823.09
    ]
  ],
  "avalanche-2": [
    [
      1781544538,
      7.0
    ],
    [
      1781545440,
      7.01
    ],
    [
      1781546341,
      7.02
    ],
    [
      1781547244,
      7.01
    ],
    [
      1781548146,
      7.01
    ],
    [
      1781549380,
      7.0
    ],
    [
      1781550281,
      6.97
    ],
    [
      1781551183,
      6.98
    ]
  ],
  "ondo-finance": [
    [
      1781544538,
      0.382945
    ],
    [
      1781545440,
      0.383204
    ],
    [
      1781546341,
      0.382712
    ],
    [
      1781547244,
      0.382975
    ],
    [
      1781548146,
      0.383972
    ],
    [
      1781549380,
      0.383255
    ],
    [
      1781550281,
      0.38204
    ],
    [
      1781551183,
      0.381084
    ]
  ],
  "binancecoin": [
    [
      1781544538,
      625.64
    ],
    [
      1781545440,
      625.16
    ],
    [
      1781546341,
      624.86
    ],
    [
      1781547244,
      623.5
    ],
    [
      1781548146,
      622.69
    ],
    [
      1781549380,
      623.2
    ],
    [
      1781550281,
      622.12
    ],
    [
      1781551183,
      621.77
    ]
  ],
  "ripple": [
    [
      1781544538,
      1.28
    ],
    [
      1781545440,
      1.28
    ],
    [
      1781546341,
      1.28
    ],
    [
      1781547244,
      1.28
    ],
    [
      1781548146,
      1.28
    ],
    [
      1781549380,
      1.28
    ],
    [
      1781550281,
      1.28
    ],
    [
      1781551183,
      1.29
    ]
  ],
  "solana": [
    [
      1781544538,
      75.0
    ],
    [
      1781545440,
      75.16
    ],
    [
      1781546341,
      75.23
    ],
    [
      1781547244,
      75.21
    ],
    [
      1781548146,
      75.4
    ],
    [
      1781549380,
      75.48
    ],
    [
      1781550281,
      75.35
    ],
    [
      1781551183,
      75.55
    ]
  ],
  "dogecoin": [
    [
      1781544538,
      0.089594
    ],
    [
      1781545440,
      0.089606
    ],
    [
      1781546341,
      0.089595
    ],
    [
      1781547244,
      0.089402
    ],
    [
      1781548146,
      0.089503
    ],
    [
      1781549380,
      0.089427
    ],
    [
      1781550281,
      0.089388
    ],
    [
      1781551183,
      0.089527
    ]
  ],
  "cardano": [
    [
      1781544538,
      0.186933
    ],
    [
      1781545440,
      0.187129
    ],
    [
      1781546341,
      0.187533
    ],
    [
      1781547244,
      0.18704
    ],
    [
      1781548146,
      0.187927
    ],
    [
      1781549380,
      0.187898
    ],
    [
      1781550281,
      0.187484
    ],
    [
      1781551183,
      0.187984
    ]
  ],
  "tron": [
    [
      1781544538,
      0.319477
    ],
    [
      1781545440,
      0.319494
    ],
    [
      1781546341,
      0.31966
    ],
    [
      1781547244,
      0.319532
    ],
    [
      1781548146,
      0.319643
    ],
    [
      1781549380,
      0.319601
    ],
    [
      1781550281,
      0.319728
    ],
    [
      1781551183,
      0.31971
    ]
  ],
  "chainlink": [
    [
      1781544538,
      8.49
    ],
    [
      1781545440,
      8.48
    ],
    [
      1781546341,
      8.48
    ],
    [
      1781547244,
      8.47
    ],
    [
      1781548146,
      8.47
    ],
    [
      1781549380,
      8.47
    ],
    [
      1781550281,
      8.47
    ],
    [
      1781551183,
      8.47
    ]
  ],
  "the-open-network": [
    [
      1781544538,
      1.8
    ],
    [
      1781545440,
      1.8
    ],
    [
      1781546341,
      1.8
    ],
    [
      1781547244,
      1.79
    ],
    [
      1781548146,
      1.78
    ],
    [
      1781549380,
      1.78
    ],
    [
      1781550281,
      1.78
    ],
    [
      1781551183,
      1.78
    ]
  ],
  "stellar": [
    [
      1781544538,
      0.229041
    ],
    [
      1781545440,
      0.228683
    ],
    [
      1781546341,
      0.227851
    ],
    [
      1781547244,
      0.225823
    ],
    [
      1781548146,
      0.221619
    ],
    [
      1781549380,
      0.219438
    ],
    [
      1781550281,
      0.220938
    ],
    [
      1781551183,
      0.222557
    ]
  ],
  "hedera-hashgraph": [
    [
      1781544538,
      0.08351
    ],
    [
      1781545440,
      0.083057
    ],
    [
      1781546341,
      0.083222
    ],
    [
      1781547244,
      0.083421
    ],
    [
      1781548146,
      0.08344
    ],
    [
      1781549380,
      0.083266
    ],
    [
      1781550281,
      0.08311
    ],
    [
      1781551183,
      0.083352
    ]
  ],
  "sui": [
    [
      1781544538,
      0.813263
    ],
    [
      1781545440,
      0.812822
    ],
    [
      1781546341,
      0.813993
    ],
    [
      1781547244,
      0.811774
    ],
    [
      1781548146,
      0.811126
    ],
    [
      1781549380,
      0.809363
    ],
    [
      1781550281,
      0.809303
    ],
    [
      1781551183,
      0.808752
    ]
  ],
  "bitcoin-cash": [
    [
      1781544538,
      224.95
    ],
    [
      1781545440,
      225.19
    ],
    [
      1781546341,
      225.27
    ],
    [
      1781547244,
      224.95
    ],
    [
      1781548146,
      225.0
    ],
    [
      1781549380,
      224.13
    ],
    [
      1781550281,
      223.45
    ],
    [
      1781551183,
      223.07
    ]
  ],
  "litecoin": [
    [
      1781544538,
      46.0
    ],
    [
      1781545440,
      45.9
    ],
    [
      1781546341,
      45.93
    ],
    [
      1781547244,
      45.85
    ],
    [
      1781548146,
      45.88
    ],
    [
      1781549380,
      45.8
    ],
    [
      1781550281,
      45.77
    ],
    [
      1781551183,
      45.76
    ]
  ],
  "polkadot": [
    [
      1781544538,
      1.031
    ],
    [
      1781545440,
      1.034
    ],
    [
      1781546341,
      1.034
    ],
    [
      1781547244,
      1.032
    ],
    [
      1781548146,
      1.034
    ],
    [
      1781549380,
      1.033
    ],
    [
      1781550281,
      1.032
    ],
    [
      1781551183,
      1.031
    ]
  ],
  "hyperliquid": [
    [
      1781544538,
      68.08
    ],
    [
      1781545440,
      68.12
    ],
    [
      1781546341,
      68.09
    ],
    [
      1781547244,
      68.02
    ],
    [
      1781548146,
      67.79
    ],
    [
      1781549380,
      68.25
    ],
    [
      1781550281,
      67.97
    ],
    [
      1781551183,
      67.84
    ]
  ],
  "monero": [
    [
      1781544538,
      348.64
    ],
    [
      1781545440,
      350.88
    ],
    [
      1781546341,
      351.16
    ],
    [
      1781547244,
      346.65
    ],
    [
      1781548146,
      351.45
    ],
    [
      1781549380,
      354.06
    ],
    [
      1781550281,
      356.31
    ],
    [
      1781551183,
      358.19
    ]
  ],
  "_alerts_sent": {
    "stellar_2026-06-15 17": true
  }
}