{
  "bitcoin": [
    [
      1782574965,
      60719
    ],
    [
      1782575866,
      60734.8
    ],
    [
      1782576767,
      60659
    ],
    [
      1782577669,
      60614
    ],
    [
      1782578570,
      60680
    ],
    [
      1782579471,
      60678.9
    ],
    [
      1782580374,
      60469
    ],
    [
      1782581275,
      60464
    ]
  ],
  "ethereum": [
    [
      1782574965,
      1604.58
    ],
    [
      1782575866,
      1603.27
    ],
    [
      1782576767,
      1601.02
    ],
    [
      1782577669,
      1600.03
    ],
    [
      1782578570,
      1602.92
    ],
    [
      1782579471,
      1603.47
    ],
    [
      1782580374,
      1592.65
    ],
    [
      1782581275,
      1592.66
    ]
  ],
  "avalanche-2": [
    [
      1782574965,
      6.63
    ],
    [
      1782575866,
      6.633
    ],
    [
      1782576767,
      6.63
    ],
    [
      1782577669,
      6.62
    ],
    [
      1782578570,
      6.62
    ],
    [
      1782579471,
      6.62
    ],
    [
      1782580374,
      6.55
    ],
    [
      1782581275,
      6.54
    ]
  ],
  "ondo-finance": [
    [
      1782574965,
      0.318999
    ],
    [
      1782575866,
      0.31848
    ],
    [
      1782576767,
      0.318233
    ],
    [
      1782577669,
      0.317512
    ],
    [
      1782578570,
      0.317992
    ],
    [
      1782579471,
      0.31804
    ],
    [
      1782580374,
      0.315105
    ],
    [
      1782581275,
      0.314759
    ]
  ],
  "binancecoin": [
    [
      1782574965,
      565.18
    ],
    [
      1782576767,
      564.5
    ],
    [
      1782577669,
      564.43
    ],
    [
      1782578570,
      565.61
    ],
    [
      1782580374,
      563.7
    ],
    [
      1782581275,
      563.46
    ]
  ],
  "ripple": [
    [
      1782574965,
      1.073
    ],
    [
      1782576767,
      1.074
    ],
    [
      1782577669,
      1.07
    ],
    [
      1782578570,
      1.07
    ],
    [
      1782580374,
      1.062
    ],
    [
      1782581275,
      1.061
    ]
  ],
  "solana": [
    [
      1782574965,
      72.88
    ],
    [
      1782576767,
      72.73
    ],
    [
      1782577669,
      72.62
    ],
    [
      1782578570,
      72.64
    ],
    [
      1782580374,
      72.02
    ],
    [
      1782581275,
      72.14
    ]
  ],
  "dogecoin": [
    [
      1782574965,
      0.076156
    ],
    [
      1782576767,
      0.076155
    ],
    [
      1782577669,
      0.075875
    ],
    [
      1782578570,
      0.076132
    ],
    [
      1782580374,
      0.075704
    ],
    [
      1782581275,
      0.075679
    ]
  ],
  "cardano": [
    [
      1782574965,
      0.148869
    ],
    [
      1782576767,
      0.148576
    ],
    [
      1782577669,
      0.148135
    ],
    [
      1782578570,
      0.14825
    ],
    [
      1782580374,
      0.147188
    ],
    [
      1782581275,
      0.147149
    ]
  ],
  "tron": [
    [
      1782574965,
      0.320442
    ],
    [
      1782576767,
      0.320483
    ],
    [
      1782577669,
      0.320425
    ],
    [
      1782578570,
      0.320596
    ],
    [
      1782580374,
      0.320342
    ],
    [
      1782581275,
      0.320519
    ]
  ],
  "chainlink": [
    [
      1782574965,
      7.45
    ],
    [
      1782576767,
      7.45
    ],
    [
      1782577669,
      7.43
    ],
    [
      1782578570,
      7.44
    ],
    [
      1782580374,
      7.38
    ],
    [
      1782581275,
      7.38
    ]
  ],
  "the-open-network": [
    [
      1782574965,
      1.57
    ],
    [
      1782576767,
      1.58
    ],
    [
      1782577669,
      1.58
    ],
    [
      1782578570,
      1.58
    ],
    [
      1782580374,
      1.56
    ],
    [
      1782581275,
      1.57
    ]
  ],
  "stellar": [
    [
      1782574965,
      0.178495
    ],
    [
      1782576767,
      0.178354
    ],
    [
      1782577669,
      0.177726
    ],
    [
      1782578570,
      0.177831
    ],
    [
      1782580374,
      0.175705
    ],
    [
      1782581275,
      0.175586
    ]
  ],
  "hedera-hashgraph": [
    [
      1782574965,
      0.073238
    ],
    [
      1782576767,
      0.073222
    ],
    [
      1782577669,
      0.072945
    ],
    [
      1782578570,
      0.072999
    ],
    [
      1782580374,
      0.072421
    ],
    [
      1782581275,
      0.072615
    ]
  ],
  "sui": [
    [
      1782574965,
      0.711023
    ],
    [
      1782576767,
      0.709199
    ],
    [
      1782577669,
      0.708813
    ],
    [
      1782578570,
      0.710323
    ],
    [
      1782580374,
      0.703937
    ],
    [
      1782581275,
      0.70385
    ]
  ],
  "bitcoin-cash": [
    [
      1782574965,
      199.47
    ],
    [
      1782576767,
      199.21
    ],
    [
      1782577669,
      198.62
    ],
    [
      1782578570,
      198.52
    ],
    [
      1782580374,
      197.56
    ],
    [
      1782581275,
      197.83
    ]
  ],
  "litecoin": [
    [
      1782574965,
      42.98
    ],
    [
      1782576767,
      43.14
    ],
    [
      1782577669,
      43.01
    ],
    [
      1782578570,
      43.08
    ],
    [
      1782580374,
      42.79
    ],
    [
      1782581275,
      42.79
    ]
  ],
  "polkadot": [
    [
      1782574965,
      0.847515
    ],
    [
      1782576767,
      0.845162
    ],
    [
      1782577669,
      0.844285
    ],
    [
      1782578570,
      0.844362
    ],
    [
      1782580374,
      0.836533
    ],
    [
      1782581275,
      0.835575
    ]
  ],
  "hyperliquid": [
    [
      1782574965,
      64.51
    ],
    [
      1782576767,
      64.22
    ],
    [
      1782577669,
      63.99
    ],
    [
      1782578570,
      64.15
    ],
    [
      1782580374,
      63.45
    ],
    [
      1782581275,
      63.32
    ]
  ],
  "monero": [
    [
      1782574965,
      314.79
    ],
    [
      1782576767,
      314.72
    ],
    [
      1782577669,
      314.19
    ],
    [
      1782578570,
      313.88
    ],
    [
      1782580374,
      313.79
    ],
    [
      1782581275,
      313.39
    ]
  ],
  "_alerts_sent": {}
}