{
  "bitcoin": [
    [
      1784185019,
      64720
    ],
    [
      1784185921,
      64642
    ],
    [
      1784186822,
      64521
    ],
    [
      1784187723,
      64195
    ],
    [
      1784188624,
      64086
    ],
    [
      1784189526,
      64040
    ],
    [
      1784190427,
      64008
    ],
    [
      1784191328,
      64264
    ]
  ],
  "ethereum": [
    [
      1784185019,
      1920.74
    ],
    [
      1784185921,
      1919.33
    ],
    [
      1784186822,
      1917.13
    ],
    [
      1784187723,
      1907.0
    ],
    [
      1784188624,
      1905.81
    ],
    [
      1784189526,
      1899.84
    ],
    [
      1784190427,
      1882.9
    ],
    [
      1784191328,
      1893.19
    ]
  ],
  "avalanche-2": [
    [
      1784185019,
      6.67
    ],
    [
      1784185921,
      6.67
    ],
    [
      1784186822,
      6.67
    ],
    [
      1784187723,
      6.64
    ],
    [
      1784188624,
      6.61
    ],
    [
      1784189526,
      6.6
    ],
    [
      1784190427,
      6.56
    ],
    [
      1784191328,
      6.6
    ]
  ],
  "ondo-finance": [
    [
      1784185019,
      0.371931
    ],
    [
      1784185921,
      0.374284
    ],
    [
      1784186822,
      0.374168
    ],
    [
      1784187723,
      0.370315
    ],
    [
      1784188624,
      0.368121
    ],
    [
      1784189526,
      0.368967
    ],
    [
      1784190427,
      0.370886
    ],
    [
      1784191328,
      0.368947
    ]
  ],
  "binancecoin": [
    [
      1784185019,
      582.49
    ],
    [
      1784185921,
      582.19
    ],
    [
      1784186822,
      581.83
    ],
    [
      1784187723,
      579.47
    ],
    [
      1784188624,
      578.7
    ],
    [
      1784189526,
      577.54
    ],
    [
      1784190427,
      575.72
    ],
    [
      1784191328,
      577.49
    ]
  ],
  "ripple": [
    [
      1784185019,
      1.11
    ],
    [
      1784185921,
      1.11
    ],
    [
      1784186822,
      1.11
    ],
    [
      1784187723,
      1.11
    ],
    [
      1784188624,
      1.1
    ],
    [
      1784189526,
      1.1
    ],
    [
      1784190427,
      1.1
    ],
    [
      1784191328,
      1.11
    ]
  ],
  "solana": [
    [
      1784185019,
      77.29
    ],
    [
      1784185921,
      77.22
    ],
    [
      1784186822,
      77.09
    ],
    [
      1784187723,
      76.38
    ],
    [
      1784188624,
      76.23
    ],
    [
      1784189526,
      76.2
    ],
    [
      1784190427,
      75.91
    ],
    [
      1784191328,
      76.32
    ]
  ],
  "dogecoin": [
    [
      1784185019,
      0.074077
    ],
    [
      1784185921,
      0.074059
    ],
    [
      1784186822,
      0.074014
    ],
    [
      1784187723,
      0.073539
    ],
    [
      1784188624,
      0.073377
    ],
    [
      1784189526,
      0.073163
    ],
    [
      1784190427,
      0.072806
    ],
    [
      1784191328,
      0.073226
    ]
  ],
  "cardano": [
    [
      1784185019,
      0.164014
    ],
    [
      1784185921,
      0.163943
    ],
    [
      1784186822,
      0.16388
    ],
    [
      1784187723,
      0.162933
    ],
    [
      1784188624,
      0.162573
    ],
    [
      1784189526,
      0.162377
    ],
    [
      1784190427,
      0.161497
    ],
    [
      1784191328,
      0.162358
    ]
  ],
  "tron": [
    [
      1784185019,
      0.324358
    ],
    [
      1784185921,
      0.324416
    ],
    [
      1784186822,
      0.324498
    ],
    [
      1784187723,
      0.324244
    ],
    [
      1784188624,
      0.323861
    ],
    [
      1784189526,
      0.323667
    ],
    [
      1784190427,
      0.3234
    ],
    [
      1784191328,
      0.323685
    ]
  ],
  "chainlink": [
    [
      1784185019,
      8.51
    ],
    [
      1784185921,
      8.52
    ],
    [
      1784186822,
      8.54
    ],
    [
      1784187723,
      8.48
    ],
    [
      1784188624,
      8.48
    ],
    [
      1784189526,
      8.48
    ],
    [
      1784190427,
      8.41
    ],
    [
      1784191328,
      8.45
    ]
  ],
  "the-open-network": [
    [
      1784185019,
      1.57
    ],
    [
      1784185921,
      1.57
    ],
    [
      1784186822,
      1.57
    ],
    [
      1784187723,
      1.56
    ],
    [
      1784188624,
      1.56
    ],
    [
      1784189526,
      1.56
    ],
    [
      1784190427,
      1.56
    ],
    [
      1784191328,
      1.57
    ]
  ],
  "stellar": [
    [
      1784185019,
      0.189087
    ],
    [
      1784185921,
      0.188866
    ],
    [
      1784186822,
      0.188789
    ],
    [
      1784187723,
      0.187566
    ],
    [
      1784188624,
      0.186719
    ],
    [
      1784189526,
      0.186619
    ],
    [
      1784190427,
      0.186818
    ],
    [
      1784191328,
      0.189209
    ]
  ],
  "hedera-hashgraph": [
    [
      1784185019,
      0.06745
    ],
    [
      1784185921,
      0.067353
    ],
    [
      1784186822,
      0.067293
    ],
    [
      1784187723,
      0.067118
    ],
    [
      1784188624,
      0.066999
    ],
    [
      1784189526,
      0.066938
    ],
    [
      1784190427,
      0.066938
    ],
    [
      1784191328,
      0.06729
    ]
  ],
  "sui": [
    [
      1784185019,
      0.753926
    ],
    [
      1784185921,
      0.753016
    ],
    [
      1784186822,
      0.752818
    ],
    [
      1784187723,
      0.747218
    ],
    [
      1784188624,
      0.740129
    ],
    [
      1784189526,
      0.739735
    ],
    [
      1784190427,
      0.734442
    ],
    [
      1784191328,
      0.740123
    ]
  ],
  "bitcoin-cash": [
    [
      1784185019,
      224.24
    ],
    [
      1784185921,
      223.55
    ],
    [
      1784186822,
      223.52
    ],
    [
      1784187723,
      222.6
    ],
    [
      1784188624,
      222.91
    ],
    [
      1784189526,
      223.27
    ],
    [
      1784190427,
      223.35
    ],
    [
      1784191328,
      223.97
    ]
  ],
  "litecoin": [
    [
      1784185019,
      45.12
    ],
    [
      1784185921,
      45.09
    ],
    [
      1784186822,
      45.08
    ],
    [
      1784187723,
      44.87
    ],
    [
      1784188624,
      44.77
    ],
    [
      1784189526,
      44.79
    ],
    [
      1784190427,
      44.62
    ],
    [
      1784191328,
      44.71
    ]
  ],
  "polkadot": [
    [
      1784185019,
      0.840012
    ],
    [
      1784185921,
      0.839621
    ],
    [
      1784186822,
      0.840923
    ],
    [
      1784187723,
      0.834748
    ],
    [
      1784188624,
      0.834145
    ],
    [
      1784189526,
      0.832633
    ],
    [
      1784190427,
      0.832769
    ],
    [
      1784191328,
      0.836846
    ]
  ],
  "hyperliquid": [
    [
      1784185019,
      66.79
    ],
    [
      1784185921,
      66.79
    ],
    [
      1784186822,
      66.73
    ],
    [
      1784187723,
      66.34
    ],
    [
      1784188624,
      66.23
    ],
    [
      1784189526,
      65.96
    ],
    [
      1784190427,
      65.72
    ],
    [
      1784191328,
      66.12
    ]
  ],
  "monero": [
    [
      1784185019,
      332.05
    ],
    [
      1784185921,
      333.43
    ],
    [
      1784186822,
      334.14
    ],
    [
      1784187723,
      332.78
    ],
    [
      1784188624,
      333.28
    ],
    [
      1784189526,
      333.81
    ],
    [
      1784190427,
      331.43
    ],
    [
      1784191328,
      332.18
    ]
  ],
  "_alerts_sent": {}
}