{
  "bitcoin": [
    [
      1784130118,
      65430
    ],
    [
      1784131019,
      65359
    ],
    [
      1784131921,
      65112
    ],
    [
      1784132822,
      65076.5
    ],
    [
      1784133723,
      64795
    ],
    [
      1784134544,
      65014
    ],
    [
      1784135445,
      65064
    ],
    [
      1784136347,
      64991
    ],
    [
      1784137248,
      65010
    ]
  ],
  "ethereum": [
    [
      1784130118,
      1932.36
    ],
    [
      1784131019,
      1930.98
    ],
    [
      1784131921,
      1920.58
    ],
    [
      1784132822,
      1918.99
    ],
    [
      1784133723,
      1907.19
    ],
    [
      1784134544,
      1915.61
    ],
    [
      1784135445,
      1921.89
    ],
    [
      1784136347,
      1921.46
    ],
    [
      1784137248,
      1921.58
    ]
  ],
  "avalanche-2": [
    [
      1784130118,
      6.71
    ],
    [
      1784131019,
      6.71
    ],
    [
      1784131921,
      6.71
    ],
    [
      1784132822,
      6.693
    ],
    [
      1784133723,
      6.66
    ],
    [
      1784134544,
      6.69
    ],
    [
      1784135445,
      6.7
    ],
    [
      1784136347,
      6.7
    ],
    [
      1784137248,
      6.71
    ]
  ],
  "ondo-finance": [
    [
      1784130118,
      0.333333
    ],
    [
      1784131019,
      0.333344
    ],
    [
      1784131921,
      0.331472
    ],
    [
      1784132822,
      0.33101
    ],
    [
      1784133723,
      0.327801
    ],
    [
      1784134544,
      0.329558
    ],
    [
      1784135445,
      0.331054
    ],
    [
      1784136347,
      0.330882
    ],
    [
      1784137248,
      0.331936
    ]
  ],
  "binancecoin": [
    [
      1784130118,
      581.2
    ],
    [
      1784131019,
      580.86
    ],
    [
      1784131921,
      579.27
    ],
    [
      1784133723,
      577.07
    ],
    [
      1784134544,
      577.98
    ],
    [
      1784135445,
      578.79
    ],
    [
      1784136347,
      579.14
    ],
    [
      1784137248,
      579.2
    ]
  ],
  "ripple": [
    [
      1784130118,
      1.13
    ],
    [
      1784131019,
      1.13
    ],
    [
      1784131921,
      1.12
    ],
    [
      1784133723,
      1.11
    ],
    [
      1784134544,
      1.11
    ],
    [
      1784135445,
      1.11
    ],
    [
      1784136347,
      1.11
    ],
    [
      1784137248,
      1.11
    ]
  ],
  "solana": [
    [
      1784130118,
      78.06
    ],
    [
      1784131019,
      78.05
    ],
    [
      1784131921,
      77.73
    ],
    [
      1784133723,
      77.2
    ],
    [
      1784134544,
      77.48
    ],
    [
      1784135445,
      77.67
    ],
    [
      1784136347,
      77.59
    ],
    [
      1784137248,
      77.65
    ]
  ],
  "dogecoin": [
    [
      1784130118,
      0.074628
    ],
    [
      1784131019,
      0.074639
    ],
    [
      1784131921,
      0.074247
    ],
    [
      1784133723,
      0.07357
    ],
    [
      1784134544,
      0.073828
    ],
    [
      1784135445,
      0.073984
    ],
    [
      1784136347,
      0.0739
    ],
    [
      1784137248,
      0.07393
    ]
  ],
  "cardano": [
    [
      1784130118,
      0.166065
    ],
    [
      1784131019,
      0.165805
    ],
    [
      1784131921,
      0.164627
    ],
    [
      1784133723,
      0.163048
    ],
    [
      1784134544,
      0.163385
    ],
    [
      1784135445,
      0.16376
    ],
    [
      1784136347,
      0.163883
    ],
    [
      1784137248,
      0.164643
    ]
  ],
  "tron": [
    [
      1784130118,
      0.327226
    ],
    [
      1784131019,
      0.32743
    ],
    [
      1784131921,
      0.327428
    ],
    [
      1784133723,
      0.324622
    ],
    [
      1784134544,
      0.324455
    ],
    [
      1784135445,
      0.32449
    ],
    [
      1784136347,
      0.324234
    ],
    [
      1784137248,
      0.324486
    ]
  ],
  "chainlink": [
    [
      1784130118,
      8.57
    ],
    [
      1784131019,
      8.55
    ],
    [
      1784131921,
      8.5
    ],
    [
      1784133723,
      8.43
    ],
    [
      1784134544,
      8.46
    ],
    [
      1784135445,
      8.49
    ],
    [
      1784136347,
      8.5
    ],
    [
      1784137248,
      8.52
    ]
  ],
  "the-open-network": [
    [
      1784130118,
      1.6
    ],
    [
      1784131019,
      1.6
    ],
    [
      1784131921,
      1.59
    ],
    [
      1784133723,
      1.58
    ],
    [
      1784134544,
      1.59
    ],
    [
      1784135445,
      1.59
    ],
    [
      1784136347,
      1.59
    ],
    [
      1784137248,
      1.59
    ]
  ],
  "stellar": [
    [
      1784130118,
      0.187297
    ],
    [
      1784131019,
      0.186474
    ],
    [
      1784131921,
      0.185744
    ],
    [
      1784133723,
      0.186093
    ],
    [
      1784134544,
      0.186993
    ],
    [
      1784135445,
      0.187527
    ],
    [
      1784136347,
      0.187365
    ],
    [
      1784137248,
      0.187797
    ]
  ],
  "hedera-hashgraph": [
    [
      1784130118,
      0.068282
    ],
    [
      1784131019,
      0.068274
    ],
    [
      1784131921,
      0.067802
    ],
    [
      1784133723,
      0.06729
    ],
    [
      1784134544,
      0.06745
    ],
    [
      1784135445,
      0.067535
    ],
    [
      1784136347,
      0.067627
    ],
    [
      1784137248,
      0.067448
    ]
  ],
  "sui": [
    [
      1784130118,
      0.759628
    ],
    [
      1784131019,
      0.759409
    ],
    [
      1784131921,
      0.75533
    ],
    [
      1784133723,
      0.745678
    ],
    [
      1784134544,
      0.748319
    ],
    [
      1784135445,
      0.749797
    ],
    [
      1784136347,
      0.749775
    ],
    [
      1784137248,
      0.751116
    ]
  ],
  "bitcoin-cash": [
    [
      1784130118,
      234.47
    ],
    [
      1784131019,
      234.48
    ],
    [
      1784131921,
      233.77
    ],
    [
      1784133723,
      230.96
    ],
    [
      1784134544,
      230.7
    ],
    [
      1784135445,
      229.27
    ],
    [
      1784136347,
      226.93
    ],
    [
      1784137248,
      226.11
    ]
  ],
  "litecoin": [
    [
      1784130118,
      45.74
    ],
    [
      1784131019,
      45.73
    ],
    [
      1784131921,
      45.5
    ],
    [
      1784133723,
      45.01
    ],
    [
      1784134544,
      45.02
    ],
    [
      1784135445,
      45.16
    ],
    [
      1784136347,
      45.13
    ],
    [
      1784137248,
      45.18
    ]
  ],
  "polkadot": [
    [
      1784130118,
      0.858018
    ],
    [
      1784131019,
      0.857035
    ],
    [
      1784131921,
      0.851602
    ],
    [
      1784133723,
      0.844544
    ],
    [
      1784134544,
      0.847437
    ],
    [
      1784135445,
      0.848806
    ],
    [
      1784136347,
      0.848723
    ],
    [
      1784137248,
      0.850536
    ]
  ],
  "hyperliquid": [
    [
      1784130118,
      67.86
    ],
    [
      1784131019,
      67.9
    ],
    [
      1784131921,
      67.62
    ],
    [
      1784133723,
      67.3
    ],
    [
      1784134544,
      67.45
    ],
    [
      1784135445,
      67.62
    ],
    [
      1784136347,
      67.79
    ],
    [
      1784137248,
      67.68
    ]
  ],
  "monero": [
    [
      1784130118,
      332.68
    ],
    [
      1784131019,
      332.6
    ],
    [
      1784131921,
      331.58
    ],
    [
      1784133723,
      330.82
    ],
    [
      1784134544,
      331.66
    ],
    [
      1784135445,
      331.65
    ],
    [
      1784136347,
      332.05
    ],
    [
      1784137248,
      332.33
    ]
  ],
  "_alerts_sent": {}
}