{
  "bitcoin": [
    [
      1782405495,
      59368
    ],
    [
      1782406397,
      59226.1
    ],
    [
      1782407298,
      59090
    ],
    [
      1782408199,
      59423
    ],
    [
      1782409101,
      59518
    ],
    [
      1782410002,
      59440.9
    ],
    [
      1782410904,
      59530
    ],
    [
      1782411805,
      59496.5
    ]
  ],
  "ethereum": [
    [
      1782405495,
      1564.4
    ],
    [
      1782406397,
      1559.41
    ],
    [
      1782407298,
      1556.78
    ],
    [
      1782408199,
      1566.7
    ],
    [
      1782409101,
      1569.61
    ],
    [
      1782410002,
      1568.24
    ],
    [
      1782410904,
      1570.16
    ],
    [
      1782411805,
      1569.0
    ]
  ],
  "avalanche-2": [
    [
      1782405495,
      6.1
    ],
    [
      1782406397,
      6.085
    ],
    [
      1782407298,
      6.11
    ],
    [
      1782408199,
      6.2
    ],
    [
      1782409101,
      6.2
    ],
    [
      1782410002,
      6.209
    ],
    [
      1782410904,
      6.23
    ],
    [
      1782411805,
      6.202
    ]
  ],
  "ondo-finance": [
    [
      1782405495,
      0.309754
    ],
    [
      1782406397,
      0.30839
    ],
    [
      1782407298,
      0.307819
    ],
    [
      1782408199,
      0.310892
    ],
    [
      1782409101,
      0.311411
    ],
    [
      1782410002,
      0.30967
    ],
    [
      1782410904,
      0.311237
    ],
    [
      1782411805,
      0.31086
    ]
  ],
  "binancecoin": [
    [
      1782405495,
      553.66
    ],
    [
      1782407298,
      552.74
    ],
    [
      1782408199,
      556.19
    ],
    [
      1782409101,
      558.01
    ],
    [
      1782410904,
      558.38
    ]
  ],
  "ripple": [
    [
      1782405495,
      1.034
    ],
    [
      1782407298,
      1.029
    ],
    [
      1782408199,
      1.039
    ],
    [
      1782409101,
      1.042
    ],
    [
      1782410904,
      1.043
    ]
  ],
  "solana": [
    [
      1782405495,
      66.23
    ],
    [
      1782407298,
      65.8
    ],
    [
      1782408199,
      66.61
    ],
    [
      1782409101,
      66.98
    ],
    [
      1782410904,
      66.74
    ]
  ],
  "dogecoin": [
    [
      1782405495,
      0.073413
    ],
    [
      1782407298,
      0.073381
    ],
    [
      1782408199,
      0.074636
    ],
    [
      1782409101,
      0.074793
    ],
    [
      1782410904,
      0.074583
    ]
  ],
  "cardano": [
    [
      1782405495,
      0.142729
    ],
    [
      1782407298,
      0.142317
    ],
    [
      1782408199,
      0.143833
    ],
    [
      1782409101,
      0.144094
    ],
    [
      1782410904,
      0.14401
    ]
  ],
  "tron": [
    [
      1782405495,
      0.32273
    ],
    [
      1782407298,
      0.323502
    ],
    [
      1782408199,
      0.324011
    ],
    [
      1782409101,
      0.323834
    ],
    [
      1782410904,
      0.32364
    ]
  ],
  "chainlink": [
    [
      1782405495,
      7.2
    ],
    [
      1782407298,
      7.18
    ],
    [
      1782408199,
      7.25
    ],
    [
      1782409101,
      7.25
    ],
    [
      1782410904,
      7.25
    ]
  ],
  "the-open-network": [
    [
      1782405495,
      1.56
    ],
    [
      1782407298,
      1.56
    ],
    [
      1782408199,
      1.56
    ],
    [
      1782409101,
      1.56
    ],
    [
      1782410904,
      1.56
    ]
  ],
  "stellar": [
    [
      1782405495,
      0.176893
    ],
    [
      1782407298,
      0.176217
    ],
    [
      1782408199,
      0.17745
    ],
    [
      1782409101,
      0.17801
    ],
    [
      1782410904,
      0.177835
    ]
  ],
  "hedera-hashgraph": [
    [
      1782405495,
      0.072473
    ],
    [
      1782407298,
      0.07216
    ],
    [
      1782408199,
      0.073126
    ],
    [
      1782409101,
      0.073124
    ],
    [
      1782410904,
      0.073428
    ]
  ],
  "sui": [
    [
      1782405495,
      0.678286
    ],
    [
      1782407298,
      0.678414
    ],
    [
      1782408199,
      0.686437
    ],
    [
      1782409101,
      0.687522
    ],
    [
      1782410904,
      0.682055
    ]
  ],
  "bitcoin-cash": [
    [
      1782405495,
      189.05
    ],
    [
      1782407298,
      188.71
    ],
    [
      1782408199,
      190.63
    ],
    [
      1782409101,
      190.29
    ],
    [
      1782410904,
      189.99
    ]
  ],
  "litecoin": [
    [
      1782405495,
      40.45
    ],
    [
      1782407298,
      40.42
    ],
    [
      1782408199,
      40.84
    ],
    [
      1782409101,
      40.9
    ],
    [
      1782410904,
      40.94
    ]
  ],
  "polkadot": [
    [
      1782405495,
      0.848808
    ],
    [
      1782407298,
      0.849631
    ],
    [
      1782408199,
      0.856955
    ],
    [
      1782409101,
      0.858648
    ],
    [
      1782410904,
      0.859115
    ]
  ],
  "hyperliquid": [
    [
      1782405495,
      61.9
    ],
    [
      1782407298,
      61.26
    ],
    [
      1782408199,
      62.06
    ],
    [
      1782409101,
      62.64
    ],
    [
      1782410904,
      63.17
    ]
  ],
  "monero": [
    [
      1782405495,
      306.97
    ],
    [
      1782407298,
      307.06
    ],
    [
      1782408199,
      309.25
    ],
    [
      1782409101,
      311.68
    ],
    [
      1782410904,
      312.33
    ]
  ],
  "_alerts_sent": {}
}