{
  "bitcoin": [
    [
      1781632901,
      65916
    ],
    [
      1781633803,
      66073
    ],
    [
      1781634738,
      65872
    ],
    [
      1781635639,
      65802
    ],
    [
      1781636541,
      65730
    ],
    [
      1781637442,
      65567
    ],
    [
      1781638344,
      65688
    ],
    [
      1781639245,
      65634
    ],
    [
      1781639949,
      65537
    ]
  ],
  "ethereum": [
    [
      1781632901,
      1793.71
    ],
    [
      1781633803,
      1802.6
    ],
    [
      1781634738,
      1794.71
    ],
    [
      1781635639,
      1794.7
    ],
    [
      1781636541,
      1795.28
    ],
    [
      1781637442,
      1790.89
    ],
    [
      1781638344,
      1797.45
    ],
    [
      1781639245,
      1798.37
    ],
    [
      1781639949,
      1792.85
    ]
  ],
  "avalanche-2": [
    [
      1781632901,
      6.84
    ],
    [
      1781633803,
      6.88
    ],
    [
      1781634738,
      6.85
    ],
    [
      1781635639,
      6.86
    ],
    [
      1781636541,
      6.87
    ],
    [
      1781637442,
      6.85
    ],
    [
      1781638344,
      6.86
    ],
    [
      1781639245,
      6.87
    ],
    [
      1781639949,
      6.86
    ]
  ],
  "ondo-finance": [
    [
      1781632901,
      0.367731
    ],
    [
      1781633803,
      0.369488
    ],
    [
      1781634738,
      0.367865
    ],
    [
      1781635639,
      0.368457
    ],
    [
      1781636541,
      0.367663
    ],
    [
      1781637442,
      0.36652
    ],
    [
      1781638344,
      0.367577
    ],
    [
      1781639245,
      0.368048
    ],
    [
      1781639949,
      0.366591
    ]
  ],
  "binancecoin": [
    [
      1781632901,
      607.52
    ],
    [
      1781633803,
      608.92
    ],
    [
      1781634738,
      607.37
    ],
    [
      1781635639,
      607.27
    ],
    [
      1781636541,
      606.92
    ],
    [
      1781637442,
      606.04
    ],
    [
      1781638344,
      607.37
    ],
    [
      1781639245,
      607.04
    ],
    [
      1781639949,
      606.38
    ]
  ],
  "ripple": [
    [
      1781632901,
      1.22
    ],
    [
      1781633803,
      1.23
    ],
    [
      1781634738,
      1.22
    ],
    [
      1781635639,
      1.22
    ],
    [
      1781636541,
      1.22
    ],
    [
      1781637442,
      1.22
    ],
    [
      1781638344,
      1.22
    ],
    [
      1781639245,
      1.22
    ],
    [
      1781639949,
      1.22
    ]
  ],
  "solana": [
    [
      1781632901,
      73.6
    ],
    [
      1781633803,
      74.04
    ],
    [
      1781634738,
      73.64
    ],
    [
      1781635639,
      73.81
    ],
    [
      1781636541,
      73.81
    ],
    [
      1781637442,
      73.68
    ],
    [
      1781638344,
      73.98
    ],
    [
      1781639245,
      74.08
    ],
    [
      1781639949,
      73.75
    ]
  ],
  "dogecoin": [
    [
      1781632901,
      0.087139
    ],
    [
      1781633803,
      0.087562
    ],
    [
      1781634738,
      0.087365
    ],
    [
      1781635639,
      0.08741
    ],
    [
      1781636541,
      0.087478
    ],
    [
      1781637442,
      0.087184
    ],
    [
      1781638344,
      0.08737
    ],
    [
      1781639245,
      0.087542
    ],
    [
      1781639949,
      0.087152
    ]
  ],
  "cardano": [
    [
      1781632901,
      0.174375
    ],
    [
      1781633803,
      0.175864
    ],
    [
      1781634738,
      0.175086
    ],
    [
      1781635639,
      0.174158
    ],
    [
      1781636541,
      0.174618
    ],
    [
      1781637442,
      0.173263
    ],
    [
      1781638344,
      0.173038
    ],
    [
      1781639245,
      0.173527
    ],
    [
      1781639949,
      0.17284
    ]
  ],
  "tron": [
    [
      1781632901,
      0.317733
    ],
    [
      1781633803,
      0.317955
    ],
    [
      1781634738,
      0.317669
    ],
    [
      1781635639,
      0.317138
    ],
    [
      1781636541,
      0.317046
    ],
    [
      1781637442,
      0.316796
    ],
    [
      1781638344,
      0.316637
    ],
    [
      1781639245,
      0.316477
    ],
    [
      1781639949,
      0.316341
    ]
  ],
  "chainlink": [
    [
      1781632901,
      8.24
    ],
    [
      1781633803,
      8.3
    ],
    [
      1781634738,
      8.27
    ],
    [
      1781635639,
      8.28
    ],
    [
      1781636541,
      8.28
    ],
    [
      1781637442,
      8.25
    ],
    [
      1781638344,
      8.27
    ],
    [
      1781639245,
      8.27
    ],
    [
      1781639949,
      8.25
    ]
  ],
  "the-open-network": [
    [
      1781632901,
      1.67
    ],
    [
      1781633803,
      1.67
    ],
    [
      1781634738,
      1.67
    ],
    [
      1781635639,
      1.67
    ],
    [
      1781636541,
      1.67
    ],
    [
      1781637442,
      1.67
    ],
    [
      1781638344,
      1.67
    ],
    [
      1781639245,
      1.67
    ],
    [
      1781639949,
      1.64
    ]
  ],
  "stellar": [
    [
      1781632901,
      0.217894
    ],
    [
      1781633803,
      0.219953
    ],
    [
      1781634738,
      0.218842
    ],
    [
      1781635639,
      0.219664
    ],
    [
      1781636541,
      0.221281
    ],
    [
      1781637442,
      0.219431
    ],
    [
      1781638344,
      0.219404
    ],
    [
      1781639245,
      0.220081
    ],
    [
      1781639949,
      0.21792
    ]
  ],
  "hedera-hashgraph": [
    [
      1781632901,
      0.081456
    ],
    [
      1781633803,
      0.081645
    ],
    [
      1781634738,
      0.081176
    ],
    [
      1781635639,
      0.08105
    ],
    [
      1781636541,
      0.080962
    ],
    [
      1781637442,
      0.080694
    ],
    [
      1781638344,
      0.081063
    ],
    [
      1781639245,
      0.081207
    ],
    [
      1781639949,
      0.080975
    ]
  ],
  "sui": [
    [
      1781632901,
      0.789467
    ],
    [
      1781633803,
      0.795121
    ],
    [
      1781634738,
      0.791207
    ],
    [
      1781635639,
      0.791532
    ],
    [
      1781636541,
      0.793127
    ],
    [
      1781637442,
      0.789677
    ],
    [
      1781638344,
      0.79133
    ],
    [
      1781639245,
      0.792664
    ],
    [
      1781639949,
      0.791816
    ]
  ],
  "bitcoin-cash": [
    [
      1781632901,
      217.86
    ],
    [
      1781633803,
      218.61
    ],
    [
      1781634738,
      218.53
    ],
    [
      1781635639,
      218.61
    ],
    [
      1781636541,
      218.93
    ],
    [
      1781637442,
      218.1
    ],
    [
      1781638344,
      218.44
    ],
    [
      1781639245,
      218.63
    ],
    [
      1781639949,
      218.08
    ]
  ],
  "litecoin": [
    [
      1781632901,
      45.43
    ],
    [
      1781633803,
      45.6
    ],
    [
      1781634738,
      45.47
    ],
    [
      1781635639,
      45.6
    ],
    [
      1781636541,
      45.6
    ],
    [
      1781637442,
      45.37
    ],
    [
      1781638344,
      45.41
    ],
    [
      1781639245,
      45.38
    ],
    [
      1781639949,
      45.39
    ]
  ],
  "polkadot": [
    [
      1781632901,
      1.01
    ],
    [
      1781633803,
      1.017
    ],
    [
      1781634738,
      1.012
    ],
    [
      1781635639,
      1.013
    ],
    [
      1781636541,
      1.013
    ],
    [
      1781637442,
      1.008
    ],
    [
      1781638344,
      1.01
    ],
    [
      1781639245,
      1.011
    ],
    [
      1781639949,
      1.009
    ]
  ],
  "hyperliquid": [
    [
      1781632901,
      73.81
    ],
    [
      1781633803,
      74.47
    ],
    [
      1781634738,
      73.43
    ],
    [
      1781635639,
      72.89
    ],
    [
      1781636541,
      72.82
    ],
    [
      1781637442,
      72.72
    ],
    [
      1781638344,
      73.18
    ],
    [
      1781639245,
      72.89
    ],
    [
      1781639949,
      72.22
    ]
  ],