{
  "bitcoin": [
    [
      1782543134,
      60318
    ],
    [
      1782544036,
      60252
    ],
    [
      1782544937,
      60280
    ],
    [
      1782545838,
      60336
    ],
    [
      1782546740,
      60426
    ],
    [
      1782547641,
      60376
    ],
    [
      1782548543,
      60372
    ],
    [
      1782549444,
      60345
    ],
    [
      1782550121,
      60310
    ]
  ],
  "ethereum": [
    [
      1782543134,
      1580.9
    ],
    [
      1782544036,
      1579.73
    ],
    [
      1782544937,
      1580.05
    ],
    [
      1782545838,
      1580.14
    ],
    [
      1782546740,
      1582.66
    ],
    [
      1782547641,
      1582.2
    ],
    [
      1782548543,
      1581.21
    ],
    [
      1782549444,
      1580.87
    ],
    [
      1782550121,
      1580.26
    ]
  ],
  "avalanche-2": [
    [
      1782543134,
      6.61
    ],
    [
      1782544036,
      6.58
    ],
    [
      1782544937,
      6.56
    ],
    [
      1782545838,
      6.56
    ],
    [
      1782546740,
      6.55
    ],
    [
      1782547641,
      6.55
    ],
    [
      1782548543,
      6.56
    ],
    [
      1782549444,
      6.56
    ],
    [
      1782550121,
      6.54
    ]
  ],
  "ondo-finance": [
    [
      1782543134,
      0.320603
    ],
    [
      1782544036,
      0.319025
    ],
    [
      1782544937,
      0.319084
    ],
    [
      1782545838,
      0.320096
    ],
    [
      1782546740,
      0.319706
    ],
    [
      1782547641,
      0.318111
    ],
    [
      1782548543,
      0.317566
    ],
    [
      1782549444,
      0.317619
    ],
    [
      1782550121,
      0.316924
    ]
  ],
  "binancecoin": [
    [
      1782543134,
      565.32
    ],
    [
      1782544036,
      564.8
    ],
    [
      1782544937,
      564.51
    ],
    [
      1782545838,
      564.54
    ],
    [
      1782546740,
      564.71
    ],
    [
      1782547641,
      564.7
    ],
    [
      1782548543,
      563.99
    ],
    [
      1782549444,
      563.8
    ],
    [
      1782550121,
      563.72
    ]
  ],
  "ripple": [
    [
      1782543134,
      1.058
    ],
    [
      1782544036,
      1.058
    ],
    [
      1782544937,
      1.059
    ],
    [
      1782545838,
      1.059
    ],
    [
      1782546740,
      1.059
    ],
    [
      1782547641,
      1.058
    ],
    [
      1782548543,
      1.056
    ],
    [
      1782549444,
      1.055
    ],
    [
      1782550121,
      1.054
    ]
  ],
  "solana": [
    [
      1782543134,
      72.14
    ],
    [
      1782544036,
      72.0
    ],
    [
      1782544937,
      71.97
    ],
    [
      1782545838,
      71.96
    ],
    [
      1782546740,
      72.08
    ],
    [
      1782547641,
      72.13
    ],
    [
      1782548543,
      72.08
    ],
    [
      1782549444,
      72.04
    ],
    [
      1782550121,
      71.84
    ]
  ],
  "dogecoin": [
    [
      1782543134,
      0.075676
    ],
    [
      1782544036,
      0.075602
    ],
    [
      1782544937,
      0.075581
    ],
    [
      1782545838,
      0.075633
    ],
    [
      1782546740,
      0.075681
    ],
    [
      1782547641,
      0.075634
    ],
    [
      1782548543,
      0.075582
    ],
    [
      1782549444,
      0.075504
    ],
    [
      1782550121,
      0.07539
    ]
  ],
  "cardano": [
    [
      1782543134,
      0.147812
    ],
    [
      1782544036,
      0.147572
    ],
    [
      1782544937,
      0.147634
    ],
    [
      1782545838,
      0.147604
    ],
    [
      1782546740,
      0.147613
    ],
    [
      1782547641,
      0.147392
    ],
    [
      1782548543,
      0.147291
    ],
    [
      1782549444,
      0.147379
    ],
    [
      1782550121,
      0.147038
    ]
  ],
  "tron": [
    [
      1782543134,
      0.32044
    ],
    [
      1782544036,
      0.320411
    ],
    [
      1782544937,
      0.320417
    ],
    [
      1782545838,
      0.320596
    ],
    [
      1782546740,
      0.320725
    ],
    [
      1782547641,
      0.320711
    ],
    [
      1782548543,
      0.32055
    ],
    [
      1782549444,
      0.320562
    ],
    [
      1782550121,
      0.320539
    ]
  ],
  "chainlink": [
    [
      1782543134,
      7.38
    ],
    [
      1782544036,
      7.37
    ],
    [
      1782544937,
      7.36
    ],
    [
      1782545838,
      7.37
    ],
    [
      1782546740,
      7.37
    ],
    [
      1782547641,
      7.37
    ],
    [
      1782548543,
      7.37
    ],
    [
      1782549444,
      7.36
    ],
    [
      1782550121,
      7.35
    ]
  ],
  "the-open-network": [
    [
      1782543134,
      1.56
    ],
    [
      1782544036,
      1.56
    ],
    [
      1782544937,
      1.57
    ],
    [
      1782545838,
      1.57
    ],
    [
      1782546740,
      1.58
    ],
    [
      1782547641,
      1.58
    ],
    [
      1782548543,
      1.58
    ],
    [
      1782549444,
      1.59
    ],
    [
      1782550121,
      1.58
    ]
  ],
  "stellar": [
    [
      1782543134,
      0.174966
    ],
    [
      1782544036,
      0.174388
    ],
    [
      1782544937,
      0.174652
    ],
    [
      1782545838,
      0.175087
    ],
    [
      1782546740,
      0.175023
    ],
    [
      1782547641,
      0.175023
    ],
    [
      1782548543,
      0.17493
    ],
    [
      1782549444,
      0.174817
    ],
    [
      1782550121,
      0.173931
    ]
  ],
  "hedera-hashgraph": [
    [
      1782543134,
      0.072255
    ],
    [
      1782544036,
      0.072418
    ],
    [
      1782544937,
      0.072298
    ],
    [
      1782545838,
      0.072637
    ],
    [
      1782546740,
      0.072461
    ],
    [
      1782547641,
      0.072386
    ],
    [
      1782548543,
      0.072233
    ],
    [
      1782549444,
      0.072133
    ],
    [
      1782550121,
      0.072032
    ]
  ],
  "sui": [
    [
      1782543134,
      0.7159
    ],
    [
      1782544036,
      0.711004
    ],
    [
      1782544937,
      0.71292
    ],
    [
      1782545838,
      0.712437
    ],
    [
      1782546740,
      0.709152
    ],
    [
      1782547641,
      0.708158
    ],
    [
      1782548543,
      0.706795
    ],
    [
      1782549444,
      0.706059
    ],
    [
      1782550121,
      0.703968
    ]
  ],
  "bitcoin-cash": [
    [
      1782543134,
      197.56
    ],
    [
      1782544036,
      196.89
    ],
    [
      1782544937,
      197.22
    ],
    [
      1782545838,
      197.1
    ],
    [
      1782546740,
      197.01
    ],
    [
      1782547641,
      196.71
    ],
    [
      1782548543,
      196.25
    ],
    [
      1782549444,
      195.78
    ],
    [
      1782550121,
      195.49
    ]
  ],
  "litecoin": [
    [
      1782543134,
      42.24
    ],
    [
      1782544036,
      42.15
    ],
    [
      1782544937,
      42.16
    ],
    [
      1782545838,
      42.36
    ],
    [
      1782546740,
      42.35
    ],
    [
      1782547641,
      42.34
    ],
    [
      1782548543,
      42.32
    ],
    [
      1782549444,
      42.42
    ],
    [
      1782550121,
      42.33
    ]
  ],
  "polkadot": [
    [
      1782543134,
      0.847205
    ],
    [
      1782544036,
      0.845056
    ],
    [
      1782544937,
      0.844199
    ],
    [
      1782545838,
      0.84413
    ],
    [
      1782546740,
      0.844517
    ],
    [
      1782547641,
      0.844284
    ],
    [
      1782548543,
      0.843384
    ],
    [
      1782549444,
      0.842247
    ],
    [
      1782550121,
      0.841648
    ]
  ],
  "hyperliquid": [
    [
      1782543134,
      63.74
    ],
    [
      1782544036,
      63.46
    ],
    [
      1782544937,
      63.46
    ],
    [
      1782545838,
      63.46
    ],
    [
      1782546740,
      63.49
    ],
    [
      1782547641,
      63.76
    ],
    [
      1782548543,
      63.55
    ],
    [
      1782549444,
      63.6
    ],
    [
      1782550121,
      63.37
    ]
  ],