{
  "bitcoin": [
    [
      1780898630,
      62832
    ],
    [
      1780899532,
      62940
    ],
    [
      1780900433,
      63037
    ],
    [
      1780901334,
      62958
    ],
    [
      1780902236,
      62892
    ],
    [
      1780903137,
      63067
    ],
    [
      1780904038,
      63148
    ],
    [
      1780904940,
      63185
    ]
  ],
  "ethereum": [
    [
      1780898630,
      1658.55
    ],
    [
      1780899532,
      1662.9
    ],
    [
      1780900433,
      1665.85
    ],
    [
      1780901334,
      1665.01
    ],
    [
      1780902236,
      1663.45
    ],
    [
      1780903137,
      1668.73
    ],
    [
      1780904038,
      1673.38
    ],
    [
      1780904940,
      1673.3
    ]
  ],
  "avalanche-2": [
    [
      1780898630,
      6.6
    ],
    [
      1780899532,
      6.62
    ],
    [
      1780900433,
      6.65
    ],
    [
      1780901334,
      6.64
    ],
    [
      1780902236,
      6.63
    ],
    [
      1780903137,
      6.64
    ],
    [
      1780904038,
      6.67
    ],
    [
      1780904940,
      6.68
    ]
  ],
  "ondo-finance": [
    [
      1780898630,
      0.347757
    ],
    [
      1780899532,
      0.354373
    ],
    [
      1780900433,
      0.359427
    ],
    [
      1780901334,
      0.356873
    ],
    [
      1780902236,
      0.355476
    ],
    [
      1780903137,
      0.358079
    ],
    [
      1780904038,
      0.364273
    ],
    [
      1780904940,
      0.363191
    ]
  ],
  "binancecoin": [
    [
      1780898630,
      595.29
    ],
    [
      1780899532,
      595.78
    ],
    [
      1780900433,
      596.23
    ],
    [
      1780901334,
      595.48
    ],
    [
      1780902236,
      594.76
    ],
    [
      1780903137,
      595.36
    ],
    [
      1780904038,
      595.86
    ],
    [
      1780904940,
      596.25
    ]
  ],
  "ripple": [
    [
      1780898630,
      1.14
    ],
    [
      1780899532,
      1.14
    ],
    [
      1780900433,
      1.14
    ],
    [
      1780901334,
      1.14
    ],
    [
      1780902236,
      1.14
    ],
    [
      1780903137,
      1.14
    ],
    [
      1780904038,
      1.15
    ],
    [
      1780904940,
      1.15
    ]
  ],
  "solana": [
    [
      1780898630,
      65.44
    ],
    [
      1780899532,
      65.53
    ],
    [
      1780900433,
      65.75
    ],
    [
      1780901334,
      65.67
    ],
    [
      1780902236,
      65.48
    ],
    [
      1780903137,
      65.68
    ],
    [
      1780904038,
      65.95
    ],
    [
      1780904940,
      65.96
    ]
  ],
  "dogecoin": [
    [
      1780898630,
      0.084858
    ],
    [
      1780899532,
      0.085029
    ],
    [
      1780900433,
      0.085236
    ],
    [
      1780901334,
      0.085217
    ],
    [
      1780902236,
      0.085097
    ],
    [
      1780903137,
      0.085271
    ],
    [
      1780904038,
      0.085538
    ],
    [
      1780904940,
      0.085546
    ]
  ],
  "cardano": [
    [
      1780898630,
      0.160886
    ],
    [
      1780899532,
      0.161228
    ],
    [
      1780900433,
      0.162122
    ],
    [
      1780901334,
      0.161838
    ],
    [
      1780902236,
      0.161395
    ],
    [
      1780903137,
      0.161775
    ],
    [
      1780904038,
      0.162548
    ],
    [
      1780904940,
      0.163004
    ]
  ],
  "tron": [
    [
      1780898630,
      0.327044
    ],
    [
      1780899532,
      0.327332
    ],
    [
      1780900433,
      0.327397
    ],
    [
      1780901334,
      0.327186
    ],
    [
      1780902236,
      0.327074
    ],
    [
      1780903137,
      0.326763
    ],
    [
      1780904038,
      0.326584
    ],
    [
      1780904940,
      0.326593
    ]
  ],
  "chainlink": [
    [
      1780898630,
      7.79
    ],
    [
      1780899532,
      7.8
    ],
    [
      1780900433,
      7.83
    ],
    [
      1780901334,
      7.82
    ],
    [
      1780902236,
      7.81
    ],
    [
      1780903137,
      7.86
    ],
    [
      1780904038,
      7.89
    ],
    [
      1780904940,
      7.91
    ]
  ],
  "the-open-network": [
    [
      1780898630,
      1.7
    ],
    [
      1780899532,
      1.7
    ],
    [
      1780900433,
      1.72
    ],
    [
      1780901334,
      1.72
    ],
    [
      1780902236,
      1.71
    ],
    [
      1780903137,
      1.72
    ],
    [
      1780904038,
      1.72
    ],
    [
      1780904940,
      1.72
    ]
  ],
  "stellar": [
    [
      1780898630,
      0.199106
    ],
    [
      1780899532,
      0.19925
    ],
    [
      1780900433,
      0.200282
    ],
    [
      1780901334,
      0.199957
    ],
    [
      1780902236,
      0.199575
    ],
    [
      1780903137,
      0.201249
    ],
    [
      1780904038,
      0.202308
    ],
    [
      1780904940,
      0.20233
    ]
  ],
  "hedera-hashgraph": [
    [
      1780898630,
      0.081158
    ],
    [
      1780899532,
      0.081313
    ],
    [
      1780900433,
      0.08164
    ],
    [
      1780901334,
      0.081495
    ],
    [
      1780902236,
      0.081439
    ],
    [
      1780903137,
      0.081539
    ],
    [
      1780904038,
      0.081825
    ],
    [
      1780904940,
      0.081697
    ]
  ],
  "sui": [
    [
      1780898630,
      0.737071
    ],
    [
      1780899532,
      0.743194
    ],
    [
      1780900433,
      0.745779
    ],
    [
      1780901334,
      0.745454
    ],
    [
      1780902236,
      0.742739
    ],
    [
      1780903137,
      0.745693
    ],
    [
      1780904038,
      0.752399
    ],
    [
      1780904940,
      0.758552
    ]
  ],
  "bitcoin-cash": [
    [
      1780898630,
      222.18
    ],
    [
      1780899532,
      222.65
    ],
    [
      1780900433,
      223.51
    ],
    [
      1780901334,
      223.27
    ],
    [
      1780902236,
      222.17
    ],
    [
      1780903137,
      220.99
    ],
    [
      1780904038,
      220.7
    ],
    [
      1780904940,
      216.28
    ]
  ],
  "litecoin": [
    [
      1780898630,
      42.42
    ],
    [
      1780899532,
      42.53
    ],
    [
      1780900433,
      42.68
    ],
    [
      1780901334,
      42.55
    ],
    [
      1780902236,
      42.52
    ],
    [
      1780903137,
      42.68
    ],
    [
      1780904038,
      42.79
    ],
    [
      1780904940,
      42.83
    ]
  ],
  "polkadot": [
    [
      1780898630,
      0.957414
    ],
    [
      1780899532,
      0.959693
    ],
    [
      1780900433,
      0.963286
    ],
    [
      1780901334,
      0.961705
    ],
    [
      1780902236,
      0.959363
    ],
    [
      1780903137,
      0.960795
    ],
    [
      1780904038,
      0.964931
    ],
    [
      1780904940,
      0.965485
    ]
  ],
  "hyperliquid": [
    [
      1780898630,
      61.72
    ],
    [
      1780899532,
      62.43
    ],
    [
      1780900433,
      62.7
    ],
    [
      1780901334,
      62.92
    ],
    [
      1780902236,
      62.98
    ],
    [
      1780903137,
      63.03
    ],
    [
      1780904038,
      63.08
    ],
    [
      1780904940,
      63.13
    ]
  ],
  "monero": [
    [
      1780898630,
      302.4
    ],
    [
      1780899532,
      301.97
    ],
    [
      1780900433,
      304.27
    ],
    [
      1780901334,
      306.46
    ],
    [
      1780902236,
      307.15
    ],
    [
      1780903137,
      310.0
    ],
    [
      1780904038,
      312.78
    ],
    [
      1780904940,
      314.34
    ]
  ],
  "_alerts_sent": {}
}