{
  "bitcoin": [
    [
      1781981825,
      63722
    ],
    [
      1781982974,
      63825.4
    ],
    [
      1781983881,
      63792
    ],
    [
      1781984782,
      63869
    ],
    [
      1781985719,
      63871
    ],
    [
      1781986951,
      63885
    ],
    [
      1781988217,
      63819
    ]
  ],
  "ethereum": [
    [
      1781981825,
      1724.85
    ],
    [
      1781982974,
      1725.55
    ],
    [
      1781983881,
      1724.6
    ],
    [
      1781984782,
      1727.08
    ],
    [
      1781985719,
      1727.17
    ],
    [
      1781986951,
      1728.58
    ],
    [
      1781988217,
      1726.29
    ]
  ],
  "avalanche-2": [
    [
      1781981825,
      6.09
    ],
    [
      1781982974,
      6.082
    ],
    [
      1781983881,
      6.07
    ],
    [
      1781984782,
      6.1
    ],
    [
      1781985719,
      6.11
    ],
    [
      1781986951,
      6.12
    ],
    [
      1781988217,
      6.12
    ]
  ],
  "ondo-finance": [
    [
      1781981825,
      0.337399
    ],
    [
      1781982974,
      0.33782
    ],
    [
      1781983881,
      0.337437
    ],
    [
      1781984782,
      0.338669
    ],
    [
      1781985719,
      0.338213
    ],
    [
      1781986951,
      0.338314
    ],
    [
      1781988217,
      0.338018
    ]
  ],
  "binancecoin": [
    [
      1781981825,
      584.93
    ],
    [
      1781983881,
      585.21
    ],
    [
      1781984782,
      585.53
    ],
    [
      1781985719,
      585.31
    ],
    [
      1781986951,
      585.11
    ],
    [
      1781988217,
      584.95
    ]
  ],
  "ripple": [
    [
      1781981825,
      1.14
    ],
    [
      1781983881,
      1.14
    ],
    [
      1781984782,
      1.14
    ],
    [
      1781985719,
      1.14
    ],
    [
      1781986951,
      1.14
    ],
    [
      1781988217,
      1.14
    ]
  ],
  "solana": [
    [
      1781981825,
      71.68
    ],
    [
      1781983881,
      71.61
    ],
    [
      1781984782,
      71.74
    ],
    [
      1781985719,
      71.75
    ],
    [
      1781986951,
      71.82
    ],
    [
      1781988217,
      71.74
    ]
  ],
  "dogecoin": [
    [
      1781981825,
      0.083128
    ],
    [
      1781983881,
      0.083098
    ],
    [
      1781984782,
      0.083244
    ],
    [
      1781985719,
      0.083214
    ],
    [
      1781986951,
      0.083243
    ],
    [
      1781988217,
      0.083217
    ]
  ],
  "cardano": [
    [
      1781981825,
      0.160863
    ],
    [
      1781983881,
      0.160782
    ],
    [
      1781984782,
      0.161146
    ],
    [
      1781985719,
      0.161083
    ],
    [
      1781986951,
      0.161247
    ],
    [
      1781988217,
      0.161198
    ]
  ],
  "tron": [
    [
      1781981825,
      0.324949
    ],
    [
      1781983881,
      0.325072
    ],
    [
      1781984782,
      0.325154
    ],
    [
      1781985719,
      0.325172
    ],
    [
      1781986951,
      0.325351
    ],
    [
      1781988217,
      0.325245
    ]
  ],
  "chainlink": [
    [
      1781981825,
      7.89
    ],
    [
      1781983881,
      7.88
    ],
    [
      1781984782,
      7.89
    ],
    [
      1781985719,
      7.89
    ],
    [
      1781986951,
      7.89
    ],
    [
      1781988217,
      7.89
    ]
  ],
  "the-open-network": [
    [
      1781981825,
      1.62
    ],
    [
      1781983881,
      1.62
    ],
    [
      1781984782,
      1.62
    ],
    [
      1781985719,
      1.62
    ],
    [
      1781986951,
      1.63
    ],
    [
      1781988217,
      1.62
    ]
  ],
  "stellar": [
    [
      1781981825,
      0.212159
    ],
    [
      1781983881,
      0.211725
    ],
    [
      1781984782,
      0.212205
    ],
    [
      1781985719,
      0.212246
    ],
    [
      1781986951,
      0.212522
    ],
    [
      1781988217,
      0.212352
    ]
  ],
  "hedera-hashgraph": [
    [
      1781981825,
      0.079991
    ],
    [
      1781983881,
      0.080018
    ],
    [
      1781984782,
      0.080043
    ],
    [
      1781985719,
      0.080069
    ],
    [
      1781986951,
      0.080024
    ],
    [
      1781988217,
      0.080035
    ]
  ],
  "sui": [
    [
      1781981825,
      0.703126
    ],
    [
      1781983881,
      0.702587
    ],
    [
      1781984782,
      0.704474
    ],
    [
      1781985719,
      0.704406
    ],
    [
      1781986951,
      0.704483
    ],
    [
      1781988217,
      0.703824
    ]
  ],
  "bitcoin-cash": [
    [
      1781981825,
      198.36
    ],
    [
      1781983881,
      198.27
    ],
    [
      1781984782,
      198.52
    ],
    [
      1781985719,
      198.4
    ],
    [
      1781986951,
      198.5
    ],
    [
      1781988217,
      198.21
    ]
  ],
  "litecoin": [
    [
      1781981825,
      44.07
    ],
    [
      1781983881,
      44.11
    ],
    [
      1781984782,
      44.17
    ],
    [
      1781985719,
      44.11
    ],
    [
      1781986951,
      44.11
    ],
    [
      1781988217,
      44.09
    ]
  ],
  "polkadot": [
    [
      1781981825,
      0.959051
    ],
    [
      1781983881,
      0.957165
    ],
    [
      1781984782,
      0.958272
    ],
    [
      1781985719,
      0.957947
    ],
    [
      1781986951,
      0.959121
    ],
    [
      1781988217,
      0.957813
    ]
  ],
  "hyperliquid": [
    [
      1781981825,
      69.63
    ],
    [
      1781983881,
      69.74
    ],
    [
      1781984782,
      69.68
    ],
    [
      1781985719,
      69.79
    ],
    [
      1781986951,
      69.85
    ],
    [
      1781988217,
      69.55
    ]
  ],
  "monero": [
    [
      1781981825,
      314.68
    ],
    [
      1781983881,
      313.67
    ],
    [
      1781984782,
      314.56
    ],
    [
      1781985719,
      313.9
    ],
    [
      1781986951,
      316.6
    ],
    [
      1781988217,
      314.92
    ]
  ],
  "_alerts_sent": {}
}