{
  "bitcoin": [
    [
      1782061612,
      64122
    ],
    [
      1782062514,
      64099
    ],
    [
      1782063415,
      64008
    ],
    [
      1782064316,
      64110
    ],
    [
      1782065217,
      63908
    ],
    [
      1782066118,
      63941
    ],
    [
      1782067020,
      64094
    ],
    [
      1782067921,
      64115
    ]
  ],
  "ethereum": [
    [
      1782061612,
      1728.37
    ],
    [
      1782062514,
      1726.23
    ],
    [
      1782063415,
      1724.68
    ],
    [
      1782064316,
      1726.44
    ],
    [
      1782065217,
      1720.46
    ],
    [
      1782066118,
      1722.65
    ],
    [
      1782067020,
      1731.52
    ],
    [
      1782067921,
      1734.36
    ]
  ],
  "avalanche-2": [
    [
      1782061612,
      6.27
    ],
    [
      1782062514,
      6.27
    ],
    [
      1782063415,
      6.26
    ],
    [
      1782064316,
      6.25
    ],
    [
      1782065217,
      6.23
    ],
    [
      1782066118,
      6.24
    ],
    [
      1782067020,
      6.25
    ],
    [
      1782067921,
      6.25
    ]
  ],
  "ondo-finance": [
    [
      1782061612,
      0.339821
    ],
    [
      1782062514,
      0.339293
    ],
    [
      1782063415,
      0.338059
    ],
    [
      1782064316,
      0.337962
    ],
    [
      1782065217,
      0.335757
    ],
    [
      1782066118,
      0.336983
    ],
    [
      1782067020,
      0.338003
    ],
    [
      1782067921,
      0.338893
    ]
  ],
  "binancecoin": [
    [
      1782061612,
      590.15
    ],
    [
      1782062514,
      589.78
    ],
    [
      1782063415,
      589.46
    ],
    [
      1782064316,
      590.35
    ],
    [
      1782065217,
      588.83
    ],
    [
      1782066118,
      589.07
    ],
    [
      1782067020,
      590.47
    ],
    [
      1782067921,
      590.78
    ]
  ],
  "ripple": [
    [
      1782061612,
      1.14
    ],
    [
      1782062514,
      1.14
    ],
    [
      1782063415,
      1.14
    ],
    [
      1782064316,
      1.14
    ],
    [
      1782065217,
      1.14
    ],
    [
      1782066118,
      1.14
    ],
    [
      1782067020,
      1.14
    ],
    [
      1782067921,
      1.14
    ]
  ],
  "solana": [
    [
      1782061612,
      74.3
    ],
    [
      1782062514,
      74.33
    ],
    [
      1782063415,
      74.34
    ],
    [
      1782064316,
      74.24
    ],
    [
      1782065217,
      73.93
    ],
    [
      1782066118,
      73.94
    ],
    [
      1782067020,
      74.21
    ],
    [
      1782067921,
      74.17
    ]
  ],
  "dogecoin": [
    [
      1782061612,
      0.083575
    ],
    [
      1782062514,
      0.0835
    ],
    [
      1782063415,
      0.083258
    ],
    [
      1782064316,
      0.083243
    ],
    [
      1782065217,
      0.083178
    ],
    [
      1782066118,
      0.083279
    ],
    [
      1782067020,
      0.08339
    ],
    [
      1782067921,
      0.083407
    ]
  ],
  "cardano": [
    [
      1782061612,
      0.161754
    ],
    [
      1782062514,
      0.161831
    ],
    [
      1782063415,
      0.161618
    ],
    [
      1782064316,
      0.161638
    ],
    [
      1782065217,
      0.161014
    ],
    [
      1782066118,
      0.161095
    ],
    [
      1782067020,
      0.161591
    ],
    [
      1782067921,
      0.161686
    ]
  ],
  "tron": [
    [
      1782061612,
      0.326992
    ],
    [
      1782062514,
      0.327069
    ],
    [
      1782063415,
      0.326966
    ],
    [
      1782064316,
      0.327033
    ],
    [
      1782065217,
      0.327158
    ],
    [
      1782066118,
      0.327233
    ],
    [
      1782067020,
      0.327189
    ],
    [
      1782067921,
      0.327255
    ]
  ],
  "chainlink": [
    [
      1782061612,
      7.95
    ],
    [
      1782062514,
      7.95
    ],
    [
      1782063415,
      7.94
    ],
    [
      1782064316,
      7.94
    ],
    [
      1782065217,
      7.91
    ],
    [
      1782066118,
      7.91
    ],
    [
      1782067020,
      7.94
    ],
    [
      1782067921,
      7.95
    ]
  ],
  "the-open-network": [
    [
      1782061612,
      1.71
    ],
    [
      1782062514,
      1.7
    ],
    [
      1782063415,
      1.69
    ],
    [
      1782064316,
      1.69
    ],
    [
      1782065217,
      1.69
    ],
    [
      1782066118,
      1.68
    ],
    [
      1782067020,
      1.68
    ],
    [
      1782067921,
      1.69
    ]
  ],
  "stellar": [
    [
      1782061612,
      0.213489
    ],
    [
      1782062514,
      0.213229
    ],
    [
      1782063415,
      0.212431
    ],
    [
      1782064316,
      0.212472
    ],
    [
      1782065217,
      0.211525
    ],
    [
      1782066118,
      0.211951
    ],
    [
      1782067020,
      0.213092
    ],
    [
      1782067921,
      0.213255
    ]
  ],
  "hedera-hashgraph": [
    [
      1782061612,
      0.079832
    ],
    [
      1782062514,
      0.079845
    ],
    [
      1782063415,
      0.079607
    ],
    [
      1782064316,
      0.079612
    ],
    [
      1782065217,
      0.079593
    ],
    [
      1782066118,
      0.079577
    ],
    [
      1782067020,
      0.079743
    ],
    [
      1782067921,
      0.079746
    ]
  ],
  "sui": [
    [
      1782061612,
      0.710125
    ],
    [
      1782062514,
      0.710126
    ],
    [
      1782063415,
      0.708543
    ],
    [
      1782064316,
      0.708908
    ],
    [
      1782065217,
      0.706263
    ],
    [
      1782066118,
      0.707059
    ],
    [
      1782067020,
      0.709386
    ],
    [
      1782067921,
      0.709458
    ]
  ],
  "bitcoin-cash": [
    [
      1782061612,
      198.43
    ],
    [
      1782062514,
      198.53
    ],
    [
      1782063415,
      198.33
    ],
    [
      1782064316,
      198.58
    ],
    [
      1782065217,
      198.02
    ],
    [
      1782066118,
      198.06
    ],
    [
      1782067020,
      198.39
    ],
    [
      1782067921,
      198.37
    ]
  ],
  "litecoin": [
    [
      1782061612,
      45.31
    ],
    [
      1782062514,
      45.32
    ],
    [
      1782063415,
      45.26
    ],
    [
      1782064316,
      45.2
    ],
    [
      1782065217,
      45.13
    ],
    [
      1782066118,
      45.1
    ],
    [
      1782067020,
      45.03
    ],
    [
      1782067921,
      45.06
    ]
  ],
  "polkadot": [
    [
      1782061612,
      0.964343
    ],
    [
      1782062514,
      0.963081
    ],
    [
      1782063415,
      0.961299
    ],
    [
      1782064316,
      0.961616
    ],
    [
      1782065217,
      0.958353
    ],
    [
      1782066118,
      0.959296
    ],
    [
      1782067020,
      0.962029
    ],
    [
      1782067921,
      0.962808
    ]
  ],
  "hyperliquid": [
    [
      1782061612,
      68.07
    ],
    [
      1782062514,
      68.1
    ],
    [
      1782063415,
      67.85
    ],
    [
      1782064316,
      67.93
    ],
    [
      1782065217,
      67.71
    ],
    [
      1782066118,
      67.71
    ],
    [
      1782067020,
      68.16
    ],
    [
      1782067921,
      68.42
    ]
  ],
  "monero": [
    [
      1782061612,
      319.17
    ],
    [
      1782062514,
      317.34
    ],
    [
      1782063415,
      315.54
    ],
    [
      1782064316,
      314.78
    ],
    [
      1782065217,
      314.69
    ],
    [
      1782066118,
      316.07
    ],
    [
      1782067020,
      316.37
    ],
    [
      1782067921,
      316.54
    ]
  ],
  "_alerts_sent": {}
}