{
  "bitcoin": [
    [
      1782428555,
      59828.5
    ],
    [
      1782429457,
      59882.8
    ],
    [
      1782430358,
      60052.5
    ],
    [
      1782431260,
      59827.4
    ],
    [
      1782432547,
      59725.5
    ],
    [
      1782433866,
      59671
    ],
    [
      1782435071,
      59675
    ]
  ],
  "ethereum": [
    [
      1782428555,
      1569.85
    ],
    [
      1782429457,
      1571.9
    ],
    [
      1782430358,
      1575.32
    ],
    [
      1782431260,
      1567.51
    ],
    [
      1782432547,
      1567.0
    ],
    [
      1782433866,
      1566.04
    ],
    [
      1782435071,
      1565.61
    ]
  ],
  "avalanche-2": [
    [
      1782428555,
      6.202
    ],
    [
      1782429457,
      6.221
    ],
    [
      1782430358,
      6.252
    ],
    [
      1782431260,
      6.228
    ],
    [
      1782432547,
      6.222
    ],
    [
      1782433866,
      6.22
    ],
    [
      1782435071,
      6.21
    ]
  ],
  "ondo-finance": [
    [
      1782428555,
      0.31156
    ],
    [
      1782429457,
      0.31142
    ],
    [
      1782430358,
      0.3146
    ],
    [
      1782431260,
      0.31338
    ],
    [
      1782432547,
      0.31424
    ],
    [
      1782433866,
      0.313623
    ],
    [
      1782435071,
      0.312998
    ]
  ],
  "binancecoin": [
    [
      1782432964,
      562.61
    ],
    [
      1782433866,
      561.37
    ],
    [
      1782435071,
      560.4
    ]
  ],
  "ripple": [
    [
      1782432964,
      1.043
    ],
    [
      1782433866,
      1.042
    ],
    [
      1782435071,
      1.042
    ]
  ],
  "solana": [
    [
      1782432964,
      67.7
    ],
    [
      1782433866,
      67.79
    ],
    [
      1782435071,
      67.81
    ]
  ],
  "dogecoin": [
    [
      1782432964,
      0.07486
    ],
    [
      1782433866,
      0.074854
    ],
    [
      1782435071,
      0.074788
    ]
  ],
  "cardano": [
    [
      1782432964,
      0.143991
    ],
    [
      1782433866,
      0.143378
    ],
    [
      1782435071,
      0.143343
    ]
  ],
  "tron": [
    [
      1782432964,
      0.323567
    ],
    [
      1782433866,
      0.323465
    ],
    [
      1782435071,
      0.323513
    ]
  ],
  "chainlink": [
    [
      1782432964,
      7.25
    ],
    [
      1782433866,
      7.24
    ],
    [
      1782435071,
      7.24
    ]
  ],
  "the-open-network": [
    [
      1782432964,
      1.56
    ],
    [
      1782433866,
      1.56
    ],
    [
      1782435071,
      1.56
    ]
  ],
  "stellar": [
    [
      1782432964,
      0.177954
    ],
    [
      1782433866,
      0.17764
    ],
    [
      1782435071,
      0.177355
    ]
  ],
  "hedera-hashgraph": [
    [
      1782432964,
      0.073475
    ],
    [
      1782433866,
      0.073437
    ],
    [
      1782435071,
      0.073334
    ]
  ],
  "sui": [
    [
      1782432964,
      0.685417
    ],
    [
      1782433866,
      0.683578
    ],
    [
      1782435071,
      0.681731
    ]
  ],
  "bitcoin-cash": [
    [
      1782432964,
      193.24
    ],
    [
      1782433866,
      193.16
    ],
    [
      1782435071,
      193.28
    ]
  ],
  "litecoin": [
    [
      1782432964,
      40.96
    ],
    [
      1782433866,
      40.96
    ],
    [
      1782435071,
      41.03
    ]
  ],
  "polkadot": [
    [
      1782432964,
      0.843559
    ],
    [
      1782433866,
      0.842841
    ],
    [
      1782435071,
      0.84091
    ]
  ],
  "hyperliquid": [
    [
      1782432964,
      64.22
    ],
    [
      1782433866,
      63.83
    ],
    [
      1782435071,
      63.82
    ]
  ],
  "monero": [
    [
      1782432964,
      308.01
    ],
    [
      1782433866,
      309.49
    ],
    [
      1782435071,
      309.22
    ]
  ],
  "_alerts_sent": {}
}