{
  "bitcoin": [
    [
      1784572725,
      65467
    ],
    [
      1784573626,
      65242
    ],
    [
      1784574528,
      65167
    ],
    [
      1784575430,
      65081
    ],
    [
      1784576331,
      65009
    ],
    [
      1784577232,
      65070
    ],
    [
      1784578134,
      65082
    ],
    [
      1784579035,
      65263
    ]
  ],
  "ethereum": [
    [
      1784572725,
      1905.48
    ],
    [
      1784573626,
      1898.95
    ],
    [
      1784574528,
      1894.83
    ],
    [
      1784575430,
      1893.18
    ],
    [
      1784576331,
      1892.77
    ],
    [
      1784577232,
      1896.91
    ],
    [
      1784578134,
      1897.21
    ],
    [
      1784579035,
      1900.57
    ]
  ],
  "avalanche-2": [
    [
      1784572725,
      6.59
    ],
    [
      1784573626,
      6.57
    ],
    [
      1784574528,
      6.56
    ],
    [
      1784575430,
      6.55
    ],
    [
      1784576331,
      6.55
    ],
    [
      1784577232,
      6.56
    ],
    [
      1784578134,
      6.55
    ],
    [
      1784579035,
      6.57
    ]
  ],
  "ondo-finance": [
    [
      1784572725,
      0.357988
    ],
    [
      1784573626,
      0.357066
    ],
    [
      1784574528,
      0.355765
    ],
    [
      1784575430,
      0.355605
    ],
    [
      1784576331,
      0.355169
    ],
    [
      1784577232,
      0.355748
    ],
    [
      1784578134,
      0.355648
    ],
    [
      1784579035,
      0.355917
    ]
  ],
  "binancecoin": [
    [
      1784572725,
      573.28
    ],
    [
      1784573626,
      572.08
    ],
    [
      1784574528,
      571.85
    ],
    [
      1784575430,
      571.32
    ],
    [
      1784576331,
      570.84
    ],
    [
      1784577232,
      571.09
    ],
    [
      1784578134,
      570.99
    ],
    [
      1784579035,
      571.82
    ]
  ],
  "ripple": [
    [
      1784572725,
      1.12
    ],
    [
      1784573626,
      1.11
    ],
    [
      1784574528,
      1.11
    ],
    [
      1784575430,
      1.11
    ],
    [
      1784576331,
      1.11
    ],
    [
      1784577232,
      1.12
    ],
    [
      1784578134,
      1.11
    ],
    [
      1784579035,
      1.11
    ]
  ],
  "solana": [
    [
      1784572725,
      77.9
    ],
    [
      1784573626,
      77.71
    ],
    [
      1784574528,
      77.58
    ],
    [
      1784575430,
      77.44
    ],
    [
      1784576331,
      77.36
    ],
    [
      1784577232,
      77.49
    ],
    [
      1784578134,
      77.57
    ],
    [
      1784579035,
      77.68
    ]
  ],
  "dogecoin": [
    [
      1784572725,
      0.07263
    ],
    [
      1784573626,
      0.072419
    ],
    [
      1784574528,
      0.07231
    ],
    [
      1784575430,
      0.072116
    ],
    [
      1784576331,
      0.071858
    ],
    [
      1784577232,
      0.071995
    ],
    [
      1784578134,
      0.072003
    ],
    [
      1784579035,
      0.072114
    ]
  ],
  "cardano": [
    [
      1784572725,
      0.168781
    ],
    [
      1784573626,
      0.168345
    ],
    [
      1784574528,
      0.168467
    ],
    [
      1784575430,
      0.16814
    ],
    [
      1784576331,
      0.168231
    ],
    [
      1784577232,
      0.167766
    ],
    [
      1784578134,
      0.167336
    ],
    [
      1784579035,
      0.168089
    ]
  ],
  "tron": [
    [
      1784572725,
      0.326584
    ],
    [
      1784573626,
      0.326417
    ],
    [
      1784574528,
      0.326407
    ],
    [
      1784575430,
      0.326381
    ],
    [
      1784576331,
      0.326558
    ],
    [
      1784577232,
      0.326587
    ],
    [
      1784578134,
      0.326638
    ],
    [
      1784579035,
      0.326649
    ]
  ],
  "chainlink": [
    [
      1784572725,
      8.59
    ],
    [
      1784573626,
      8.56
    ],
    [
      1784574528,
      8.54
    ],
    [
      1784575430,
      8.54
    ],
    [
      1784576331,
      8.52
    ],
    [
      1784577232,
      8.54
    ],
    [
      1784578134,
      8.54
    ],
    [
      1784579035,
      8.55
    ]
  ],
  "the-open-network": [
    [
      1784572725,
      1.44
    ],
    [
      1784573626,
      1.44
    ],
    [
      1784574528,
      1.44
    ],
    [
      1784575430,
      1.43
    ],
    [
      1784576331,
      1.44
    ],
    [
      1784577232,
      1.45
    ],
    [
      1784578134,
      1.45
    ],
    [
      1784579035,
      1.45
    ]
  ],
  "stellar": [
    [
      1784572725,
      0.189461
    ],
    [
      1784573626,
      0.188837
    ],
    [
      1784574528,
      0.188211
    ],
    [
      1784575430,
      0.187731
    ],
    [
      1784576331,
      0.187495
    ],
    [
      1784577232,
      0.187613
    ],
    [
      1784578134,
      0.187404
    ],
    [
      1784579035,
      0.188215
    ]
  ],
  "hedera-hashgraph": [
    [
      1784572725,
      0.066723
    ],
    [
      1784573626,
      0.066635
    ],
    [
      1784574528,
      0.066527
    ],
    [
      1784575430,
      0.066022
    ],
    [
      1784576331,
      0.066011
    ],
    [
      1784577232,
      0.066089
    ],
    [
      1784578134,
      0.066051
    ],
    [
      1784579035,
      0.066052
    ]
  ],
  "sui": [
    [
      1784572725,
      0.769306
    ],
    [
      1784573626,
      0.76697
    ],
    [
      1784574528,
      0.767072
    ],
    [
      1784575430,
      0.765071
    ],
    [
      1784576331,
      0.763952
    ],
    [
      1784577232,
      0.765637
    ],
    [
      1784578134,
      0.765818
    ],
    [
      1784579035,
      0.76657
    ]
  ],
  "bitcoin-cash": [
    [
      1784572725,
      217.3
    ],
    [
      1784573626,
      217.17
    ],
    [
      1784574528,
      216.79
    ],
    [
      1784575430,
      216.9
    ],
    [
      1784576331,
      217.22
    ],
    [
      1784577232,
      217.71
    ],
    [
      1784578134,
      217.75
    ],
    [
      1784579035,
      218.47
    ]
  ],
  "litecoin": [
    [
      1784572725,
      47.25
    ],
    [
      1784573626,
      47.05
    ],
    [
      1784574528,
      46.95
    ],
    [
      1784575430,
      47.02
    ],
    [
      1784576331,
      47.07
    ],
    [
      1784577232,
      47.11
    ],
    [
      1784578134,
      47.0
    ],
    [
      1784579035,
      47.12
    ]
  ],
  "polkadot": [
    [
      1784572725,
      0.823393
    ],
    [
      1784573626,
      0.821037
    ],
    [
      1784574528,
      0.822036
    ],
    [
      1784575430,
      0.821582
    ],
    [
      1784576331,
      0.822005
    ],
    [
      1784577232,
      0.822906
    ],
    [
      1784578134,
      0.823312
    ],
    [
      1784579035,
      0.826051
    ]
  ],
  "hyperliquid": [
    [
      1784572725,
      62.35
    ],
    [
      1784573626,
      62.12
    ],
    [
      1784574528,
      62.11
    ],
    [
      1784575430,
      62.09
    ],
    [
      1784576331,
      61.99
    ],
    [
      1784577232,
      62.1
    ],
    [
      1784578134,
      61.98
    ],
    [
      1784579035,
      62.03
    ]
  ],
  "monero": [
    [
      1784572725,
      336.79
    ],
    [
      1784573626,
      335.84
    ],
    [
      1784574528,
      335.48
    ],
    [
      1784575430,
      335.09
    ],
    [
      1784576331,
      334.77
    ],
    [
      1784577232,
      335.08
    ],
    [
      1784578134,
      335.28
    ],
    [
      1784579035,
      336.18
    ]
  ],
  "_alerts_sent": {}
}