{
  "bitcoin": [
    [
      1783174225,
      62570.2
    ],
    [
      1783175126,
      62629.4
    ],
    [
      1783176027,
      62594.4
    ],
    [
      1783176929,
      62615
    ],
    [
      1783177830,
      62744
    ],
    [
      1783178731,
      62817
    ],
    [
      1783179632,
      62848
    ],
    [
      1783180533,
      62883
    ]
  ],
  "ethereum": [
    [
      1783174225,
      1767.15
    ],
    [
      1783175126,
      1770.93
    ],
    [
      1783176027,
      1768.56
    ],
    [
      1783176929,
      1768.84
    ],
    [
      1783177830,
      1780.05
    ],
    [
      1783178731,
      1792.82
    ],
    [
      1783179632,
      1789.69
    ],
    [
      1783180533,
      1790.89
    ]
  ],
  "avalanche-2": [
    [
      1783174225,
      6.894
    ],
    [
      1783175126,
      6.914
    ],
    [
      1783176027,
      6.905
    ],
    [
      1783176929,
      6.92
    ],
    [
      1783177830,
      6.94
    ],
    [
      1783178731,
      6.96
    ],
    [
      1783179632,
      6.97
    ],
    [
      1783180533,
      6.98
    ]
  ],
  "ondo-finance": [
    [
      1783174225,
      0.33149
    ],
    [
      1783175126,
      0.33235
    ],
    [
      1783176027,
      0.33287
    ],
    [
      1783176929,
      0.33242
    ],
    [
      1783177830,
      0.333424
    ],
    [
      1783178731,
      0.334088
    ],
    [
      1783179632,
      0.335197
    ],
    [
      1783180533,
      0.335083
    ]
  ],
  "binancecoin": [
    [
      1783176929,
      574.02
    ],
    [
      1783177830,
      574.9
    ],
    [
      1783178731,
      575.62
    ],
    [
      1783179632,
      576.36
    ],
    [
      1783180533,
      576.57
    ]
  ],
  "ripple": [
    [
      1783176929,
      1.17
    ],
    [
      1783177830,
      1.17
    ],
    [
      1783178731,
      1.17
    ],
    [
      1783179632,
      1.17
    ],
    [
      1783180533,
      1.17
    ]
  ],
  "solana": [
    [
      1783176929,
      81.65
    ],
    [
      1783177830,
      81.77
    ],
    [
      1783178731,
      82.0
    ],
    [
      1783179632,
      82.16
    ],
    [
      1783180533,
      82.19
    ]
  ],
  "dogecoin": [
    [
      1783176929,
      0.077451
    ],
    [
      1783177830,
      0.077746
    ],
    [
      1783178731,
      0.078111
    ],
    [
      1783179632,
      0.078435
    ],
    [
      1783180533,
      0.078439
    ]
  ],
  "cardano": [
    [
      1783176929,
      0.181622
    ],
    [
      1783177830,
      0.18515
    ],
    [
      1783178731,
      0.187395
    ],
    [
      1783179632,
      0.188404
    ],
    [
      1783180533,
      0.190145
    ]
  ],
  "tron": [
    [
      1783176929,
      0.325386
    ],
    [
      1783177830,
      0.325258
    ],
    [
      1783178731,
      0.325519
    ],
    [
      1783179632,
      0.325627
    ],
    [
      1783180533,
      0.325526
    ]
  ],
  "chainlink": [
    [
      1783176929,
      7.98
    ],
    [
      1783177830,
      8.02
    ],
    [
      1783178731,
      8.04
    ],
    [
      1783179632,
      8.05
    ],
    [
      1783180533,
      8.08
    ]
  ],
  "the-open-network": [
    [
      1783176929,
      1.81
    ],
    [
      1783177830,
      1.8
    ],
    [
      1783178731,
      1.81
    ],
    [
      1783179632,
      1.81
    ],
    [
      1783180533,
      1.81
    ]
  ],
  "stellar": [
    [
      1783176929,
      0.205504
    ],
    [
      1783177830,
      0.207347
    ],
    [
      1783178731,
      0.208415
    ],
    [
      1783179632,
      0.208511
    ],
    [
      1783180533,
      0.210368
    ]
  ],
  "hedera-hashgraph": [
    [
      1783176929,
      0.074122
    ],
    [
      1783177830,
      0.074264
    ],
    [
      1783178731,
      0.074456
    ],
    [
      1783179632,
      0.074571
    ],
    [
      1783180533,
      0.074686
    ]
  ],
  "sui": [
    [
      1783176929,
      0.76213
    ],
    [
      1783177830,
      0.764608
    ],
    [
      1783178731,
      0.767284
    ],
    [
      1783179632,
      0.769613
    ],
    [
      1783180533,
      0.771377
    ]
  ],
  "bitcoin-cash": [
    [
      1783176929,
      228.84
    ],
    [
      1783177830,
      230.34
    ],
    [
      1783178731,
      231.01
    ],
    [
      1783179632,
      231.4
    ],
    [
      1783180533,
      231.23
    ]
  ],
  "litecoin": [
    [
      1783176929,
      44.57
    ],
    [
      1783177830,
      44.82
    ],
    [
      1783178731,
      44.99
    ],
    [
      1783179632,
      45.11
    ],
    [
      1783180533,
      45.12
    ]
  ],
  "polkadot": [
    [
      1783176929,
      0.872938
    ],
    [
      1783177830,
      0.877391
    ],
    [
      1783178731,
      0.881041
    ],
    [
      1783179632,
      0.883894
    ],
    [
      1783180533,
      0.887047
    ]
  ],
  "hyperliquid": [
    [
      1783176929,
      70.67
    ],
    [
      1783177830,
      70.57
    ],
    [
      1783178731,
      70.91
    ],
    [
      1783179632,
      70.76
    ],
    [
      1783180533,
      70.7
    ]
  ],
  "monero": [
    [
      1783176929,
      331.7
    ],
    [
      1783177830,
      332.78
    ],
    [
      1783178731,
      331.96
    ],
    [
      1783179632,
      328.96
    ],
    [
      1783180533,
      328.36
    ]
  ],
  "_alerts_sent": {}
}