{
  "bitcoin": [
    [
      1781363079,
      64166
    ],
    [
      1781363981,
      64251
    ],
    [
      1781364883,
      64259
    ],
    [
      1781365785,
      64190
    ],
    [
      1781366686,
      64120
    ],
    [
      1781367588,
      64017
    ],
    [
      1781368490,
      63982
    ],
    [
      1781369393,
      63969
    ]
  ],
  "ethereum": [
    [
      1781363079,
      1678.05
    ],
    [
      1781363981,
      1680.78
    ],
    [
      1781364883,
      1681.63
    ],
    [
      1781365785,
      1679.44
    ],
    [
      1781366686,
      1678.83
    ],
    [
      1781367588,
      1673.55
    ],
    [
      1781368490,
      1672.49
    ],
    [
      1781369393,
      1675.17
    ]
  ],
  "avalanche-2": [
    [
      1781363079,
      6.68
    ],
    [
      1781363981,
      6.72
    ],
    [
      1781364883,
      6.74
    ],
    [
      1781365785,
      6.74
    ],
    [
      1781366686,
      6.75
    ],
    [
      1781367588,
      6.72
    ],
    [
      1781368490,
      6.69
    ],
    [
      1781369393,
      6.7
    ]
  ],
  "ondo-finance": [
    [
      1781363079,
      0.372885
    ],
    [
      1781363981,
      0.373551
    ],
    [
      1781364883,
      0.372452
    ],
    [
      1781365785,
      0.372012
    ],
    [
      1781366686,
      0.370234
    ],
    [
      1781367588,
      0.36745
    ],
    [
      1781368490,
      0.365231
    ],
    [
      1781369393,
      0.366888
    ]
  ],
  "binancecoin": [
    [
      1781363079,
      609.78
    ],
    [
      1781363981,
      610.38
    ],
    [
      1781364883,
      609.67
    ],
    [
      1781365785,
      609.54
    ],
    [
      1781366686,
      609.49
    ],
    [
      1781367588,
      608.4
    ],
    [
      1781368490,
      607.82
    ],
    [
      1781369393,
      608.71
    ]
  ],
  "ripple": [
    [
      1781363079,
      1.15
    ],
    [
      1781363981,
      1.15
    ],
    [
      1781364883,
      1.16
    ],
    [
      1781365785,
      1.16
    ],
    [
      1781366686,
      1.15
    ],
    [
      1781367588,
      1.15
    ],
    [
      1781368490,
      1.15
    ],
    [
      1781369393,
      1.15
    ]
  ],
  "solana": [
    [
      1781363079,
      68.2
    ],
    [
      1781363981,
      68.46
    ],
    [
      1781364883,
      68.52
    ],
    [
      1781365785,
      68.44
    ],
    [
      1781366686,
      68.38
    ],
    [
      1781367588,
      68.12
    ],
    [
      1781368490,
      67.95
    ],
    [
      1781369393,
      68.05
    ]
  ],
  "dogecoin": [
    [
      1781363079,
      0.088272
    ],
    [
      1781363981,
      0.088624
    ],
    [
      1781364883,
      0.088599
    ],
    [
      1781365785,
      0.088408
    ],
    [
      1781366686,
      0.088241
    ],
    [
      1781367588,
      0.087981
    ],
    [
      1781368490,
      0.087806
    ],
    [
      1781369393,
      0.087841
    ]
  ],
  "cardano": [
    [
      1781363079,
      0.174269
    ],
    [
      1781363981,
      0.174981
    ],
    [
      1781364883,
      0.175173
    ],
    [
      1781365785,
      0.174851
    ],
    [
      1781366686,
      0.174526
    ],
    [
      1781367588,
      0.173497
    ],
    [
      1781368490,
      0.172885
    ],
    [
      1781369393,
      0.173434
    ]
  ],
  "tron": [
    [
      1781363079,
      0.317357
    ],
    [
      1781363981,
      0.317349
    ],
    [
      1781364883,
      0.317316
    ],
    [
      1781365785,
      0.316937
    ],
    [
      1781366686,
      0.316824
    ],
    [
      1781367588,
      0.317037
    ],
    [
      1781368490,
      0.317098
    ],
    [
      1781369393,
      0.317128
    ]
  ],
  "chainlink": [
    [
      1781363079,
      8.0
    ],
    [
      1781363981,
      8.01
    ],
    [
      1781364883,
      8.02
    ],
    [
      1781365785,
      8.01
    ],
    [
      1781366686,
      8.01
    ],
    [
      1781367588,
      7.99
    ],
    [
      1781368490,
      7.96
    ],
    [
      1781369393,
      7.97
    ]
  ],
  "the-open-network": [
    [
      1781363079,
      1.71
    ],
    [
      1781363981,
      1.72
    ],
    [
      1781364883,
      1.73
    ],
    [
      1781365785,
      1.72
    ],
    [
      1781366686,
      1.75
    ],
    [
      1781367588,
      1.75
    ],
    [
      1781368490,
      1.73
    ],
    [
      1781369393,
      1.75
    ]
  ],
  "stellar": [
    [
      1781363079,
      0.189225
    ],
    [
      1781363981,
      0.190064
    ],
    [
      1781364883,
      0.190112
    ],
    [
      1781365785,
      0.190595
    ],
    [
      1781366686,
      0.190624
    ],
    [
      1781367588,
      0.189265
    ],
    [
      1781368490,
      0.188497
    ],
    [
      1781369393,
      0.188434
    ]
  ],
  "hedera-hashgraph": [
    [
      1781363079,
      0.078351
    ],
    [
      1781363981,
      0.078504
    ],
    [
      1781364883,
      0.07848
    ],
    [
      1781365785,
      0.078393
    ],
    [
      1781366686,
      0.078459
    ],
    [
      1781367588,
      0.078297
    ],
    [
      1781368490,
      0.078199
    ],
    [
      1781369393,
      0.078266
    ]
  ],
  "sui": [
    [
      1781363079,
      0.77099
    ],
    [
      1781363981,
      0.772975
    ],
    [
      1781364883,
      0.772631
    ],
    [
      1781365785,
      0.772656
    ],
    [
      1781366686,
      0.772245
    ],
    [
      1781367588,
      0.769216
    ],
    [
      1781368490,
      0.765706
    ],
    [
      1781369393,
      0.76633
    ]
  ],
  "bitcoin-cash": [
    [
      1781363079,
      208.34
    ],
    [
      1781363981,
      208.8
    ],
    [
      1781364883,
      208.78
    ],
    [
      1781365785,
      208.47
    ],
    [
      1781366686,
      208.38
    ],
    [
      1781367588,
      207.43
    ],
    [
      1781368490,
      207.14
    ],
    [
      1781369393,
      207.02
    ]
  ],
  "litecoin": [
    [
      1781363079,
      43.87
    ],
    [
      1781363981,
      43.91
    ],
    [
      1781364883,
      43.95
    ],
    [
      1781365785,
      44.0
    ],
    [
      1781366686,
      43.97
    ],
    [
      1781367588,
      43.86
    ],
    [
      1781368490,
      43.76
    ],
    [
      1781369393,
      43.79
    ]
  ],
  "polkadot": [
    [
      1781363079,
      0.987168
    ],
    [
      1781363981,
      0.992604
    ],
    [
      1781364883,
      0.991384
    ],
    [
      1781365785,
      0.990254
    ],
    [
      1781366686,
      0.98969
    ],
    [
      1781367588,
      0.985171
    ],
    [
      1781368490,
      0.981234
    ],
    [
      1781369393,
      0.983008
    ]
  ],
  "hyperliquid": [
    [
      1781363079,
      60.19
    ],
    [
      1781363981,
      60.26
    ],
    [
      1781364883,
      60.17
    ],
    [
      1781365785,
      59.9
    ],
    [
      1781366686,
      59.83
    ],
    [
      1781367588,
      59.64
    ],
    [
      1781368490,
      59.72
    ],
    [
      1781369393,
      59.91
    ]
  ],
  "monero": [
    [
      1781363079,
      342.63
    ],
    [
      1781363981,
      345.42
    ],
    [
      1781364883,
      345.11
    ],
    [
      1781365785,
      344.17
    ],
    [
      1781366686,
      344.2
    ],
    [
      1781367588,
      343.63
    ],
    [
      1781368490,
      345.18
    ],
    [
      1781369393,
      345.29
    ]
  ],
  "_alerts_sent": {}
}