{
  "bitcoin": [
    [
      1783726873,
      64153
    ],
    [
      1783727775,
      64094
    ],
    [
      1783728676,
      64059
    ],
    [
      1783729577,
      64041
    ],
    [
      1783730479,
      64021
    ],
    [
      1783731380,
      64089
    ],
    [
      1783732282,
      64090
    ],
    [
      1783733183,
      64185
    ]
  ],
  "ethereum": [
    [
      1783726873,
      1795.42
    ],
    [
      1783727775,
      1794.54
    ],
    [
      1783728676,
      1793.48
    ],
    [
      1783729577,
      1792.0
    ],
    [
      1783730479,
      1789.85
    ],
    [
      1783731380,
      1791.83
    ],
    [
      1783732282,
      1792.15
    ],
    [
      1783733183,
      1795.17
    ]
  ],
  "avalanche-2": [
    [
      1783726873,
      6.74
    ],
    [
      1783727775,
      6.74
    ],
    [
      1783728676,
      6.74
    ],
    [
      1783729577,
      6.72
    ],
    [
      1783730479,
      6.72
    ],
    [
      1783731380,
      6.73
    ],
    [
      1783732282,
      6.72
    ],
    [
      1783733183,
      6.74
    ]
  ],
  "ondo-finance": [
    [
      1783726873,
      0.328507
    ],
    [
      1783727775,
      0.328087
    ],
    [
      1783728676,
      0.328235
    ],
    [
      1783729577,
      0.327189
    ],
    [
      1783730479,
      0.328601
    ],
    [
      1783731380,
      0.329533
    ],
    [
      1783732282,
      0.33024
    ],
    [
      1783733183,
      0.330642
    ]
  ],
  "binancecoin": [
    [
      1783726873,
      575.54
    ],
    [
      1783727775,
      574.92
    ],
    [
      1783728676,
      574.84
    ],
    [
      1783729577,
      574.75
    ],
    [
      1783730479,
      574.22
    ],
    [
      1783731380,
      574.53
    ],
    [
      1783732282,
      574.34
    ],
    [
      1783733183,
      575.31
    ]
  ],
  "ripple": [
    [
      1783726873,
      1.1
    ],
    [
      1783727775,
      1.1
    ],
    [
      1783728676,
      1.1
    ],
    [
      1783729577,
      1.1
    ],
    [
      1783730479,
      1.1
    ],
    [
      1783731380,
      1.1
    ],
    [
      1783732282,
      1.1
    ],
    [
      1783733183,
      1.11
    ]
  ],
  "solana": [
    [
      1783726873,
      78.03
    ],
    [
      1783727775,
      78.04
    ],
    [
      1783728676,
      77.98
    ],
    [
      1783729577,
      77.86
    ],
    [
      1783730479,
      77.8
    ],
    [
      1783731380,
      77.79
    ],
    [
      1783732282,
      77.77
    ],
    [
      1783733183,
      77.91
    ]
  ],
  "dogecoin": [
    [
      1783726873,
      0.074054
    ],
    [
      1783727775,
      0.074029
    ],
    [
      1783728676,
      0.074036
    ],
    [
      1783729577,
      0.07396
    ],
    [
      1783730479,
      0.073978
    ],
    [
      1783731380,
      0.074126
    ],
    [
      1783732282,
      0.074081
    ],
    [
      1783733183,
      0.074191
    ]
  ],
  "cardano": [
    [
      1783726873,
      0.166757
    ],
    [
      1783727775,
      0.166548
    ],
    [
      1783728676,
      0.166542
    ],
    [
      1783729577,
      0.16628
    ],
    [
      1783730479,
      0.166398
    ],
    [
      1783731380,
      0.166725
    ],
    [
      1783732282,
      0.166482
    ],
    [
      1783733183,
      0.166853
    ]
  ],
  "tron": [
    [
      1783726873,
      0.330223
    ],
    [
      1783727775,
      0.330208
    ],
    [
      1783728676,
      0.330072
    ],
    [
      1783729577,
      0.32998
    ],
    [
      1783730479,
      0.330035
    ],
    [
      1783731380,
      0.330043
    ],
    [
      1783732282,
      0.330037
    ],
    [
      1783733183,
      0.330179
    ]
  ],
  "chainlink": [
    [
      1783726873,
      7.96
    ],
    [
      1783727775,
      7.96
    ],
    [
      1783728676,
      7.96
    ],
    [
      1783729577,
      7.95
    ],
    [
      1783730479,
      7.95
    ],
    [
      1783731380,
      7.96
    ],
    [
      1783732282,
      7.96
    ],
    [
      1783733183,
      7.98
    ]
  ],
  "the-open-network": [
    [
      1783726873,
      1.65
    ],
    [
      1783727775,
      1.64
    ],
    [
      1783728676,
      1.63
    ],
    [
      1783729577,
      1.63
    ],
    [
      1783730479,
      1.64
    ],
    [
      1783731380,
      1.64
    ],
    [
      1783732282,
      1.64
    ],
    [
      1783733183,
      1.64
    ]
  ],
  "stellar": [
    [
      1783726873,
      0.190322
    ],
    [
      1783727775,
      0.190469
    ],
    [
      1783728676,
      0.191028
    ],
    [
      1783729577,
      0.19007
    ],
    [
      1783730479,
      0.189805
    ],
    [
      1783731380,
      0.190148
    ],
    [
      1783732282,
      0.190697
    ],
    [
      1783733183,
      0.19135
    ]
  ],
  "hedera-hashgraph": [
    [
      1783726873,
      0.070214
    ],
    [
      1783727775,
      0.070284
    ],
    [
      1783728676,
      0.070333
    ],
    [
      1783729577,
      0.070121
    ],
    [
      1783730479,
      0.070126
    ],
    [
      1783731380,
      0.070191
    ],
    [
      1783732282,
      0.070428
    ],
    [
      1783733183,
      0.070643
    ]
  ],
  "sui": [
    [
      1783726873,
      0.738793
    ],
    [
      1783727775,
      0.737686
    ],
    [
      1783728676,
      0.737563
    ],
    [
      1783729577,
      0.733986
    ],
    [
      1783730479,
      0.733321
    ],
    [
      1783731380,
      0.733682
    ],
    [
      1783732282,
      0.733684
    ],
    [
      1783733183,
      0.73457
    ]
  ],
  "bitcoin-cash": [
    [
      1783726873,
      245.7
    ],
    [
      1783727775,
      245.3
    ],
    [
      1783728676,
      244.42
    ],
    [
      1783729577,
      243.59
    ],
    [
      1783730479,
      243.85
    ],
    [
      1783731380,
      244.22
    ],
    [
      1783732282,
      244.39
    ],
    [
      1783733183,
      244.69
    ]
  ],
  "litecoin": [
    [
      1783726873,
      44.82
    ],
    [
      1783727775,
      44.75
    ],
    [
      1783728676,
      44.67
    ],
    [
      1783729577,
      44.63
    ],
    [
      1783730479,
      44.66
    ],
    [
      1783731380,
      44.73
    ],
    [
      1783732282,
      44.73
    ],
    [
      1783733183,
      44.78
    ]
  ],
  "polkadot": [
    [
      1783726873,
      0.87657
    ],
    [
      1783727775,
      0.876213
    ],
    [
      1783728676,
      0.877648
    ],
    [
      1783729577,
      0.873405
    ],
    [
      1783730479,
      0.872513
    ],
    [
      1783731380,
      0.877361
    ],
    [
      1783732282,
      0.877614
    ],
    [
      1783733183,
      0.878397
    ]
  ],
  "hyperliquid": [
    [
      1783726873,
      67.44
    ],
    [
      1783727775,
      67.47
    ],
    [
      1783728676,
      67.49
    ],
    [
      1783729577,
      67.35
    ],
    [
      1783730479,
      67.41
    ],
    [
      1783731380,
      67.44
    ],
    [
      1783732282,
      67.47
    ],
    [
      1783733183,
      67.57
    ]
  ],
  "monero": [
    [
      1783726873,
      322.12
    ],
    [
      1783727775,
      322.1
    ],
    [
      1783728676,
      322.54
    ],
    [
      1783729577,
      323.28
    ],
    [
      1783730479,
      323.46
    ],
    [
      1783731380,
      323.27
    ],
    [
      1783732282,
      323.56
    ],
    [
      1783733183,
      323.57
    ]
  ],
  "_alerts_sent": {}
}