{
  "bitcoin": [
    [
      1781756286,
      64015
    ],
    [
      1781757187,
      63873
    ],
    [
      1781758089,
      63781
    ],
    [
      1781759133,
      63718
    ],
    [
      1781760034,
      63903
    ],
    [
      1781760935,
      63871
    ],
    [
      1781761836,
      63835
    ],
    [
      1781762738,
      63963
    ]
  ],
  "ethereum": [
    [
      1781756286,
      1736.13
    ],
    [
      1781757187,
      1733.35
    ],
    [
      1781758089,
      1729.26
    ],
    [
      1781759133,
      1723.9
    ],
    [
      1781760034,
      1727.87
    ],
    [
      1781760935,
      1726.76
    ],
    [
      1781761836,
      1727.06
    ],
    [
      1781762738,
      1730.05
    ]
  ],
  "avalanche-2": [
    [
      1781756286,
      6.66
    ],
    [
      1781757187,
      6.66
    ],
    [
      1781758089,
      6.64
    ],
    [
      1781759133,
      6.61
    ],
    [
      1781760034,
      6.6
    ],
    [
      1781760935,
      6.6
    ],
    [
      1781761836,
      6.6
    ],
    [
      1781762738,
      6.61
    ]
  ],
  "ondo-finance": [
    [
      1781756286,
      0.360124
    ],
    [
      1781757187,
      0.361228
    ],
    [
      1781758089,
      0.358671
    ],
    [
      1781759133,
      0.35499
    ],
    [
      1781760034,
      0.3557
    ],
    [
      1781760935,
      0.356113
    ],
    [
      1781761836,
      0.356621
    ],
    [
      1781762738,
      0.357749
    ]
  ],
  "binancecoin": [
    [
      1781756286,
      592.72
    ],
    [
      1781757187,
      591.64
    ],
    [
      1781758089,
      590.81
    ],
    [
      1781759133,
      588.82
    ],
    [
      1781760034,
      588.33
    ],
    [
      1781760935,
      588.08
    ],
    [
      1781761836,
      588.22
    ],
    [
      1781762738,
      589.45
    ]
  ],
  "ripple": [
    [
      1781756286,
      1.17
    ],
    [
      1781757187,
      1.17
    ],
    [
      1781758089,
      1.17
    ],
    [
      1781759133,
      1.17
    ],
    [
      1781760034,
      1.16
    ],
    [
      1781760935,
      1.16
    ],
    [
      1781761836,
      1.17
    ],
    [
      1781762738,
      1.17
    ]
  ],
  "solana": [
    [
      1781756286,
      71.23
    ],
    [
      1781757187,
      71.11
    ],
    [
      1781758089,
      70.92
    ],
    [
      1781759133,
      70.88
    ],
    [
      1781760034,
      70.85
    ],
    [
      1781760935,
      70.87
    ],
    [
      1781761836,
      70.92
    ],
    [
      1781762738,
      71.06
    ]
  ],
  "dogecoin": [
    [
      1781756286,
      0.084684
    ],
    [
      1781757187,
      0.084589
    ],
    [
      1781758089,
      0.084436
    ],
    [
      1781759133,
      0.084417
    ],
    [
      1781760034,
      0.084123
    ],
    [
      1781760935,
      0.084247
    ],
    [
      1781761836,
      0.084217
    ],
    [
      1781762738,
      0.084208
    ]
  ],
  "cardano": [
    [
      1781756286,
      0.165822
    ],
    [
      1781757187,
      0.165626
    ],
    [
      1781758089,
      0.165458
    ],
    [
      1781759133,
      0.165006
    ],
    [
      1781760034,
      0.16454
    ],
    [
      1781760935,
      0.164386
    ],
    [
      1781761836,
      0.164392
    ],
    [
      1781762738,
      0.164796
    ]
  ],
  "tron": [
    [
      1781756286,
      0.320231
    ],
    [
      1781757187,
      0.320165
    ],
    [
      1781758089,
      0.320079
    ],
    [
      1781759133,
      0.320113
    ],
    [
      1781760034,
      0.319977
    ],
    [
      1781760935,
      0.320063
    ],
    [
      1781761836,
      0.319953
    ],
    [
      1781762738,
      0.320121
    ]
  ],
  "chainlink": [
    [
      1781756286,
      7.97
    ],
    [
      1781757187,
      7.96
    ],
    [
      1781758089,
      7.94
    ],
    [
      1781759133,
      7.93
    ],
    [
      1781760034,
      7.92
    ],
    [
      1781760935,
      7.92
    ],
    [
      1781761836,
      7.93
    ],
    [
      1781762738,
      7.94
    ]
  ],
  "the-open-network": [
    [
      1781756286,
      1.65
    ],
    [
      1781757187,
      1.66
    ],
    [
      1781758089,
      1.66
    ],
    [
      1781759133,
      1.65
    ],
    [
      1781760034,
      1.65
    ],
    [
      1781760935,
      1.66
    ],
    [
      1781761836,
      1.65
    ],
    [
      1781762738,
      1.66
    ]
  ],
  "stellar": [
    [
      1781756286,
      0.232883
    ],
    [
      1781757187,
      0.231164
    ],
    [
      1781758089,
      0.231391
    ],
    [
      1781759133,
      0.230449
    ],
    [
      1781760034,
      0.229397
    ],
    [
      1781760935,
      0.229463
    ],
    [
      1781761836,
      0.229341
    ],
    [
      1781762738,
      0.230178
    ]
  ],
  "hedera-hashgraph": [
    [
      1781756286,
      0.080033
    ],
    [
      1781757187,
      0.079998
    ],
    [
      1781758089,
      0.079733
    ],
    [
      1781759133,
      0.07948
    ],
    [
      1781760034,
      0.079501
    ],
    [
      1781760935,
      0.07954
    ],
    [
      1781761836,
      0.079629
    ],
    [
      1781762738,
      0.079728
    ]
  ],
  "sui": [
    [
      1781756286,
      0.752952
    ],
    [
      1781757187,
      0.750112
    ],
    [
      1781758089,
      0.746307
    ],
    [
      1781759133,
      0.742568
    ],
    [
      1781760034,
      0.741392
    ],
    [
      1781760935,
      0.742338
    ],
    [
      1781761836,
      0.743471
    ],
    [
      1781762738,
      0.745204
    ]
  ],
  "bitcoin-cash": [
    [
      1781756286,
      210.19
    ],
    [
      1781757187,
      209.15
    ],
    [
      1781758089,
      206.58
    ],
    [
      1781759133,
      207.03
    ],
    [
      1781760034,
      206.65
    ],
    [
      1781760935,
      206.84
    ],
    [
      1781761836,
      206.94
    ],
    [
      1781762738,
      207.33
    ]
  ],
  "litecoin": [
    [
      1781756286,
      44.29
    ],
    [
      1781757187,
      44.3
    ],
    [
      1781758089,
      44.21
    ],
    [
      1781759133,
      44.16
    ],
    [
      1781760034,
      44.15
    ],
    [
      1781760935,
      44.15
    ],
    [
      1781761836,
      44.21
    ],
    [
      1781762738,
      44.28
    ]
  ],
  "polkadot": [
    [
      1781756286,
      0.974352
    ],
    [
      1781757187,
      0.973122
    ],
    [
      1781758089,
      0.972025
    ],
    [
      1781759133,
      0.971076
    ],
    [
      1781760034,
      0.970319
    ],
    [
      1781760935,
      0.971364
    ],
    [
      1781761836,
      0.971056
    ],
    [
      1781762738,
      0.973357
    ]
  ],
  "hyperliquid": [
    [
      1781756286,
      69.74
    ],
    [
      1781757187,
      69.4
    ],
    [
      1781758089,
      69.15
    ],
    [
      1781759133,
      68.93
    ],
    [
      1781760034,
      68.89
    ],
    [
      1781760935,
      69.25
    ],
    [
      1781761836,
      69.12
    ],
    [
      1781762738,
      69.82
    ]
  ],
  "monero": [
    [
      1781756286,
      329.59
    ],
    [
      1781757187,
      328.48
    ],
    [
      1781758089,
      330.56
    ],
    [
      1781759133,
      330.08
    ],
    [
      1781760034,
      329.31
    ],
    [
      1781760935,
      329.95
    ],
    [
      1781761836,
      329.7
    ],
    [
      1781762738,
      329.85
    ]
  ],
  "_alerts_sent": {}
}