{
  "bitcoin": [
    [
      1784534860,
      64192
    ],
    [
      1784535761,
      64194
    ],
    [
      1784536663,
      64088
    ],
    [
      1784537564,
      63997
    ],
    [
      1784538466,
      63960
    ],
    [
      1784539367,
      64083
    ],
    [
      1784540269,
      64190
    ],
    [
      1784541170,
      64204
    ]
  ],
  "ethereum": [
    [
      1784534860,
      1861.47
    ],
    [
      1784535761,
      1863.17
    ],
    [
      1784536663,
      1859.38
    ],
    [
      1784537564,
      1859.62
    ],
    [
      1784538466,
      1857.3
    ],
    [
      1784539367,
      1860.64
    ],
    [
      1784540269,
      1863.93
    ],
    [
      1784541170,
      1864.58
    ]
  ],
  "avalanche-2": [
    [
      1784534860,
      6.54
    ],
    [
      1784535761,
      6.55
    ],
    [
      1784536663,
      6.52
    ],
    [
      1784537564,
      6.51
    ],
    [
      1784538466,
      6.5
    ],
    [
      1784539367,
      6.51
    ],
    [
      1784540269,
      6.54
    ],
    [
      1784541170,
      6.55
    ]
  ],
  "ondo-finance": [
    [
      1784534860,
      0.342711
    ],
    [
      1784535761,
      0.341834
    ],
    [
      1784536663,
      0.34148
    ],
    [
      1784537564,
      0.341104
    ],
    [
      1784538466,
      0.340379
    ],
    [
      1784539367,
      0.342302
    ],
    [
      1784540269,
      0.344771
    ],
    [
      1784541170,
      0.344919
    ]
  ],
  "binancecoin": [
    [
      1784534860,
      565.69
    ],
    [
      1784535761,
      565.63
    ],
    [
      1784536663,
      565.19
    ],
    [
      1784537564,
      564.84
    ],
    [
      1784538466,
      564.51
    ],
    [
      1784539367,
      565.53
    ],
    [
      1784540269,
      566.39
    ],
    [
      1784541170,
      565.96
    ]
  ],
  "ripple": [
    [
      1784534860,
      1.089
    ],
    [
      1784535761,
      1.089
    ],
    [
      1784536663,
      1.089
    ],
    [
      1784537564,
      1.087
    ],
    [
      1784538466,
      1.087
    ],
    [
      1784539367,
      1.088
    ],
    [
      1784540269,
      1.09
    ],
    [
      1784541170,
      1.09
    ]
  ],
  "solana": [
    [
      1784534860,
      76.15
    ],
    [
      1784535761,
      76.22
    ],
    [
      1784536663,
      76.19
    ],
    [
      1784537564,
      76.04
    ],
    [
      1784538466,
      76.06
    ],
    [
      1784539367,
      76.24
    ],
    [
      1784540269,
      76.59
    ],
    [
      1784541170,
      76.54
    ]
  ],
  "dogecoin": [
    [
      1784534860,
      0.07178
    ],
    [
      1784535761,
      0.071776
    ],
    [
      1784536663,
      0.071724
    ],
    [
      1784537564,
      0.071692
    ],
    [
      1784538466,
      0.071713
    ],
    [
      1784539367,
      0.071874
    ],
    [
      1784540269,
      0.071942
    ],
    [
      1784541170,
      0.07197
    ]
  ],
  "cardano": [
    [
      1784534860,
      0.162394
    ],
    [
      1784535761,
      0.16256
    ],
    [
      1784536663,
      0.162226
    ],
    [
      1784537564,
      0.161859
    ],
    [
      1784538466,
      0.161703
    ],
    [
      1784539367,
      0.16227
    ],
    [
      1784540269,
      0.162807
    ],
    [
      1784541170,
      0.162758
    ]
  ],
  "tron": [
    [
      1784534860,
      0.325773
    ],
    [
      1784535761,
      0.325755
    ],
    [
      1784536663,
      0.325822
    ],
    [
      1784537564,
      0.325729
    ],
    [
      1784538466,
      0.325624
    ],
    [
      1784539367,
      0.325588
    ],
    [
      1784540269,
      0.325688
    ],
    [
      1784541170,
      0.325758
    ]
  ],
  "chainlink": [
    [
      1784534860,
      8.35
    ],
    [
      1784535761,
      8.35
    ],
    [
      1784536663,
      8.34
    ],
    [
      1784537564,
      8.32
    ],
    [
      1784538466,
      8.32
    ],
    [
      1784539367,
      8.33
    ],
    [
      1784540269,
      8.37
    ],
    [
      1784541170,
      8.4
    ]
  ],
  "the-open-network": [
    [
      1784534860,
      1.43
    ],
    [
      1784535761,
      1.43
    ],
    [
      1784536663,
      1.43
    ],
    [
      1784537564,
      1.42
    ],
    [
      1784538466,
      1.42
    ],
    [
      1784539367,
      1.43
    ],
    [
      1784540269,
      1.43
    ],
    [
      1784541170,
      1.43
    ]
  ],
  "stellar": [
    [
      1784534860,
      0.185445
    ],
    [
      1784535761,
      0.185348
    ],
    [
      1784536663,
      0.185558
    ],
    [
      1784537564,
      0.185438
    ],
    [
      1784538466,
      0.185776
    ],
    [
      1784539367,
      0.186488
    ],
    [
      1784540269,
      0.186831
    ],
    [
      1784541170,
      0.187179
    ]
  ],
  "hedera-hashgraph": [
    [
      1784534860,
      0.065702
    ],
    [
      1784535761,
      0.065705
    ],
    [
      1784536663,
      0.065689
    ],
    [
      1784537564,
      0.065613
    ],
    [
      1784538466,
      0.06557
    ],
    [
      1784539367,
      0.06567
    ],
    [
      1784540269,
      0.065799
    ],
    [
      1784541170,
      0.065844
    ]
  ],
  "sui": [
    [
      1784534860,
      0.74718
    ],
    [
      1784535761,
      0.747717
    ],
    [
      1784536663,
      0.7456
    ],
    [
      1784537564,
      0.741153
    ],
    [
      1784538466,
      0.74016
    ],
    [
      1784539367,
      0.740556
    ],
    [
      1784540269,
      0.740943
    ],
    [
      1784541170,
      0.74081
    ]
  ],
  "bitcoin-cash": [
    [
      1784534860,
      212.31
    ],
    [
      1784535761,
      212.08
    ],
    [
      1784536663,
      211.51
    ],
    [
      1784537564,
      211.66
    ],
    [
      1784538466,
      211.62
    ],
    [
      1784539367,
      212.03
    ],
    [
      1784540269,
      212.71
    ],
    [
      1784541170,
      212.99
    ]
  ],
  "litecoin": [
    [
      1784534860,
      46.92
    ],
    [
      1784535761,
      46.89
    ],
    [
      1784536663,
      46.82
    ],
    [
      1784537564,
      46.56
    ],
    [
      1784538466,
      46.42
    ],
    [
      1784539367,
      46.66
    ],
    [
      1784540269,
      46.68
    ],
    [
      1784541170,
      46.71
    ]
  ],
  "polkadot": [
    [
      1784534860,
      0.806882
    ],
    [
      1784535761,
      0.805252
    ],
    [
      1784536663,
      0.804872
    ],
    [
      1784537564,
      0.803065
    ],
    [
      1784538466,
      0.802538
    ],
    [
      1784539367,
      0.80399
    ],
    [
      1784540269,
      0.804548
    ],
    [
      1784541170,
      0.804875
    ]
  ],
  "hyperliquid": [
    [
      1784534860,
      60.77
    ],
    [
      1784535761,
      60.67
    ],
    [
      1784536663,
      60.55
    ],
    [
      1784537564,
      60.62
    ],
    [
      1784538466,
      60.45
    ],
    [
      1784539367,
      60.62
    ],
    [
      1784540269,
      60.76
    ],
    [
      1784541170,
      60.77
    ]
  ],
  "monero": [
    [
      1784534860,
      333.14
    ],
    [
      1784535761,
      333.29
    ],
    [
      1784536663,
      333.48
    ],
    [
      1784537564,
      332.56
    ],
    [
      1784538466,
      332.55
    ],
    [
      1784539367,
      332.63
    ],
    [
      1784540269,
      333.54
    ],
    [
      1784541170,
      334.58
    ]
  ],
  "_alerts_sent": {}
}