{
  "bitcoin": [
    [
      1783882979,
      64107.3
    ],
    [
      1783883880,
      64148
    ],
    [
      1783884782,
      64149
    ],
    [
      1783885686,
      64120
    ],
    [
      1783886587,
      64201
    ],
    [
      1783887488,
      64148
    ],
    [
      1783888391,
      64166
    ],
    [
      1783889292,
      64172
    ]
  ],
  "ethereum": [
    [
      1783882979,
      1820.38
    ],
    [
      1783883880,
      1820.0
    ],
    [
      1783884782,
      1819.77
    ],
    [
      1783885686,
      1818.17
    ],
    [
      1783886587,
      1820.66
    ],
    [
      1783887488,
      1818.66
    ],
    [
      1783888391,
      1819.09
    ],
    [
      1783889292,
      1821.33
    ]
  ],
  "avalanche-2": [
    [
      1783882979,
      6.474
    ],
    [
      1783883880,
      6.46
    ],
    [
      1783884782,
      6.46
    ],
    [
      1783885686,
      6.45
    ],
    [
      1783886587,
      6.47
    ],
    [
      1783887488,
      6.46
    ],
    [
      1783888391,
      6.46
    ],
    [
      1783889292,
      6.46
    ]
  ],
  "ondo-finance": [
    [
      1783882979,
      0.32448
    ],
    [
      1783883880,
      0.324625
    ],
    [
      1783884782,
      0.325154
    ],
    [
      1783885686,
      0.325232
    ],
    [
      1783886587,
      0.326008
    ],
    [
      1783887488,
      0.325217
    ],
    [
      1783888391,
      0.324749
    ],
    [
      1783889292,
      0.325121
    ]
  ],
  "binancecoin": [
    [
      1783883880,
      579.0
    ],
    [
      1783884782,
      578.77
    ],
    [
      1783885686,
      578.7
    ],
    [
      1783886587,
      579.38
    ],
    [
      1783887488,
      578.64
    ],
    [
      1783888391,
      578.75
    ],
    [
      1783889292,
      578.98
    ]
  ],
  "ripple": [
    [
      1783883880,
      1.1
    ],
    [
      1783884782,
      1.1
    ],
    [
      1783885686,
      1.098
    ],
    [
      1783886587,
      1.1
    ],
    [
      1783887488,
      1.099
    ],
    [
      1783888391,
      1.099
    ],
    [
      1783889292,
      1.099
    ]
  ],
  "solana": [
    [
      1783883880,
      77.53
    ],
    [
      1783884782,
      77.51
    ],
    [
      1783885686,
      77.45
    ],
    [
      1783886587,
      77.65
    ],
    [
      1783887488,
      77.52
    ],
    [
      1783888391,
      77.49
    ],
    [
      1783889292,
      77.51
    ]
  ],
  "dogecoin": [
    [
      1783883880,
      0.073617
    ],
    [
      1783884782,
      0.073535
    ],
    [
      1783885686,
      0.073426
    ],
    [
      1783886587,
      0.073617
    ],
    [
      1783887488,
      0.073496
    ],
    [
      1783888391,
      0.073478
    ],
    [
      1783889292,
      0.07351
    ]
  ],
  "cardano": [
    [
      1783883880,
      0.164263
    ],
    [
      1783884782,
      0.164141
    ],
    [
      1783885686,
      0.163857
    ],
    [
      1783886587,
      0.16431
    ],
    [
      1783887488,
      0.164013
    ],
    [
      1783888391,
      0.163937
    ],
    [
      1783889292,
      0.163947
    ]
  ],
  "tron": [
    [
      1783883880,
      0.331387
    ],
    [
      1783884782,
      0.331441
    ],
    [
      1783885686,
      0.331535
    ],
    [
      1783886587,
      0.331451
    ],
    [
      1783887488,
      0.331186
    ],
    [
      1783888391,
      0.331432
    ],
    [
      1783889292,
      0.331295
    ]
  ],
  "chainlink": [
    [
      1783883880,
      8.04
    ],
    [
      1783884782,
      8.06
    ],
    [
      1783885686,
      8.05
    ],
    [
      1783886587,
      8.07
    ],
    [
      1783887488,
      8.06
    ],
    [
      1783888391,
      8.06
    ],
    [
      1783889292,
      8.07
    ]
  ],
  "the-open-network": [
    [
      1783883880,
      1.64
    ],
    [
      1783884782,
      1.64
    ],
    [
      1783885686,
      1.64
    ],
    [
      1783886587,
      1.64
    ],
    [
      1783887488,
      1.64
    ],
    [
      1783888391,
      1.64
    ],
    [
      1783889292,
      1.64
    ]
  ],
  "stellar": [
    [
      1783883880,
      0.190076
    ],
    [
      1783884782,
      0.18981
    ],
    [
      1783885686,
      0.18924
    ],
    [
      1783886587,
      0.189803
    ],
    [
      1783887488,
      0.189813
    ],
    [
      1783888391,
      0.189625
    ],
    [
      1783889292,
      0.189423
    ]
  ],
  "hedera-hashgraph": [
    [
      1783883880,
      0.067587
    ],
    [
      1783884782,
      0.06768
    ],
    [
      1783885686,
      0.067586
    ],
    [
      1783886587,
      0.06771
    ],
    [
      1783887488,
      0.067694
    ],
    [
      1783888391,
      0.067866
    ],
    [
      1783889292,
      0.067941
    ]
  ],
  "sui": [
    [
      1783883880,
      0.738979
    ],
    [
      1783884782,
      0.739263
    ],
    [
      1783885686,
      0.739036
    ],
    [
      1783886587,
      0.741462
    ],
    [
      1783887488,
      0.74088
    ],
    [
      1783888391,
      0.741786
    ],
    [
      1783889292,
      0.742029
    ]
  ],
  "bitcoin-cash": [
    [
      1783883880,
      245.97
    ],
    [
      1783884782,
      246.39
    ],
    [
      1783885686,
      246.34
    ],
    [
      1783886587,
      246.67
    ],
    [
      1783887488,
      246.38
    ],
    [
      1783888391,
      246.03
    ],
    [
      1783889292,
      246.15
    ]
  ],
  "litecoin": [
    [
      1783883880,
      44.61
    ],
    [
      1783884782,
      44.61
    ],
    [
      1783885686,
      44.53
    ],
    [
      1783886587,
      44.62
    ],
    [
      1783887488,
      44.56
    ],
    [
      1783888391,
      44.51
    ],
    [
      1783889292,
      44.59
    ]
  ],
  "polkadot": [
    [
      1783883880,
      0.8428
    ],
    [
      1783884782,
      0.84296
    ],
    [
      1783885686,
      0.842934
    ],
    [
      1783886587,
      0.844594
    ],
    [
      1783887488,
      0.844573
    ],
    [
      1783888391,
      0.845479
    ],
    [
      1783889292,
      0.849321
    ]
  ],
  "hyperliquid": [
    [
      1783883880,
      68.18
    ],
    [
      1783884782,
      68.07
    ],
    [
      1783885686,
      68.0
    ],
    [
      1783886587,
      68.24
    ],
    [
      1783887488,
      68.06
    ],
    [
      1783888391,
      67.96
    ],
    [
      1783889292,
      67.87
    ]
  ],
  "monero": [
    [
      1783883880,
      329.23
    ],
    [
      1783884782,
      329.13
    ],
    [
      1783885686,
      330.32
    ],
    [
      1783886587,
      330.12
    ],
    [
      1783887488,
      329.86
    ],
    [
      1783888391,
      330.06
    ],
    [
      1783889292,
      330.51
    ]
  ],
  "_alerts_sent": {}
}