{
  "bitcoin": [
    [
      1783941721,
      62950
    ],
    [
      1783942623,
      62927
    ],
    [
      1783943525,
      62897
    ],
    [
      1783944426,
      62834
    ],
    [
      1783945329,
      62765
    ],
    [
      1783946233,
      62636
    ],
    [
      1783947140,
      62572
    ],
    [
      1783948042,
      62581
    ]
  ],
  "ethereum": [
    [
      1783941721,
      1778.63
    ],
    [
      1783942623,
      1780.93
    ],
    [
      1783943525,
      1781.73
    ],
    [
      1783944426,
      1778.39
    ],
    [
      1783945329,
      1778.93
    ],
    [
      1783946233,
      1770.9
    ],
    [
      1783947140,
      1770.32
    ],
    [
      1783948042,
      1771.31
    ]
  ],
  "avalanche-2": [
    [
      1783941721,
      6.63
    ],
    [
      1783942623,
      6.62
    ],
    [
      1783943525,
      6.64
    ],
    [
      1783944426,
      6.63
    ],
    [
      1783945329,
      6.61
    ],
    [
      1783946233,
      6.58
    ],
    [
      1783947140,
      6.58
    ],
    [
      1783948042,
      6.61
    ]
  ],
  "ondo-finance": [
    [
      1783941721,
      0.319811
    ],
    [
      1783942623,
      0.320131
    ],
    [
      1783943525,
      0.319648
    ],
    [
      1783944426,
      0.317652
    ],
    [
      1783945329,
      0.317333
    ],
    [
      1783946233,
      0.315697
    ],
    [
      1783947140,
      0.315157
    ],
    [
      1783948042,
      0.315599
    ]
  ],
  "binancecoin": [
    [
      1783941721,
      569.4
    ],
    [
      1783942623,
      569.06
    ],
    [
      1783943525,
      569.41
    ],
    [
      1783944426,
      568.88
    ],
    [
      1783945329,
      568.69
    ],
    [
      1783946233,
      567.78
    ],
    [
      1783947140,
      567.75
    ],
    [
      1783948042,
      567.83
    ]
  ],
  "ripple": [
    [
      1783941721,
      1.079
    ],
    [
      1783942623,
      1.078
    ],
    [
      1783943525,
      1.078
    ],
    [
      1783944426,
      1.076
    ],
    [
      1783945329,
      1.077
    ],
    [
      1783946233,
      1.074
    ],
    [
      1783947140,
      1.072
    ],
    [
      1783948042,
      1.072
    ]
  ],
  "solana": [
    [
      1783941721,
      76.3
    ],
    [
      1783942623,
      76.33
    ],
    [
      1783943525,
      76.41
    ],
    [
      1783944426,
      76.21
    ],
    [
      1783945329,
      76.07
    ],
    [
      1783946233,
      75.86
    ],
    [
      1783947140,
      75.82
    ],
    [
      1783948042,
      75.79
    ]
  ],
  "dogecoin": [
    [
      1783941721,
      0.072306
    ],
    [
      1783942623,
      0.072301
    ],
    [
      1783943525,
      0.072294
    ],
    [
      1783944426,
      0.072205
    ],
    [
      1783945329,
      0.072227
    ],
    [
      1783946233,
      0.072032
    ],
    [
      1783947140,
      0.072082
    ],
    [
      1783948042,
      0.072044
    ]
  ],
  "cardano": [
    [
      1783941721,
      0.159519
    ],
    [
      1783942623,
      0.159652
    ],
    [
      1783943525,
      0.159593
    ],
    [
      1783944426,
      0.159317
    ],
    [
      1783945329,
      0.159641
    ],
    [
      1783946233,
      0.15925
    ],
    [
      1783947140,
      0.159002
    ],
    [
      1783948042,
      0.158425
    ]
  ],
  "tron": [
    [
      1783941721,
      0.327344
    ],
    [
      1783942623,
      0.327401
    ],
    [
      1783943525,
      0.327483
    ],
    [
      1783944426,
      0.327098
    ],
    [
      1783945329,
      0.32701
    ],
    [
      1783946233,
      0.326409
    ],
    [
      1783947140,
      0.326557
    ],
    [
      1783948042,
      0.326578
    ]
  ],
  "chainlink": [
    [
      1783941721,
      7.94
    ],
    [
      1783942623,
      7.93
    ],
    [
      1783943525,
      7.94
    ],
    [
      1783944426,
      7.93
    ],
    [
      1783945329,
      7.93
    ],
    [
      1783946233,
      7.9
    ],
    [
      1783947140,
      7.89
    ],
    [
      1783948042,
      7.89
    ]
  ],
  "the-open-network": [
    [
      1783941721,
      1.61
    ],
    [
      1783942623,
      1.61
    ],
    [
      1783943525,
      1.6
    ],
    [
      1783944426,
      1.6
    ],
    [
      1783945329,
      1.6
    ],
    [
      1783946233,
      1.6
    ],
    [
      1783947140,
      1.6
    ],
    [
      1783948042,
      1.59
    ]
  ],
  "stellar": [
    [
      1783941721,
      0.184515
    ],
    [
      1783942623,
      0.184148
    ],
    [
      1783943525,
      0.184057
    ],
    [
      1783944426,
      0.183623
    ],
    [
      1783945329,
      0.18362
    ],
    [
      1783946233,
      0.182471
    ],
    [
      1783947140,
      0.182558
    ],
    [
      1783948042,
      0.182703
    ]
  ],
  "hedera-hashgraph": [
    [
      1783941721,
      0.066903
    ],
    [
      1783942623,
      0.066868
    ],
    [
      1783943525,
      0.066805
    ],
    [
      1783944426,
      0.066766
    ],
    [
      1783945329,
      0.066739
    ],
    [
      1783946233,
      0.066533
    ],
    [
      1783947140,
      0.066686
    ],
    [
      1783948042,
      0.066901
    ]
  ],
  "sui": [
    [
      1783941721,
      0.731941
    ],
    [
      1783942623,
      0.731605
    ],
    [
      1783943525,
      0.731465
    ],
    [
      1783944426,
      0.729972
    ],
    [
      1783945329,
      0.729751
    ],
    [
      1783946233,
      0.727761
    ],
    [
      1783947140,
      0.726323
    ],
    [
      1783948042,
      0.726646
    ]
  ],
  "bitcoin-cash": [
    [
      1783941721,
      238.56
    ],
    [
      1783942623,
      238.35
    ],
    [
      1783943525,
      237.85
    ],
    [
      1783944426,
      237.55
    ],
    [
      1783945329,
      237.59
    ],
    [
      1783946233,
      237.13
    ],
    [
      1783947140,
      236.94
    ],
    [
      1783948042,
      237.46
    ]
  ],
  "litecoin": [
    [
      1783941721,
      43.69
    ],
    [
      1783942623,
      43.59
    ],
    [
      1783943525,
      43.54
    ],
    [
      1783944426,
      43.35
    ],
    [
      1783945329,
      43.35
    ],
    [
      1783946233,
      43.25
    ],
    [
      1783947140,
      43.29
    ],
    [
      1783948042,
      43.34
    ]
  ],
  "polkadot": [
    [
      1783941721,
      0.83608
    ],
    [
      1783942623,
      0.832161
    ],
    [
      1783943525,
      0.831547
    ],
    [
      1783944426,
      0.83032
    ],
    [
      1783945329,
      0.831406
    ],
    [
      1783946233,
      0.833021
    ],
    [
      1783947140,
      0.830467
    ],
    [
      1783948042,
      0.82919
    ]
  ],
  "hyperliquid": [
    [
      1783941721,
      65.1
    ],
    [
      1783942623,
      65.18
    ],
    [
      1783943525,
      65.05
    ],
    [
      1783944426,
      64.91
    ],
    [
      1783945329,
      64.79
    ],
    [
      1783946233,
      64.31
    ],
    [
      1783947140,
      64.34
    ],
    [
      1783948042,
      64.37
    ]
  ],
  "monero": [
    [
      1783941721,
      328.56
    ],
    [
      1783942623,
      327.08
    ],
    [
      1783943525,
      325.37
    ],
    [
      1783944426,
      325.31
    ],
    [
      1783945329,
      324.01
    ],
    [
      1783946233,
      324.83
    ],
    [
      1783947140,
      326.46
    ],
    [
      1783948042,
      326.15
    ]
  ],
  "_alerts_sent": {}
}