{
  "bitcoin": [
    [
      1782373941,
      61745.1
    ],
    [
      1782374843,
      61713.0
    ],
    [
      1782375745,
      61649.6
    ],
    [
      1782376647,
      61643.4
    ],
    [
      1782377548,
      61702
    ],
    [
      1782378449,
      61647.9
    ],
    [
      1782379355,
      61555.3
    ],
    [
      1782380256,
      61651.8
    ]
  ],
  "ethereum": [
    [
      1782373941,
      1653.48
    ],
    [
      1782374843,
      1654.3
    ],
    [
      1782375745,
      1650.01
    ],
    [
      1782376647,
      1649.54
    ],
    [
      1782377548,
      1651.55
    ],
    [
      1782378449,
      1651.97
    ],
    [
      1782379355,
      1646.24
    ],
    [
      1782380256,
      1646.8
    ]
  ],
  "avalanche-2": [
    [
      1782373941,
      6.52
    ],
    [
      1782374843,
      6.509
    ],
    [
      1782375745,
      6.496
    ],
    [
      1782376647,
      6.483
    ],
    [
      1782377548,
      6.5
    ],
    [
      1782378449,
      6.499
    ],
    [
      1782379355,
      6.487
    ],
    [
      1782380256,
      6.49
    ]
  ],
  "ondo-finance": [
    [
      1782373941,
      0.31956
    ],
    [
      1782374843,
      0.31894
    ],
    [
      1782375745,
      0.31849
    ],
    [
      1782376647,
      0.31649
    ],
    [
      1782377548,
      0.316541
    ],
    [
      1782378449,
      0.31579
    ],
    [
      1782379355,
      0.31473
    ],
    [
      1782380256,
      0.31566
    ]
  ],
  "binancecoin": [
    [
      1782377548,
      569.25
    ]
  ],
  "ripple": [
    [
      1782377548,
      1.082
    ]
  ],
  "solana": [
    [
      1782377548,
      69.04
    ]
  ],
  "dogecoin": [
    [
      1782377548,
      0.077078
    ]
  ],
  "cardano": [
    [
      1782377548,
      0.149391
    ]
  ],
  "tron": [
    [
      1782377548,
      0.328755
    ]
  ],
  "chainlink": [
    [
      1782377548,
      7.5
    ]
  ],
  "the-open-network": [
    [
      1782377548,
      1.59
    ]
  ],
  "stellar": [
    [
      1782377548,
      0.185731
    ]
  ],
  "hedera-hashgraph": [
    [
      1782377548,
      0.07395
    ]
  ],
  "sui": [
    [
      1782377548,
      0.69686
    ]
  ],
  "bitcoin-cash": [
    [
      1782377548,
      196.08
    ]
  ],
  "litecoin": [
    [
      1782377548,
      41.73
    ]
  ],
  "polkadot": [
    [
      1782377548,
      0.888026
    ]
  ],
  "hyperliquid": [
    [
      1782377548,
      63.53
    ]
  ],
  "monero": [
    [
      1782377548,
      315.35
    ]
  ],
  "_alerts_sent": {}
}