{
  "bitcoin": [
    [
      1783840548,
      63772
    ],
    [
      1783841449,
      63819
    ],
    [
      1783842361,
      63818
    ],
    [
      1783843263,
      63843
    ],
    [
      1783844164,
      64005
    ],
    [
      1783845068,
      63958
    ],
    [
      1783845970,
      63962
    ],
    [
      1783846872,
      63937.9
    ]
  ],
  "ethereum": [
    [
      1783840548,
      1796.49
    ],
    [
      1783841449,
      1796.22
    ],
    [
      1783842361,
      1795.84
    ],
    [
      1783843263,
      1797.44
    ],
    [
      1783844164,
      1805.78
    ],
    [
      1783845068,
      1802.98
    ],
    [
      1783845970,
      1803.57
    ],
    [
      1783846872,
      1804.5
    ]
  ],
  "avalanche-2": [
    [
      1783840548,
      6.37
    ],
    [
      1783841449,
      6.38
    ],
    [
      1783842361,
      6.38
    ],
    [
      1783843263,
      6.37
    ],
    [
      1783844164,
      6.39
    ],
    [
      1783845068,
      6.39
    ],
    [
      1783845970,
      6.39
    ],
    [
      1783846872,
      6.392
    ]
  ],
  "ondo-finance": [
    [
      1783840548,
      0.325072
    ],
    [
      1783841449,
      0.325202
    ],
    [
      1783842361,
      0.324959
    ],
    [
      1783843263,
      0.325184
    ],
    [
      1783844164,
      0.327173
    ],
    [
      1783845068,
      0.326992
    ],
    [
      1783845970,
      0.327059
    ],
    [
      1783846872,
      0.32688
    ]
  ],
  "binancecoin": [
    [
      1783839646,
      571.56
    ],
    [
      1783840548,
      571.82
    ],
    [
      1783841449,
      572.08
    ],
    [
      1783842361,
      572.16
    ],
    [
      1783843263,
      571.99
    ],
    [
      1783844164,
      573.02
    ],
    [
      1783845068,
      572.84
    ],
    [
      1783845970,
      573.06
    ]
  ],
  "ripple": [
    [
      1783839646,
      1.091
    ],
    [
      1783840548,
      1.092
    ],
    [
      1783841449,
      1.092
    ],
    [
      1783842361,
      1.09
    ],
    [
      1783843263,
      1.091
    ],
    [
      1783844164,
      1.093
    ],
    [
      1783845068,
      1.093
    ],
    [
      1783845970,
      1.092
    ]
  ],
  "solana": [
    [
      1783839646,
      76.28
    ],
    [
      1783840548,
      76.48
    ],
    [
      1783841449,
      76.53
    ],
    [
      1783842361,
      76.46
    ],
    [
      1783843263,
      76.46
    ],
    [
      1783844164,
      76.64
    ],
    [
      1783845068,
      76.61
    ],
    [
      1783845970,
      76.59
    ]
  ],
  "dogecoin": [
    [
      1783839646,
      0.072822
    ],
    [
      1783840548,
      0.072874
    ],
    [
      1783841449,
      0.072909
    ],
    [
      1783842361,
      0.072799
    ],
    [
      1783843263,
      0.072868
    ],
    [
      1783844164,
      0.07311
    ],
    [
      1783845068,
      0.073021
    ],
    [
      1783845970,
      0.072946
    ]
  ],
  "cardano": [
    [
      1783839646,
      0.162951
    ],
    [
      1783840548,
      0.163258
    ],
    [
      1783841449,
      0.163769
    ],
    [
      1783842361,
      0.163575
    ],
    [
      1783843263,
      0.163646
    ],
    [
      1783844164,
      0.163967
    ],
    [
      1783845068,
      0.163923
    ],
    [
      1783845970,
      0.164163
    ]
  ],
  "tron": [
    [
      1783839646,
      0.329682
    ],
    [
      1783840548,
      0.329729
    ],
    [
      1783841449,
      0.329722
    ],
    [
      1783842361,
      0.329734
    ],
    [
      1783843263,
      0.32961
    ],
    [
      1783844164,
      0.329557
    ],
    [
      1783845068,
      0.329633
    ],
    [
      1783845970,
      0.329451
    ]
  ],
  "chainlink": [
    [
      1783839646,
      7.96
    ],
    [
      1783840548,
      7.97
    ],
    [
      1783841449,
      7.97
    ],
    [
      1783842361,
      7.97
    ],
    [
      1783843263,
      7.97
    ],
    [
      1783844164,
      8.0
    ],
    [
      1783845068,
      8.01
    ],
    [
      1783845970,
      8.0
    ]
  ],
  "the-open-network": [
    [
      1783839646,
      1.64
    ],
    [
      1783840548,
      1.64
    ],
    [
      1783841449,
      1.64
    ],
    [
      1783842361,
      1.64
    ],
    [
      1783843263,
      1.64
    ],
    [
      1783844164,
      1.64
    ],
    [
      1783845068,
      1.64
    ],
    [
      1783845970,
      1.64
    ]
  ],
  "stellar": [
    [
      1783839646,
      0.185334
    ],
    [
      1783840548,
      0.185572
    ],
    [
      1783841449,
      0.185644
    ],
    [
      1783842361,
      0.185226
    ],
    [
      1783843263,
      0.185322
    ],
    [
      1783844164,
      0.185829
    ],
    [
      1783845068,
      0.185786
    ],
    [
      1783845970,
      0.185896
    ]
  ],
  "hedera-hashgraph": [
    [
      1783839646,
      0.067637
    ],
    [
      1783840548,
      0.067915
    ],
    [
      1783841449,
      0.067836
    ],
    [
      1783842361,
      0.067648
    ],
    [
      1783843263,
      0.067617
    ],
    [
      1783844164,
      0.067921
    ],
    [
      1783845068,
      0.067883
    ],
    [
      1783845970,
      0.067819
    ]
  ],
  "sui": [
    [
      1783839646,
      0.730229
    ],
    [
      1783840548,
      0.731894
    ],
    [
      1783841449,
      0.734677
    ],
    [
      1783842361,
      0.734768
    ],
    [
      1783843263,
      0.737254
    ],
    [
      1783844164,
      0.741313
    ],
    [
      1783845068,
      0.739191
    ],
    [
      1783845970,
      0.739508
    ]
  ],
  "bitcoin-cash": [
    [
      1783839646,
      243.84
    ],
    [
      1783840548,
      244.18
    ],
    [
      1783841449,
      244.49
    ],
    [
      1783842361,
      244.22
    ],
    [
      1783843263,
      244.4
    ],
    [
      1783844164,
      244.9
    ],
    [
      1783845068,
      244.74
    ],
    [
      1783845970,
      244.64
    ]
  ],
  "litecoin": [
    [
      1783839646,
      44.43
    ],
    [
      1783840548,
      44.51
    ],
    [
      1783841449,
      44.5
    ],
    [
      1783842361,
      44.45
    ],
    [
      1783843263,
      44.47
    ],
    [
      1783844164,
      44.55
    ],
    [
      1783845068,
      44.59
    ],
    [
      1783845970,
      44.57
    ]
  ],
  "polkadot": [
    [
      1783839646,
      0.84682
    ],
    [
      1783840548,
      0.846775
    ],
    [
      1783841449,
      0.847095
    ],
    [
      1783842361,
      0.845857
    ],
    [
      1783843263,
      0.84664
    ],
    [
      1783844164,
      0.848853
    ],
    [
      1783845068,
      0.848877
    ],
    [
      1783845970,
      0.848709
    ]
  ],
  "hyperliquid": [
    [
      1783839646,
      66.93
    ],
    [
      1783840548,
      66.95
    ],
    [
      1783841449,
      67.01
    ],
    [
      1783842361,
      66.89
    ],
    [
      1783843263,
      66.89
    ],
    [
      1783844164,
      67.27
    ],
    [
      1783845068,
      67.37
    ],
    [
      1783845970,
      67.15
    ]
  ],
  "monero": [
    [
      1783839646,
      327.03
    ],
    [
      1783840548,
      326.55
    ],
    [
      1783841449,
      326.63
    ],
    [
      1783842361,
      327.01
    ],
    [
      1783843263,
      327.08
    ],
    [
      1783844164,
      327.32
    ],
    [
      1783845068,
      326.92
    ],
    [
      1783845970,
      326.59
    ]
  ],
  "_alerts_sent": {}
}