{
  "bitcoin": [
    [
      1784348194,
      63944
    ],
    [
      1784349095,
      63937
    ],
    [
      1784350000,
      63900
    ],
    [
      1784350902,
      63922
    ],
    [
      1784351803,
      63882
    ],
    [
      1784352704,
      63931
    ],
    [
      1784353605,
      63926
    ],
    [
      1784354506,
      63910
    ]
  ],
  "ethereum": [
    [
      1784348194,
      1843.34
    ],
    [
      1784349095,
      1842.99
    ],
    [
      1784350000,
      1842.23
    ],
    [
      1784350902,
      1843.29
    ],
    [
      1784351803,
      1841.92
    ],
    [
      1784352704,
      1844.58
    ],
    [
      1784353605,
      1846.24
    ],
    [
      1784354506,
      1844.4
    ]
  ],
  "avalanche-2": [
    [
      1784348194,
      6.64
    ],
    [
      1784349095,
      6.62
    ],
    [
      1784350000,
      6.61
    ],
    [
      1784350902,
      6.6
    ],
    [
      1784351803,
      6.59
    ],
    [
      1784352704,
      6.61
    ],
    [
      1784353605,
      6.61
    ],
    [
      1784354506,
      6.6
    ]
  ],
  "ondo-finance": [
    [
      1784348194,
      0.375532
    ],
    [
      1784349095,
      0.373831
    ],
    [
      1784350000,
      0.374422
    ],
    [
      1784350902,
      0.375861
    ],
    [
      1784351803,
      0.376713
    ],
    [
      1784352704,
      0.374854
    ],
    [
      1784353605,
      0.371575
    ],
    [
      1784354506,
      0.3708
    ]
  ],
  "binancecoin": [
    [
      1784348194,
      567.64
    ],
    [
      1784349095,
      567.14
    ],
    [
      1784350000,
      567.17
    ],
    [
      1784350902,
      566.8
    ],
    [
      1784351803,
      566.75
    ],
    [
      1784352704,
      566.86
    ],
    [
      1784353605,
      567.0
    ],
    [
      1784354506,
      567.08
    ]
  ],
  "ripple": [
    [
      1784348194,
      1.089
    ],
    [
      1784349095,
      1.089
    ],
    [
      1784350000,
      1.088
    ],
    [
      1784350902,
      1.087
    ],
    [
      1784351803,
      1.086
    ],
    [
      1784352704,
      1.088
    ],
    [
      1784353605,
      1.088
    ],
    [
      1784354506,
      1.087
    ]
  ],
  "solana": [
    [
      1784348194,
      75.21
    ],
    [
      1784349095,
      75.17
    ],
    [
      1784350000,
      75.04
    ],
    [
      1784350902,
      75.06
    ],
    [
      1784351803,
      74.95
    ],
    [
      1784352704,
      74.97
    ],
    [
      1784353605,
      74.92
    ],
    [
      1784354506,
      74.86
    ]
  ],
  "dogecoin": [
    [
      1784348194,
      0.072558
    ],
    [
      1784349095,
      0.072516
    ],
    [
      1784350000,
      0.072469
    ],
    [
      1784350902,
      0.072452
    ],
    [
      1784351803,
      0.072378
    ],
    [
      1784352704,
      0.072394
    ],
    [
      1784353605,
      0.072397
    ],
    [
      1784354506,
      0.072197
    ]
  ],
  "cardano": [
    [
      1784348194,
      0.167425
    ],
    [
      1784349095,
      0.166934
    ],
    [
      1784350000,
      0.166496
    ],
    [
      1784350902,
      0.166782
    ],
    [
      1784351803,
      0.166256
    ],
    [
      1784352704,
      0.166683
    ],
    [
      1784353605,
      0.16697
    ],
    [
      1784354506,
      0.166475
    ]
  ],
  "tron": [
    [
      1784348194,
      0.322176
    ],
    [
      1784349095,
      0.322052
    ],
    [
      1784350000,
      0.32203
    ],
    [
      1784350902,
      0.321964
    ],
    [
      1784351803,
      0.321914
    ],
    [
      1784352704,
      0.321888
    ],
    [
      1784353605,
      0.321761
    ],
    [
      1784354506,
      0.321752
    ]
  ],
  "chainlink": [
    [
      1784348194,
      8.27
    ],
    [
      1784349095,
      8.26
    ],
    [
      1784350000,
      8.26
    ],
    [
      1784350902,
      8.25
    ],
    [
      1784351803,
      8.24
    ],
    [
      1784352704,
      8.24
    ],
    [
      1784353605,
      8.25
    ],
    [
      1784354506,
      8.24
    ]
  ],
  "the-open-network": [
    [
      1784348194,
      1.49
    ],
    [
      1784349095,
      1.48
    ],
    [
      1784350000,
      1.48
    ],
    [
      1784350902,
      1.48
    ],
    [
      1784351803,
      1.48
    ],
    [
      1784352704,
      1.48
    ],
    [
      1784353605,
      1.48
    ],
    [
      1784354506,
      1.48
    ]
  ],
  "stellar": [
    [
      1784348194,
      0.184709
    ],
    [
      1784349095,
      0.184648
    ],
    [
      1784350000,
      0.18432
    ],
    [
      1784350902,
      0.184616
    ],
    [
      1784351803,
      0.184481
    ],
    [
      1784352704,
      0.184773
    ],
    [
      1784353605,
      0.184657
    ],
    [
      1784354506,
      0.184422
    ]
  ],
  "hedera-hashgraph": [
    [
      1784348194,
      0.066168
    ],
    [
      1784349095,
      0.066173
    ],
    [
      1784350000,
      0.066142
    ],
    [
      1784350902,
      0.066128
    ],
    [
      1784351803,
      0.066095
    ],
    [
      1784352704,
      0.066165
    ],
    [
      1784353605,
      0.066141
    ],
    [
      1784354506,
      0.066063
    ]
  ],
  "sui": [
    [
      1784348194,
      0.740453
    ],
    [
      1784349095,
      0.739119
    ],
    [
      1784350000,
      0.737502
    ],
    [
      1784350902,
      0.737541
    ],
    [
      1784351803,
      0.736318
    ],
    [
      1784352704,
      0.73719
    ],
    [
      1784353605,
      0.736664
    ],
    [
      1784354506,
      0.735113
    ]
  ],
  "bitcoin-cash": [
    [
      1784348194,
      219.25
    ],
    [
      1784349095,
      218.9
    ],
    [
      1784350000,
      218.66
    ],
    [
      1784350902,
      218.54
    ],
    [
      1784351803,
      218.4
    ],
    [
      1784352704,
      218.91
    ],
    [
      1784353605,
      218.94
    ],
    [
      1784354506,
      218.48
    ]
  ],
  "litecoin": [
    [
      1784348194,
      45.46
    ],
    [
      1784349095,
      45.43
    ],
    [
      1784350000,
      45.44
    ],
    [
      1784350902,
      45.46
    ],
    [
      1784351803,
      45.4
    ],
    [
      1784352704,
      45.47
    ],
    [
      1784353605,
      45.42
    ],
    [
      1784354506,
      45.36
    ]
  ],
  "polkadot": [
    [
      1784348194,
      0.85092
    ],
    [
      1784349095,
      0.849655
    ],
    [
      1784350000,
      0.849559
    ],
    [
      1784350902,
      0.849217
    ],
    [
      1784351803,
      0.846426
    ],
    [
      1784352704,
      0.846258
    ],
    [
      1784353605,
      0.845812
    ],
    [
      1784354506,
      0.844635
    ]
  ],
  "hyperliquid": [
    [
      1784348194,
      59.45
    ],
    [
      1784349095,
      59.34
    ],
    [
      1784350000,
      59.32
    ],
    [
      1784350902,
      59.26
    ],
    [
      1784351803,
      59.16
    ],
    [
      1784352704,
      59.35
    ],
    [
      1784353605,
      59.19
    ],
    [
      1784354506,
      58.81
    ]
  ],
  "monero": [
    [
      1784348194,
      331.5
    ],
    [
      1784349095,
      331.42
    ],
    [
      1784350000,
      330.75
    ],
    [
      1784350902,
      330.32
    ],
    [
      1784351803,
      329.95
    ],
    [
      1784352704,
      330.26
    ],
    [
      1784353605,
      329.35
    ],
    [
      1784354506,
      329.22
    ]
  ],
  "_alerts_sent": {}
}