{
  "bitcoin": [
    [
      1783593238,
      62813
    ],
    [
      1783594140,
      62792
    ],
    [
      1783595041,
      62742
    ],
    [
      1783595943,
      62674
    ],
    [
      1783596844,
      62632
    ],
    [
      1783597745,
      62604
    ],
    [
      1783598646,
      62690
    ],
    [
      1783599548,
      62700
    ]
  ],
  "ethereum": [
    [
      1783593238,
      1750.82
    ],
    [
      1783594140,
      1749.57
    ],
    [
      1783595041,
      1745.1
    ],
    [
      1783595943,
      1743.53
    ],
    [
      1783596844,
      1741.14
    ],
    [
      1783597745,
      1741.47
    ],
    [
      1783598646,
      1741.52
    ],
    [
      1783599548,
      1739.41
    ]
  ],
  "avalanche-2": [
    [
      1783593238,
      6.69
    ],
    [
      1783594140,
      6.69
    ],
    [
      1783595041,
      6.68
    ],
    [
      1783595943,
      6.68
    ],
    [
      1783596844,
      6.68
    ],
    [
      1783597745,
      6.69
    ],
    [
      1783598646,
      6.71
    ],
    [
      1783599548,
      6.69
    ]
  ],
  "ondo-finance": [
    [
      1783593238,
      0.318023
    ],
    [
      1783594140,
      0.317116
    ],
    [
      1783595041,
      0.317199
    ],
    [
      1783595943,
      0.31754
    ],
    [
      1783596844,
      0.317161
    ],
    [
      1783597745,
      0.317187
    ],
    [
      1783598646,
      0.317966
    ],
    [
      1783599548,
      0.316819
    ]
  ],
  "binancecoin": [
    [
      1783593238,
      570.01
    ],
    [
      1783594140,
      570.06
    ],
    [
      1783595041,
      569.54
    ],
    [
      1783595943,
      569.24
    ],
    [
      1783596844,
      568.58
    ],
    [
      1783597745,
      568.65
    ],
    [
      1783598646,
      568.98
    ],
    [
      1783599548,
      569.16
    ]
  ],
  "ripple": [
    [
      1783593238,
      1.092
    ],
    [
      1783594140,
      1.093
    ],
    [
      1783595041,
      1.091
    ],
    [
      1783595943,
      1.091
    ],
    [
      1783596844,
      1.09
    ],
    [
      1783597745,
      1.091
    ],
    [
      1783598646,
      1.092
    ],
    [
      1783599548,
      1.092
    ]
  ],
  "solana": [
    [
      1783593238,
      77.93
    ],
    [
      1783594140,
      77.89
    ],
    [
      1783595041,
      77.61
    ],
    [
      1783595943,
      77.51
    ],
    [
      1783596844,
      77.34
    ],
    [
      1783597745,
      77.34
    ],
    [
      1783598646,
      77.54
    ],
    [
      1783599548,
      77.55
    ]
  ],
  "dogecoin": [
    [
      1783593238,
      0.072437
    ],
    [
      1783594140,
      0.072461
    ],
    [
      1783595041,
      0.072347
    ],
    [
      1783595943,
      0.0723
    ],
    [
      1783596844,
      0.072301
    ],
    [
      1783597745,
      0.072269
    ],
    [
      1783598646,
      0.072408
    ],
    [
      1783599548,
      0.072321
    ]
  ],
  "cardano": [
    [
      1783593238,
      0.167565
    ],
    [
      1783594140,
      0.167446
    ],
    [
      1783595041,
      0.168226
    ],
    [
      1783595943,
      0.168433
    ],
    [
      1783596844,
      0.168451
    ],
    [
      1783597745,
      0.169115
    ],
    [
      1783598646,
      0.169308
    ],
    [
      1783599548,
      0.168964
    ]
  ],
  "tron": [
    [
      1783593238,
      0.330994
    ],
    [
      1783594140,
      0.331361
    ],
    [
      1783595041,
      0.33136
    ],
    [
      1783595943,
      0.330835
    ],
    [
      1783596844,
      0.330503
    ],
    [
      1783597745,
      0.330647
    ],
    [
      1783598646,
      0.330541
    ],
    [
      1783599548,
      0.330647
    ]
  ],
  "chainlink": [
    [
      1783593238,
      7.73
    ],
    [
      1783594140,
      7.73
    ],
    [
      1783595041,
      7.72
    ],
    [
      1783595943,
      7.72
    ],
    [
      1783596844,
      7.71
    ],
    [
      1783597745,
      7.72
    ],
    [
      1783598646,
      7.73
    ],
    [
      1783599548,
      7.72
    ]
  ],
  "the-open-network": [
    [
      1783593238,
      1.58
    ],
    [
      1783594140,
      1.58
    ],
    [
      1783595041,
      1.59
    ],
    [
      1783595943,
      1.6
    ],
    [
      1783596844,
      1.6
    ],
    [
      1783597745,
      1.6
    ],
    [
      1783598646,
      1.6
    ],
    [
      1783599548,
      1.59
    ]
  ],
  "stellar": [
    [
      1783593238,
      0.180847
    ],
    [
      1783594140,
      0.181012
    ],
    [
      1783595041,
      0.180387
    ],
    [
      1783595943,
      0.18041
    ],
    [
      1783596844,
      0.180332
    ],
    [
      1783597745,
      0.180409
    ],
    [
      1783598646,
      0.180526
    ],
    [
      1783599548,
      0.180241
    ]
  ],
  "hedera-hashgraph": [
    [
      1783593238,
      0.070569
    ],
    [
      1783594140,
      0.070499
    ],
    [
      1783595041,
      0.070368
    ],
    [
      1783595943,
      0.070199
    ],
    [
      1783596844,
      0.070299
    ],
    [
      1783597745,
      0.070454
    ],
    [
      1783598646,
      0.070452
    ],
    [
      1783599548,
      0.070399
    ]
  ],
  "sui": [
    [
      1783593238,
      0.721423
    ],
    [
      1783594140,
      0.720911
    ],
    [
      1783595041,
      0.72051
    ],
    [
      1783595943,
      0.71999
    ],
    [
      1783596844,
      0.719531
    ],
    [
      1783597745,
      0.72028
    ],
    [
      1783598646,
      0.722378
    ],
    [
      1783599548,
      0.71988
    ]
  ],
  "bitcoin-cash": [
    [
      1783593238,
      236.22
    ],
    [
      1783594140,
      236.55
    ],
    [
      1783595041,
      236.1
    ],
    [
      1783595943,
      236.59
    ],
    [
      1783596844,
      236.5
    ],
    [
      1783597745,
      236.7
    ],
    [
      1783598646,
      236.81
    ],
    [
      1783599548,
      236.9
    ]
  ],
  "litecoin": [
    [
      1783593238,
      43.79
    ],
    [
      1783594140,
      43.79
    ],
    [
      1783595041,
      43.74
    ],
    [
      1783595943,
      43.71
    ],
    [
      1783596844,
      43.75
    ],
    [
      1783597745,
      43.76
    ],
    [
      1783598646,
      43.82
    ],
    [
      1783599548,
      43.78
    ]
  ],
  "polkadot": [
    [
      1783593238,
      0.828118
    ],
    [
      1783594140,
      0.828654
    ],
    [
      1783595041,
      0.828785
    ],
    [
      1783595943,
      0.830684
    ],
    [
      1783596844,
      0.831556
    ],
    [
      1783597745,
      0.830653
    ],
    [
      1783598646,
      0.83229
    ],
    [
      1783599548,
      0.829833
    ]
  ],
  "hyperliquid": [
    [
      1783593238,
      67.6
    ],
    [
      1783594140,
      67.41
    ],
    [
      1783595041,
      67.43
    ],
    [
      1783595943,
      67.15
    ],
    [
      1783596844,
      67.22
    ],
    [
      1783597745,
      67.23
    ],
    [
      1783598646,
      67.38
    ],
    [
      1783599548,
      67.16
    ]
  ],
  "monero": [
    [
      1783593238,
      321.43
    ],
    [
      1783594140,
      320.84
    ],
    [
      1783595041,
      319.96
    ],
    [
      1783595943,
      320.33
    ],
    [
      1783596844,
      318.12
    ],
    [
      1783597745,
      317.44
    ],
    [
      1783598646,
      317.19
    ],
    [
      1783599548,
      316.86
    ]
  ],
  "_alerts_sent": {}
}