{
  "bitcoin": [
    [
      1780928379,
      63686
    ],
    [
      1780929280,
      63847
    ],
    [
      1780930182,
      63887
    ],
    [
      1780931084,
      63973
    ],
    [
      1780931985,
      63986
    ],
    [
      1780932887,
      63882
    ],
    [
      1780933788,
      63784
    ],
    [
      1780934690,
      63788
    ]
  ],
  "ethereum": [
    [
      1780928379,
      1682.33
    ],
    [
      1780929280,
      1687.14
    ],
    [
      1780930182,
      1686.69
    ],
    [
      1780931084,
      1694.75
    ],
    [
      1780931985,
      1696.37
    ],
    [
      1780932887,
      1692.34
    ],
    [
      1780933788,
      1691.36
    ],
    [
      1780934690,
      1691.6
    ]
  ],
  "avalanche-2": [
    [
      1780928379,
      6.73
    ],
    [
      1780929280,
      6.75
    ],
    [
      1780930182,
      6.77
    ],
    [
      1780931084,
      6.83
    ],
    [
      1780931985,
      6.85
    ],
    [
      1780932887,
      6.83
    ],
    [
      1780933788,
      6.83
    ],
    [
      1780934690,
      6.81
    ]
  ],
  "ondo-finance": [
    [
      1780928379,
      0.363945
    ],
    [
      1780929280,
      0.364405
    ],
    [
      1780930182,
      0.364258
    ],
    [
      1780931084,
      0.367436
    ],
    [
      1780931985,
      0.366883
    ],
    [
      1780932887,
      0.365641
    ],
    [
      1780933788,
      0.369374
    ],
    [
      1780934690,
      0.370421
    ]
  ],
  "binancecoin": [
    [
      1780928379,
      600.26
    ],
    [
      1780929280,
      601.39
    ],
    [
      1780930182,
      601.39
    ],
    [
      1780931084,
      603.83
    ],
    [
      1780931985,
      604.53
    ],
    [
      1780932887,
      603.68
    ],
    [
      1780933788,
      604.12
    ],
    [
      1780934690,
      604.18
    ]
  ],
  "ripple": [
    [
      1780928379,
      1.16
    ],
    [
      1780929280,
      1.17
    ],
    [
      1780930182,
      1.17
    ],
    [
      1780931084,
      1.17
    ],
    [
      1780931985,
      1.18
    ],
    [
      1780932887,
      1.17
    ],
    [
      1780933788,
      1.17
    ],
    [
      1780934690,
      1.17
    ]
  ],
  "solana": [
    [
      1780928379,
      66.69
    ],
    [
      1780929280,
      66.9
    ],
    [
      1780930182,
      66.92
    ],
    [
      1780931084,
      67.38
    ],
    [
      1780931985,
      67.55
    ],
    [
      1780932887,
      67.34
    ],
    [
      1780933788,
      67.33
    ],
    [
      1780934690,
      67.13
    ]
  ],
  "dogecoin": [
    [
      1780928379,
      0.086281
    ],
    [
      1780929280,
      0.086426
    ],
    [
      1780930182,
      0.086447
    ],
    [
      1780931084,
      0.086776
    ],
    [
      1780931985,
      0.08712
    ],
    [
      1780932887,
      0.086969
    ],
    [
      1780933788,
      0.086958
    ],
    [
      1780934690,
      0.086998
    ]
  ],
  "cardano": [
    [
      1780928379,
      0.166083
    ],
    [
      1780929280,
      0.167184
    ],
    [
      1780930182,
      0.16753
    ],
    [
      1780931084,
      0.168591
    ],
    [
      1780931985,
      0.170282
    ],
    [
      1780932887,
      0.169214
    ],
    [
      1780933788,
      0.1699
    ],
    [
      1780934690,
      0.169525
    ]
  ],
  "tron": [
    [
      1780928379,
      0.326377
    ],
    [
      1780929280,
      0.326601
    ],
    [
      1780930182,
      0.326378
    ],
    [
      1780931084,
      0.326413
    ],
    [
      1780931985,
      0.326946
    ],
    [
      1780932887,
      0.326448
    ],
    [
      1780933788,
      0.326517
    ],
    [
      1780934690,
      0.325934
    ]
  ],
  "chainlink": [
    [
      1780928379,
      7.98
    ],
    [
      1780929280,
      8.0
    ],
    [
      1780930182,
      8.0
    ],
    [
      1780931084,
      8.06
    ],
    [
      1780931985,
      8.08
    ],
    [
      1780932887,
      8.04
    ],
    [
      1780933788,
      8.04
    ],
    [
      1780934690,
      8.03
    ]
  ],
  "the-open-network": [
    [
      1780928379,
      1.72
    ],
    [
      1780929280,
      1.72
    ],
    [
      1780930182,
      1.72
    ],
    [
      1780931084,
      1.73
    ],
    [
      1780931985,
      1.77
    ],
    [
      1780932887,
      1.76
    ],
    [
      1780933788,
      1.76
    ],
    [
      1780934690,
      1.76
    ]
  ],
  "stellar": [
    [
      1780928379,
      0.20138
    ],
    [
      1780929280,
      0.201112
    ],
    [
      1780930182,
      0.200585
    ],
    [
      1780931084,
      0.201353
    ],
    [
      1780931985,
      0.202568
    ],
    [
      1780932887,
      0.202313
    ],
    [
      1780933788,
      0.201661
    ],
    [
      1780934690,
      0.199744
    ]
  ],
  "hedera-hashgraph": [
    [
      1780928379,
      0.082291
    ],
    [
      1780929280,
      0.08232
    ],
    [
      1780930182,
      0.082343
    ],
    [
      1780931084,
      0.082704
    ],
    [
      1780931985,
      0.082932
    ],
    [
      1780932887,
      0.082567
    ],
    [
      1780933788,
      0.082406
    ],
    [
      1780934690,
      0.08222
    ]
  ],
  "sui": [
    [
      1780928379,
      0.760647
    ],
    [
      1780929280,
      0.762328
    ],
    [
      1780930182,
      0.761416
    ],
    [
      1780931084,
      0.765687
    ],
    [
      1780931985,
      0.770502
    ],
    [
      1780932887,
      0.76592
    ],
    [
      1780933788,
      0.764732
    ],
    [
      1780934690,
      0.762077
    ]
  ],
  "bitcoin-cash": [
    [
      1780928379,
      206.92
    ],
    [
      1780929280,
      207.56
    ],
    [
      1780930182,
      206.37
    ],
    [
      1780931084,
      208.9
    ],
    [
      1780931985,
      211.92
    ],
    [
      1780932887,
      210.67
    ],
    [
      1780933788,
      210.15
    ],
    [
      1780934690,
      210.2
    ]
  ],
  "litecoin": [
    [
      1780928379,
      43.04
    ],
    [
      1780929280,
      43.15
    ],
    [
      1780930182,
      43.12
    ],
    [
      1780931084,
      43.31
    ],
    [
      1780931985,
      43.4
    ],
    [
      1780932887,
      43.23
    ],
    [
      1780933788,
      43.24
    ],
    [
      1780934690,
      43.12
    ]
  ],
  "polkadot": [
    [
      1780928379,
      0.974798
    ],
    [
      1780929280,
      0.978195
    ],
    [
      1780930182,
      0.979255
    ],
    [
      1780931084,
      0.984161
    ],
    [
      1780931985,
      0.986193
    ],
    [
      1780932887,
      0.985189
    ],
    [
      1780933788,
      0.986347
    ],
    [
      1780934690,
      0.98511
    ]
  ],
  "hyperliquid": [
    [
      1780928379,
      64.67
    ],
    [
      1780929280,
      64.69
    ],
    [
      1780930182,
      64.54
    ],
    [
      1780931084,
      64.56
    ],
    [
      1780931985,
      64.96
    ],
    [
      1780932887,
      64.97
    ],
    [
      1780933788,
      65.58
    ],
    [
      1780934690,
      64.84
    ]
  ],
  "monero": [
    [
      1780928379,
      315.13
    ],
    [
      1780929280,
      312.73
    ],
    [
      1780930182,
      316.65
    ],
    [
      1780931084,
      317.05
    ],
    [
      1780931985,
      316.31
    ],
    [
      1780932887,
      316.94
    ],
    [
      1780933788,
      316.51
    ],
    [
      1780934690,
      316.94
    ]
  ],
  "_alerts_sent": {}
}