{
  "bitcoin": [
    [
      1780683635,
      60454
    ],
    [
      1780684518,
      60174
    ],
    [
      1780685419,
      59716
    ],
    [
      1780686358,
      59347
    ],
    [
      1780687259,
      59210
    ],
    [
      1780688161,
      59671
    ],
    [
      1780689062,
      60197
    ],
    [
      1780689963,
      59999
    ]
  ],
  "ethereum": [
    [
      1780683635,
      1584.06
    ],
    [
      1780684518,
      1567.75
    ],
    [
      1780685419,
      1559.03
    ],
    [
      1780686358,
      1550.2
    ],
    [
      1780687259,
      1545.32
    ],
    [
      1780688161,
      1550.15
    ],
    [
      1780689062,
      1573.14
    ],
    [
      1780689963,
      1558.43
    ]
  ],
  "avalanche-2": [
    [
      1780683635,
      6.99
    ],
    [
      1780684518,
      6.91
    ],
    [
      1780685419,
      6.88
    ],
    [
      1780686358,
      6.74
    ],
    [
      1780687259,
      6.63
    ],
    [
      1780688161,
      6.63
    ],
    [
      1780689062,
      6.71
    ],
    [
      1780689963,
      6.67
    ]
  ],
  "ondo-finance": [
    [
      1780683635,
      0.338403
    ],
    [
      1780684518,
      0.333961
    ],
    [
      1780685419,
      0.330756
    ],
    [
      1780686358,
      0.324259
    ],
    [
      1780687259,
      0.323317
    ],
    [
      1780688161,
      0.326838
    ],
    [
      1780689062,
      0.330044
    ],
    [
      1780689963,
      0.328613
    ]
  ],
  "binancecoin": [
    [
      1780683635,
      573.54
    ],
    [
      1780684518,
      568.14
    ],
    [
      1780685419,
      566.74
    ],
    [
      1780686358,
      559.54
    ],
    [
      1780687259,
      558.91
    ],
    [
      1780688161,
      561.57
    ],
    [
      1780689062,
      566.96
    ],
    [
      1780689963,
      564.55
    ]
  ],
  "ripple": [
    [
      1780683635,
      1.11
    ],
    [
      1780684518,
      1.096
    ],
    [
      1780685419,
      1.091
    ],
    [
      1780686358,
      1.081
    ],
    [
      1780687259,
      1.072
    ],
    [
      1780688161,
      1.082
    ],
    [
      1780689062,
      1.092
    ],
    [
      1780689963,
      1.093
    ]
  ],
  "solana": [
    [
      1780683635,
      64.78
    ],
    [
      1780684518,
      64.01
    ],
    [
      1780685419,
      63.64
    ],
    [
      1780686358,
      62.67
    ],
    [
      1780687259,
      61.73
    ],
    [
      1780688161,
      62.17
    ],
    [
      1780689062,
      63.1
    ],
    [
      1780689963,
      63.16
    ]
  ],
  "dogecoin": [
    [
      1780683635,
      0.082197
    ],
    [
      1780684518,
      0.081312
    ],
    [
      1780685419,
      0.080814
    ],
    [
      1780686358,
      0.079757
    ],
    [
      1780687259,
      0.079325
    ],
    [
      1780688161,
      0.079902
    ],
    [
      1780689062,
      0.080814
    ],
    [
      1780689963,
      0.080712
    ]
  ],
  "cardano": [
    [
      1780683635,
      0.16142
    ],
    [
      1780684518,
      0.15941
    ],
    [
      1780685419,
      0.158613
    ],
    [
      1780686358,
      0.157118
    ],
    [
      1780687259,
      0.155907
    ],
    [
      1780688161,
      0.158403
    ],
    [
      1780689062,
      0.160329
    ],
    [
      1780689963,
      0.159715
    ]
  ],
  "tron": [
    [
      1780683635,
      0.321262
    ],
    [
      1780684518,
      0.320723
    ],
    [
      1780685419,
      0.320398
    ],
    [
      1780686358,
      0.320054
    ],
    [
      1780687259,
      0.319782
    ],
    [
      1780688161,
      0.319688
    ],
    [
      1780689062,
      0.320839
    ],
    [
      1780689963,
      0.321216
    ]
  ],
  "chainlink": [
    [
      1780683635,
      7.39
    ],
    [
      1780684518,
      7.3
    ],
    [
      1780685419,
      7.27
    ],
    [
      1780686358,
      7.19
    ],
    [
      1780687259,
      7.14
    ],
    [
      1780688161,
      7.2
    ],
    [
      1780689062,
      7.27
    ],
    [
      1780689963,
      7.27
    ]
  ],
  "the-open-network": [
    [
      1780683635,
      1.51
    ],
    [
      1780684518,
      1.5
    ],
    [
      1780685419,
      1.48
    ],
    [
      1780686358,
      1.47
    ],
    [
      1780687259,
      1.46
    ],
    [
      1780688161,
      1.46
    ],
    [
      1780689062,
      1.5
    ],
    [
      1780689963,
      1.49
    ]
  ],
  "stellar": [
    [
      1780683635,
      0.194962
    ],
    [
      1780684518,
      0.194076
    ],
    [
      1780685419,
      0.192333
    ],
    [
      1780686358,
      0.190269
    ],
    [
      1780687259,
      0.188274
    ],
    [
      1780688161,
      0.189773
    ],
    [
      1780689062,
      0.192291
    ],
    [
      1780689963,
      0.191518
    ]
  ],
  "hedera-hashgraph": [
    [
      1780683635,
      0.079927
    ],
    [
      1780684518,
      0.079286
    ],
    [
      1780685419,
      0.078944
    ],
    [
      1780686358,
      0.078181
    ],
    [
      1780687259,
      0.077701
    ],
    [
      1780688161,
      0.078352
    ],
    [
      1780689062,
      0.079165
    ],
    [
      1780689963,
      0.079056
    ]
  ],
  "sui": [
    [
      1780683635,
      0.703566
    ],
    [
      1780684518,
      0.69326
    ],
    [
      1780685419,
      0.690755
    ],
    [
      1780686358,
      0.681705
    ],
    [
      1780687259,
      0.675063
    ],
    [
      1780688161,
      0.682964
    ],
    [
      1780689062,
      0.692638
    ],
    [
      1780689963,
      0.692698
    ]
  ],
  "bitcoin-cash": [
    [
      1780683635,
      217.33
    ],
    [
      1780684518,
      215.62
    ],
    [
      1780685419,
      215.25
    ],
    [
      1780686358,
      212.19
    ],
    [
      1780687259,
      210.42
    ],
    [
      1780688161,
      212.53
    ],
    [
      1780689062,
      214.97
    ],
    [
      1780689963,
      215.89
    ]
  ],
  "litecoin": [
    [
      1780683635,
      43.63
    ],
    [
      1780684518,
      43.24
    ],
    [
      1780685419,
      43.0
    ],
    [
      1780686358,
      42.64
    ],
    [
      1780687259,
      42.24
    ],
    [
      1780688161,
      42.39
    ],
    [
      1780689062,
      42.91
    ],
    [
      1780689963,
      42.81
    ]
  ],
  "polkadot": [
    [
      1780683635,
      0.958722
    ],
    [
      1780684518,
      0.944878
    ],
    [
      1780685419,
      0.939919
    ],
    [
      1780686358,
      0.923609
    ],
    [
      1780687259,
      0.91555
    ],
    [
      1780688161,
      0.924382
    ],
    [
      1780689062,
      0.933113
    ],
    [
      1780689963,
      0.930625
    ]
  ],
  "hyperliquid": [
    [
      1780683635,
      57.52
    ],
    [
      1780684518,
      57.58
    ],
    [
      1780685419,
      57.02
    ],
    [
      1780686358,
      57.67
    ],
    [
      1780687259,
      56.93
    ],
    [
      1780688161,
      57.81
    ],
    [
      1780689062,
      58.31
    ],
    [
      1780689963,
      58.57
    ]
  ],
  "monero": [
    [
      1780683635,
      306.04
    ],
    [
      1780684518,
      308.1
    ],
    [
      1780685419,
      307.03
    ],
    [
      1780686358,
      305.2
    ],
    [
      1780687259,
      303.64
    ],
    [
      1780688161,
      304.32
    ],
    [
      1780689062,
      311.12
    ],
    [
      1780689963,
      310.91
    ]
  ],
  "_alerts_sent": {
    "ondo-finance_2026-06-05 17": true
  }
}