{
  "bitcoin": [
    [
      1782179443,
      63878
    ],
    [
      1782180344,
      64072
    ],
    [
      1782181246,
      64102
    ],
    [
      1782182147,
      64132
    ],
    [
      1782183048,
      64107
    ],
    [
      1782183949,
      63958
    ],
    [
      1782184851,
      63963
    ],
    [
      1782185752,
      63965
    ]
  ],
  "ethereum": [
    [
      1782179443,
      1721.67
    ],
    [
      1782180344,
      1728.28
    ],
    [
      1782181246,
      1728.91
    ],
    [
      1782182147,
      1729.9
    ],
    [
      1782183048,
      1730.42
    ],
    [
      1782183949,
      1727.2
    ],
    [
      1782184851,
      1727.27
    ],
    [
      1782185752,
      1726.11
    ]
  ],
  "avalanche-2": [
    [
      1782179443,
      6.24
    ],
    [
      1782180344,
      6.26
    ],
    [
      1782181246,
      6.27
    ],
    [
      1782182147,
      6.28
    ],
    [
      1782183048,
      6.28
    ],
    [
      1782183949,
      6.28
    ],
    [
      1782184851,
      6.29
    ],
    [
      1782185752,
      6.29
    ]
  ],
  "ondo-finance": [
    [
      1782179443,
      0.325466
    ],
    [
      1782180344,
      0.3263
    ],
    [
      1782181246,
      0.325191
    ],
    [
      1782182147,
      0.324986
    ],
    [
      1782183048,
      0.324112
    ],
    [
      1782183949,
      0.324008
    ],
    [
      1782184851,
      0.323501
    ],
    [
      1782185752,
      0.322646
    ]
  ],
  "binancecoin": [
    [
      1782179443,
      588.22
    ],
    [
      1782180344,
      589.95
    ],
    [
      1782181246,
      590.2
    ],
    [
      1782182147,
      590.78
    ],
    [
      1782183048,
      590.91
    ],
    [
      1782183949,
      590.47
    ],
    [
      1782184851,
      590.51
    ],
    [
      1782185752,
      591.34
    ]
  ],
  "ripple": [
    [
      1782179443,
      1.13
    ],
    [
      1782180344,
      1.13
    ],
    [
      1782181246,
      1.13
    ],
    [
      1782182147,
      1.13
    ],
    [
      1782183048,
      1.13
    ],
    [
      1782183949,
      1.13
    ],
    [
      1782184851,
      1.13
    ],
    [
      1782185752,
      1.13
    ]
  ],
  "solana": [
    [
      1782179443,
      71.48
    ],
    [
      1782180344,
      71.64
    ],
    [
      1782181246,
      71.78
    ],
    [
      1782182147,
      71.85
    ],
    [
      1782183048,
      71.83
    ],
    [
      1782183949,
      71.81
    ],
    [
      1782184851,
      71.75
    ],
    [
      1782185752,
      71.77
    ]
  ],
  "dogecoin": [
    [
      1782179443,
      0.081979
    ],
    [
      1782180344,
      0.081849
    ],
    [
      1782181246,
      0.081912
    ],
    [
      1782182147,
      0.081992
    ],
    [
      1782183048,
      0.082089
    ],
    [
      1782183949,
      0.08203
    ],
    [
      1782184851,
      0.081954
    ],
    [
      1782185752,
      0.081932
    ]
  ],
  "cardano": [
    [
      1782179443,
      0.158077
    ],
    [
      1782180344,
      0.158773
    ],
    [
      1782181246,
      0.158642
    ],
    [
      1782182147,
      0.158874
    ],
    [
      1782183048,
      0.158929
    ],
    [
      1782183949,
      0.158971
    ],
    [
      1782184851,
      0.15899
    ],
    [
      1782185752,
      0.159123
    ]
  ],
  "tron": [
    [
      1782179443,
      0.333384
    ],
    [
      1782180344,
      0.333421
    ],
    [
      1782181246,
      0.333393
    ],
    [
      1782182147,
      0.33319
    ],
    [
      1782183048,
      0.333265
    ],
    [
      1782183949,
      0.333012
    ],
    [
      1782184851,
      0.33284
    ],
    [
      1782185752,
      0.333134
    ]
  ],
  "chainlink": [
    [
      1782179443,
      7.85
    ],
    [
      1782180344,
      7.87
    ],
    [
      1782181246,
      7.87
    ],
    [
      1782182147,
      7.88
    ],
    [
      1782183048,
      7.88
    ],
    [
      1782183949,
      7.88
    ],
    [
      1782184851,
      7.87
    ],
    [
      1782185752,
      7.87
    ]
  ],
  "the-open-network": [
    [
      1782179443,
      1.67
    ],
    [
      1782180344,
      1.68
    ],
    [
      1782181246,
      1.68
    ],
    [
      1782182147,
      1.67
    ],
    [
      1782183048,
      1.66
    ],
    [
      1782183949,
      1.64
    ],
    [
      1782184851,
      1.65
    ],
    [
      1782185752,
      1.64
    ]
  ],
  "stellar": [
    [
      1782179443,
      0.199021
    ],
    [
      1782180344,
      0.199531
    ],
    [
      1782181246,
      0.19871
    ],
    [
      1782182147,
      0.198896
    ],
    [
      1782183048,
      0.198268
    ],
    [
      1782183949,
      0.197953
    ],
    [
      1782184851,
      0.197832
    ],
    [
      1782185752,
      0.1977
    ]
  ],
  "hedera-hashgraph": [
    [
      1782179443,
      0.078476
    ],
    [
      1782180344,
      0.078604
    ],
    [
      1782181246,
      0.07864
    ],
    [
      1782182147,
      0.078609
    ],
    [
      1782183048,
      0.078688
    ],
    [
      1782183949,
      0.078682
    ],
    [
      1782184851,
      0.07867
    ],
    [
      1782185752,
      0.07876
    ]
  ],
  "sui": [
    [
      1782179443,
      0.71574
    ],
    [
      1782180344,
      0.718001
    ],
    [
      1782181246,
      0.718185
    ],
    [
      1782182147,
      0.720379
    ],
    [
      1782183048,
      0.722693
    ],
    [
      1782183949,
      0.722489
    ],
    [
      1782184851,
      0.720506
    ],
    [
      1782185752,
      0.722522
    ]
  ],
  "bitcoin-cash": [
    [
      1782179443,
      195.58
    ],
    [
      1782180344,
      196.05
    ],
    [
      1782181246,
      195.48
    ],
    [
      1782182147,
      193.85
    ],
    [
      1782183048,
      194.76
    ],
    [
      1782183949,
      195.17
    ],
    [
      1782184851,
      194.92
    ],
    [
      1782185752,
      195.04
    ]
  ],
  "litecoin": [
    [
      1782179443,
      44.49
    ],
    [
      1782180344,
      44.5
    ],
    [
      1782181246,
      44.51
    ],
    [
      1782182147,
      44.5
    ],
    [
      1782183048,
      44.55
    ],
    [
      1782183949,
      44.51
    ],
    [
      1782184851,
      44.49
    ],
    [
      1782185752,
      44.51
    ]
  ],
  "polkadot": [
    [
      1782179443,
      0.930189
    ],
    [
      1782180344,
      0.932002
    ],
    [
      1782181246,
      0.932205
    ],
    [
      1782182147,
      0.933659
    ],
    [
      1782183048,
      0.934691
    ],
    [
      1782183949,
      0.934239
    ],
    [
      1782184851,
      0.934201
    ],
    [
      1782185752,
      0.935267
    ]
  ],
  "hyperliquid": [
    [
      1782179443,
      65.9
    ],
    [
      1782180344,
      66.31
    ],
    [
      1782181246,
      66.2
    ],
    [
      1782182147,
      67.02
    ],
    [
      1782183048,
      67.14
    ],
    [
      1782183949,
      66.86
    ],
    [
      1782184851,
      66.75
    ],
    [
      1782185752,
      66.69
    ]
  ],
  "monero": [
    [
      1782179443,
      327.63
    ],
    [
      1782180344,
      329.2
    ],
    [
      1782181246,
      329.96
    ],
    [
      1782182147,
      329.3
    ],
    [
      1782183048,
      330.53
    ],
    [
      1782183949,
      329.3
    ],
    [
      1782184851,
      328.98
    ],
    [
      1782185752,
      329.68
    ]
  ],
  "_alerts_sent": {}
}