{
  "bitcoin": [
    [
      1780702586,
      60707
    ],
    [
      1780703487,
      60842
    ],
    [
      1780704388,
      61292
    ],
    [
      1780705290,
      61289
    ],
    [
      1780706191,
      61297
    ],
    [
      1780707093,
      61237
    ],
    [
      1780707994,
      61335
    ],
    [
      1780708896,
      61050
    ]
  ],
  "ethereum": [
    [
      1780702586,
      1567.71
    ],
    [
      1780703487,
      1574.48
    ],
    [
      1780704388,
      1594.66
    ],
    [
      1780705290,
      1594.12
    ],
    [
      1780706191,
      1595.24
    ],
    [
      1780707093,
      1594.23
    ],
    [
      1780707994,
      1595.07
    ],
    [
      1780708896,
      1581.13
    ]
  ],
  "avalanche-2": [
    [
      1780702586,
      6.66
    ],
    [
      1780703487,
      6.67
    ],
    [
      1780704388,
      6.78
    ],
    [
      1780705290,
      6.82
    ],
    [
      1780706191,
      6.85
    ],
    [
      1780707093,
      6.89
    ],
    [
      1780707994,
      6.92
    ],
    [
      1780708896,
      6.86
    ]
  ],
  "ondo-finance": [
    [
      1780702586,
      0.33891
    ],
    [
      1780703487,
      0.342273
    ],
    [
      1780704388,
      0.344793
    ],
    [
      1780705290,
      0.347377
    ],
    [
      1780706191,
      0.346532
    ],
    [
      1780707093,
      0.34665
    ],
    [
      1780707994,
      0.346092
    ],
    [
      1780708896,
      0.340426
    ]
  ],
  "binancecoin": [
    [
      1780702586,
      568.23
    ],
    [
      1780703487,
      569.96
    ],
    [
      1780704388,
      575.83
    ],
    [
      1780705290,
      575.89
    ],
    [
      1780706191,
      576.26
    ],
    [
      1780707093,
      576.4
    ],
    [
      1780707994,
      576.54
    ],
    [
      1780708896,
      575.9
    ]
  ],
  "ripple": [
    [
      1780702586,
      1.09
    ],
    [
      1780703487,
      1.093
    ],
    [
      1780704388,
      1.1
    ],
    [
      1780705290,
      1.11
    ],
    [
      1780706191,
      1.11
    ],
    [
      1780707093,
      1.11
    ],
    [
      1780707994,
      1.11
    ],
    [
      1780708896,
      1.1
    ]
  ],
  "solana": [
    [
      1780702586,
      63.05
    ],
    [
      1780703487,
      63.18
    ],
    [
      1780704388,
      64.1
    ],
    [
      1780705290,
      64.46
    ],
    [
      1780706191,
      64.54
    ],
    [
      1780707093,
      64.62
    ],
    [
      1780707994,
      64.77
    ],
    [
      1780708896,
      64.16
    ]
  ],
  "dogecoin": [
    [
      1780702586,
      0.080834
    ],
    [
      1780703487,
      0.080877
    ],
    [
      1780704388,
      0.082107
    ],
    [
      1780705290,
      0.082459
    ],
    [
      1780706191,
      0.082564
    ],
    [
      1780707093,
      0.082756
    ],
    [
      1780707994,
      0.082841
    ],
    [
      1780708896,
      0.082134
    ]
  ],
  "cardano": [
    [
      1780702586,
      0.155824
    ],
    [
      1780703487,
      0.156069
    ],
    [
      1780704388,
      0.157798
    ],
    [
      1780705290,
      0.158405
    ],
    [
      1780706191,
      0.159778
    ],
    [
      1780707093,
      0.160916
    ],
    [
      1780707994,
      0.161833
    ],
    [
      1780708896,
      0.160289
    ]
  ],
  "tron": [
    [
      1780702586,
      0.320011
    ],
    [
      1780703487,
      0.319848
    ],
    [
      1780704388,
      0.319978
    ],
    [
      1780705290,
      0.320653
    ],
    [
      1780706191,
      0.320827
    ],
    [
      1780707093,
      0.32023
    ],
    [
      1780707994,
      0.320582
    ],
    [
      1780708896,
      0.320822
    ]
  ],
  "chainlink": [
    [
      1780702586,
      7.32
    ],
    [
      1780703487,
      7.32
    ],
    [
      1780704388,
      7.41
    ],
    [
      1780705290,
      7.42
    ],
    [
      1780706191,
      7.43
    ],
    [
      1780707093,
      7.44
    ],
    [
      1780707994,
      7.45
    ],
    [
      1780708896,
      7.4
    ]
  ],
  "the-open-network": [
    [
      1780702586,
      1.5
    ],
    [
      1780703487,
      1.51
    ],
    [
      1780704388,
      1.52
    ],
    [
      1780705290,
      1.53
    ],
    [
      1780706191,
      1.53
    ],
    [
      1780707093,
      1.53
    ],
    [
      1780707994,
      1.54
    ],
    [
      1780708896,
      1.53
    ]
  ],
  "stellar": [
    [
      1780702586,
      0.199811
    ],
    [
      1780703487,
      0.201453
    ],
    [
      1780704388,
      0.203737
    ],
    [
      1780705290,
      0.204954
    ],
    [
      1780706191,
      0.204918
    ],
    [
      1780707093,
      0.202821
    ],
    [
      1780707994,
      0.203261
    ],
    [
      1780708896,
      0.199045
    ]
  ],
  "hedera-hashgraph": [
    [
      1780702586,
      0.079717
    ],
    [
      1780703487,
      0.08014
    ],
    [
      1780704388,
      0.08052
    ],
    [
      1780705290,
      0.080925
    ],
    [
      1780706191,
      0.081093
    ],
    [
      1780707093,
      0.081014
    ],
    [
      1780707994,
      0.081125
    ],
    [
      1780708896,
      0.080671
    ]
  ],
  "sui": [
    [
      1780702586,
      0.692556
    ],
    [
      1780703487,
      0.696936
    ],
    [
      1780704388,
      0.709237
    ],
    [
      1780705290,
      0.720675
    ],
    [
      1780706191,
      0.722123
    ],
    [
      1780707093,
      0.722978
    ],
    [
      1780707994,
      0.726665
    ],
    [
      1780708896,
      0.720788
    ]
  ],
  "bitcoin-cash": [
    [
      1780702586,
      209.26
    ],
    [
      1780703487,
      208.5
    ],
    [
      1780704388,
      210.51
    ],
    [
      1780705290,
      211.84
    ],
    [
      1780706191,
      212.51
    ],
    [
      1780707093,
      213.64
    ],
    [
      1780707994,
      215.41
    ],
    [
      1780708896,
      213.7
    ]
  ],
  "litecoin": [
    [
      1780702586,
      42.86
    ],
    [
      1780703487,
      43.0
    ],
    [
      1780704388,
      43.53
    ],
    [
      1780705290,
      43.68
    ],
    [
      1780706191,
      43.8
    ],
    [
      1780707093,
      43.88
    ],
    [
      1780707994,
      43.95
    ],
    [
      1780708896,
      43.75
    ]
  ],
  "polkadot": [
    [
      1780702586,
      0.936245
    ],
    [
      1780703487,
      0.937729
    ],
    [
      1780704388,
      0.949647
    ],
    [
      1780705290,
      0.953493
    ],
    [
      1780706191,
      0.955935
    ],
    [
      1780707093,
      0.958527
    ],
    [
      1780707994,
      0.960541
    ],
    [
      1780708896,
      0.95412
    ]
  ],
  "hyperliquid": [
    [
      1780702586,
      59.14
    ],
    [
      1780703487,
      59.18
    ],
    [
      1780704388,
      59.96
    ],
    [
      1780705290,
      60.42
    ],
    [
      1780706191,
      60.16
    ],
    [
      1780707093,
      60.77
    ],
    [
      1780707994,
      60.83
    ],
    [
      1780708896,
      60.4
    ]
  ],
  "monero": [
    [
      1780702586,
      306.36
    ],
    [
      1780703487,
      307.79
    ],
    [
      1780704388,
      311.23
    ],
    [
      1780705290,
      312.22
    ],
    [
      1780706191,
      313.35
    ],
    [
      1780707093,
      311.75
    ],
    [
      1780707994,
      311.87
    ],
    [
      1780708896,
      307.36
    ]
  ],
  "_alerts_sent": {}
}