{
  "bitcoin": [
    [
      1783954361,
      62613
    ],
    [
      1783955262,
      62670.2
    ],
    [
      1783956164,
      62761.8
    ],
    [
      1783957068,
      62671
    ],
    [
      1783957969,
      62569
    ],
    [
      1783958871,
      62485.6
    ],
    [
      1783959772,
      62283
    ],
    [
      1783960674,
      62175
    ]
  ],
  "ethereum": [
    [
      1783954361,
      1774.99
    ],
    [
      1783955262,
      1777.48
    ],
    [
      1783956164,
      1780.56
    ],
    [
      1783957068,
      1778.18
    ],
    [
      1783957969,
      1775.62
    ],
    [
      1783958871,
      1775.27
    ],
    [
      1783959772,
      1771.66
    ],
    [
      1783960674,
      1766.77
    ]
  ],
  "avalanche-2": [
    [
      1783954361,
      6.65
    ],
    [
      1783955262,
      6.664
    ],
    [
      1783956164,
      6.632
    ],
    [
      1783957068,
      6.61
    ],
    [
      1783957969,
      6.57
    ],
    [
      1783958871,
      6.573
    ],
    [
      1783959772,
      6.51
    ],
    [
      1783960674,
      6.51
    ]
  ],
  "ondo-finance": [
    [
      1783954361,
      0.318134
    ],
    [
      1783955262,
      0.31833
    ],
    [
      1783956164,
      0.31821
    ],
    [
      1783957068,
      0.317966
    ],
    [
      1783957969,
      0.316348
    ],
    [
      1783958871,
      0.31623
    ],
    [
      1783959772,
      0.314534
    ],
    [
      1783960674,
      0.313702
    ]
  ],
  "binancecoin": [
    [
      1783954361,
      569.3
    ],
    [
      1783957068,
      568.75
    ],
    [
      1783957969,
      568.27
    ],
    [
      1783959772,
      566.75
    ],
    [
      1783960674,
      565.58
    ]
  ],
  "ripple": [
    [
      1783954361,
      1.074
    ],
    [
      1783957068,
      1.076
    ],
    [
      1783957969,
      1.073
    ],
    [
      1783959772,
      1.069
    ],
    [
      1783960674,
      1.067
    ]
  ],
  "solana": [
    [
      1783954361,
      75.97
    ],
    [
      1783957068,
      75.99
    ],
    [
      1783957969,
      75.8
    ],
    [
      1783959772,
      75.58
    ],
    [
      1783960674,
      75.29
    ]
  ],
  "dogecoin": [
    [
      1783954361,
      0.072359
    ],
    [
      1783957068,
      0.072231
    ],
    [
      1783957969,
      0.072122
    ],
    [
      1783959772,
      0.071857
    ],
    [
      1783960674,
      0.071586
    ]
  ],
  "cardano": [
    [
      1783954361,
      0.159697
    ],
    [
      1783957068,
      0.1592
    ],
    [
      1783957969,
      0.158835
    ],
    [
      1783959772,
      0.158327
    ],
    [
      1783960674,
      0.157997
    ]
  ],
  "tron": [
    [
      1783954361,
      0.325976
    ],
    [
      1783957068,
      0.325963
    ],
    [
      1783957969,
      0.326032
    ],
    [
      1783959772,
      0.325929
    ],
    [
      1783960674,
      0.325753
    ]
  ],
  "chainlink": [
    [
      1783954361,
      7.95
    ],
    [
      1783957068,
      7.97
    ],
    [
      1783957969,
      7.94
    ],
    [
      1783959772,
      7.91
    ],
    [
      1783960674,
      7.89
    ]
  ],
  "the-open-network": [
    [
      1783954361,
      1.6
    ],
    [
      1783957068,
      1.6
    ],
    [
      1783957969,
      1.6
    ],
    [
      1783959772,
      1.6
    ],
    [
      1783960674,
      1.6
    ]
  ],
  "stellar": [
    [
      1783954361,
      0.183694
    ],
    [
      1783957068,
      0.183845
    ],
    [
      1783957969,
      0.183186
    ],
    [
      1783959772,
      0.182095
    ],
    [
      1783960674,
      0.181731
    ]
  ],
  "hedera-hashgraph": [
    [
      1783954361,
      0.067158
    ],
    [
      1783957068,
      0.066788
    ],
    [
      1783957969,
      0.066758
    ],
    [
      1783959772,
      0.066673
    ],
    [
      1783960674,
      0.066514
    ]
  ],
  "sui": [
    [
      1783954361,
      0.731335
    ],
    [
      1783957068,
      0.730844
    ],
    [
      1783957969,
      0.72832
    ],
    [
      1783959772,
      0.724225
    ],
    [
      1783960674,
      0.722308
    ]
  ],
  "bitcoin-cash": [
    [
      1783954361,
      238.23
    ],
    [
      1783957068,
      238.59
    ],
    [
      1783957969,
      238.05
    ],
    [
      1783959772,
      236.74
    ],
    [
      1783960674,
      236.0
    ]
  ],
  "litecoin": [
    [
      1783954361,
      43.5
    ],
    [
      1783957068,
      43.52
    ],
    [
      1783957969,
      43.46
    ],
    [
      1783959772,
      43.36
    ],
    [
      1783960674,
      43.28
    ]
  ],
  "polkadot": [
    [
      1783954361,
      0.83601
    ],
    [
      1783957068,
      0.837263
    ],
    [
      1783957969,
      0.837092
    ],
    [
      1783959772,
      0.838642
    ],
    [
      1783960674,
      0.834013
    ]
  ],
  "hyperliquid": [
    [
      1783954361,
      64.15
    ],
    [
      1783957068,
      64.06
    ],
    [
      1783957969,
      64.01
    ],
    [
      1783959772,
      63.57
    ],
    [
      1783960674,
      63.25
    ]
  ],
  "monero": [
    [
      1783954361,
      321.99
    ],
    [
      1783957068,
      322.47
    ],
    [
      1783957969,
      320.84
    ],
    [
      1783959772,
      320.06
    ],
    [
      1783960674,
      320.09
    ]
  ],
  "_alerts_sent": {}
}