{
  "bitcoin": [
    [
      1784462690,
      64394
    ],
    [
      1784463592,
      64321
    ],
    [
      1784464493,
      64317
    ],
    [
      1784465394,
      64325
    ],
    [
      1784466295,
      64348
    ],
    [
      1784467196,
      64284
    ],
    [
      1784468098,
      64395
    ],
    [
      1784468999,
      64406
    ]
  ],
  "ethereum": [
    [
      1784462690,
      1867.62
    ],
    [
      1784463592,
      1866.58
    ],
    [
      1784464493,
      1869.45
    ],
    [
      1784465394,
      1868.87
    ],
    [
      1784466295,
      1866.37
    ],
    [
      1784467196,
      1865.44
    ],
    [
      1784468098,
      1869.69
    ],
    [
      1784468999,
      1869.72
    ]
  ],
  "avalanche-2": [
    [
      1784462690,
      6.47
    ],
    [
      1784463592,
      6.43
    ],
    [
      1784464493,
      6.42
    ],
    [
      1784465394,
      6.41
    ],
    [
      1784466295,
      6.42
    ],
    [
      1784467196,
      6.42
    ],
    [
      1784468098,
      6.44
    ],
    [
      1784468999,
      6.43
    ]
  ],
  "ondo-finance": [
    [
      1784462690,
      0.351574
    ],
    [
      1784463592,
      0.347191
    ],
    [
      1784464493,
      0.348617
    ],
    [
      1784465394,
      0.349085
    ],
    [
      1784466295,
      0.349953
    ],
    [
      1784467196,
      0.348779
    ],
    [
      1784468098,
      0.34903
    ],
    [
      1784468999,
      0.349714
    ]
  ],
  "binancecoin": [
    [
      1784462690,
      567.16
    ],
    [
      1784463592,
      566.9
    ],
    [
      1784464493,
      567.0
    ],
    [
      1784465394,
      567.05
    ],
    [
      1784466295,
      567.37
    ],
    [
      1784467196,
      566.88
    ],
    [
      1784468098,
      567.68
    ],
    [
      1784468999,
      567.41
    ]
  ],
  "ripple": [
    [
      1784462690,
      1.096
    ],
    [
      1784463592,
      1.092
    ],
    [
      1784464493,
      1.094
    ],
    [
      1784465394,
      1.095
    ],
    [
      1784466295,
      1.094
    ],
    [
      1784467196,
      1.093
    ],
    [
      1784468098,
      1.094
    ],
    [
      1784468999,
      1.093
    ]
  ],
  "solana": [
    [
      1784462690,
      75.98
    ],
    [
      1784463592,
      75.79
    ],
    [
      1784464493,
      75.98
    ],
    [
      1784465394,
      75.94
    ],
    [
      1784466295,
      75.92
    ],
    [
      1784467196,
      75.88
    ],
    [
      1784468098,
      75.99
    ],
    [
      1784468999,
      75.97
    ]
  ],
  "dogecoin": [
    [
      1784462690,
      0.072422
    ],
    [
      1784463592,
      0.072353
    ],
    [
      1784464493,
      0.072429
    ],
    [
      1784465394,
      0.072387
    ],
    [
      1784466295,
      0.072345
    ],
    [
      1784467196,
      0.072265
    ],
    [
      1784468098,
      0.07232
    ],
    [
      1784468999,
      0.072373
    ]
  ],
  "cardano": [
    [
      1784462690,
      0.164795
    ],
    [
      1784463592,
      0.164665
    ],
    [
      1784464493,
      0.164872
    ],
    [
      1784465394,
      0.164939
    ],
    [
      1784466295,
      0.164918
    ],
    [
      1784467196,
      0.164869
    ],
    [
      1784468098,
      0.164911
    ],
    [
      1784468999,
      0.165097
    ]
  ],
  "tron": [
    [
      1784462690,
      0.327163
    ],
    [
      1784463592,
      0.327203
    ],
    [
      1784464493,
      0.327213
    ],
    [
      1784465394,
      0.326939
    ],
    [
      1784466295,
      0.327029
    ],
    [
      1784467196,
      0.327004
    ],
    [
      1784468098,
      0.326935
    ],
    [
      1784468999,
      0.326911
    ]
  ],
  "chainlink": [
    [
      1784462690,
      8.34
    ],
    [
      1784463592,
      8.33
    ],
    [
      1784464493,
      8.34
    ],
    [
      1784465394,
      8.35
    ],
    [
      1784466295,
      8.33
    ],
    [
      1784467196,
      8.32
    ],
    [
      1784468098,
      8.33
    ],
    [
      1784468999,
      8.34
    ]
  ],
  "the-open-network": [
    [
      1784462690,
      1.44
    ],
    [
      1784463592,
      1.43
    ],
    [
      1784464493,
      1.43
    ],
    [
      1784465394,
      1.44
    ],
    [
      1784466295,
      1.44
    ],
    [
      1784467196,
      1.44
    ],
    [
      1784468098,
      1.44
    ],
    [
      1784468999,
      1.43
    ]
  ],
  "stellar": [
    [
      1784462690,
      0.188165
    ],
    [
      1784463592,
      0.188442
    ],
    [
      1784464493,
      0.190221
    ],
    [
      1784465394,
      0.190502
    ],
    [
      1784466295,
      0.190166
    ],
    [
      1784467196,
      0.189271
    ],
    [
      1784468098,
      0.189892
    ],
    [
      1784468999,
      0.190832
    ]
  ],
  "hedera-hashgraph": [
    [
      1784462690,
      0.066622
    ],
    [
      1784463592,
      0.06657
    ],
    [
      1784464493,
      0.066546
    ],
    [
      1784465394,
      0.066571
    ],
    [
      1784466295,
      0.066549
    ],
    [
      1784467196,
      0.066545
    ],
    [
      1784468098,
      0.066609
    ],
    [
      1784468999,
      0.066607
    ]
  ],
  "sui": [
    [
      1784462690,
      0.749709
    ],
    [
      1784463592,
      0.749504
    ],
    [
      1784464493,
      0.75019
    ],
    [
      1784465394,
      0.750897
    ],
    [
      1784466295,
      0.750079
    ],
    [
      1784467196,
      0.748118
    ],
    [
      1784468098,
      0.751249
    ],
    [
      1784468999,
      0.751384
    ]
  ],
  "bitcoin-cash": [
    [
      1784462690,
      216.88
    ],
    [
      1784463592,
      216.5
    ],
    [
      1784464493,
      216.99
    ],
    [
      1784465394,
      216.47
    ],
    [
      1784466295,
      216.66
    ],
    [
      1784467196,
      216.3
    ],
    [
      1784468098,
      216.91
    ],
    [
      1784468999,
      216.99
    ]
  ],
  "litecoin": [
    [
      1784462690,
      46.89
    ],
    [
      1784463592,
      46.96
    ],
    [
      1784464493,
      47.01
    ],
    [
      1784465394,
      47.11
    ],
    [
      1784466295,
      47.06
    ],
    [
      1784467196,
      46.99
    ],
    [
      1784468098,
      47.25
    ],
    [
      1784468999,
      47.37
    ]
  ],
  "polkadot": [
    [
      1784462690,
      0.827592
    ],
    [
      1784463592,
      0.824294
    ],
    [
      1784464493,
      0.823719
    ],
    [
      1784465394,
      0.824482
    ],
    [
      1784466295,
      0.825863
    ],
    [
      1784467196,
      0.824483
    ],
    [
      1784468098,
      0.824695
    ],
    [
      1784468999,
      0.824107
    ]
  ],
  "hyperliquid": [
    [
      1784462690,
      60.98
    ],
    [
      1784463592,
      60.69
    ],
    [
      1784464493,
      60.88
    ],
    [
      1784465394,
      60.91
    ],
    [
      1784466295,
      60.86
    ],
    [
      1784467196,
      60.72
    ],
    [
      1784468098,
      60.93
    ],
    [
      1784468999,
      61.07
    ]
  ],
  "monero": [
    [
      1784462690,
      336.49
    ],
    [
      1784463592,
      335.5
    ],
    [
      1784464493,
      335.45
    ],
    [
      1784465394,
      335.26
    ],
    [
      1784466295,
      335.12
    ],
    [
      1784467196,
      335.12
    ],
    [
      1784468098,
      335.62
    ],
    [
      1784468999,
      335.23
    ]
  ],
  "_alerts_sent": {}
}