{
  "bitcoin": [
    [
      1783505482,
      61908.6
    ],
    [
      1783506384,
      62002
    ],
    [
      1783507286,
      62072
    ],
    [
      1783508187,
      62123.1
    ],
    [
      1783509089,
      62105
    ],
    [
      1783509991,
      62037
    ],
    [
      1783510892,
      62063.8
    ],
    [
      1783511794,
      62266
    ]
  ],
  "ethereum": [
    [
      1783505482,
      1733.09
    ],
    [
      1783506384,
      1736.87
    ],
    [
      1783507286,
      1738.9
    ],
    [
      1783508187,
      1738.6
    ],
    [
      1783509089,
      1736.9
    ],
    [
      1783509991,
      1736.05
    ],
    [
      1783510892,
      1734.56
    ],
    [
      1783511794,
      1747.62
    ]
  ],
  "avalanche-2": [
    [
      1783505482,
      6.369
    ],
    [
      1783506384,
      6.38
    ],
    [
      1783507286,
      6.41
    ],
    [
      1783508187,
      6.408
    ],
    [
      1783509089,
      6.41
    ],
    [
      1783509991,
      6.41
    ],
    [
      1783510892,
      6.407
    ],
    [
      1783511794,
      6.43
    ]
  ],
  "ondo-finance": [
    [
      1783505482,
      0.31629
    ],
    [
      1783506384,
      0.316622
    ],
    [
      1783507286,
      0.317663
    ],
    [
      1783508187,
      0.31757
    ],
    [
      1783509089,
      0.317991
    ],
    [
      1783509991,
      0.317335
    ],
    [
      1783510892,
      0.31749
    ],
    [
      1783511794,
      0.319194
    ]
  ],
  "binancecoin": [
    [
      1783506384,
      561.69
    ],
    [
      1783507286,
      562.64
    ],
    [
      1783509089,
      562.38
    ],
    [
      1783509991,
      562.4
    ],
    [
      1783511794,
      565.66
    ]
  ],
  "ripple": [
    [
      1783506384,
      1.079
    ],
    [
      1783507286,
      1.082
    ],
    [
      1783509089,
      1.082
    ],
    [
      1783509991,
      1.08
    ],
    [
      1783511794,
      1.085
    ]
  ],
  "solana": [
    [
      1783506384,
      77.17
    ],
    [
      1783507286,
      77.35
    ],
    [
      1783509089,
      77.24
    ],
    [
      1783509991,
      77.08
    ],
    [
      1783511794,
      77.51
    ]
  ],
  "dogecoin": [
    [
      1783506384,
      0.071377
    ],
    [
      1783507286,
      0.071615
    ],
    [
      1783509089,
      0.071582
    ],
    [
      1783509991,
      0.071592
    ],
    [
      1783511794,
      0.072004
    ]
  ],
  "cardano": [
    [
      1783506384,
      0.166358
    ],
    [
      1783507286,
      0.166882
    ],
    [
      1783509089,
      0.166805
    ],
    [
      1783509991,
      0.166488
    ],
    [
      1783511794,
      0.167014
    ]
  ],
  "tron": [
    [
      1783506384,
      0.327509
    ],
    [
      1783507286,
      0.327396
    ],
    [
      1783509089,
      0.327393
    ],
    [
      1783509991,
      0.327266
    ],
    [
      1783511794,
      0.327319
    ]
  ],
  "chainlink": [
    [
      1783506384,
      7.58
    ],
    [
      1783507286,
      7.61
    ],
    [
      1783509089,
      7.6
    ],
    [
      1783509991,
      7.6
    ],
    [
      1783511794,
      7.63
    ]
  ],
  "the-open-network": [
    [
      1783506384,
      1.57
    ],
    [
      1783507286,
      1.58
    ],
    [
      1783509089,
      1.59
    ],
    [
      1783509991,
      1.59
    ],
    [
      1783511794,
      1.6
    ]
  ],
  "stellar": [
    [
      1783506384,
      0.183051
    ],
    [
      1783507286,
      0.183049
    ],
    [
      1783509089,
      0.182879
    ],
    [
      1783509991,
      0.182643
    ],
    [
      1783511794,
      0.183418
    ]
  ],
  "hedera-hashgraph": [
    [
      1783506384,
      0.069229
    ],
    [
      1783507286,
      0.069411
    ],
    [
      1783509089,
      0.069592
    ],
    [
      1783509991,
      0.069485
    ],
    [
      1783511794,
      0.069533
    ]
  ],
  "sui": [
    [
      1783506384,
      0.702671
    ],
    [
      1783507286,
      0.704846
    ],
    [
      1783509089,
      0.704215
    ],
    [
      1783509991,
      0.704377
    ],
    [
      1783511794,
      0.707861
    ]
  ],
  "bitcoin-cash": [
    [
      1783506384,
      231.9
    ],
    [
      1783507286,
      232.49
    ],
    [
      1783509089,
      232.97
    ],
    [
      1783509991,
      232.48
    ],
    [
      1783511794,
      234.17
    ]
  ],
  "litecoin": [
    [
      1783506384,
      43.26
    ],
    [
      1783507286,
      43.34
    ],
    [
      1783509089,
      43.42
    ],
    [
      1783509991,
      43.45
    ],
    [
      1783511794,
      43.64
    ]
  ],
  "polkadot": [
    [
      1783506384,
      0.827474
    ],
    [
      1783507286,
      0.831013
    ],
    [
      1783509089,
      0.830857
    ],
    [
      1783509991,
      0.830094
    ],
    [
      1783511794,
      0.833606
    ]
  ],
  "hyperliquid": [
    [
      1783506384,
      67.94
    ],
    [
      1783507286,
      68.17
    ],
    [
      1783509089,
      68.05
    ],
    [
      1783509991,
      68.05
    ],
    [
      1783511794,
      68.72
    ]
  ],
  "monero": [
    [
      1783506384,
      323.42
    ],
    [
      1783507286,
      323.18
    ],
    [
      1783509089,
      323.34
    ],
    [
      1783509991,
      323.45
    ],
    [
      1783511794,
      321.81
    ]
  ],
  "_alerts_sent": {}
}