{
  "bitcoin": [
    [
      1782008043,
      64168
    ],
    [
      1782008944,
      64153
    ],
    [
      1782009845,
      64175
    ],
    [
      1782010747,
      64188
    ],
    [
      1782011648,
      64213
    ],
    [
      1782012549,
      64353
    ],
    [
      1782013450,
      64346
    ],
    [
      1782014351,
      64361
    ]
  ],
  "ethereum": [
    [
      1782008043,
      1734.93
    ],
    [
      1782008944,
      1734.58
    ],
    [
      1782009845,
      1734.97
    ],
    [
      1782010747,
      1734.79
    ],
    [
      1782011648,
      1733.85
    ],
    [
      1782012549,
      1736.56
    ],
    [
      1782013450,
      1736.82
    ],
    [
      1782014351,
      1736.4
    ]
  ],
  "avalanche-2": [
    [
      1782008043,
      6.23
    ],
    [
      1782008944,
      6.23
    ],
    [
      1782009845,
      6.22
    ],
    [
      1782010747,
      6.23
    ],
    [
      1782011648,
      6.23
    ],
    [
      1782012549,
      6.25
    ],
    [
      1782013450,
      6.24
    ],
    [
      1782014351,
      6.25
    ]
  ],
  "ondo-finance": [
    [
      1782008043,
      0.33846
    ],
    [
      1782008944,
      0.338191
    ],
    [
      1782009845,
      0.338172
    ],
    [
      1782010747,
      0.338472
    ],
    [
      1782011648,
      0.33866
    ],
    [
      1782012549,
      0.340394
    ],
    [
      1782013450,
      0.339592
    ],
    [
      1782014351,
      0.339556
    ]
  ],
  "binancecoin": [
    [
      1782008043,
      588.23
    ],
    [
      1782008944,
      588.34
    ],
    [
      1782009845,
      588.5
    ],
    [
      1782010747,
      588.71
    ],
    [
      1782011648,
      589.21
    ],
    [
      1782012549,
      590.07
    ],
    [
      1782013450,
      589.26
    ],
    [
      1782014351,
      589.43
    ]
  ],
  "ripple": [
    [
      1782008043,
      1.15
    ],
    [
      1782008944,
      1.15
    ],
    [
      1782009845,
      1.15
    ],
    [
      1782010747,
      1.15
    ],
    [
      1782011648,
      1.15
    ],
    [
      1782012549,
      1.15
    ],
    [
      1782013450,
      1.15
    ],
    [
      1782014351,
      1.15
    ]
  ],
  "solana": [
    [
      1782008043,
      73.07
    ],
    [
      1782008944,
      73.09
    ],
    [
      1782009845,
      73.18
    ],
    [
      1782010747,
      73.23
    ],
    [
      1782011648,
      73.36
    ],
    [
      1782012549,
      73.67
    ],
    [
      1782013450,
      73.57
    ],
    [
      1782014351,
      73.55
    ]
  ],
  "dogecoin": [
    [
      1782008043,
      0.083554
    ],
    [
      1782008944,
      0.083556
    ],
    [
      1782009845,
      0.083534
    ],
    [
      1782010747,
      0.083511
    ],
    [
      1782011648,
      0.083417
    ],
    [
      1782012549,
      0.083596
    ],
    [
      1782013450,
      0.083573
    ],
    [
      1782014351,
      0.083626
    ]
  ],
  "cardano": [
    [
      1782008043,
      0.162664
    ],
    [
      1782008944,
      0.162354
    ],
    [
      1782009845,
      0.162222
    ],
    [
      1782010747,
      0.162194
    ],
    [
      1782011648,
      0.162033
    ],
    [
      1782012549,
      0.162725
    ],
    [
      1782013450,
      0.162434
    ],
    [
      1782014351,
      0.162386
    ]
  ],
  "tron": [
    [
      1782008043,
      0.326483
    ],
    [
      1782008944,
      0.326467
    ],
    [
      1782009845,
      0.326502
    ],
    [
      1782010747,
      0.326555
    ],
    [
      1782011648,
      0.326432
    ],
    [
      1782012549,
      0.326442
    ],
    [
      1782013450,
      0.326067
    ],
    [
      1782014351,
      0.325974
    ]
  ],
  "chainlink": [
    [
      1782008043,
      7.95
    ],
    [
      1782008944,
      7.94
    ],
    [
      1782009845,
      7.94
    ],
    [
      1782010747,
      7.94
    ],
    [
      1782011648,
      7.94
    ],
    [
      1782012549,
      7.97
    ],
    [
      1782013450,
      7.95
    ],
    [
      1782014351,
      7.96
    ]
  ],
  "the-open-network": [
    [
      1782008043,
      1.63
    ],
    [
      1782008944,
      1.62
    ],
    [
      1782009845,
      1.63
    ],
    [
      1782010747,
      1.64
    ],
    [
      1782011648,
      1.64
    ],
    [
      1782012549,
      1.65
    ],
    [
      1782013450,
      1.64
    ],
    [
      1782014351,
      1.64
    ]
  ],
  "stellar": [
    [
      1782008043,
      0.2138
    ],
    [
      1782008944,
      0.213681
    ],
    [
      1782009845,
      0.213565
    ],
    [
      1782010747,
      0.213032
    ],
    [
      1782011648,
      0.213725
    ],
    [
      1782012549,
      0.214316
    ],
    [
      1782013450,
      0.214004
    ],
    [
      1782014351,
      0.214252
    ]
  ],
  "hedera-hashgraph": [
    [
      1782008043,
      0.080395
    ],
    [
      1782008944,
      0.08023
    ],
    [
      1782009845,
      0.080174
    ],
    [
      1782010747,
      0.08026
    ],
    [
      1782011648,
      0.080233
    ],
    [
      1782012549,
      0.080375
    ],
    [
      1782013450,
      0.08025
    ],
    [
      1782014351,
      0.08031
    ]
  ],
  "sui": [
    [
      1782008043,
      0.71007
    ],
    [
      1782008944,
      0.709062
    ],
    [
      1782009845,
      0.708726
    ],
    [
      1782010747,
      0.70912
    ],
    [
      1782011648,
      0.709216
    ],
    [
      1782012549,
      0.711235
    ],
    [
      1782013450,
      0.709941
    ],
    [
      1782014351,
      0.710707
    ]
  ],
  "bitcoin-cash": [
    [
      1782008043,
      198.93
    ],
    [
      1782008944,
      198.68
    ],
    [
      1782009845,
      198.49
    ],
    [
      1782010747,
      198.38
    ],
    [
      1782011648,
      198.57
    ],
    [
      1782012549,
      199.22
    ],
    [
      1782013450,
      199.5
    ],
    [
      1782014351,
      199.58
    ]
  ],
  "litecoin": [
    [
      1782008043,
      44.46
    ],
    [
      1782008944,
      44.5
    ],
    [
      1782009845,
      44.46
    ],
    [
      1782010747,
      44.46
    ],
    [
      1782011648,
      44.48
    ],
    [
      1782012549,
      44.53
    ],
    [
      1782013450,
      44.49
    ],
    [
      1782014351,
      44.48
    ]
  ],
  "polkadot": [
    [
      1782008043,
      0.968426
    ],
    [
      1782008944,
      0.966824
    ],
    [
      1782009845,
      0.966076
    ],
    [
      1782010747,
      0.966784
    ],
    [
      1782011648,
      0.966878
    ],
    [
      1782012549,
      0.969897
    ],
    [
      1782013450,
      0.96925
    ],
    [
      1782014351,
      0.969822
    ]
  ],
  "hyperliquid": [
    [
      1782008043,
      70.5
    ],
    [
      1782008944,
      70.42
    ],
    [
      1782009845,
      70.17
    ],
    [
      1782010747,
      69.95
    ],
    [
      1782011648,
      69.86
    ],
    [
      1782012549,
      70.28
    ],
    [
      1782013450,
      69.96
    ],
    [
      1782014351,
      69.78
    ]
  ],
  "monero": [
    [
      1782008043,
      313.43
    ],
    [
      1782008944,
      310.61
    ],
    [
      1782009845,
      310.53
    ],
    [
      1782010747,
      310.72
    ],
    [
      1782011648,
      311.78
    ],
    [
      1782012549,
      314.5
    ],
    [
      1782013450,
      315.37
    ],
    [
      1782014351,
      315.62
    ]
  ],
  "_alerts_sent": {}
}