{
  "bitcoin": [
    [
      1784551987,
      64651
    ],
    [
      1784552888,
      64598
    ],
    [
      1784553790,
      64636
    ],
    [
      1784554692,
      64604
    ],
    [
      1784555593,
      64539
    ],
    [
      1784556495,
      64356
    ],
    [
      1784557397,
      64093
    ],
    [
      1784558298,
      64326
    ]
  ],
  "ethereum": [
    [
      1784551987,
      1872.73
    ],
    [
      1784552888,
      1871.92
    ],
    [
      1784553790,
      1872.52
    ],
    [
      1784554692,
      1875.71
    ],
    [
      1784555593,
      1870.73
    ],
    [
      1784556495,
      1862.6
    ],
    [
      1784557397,
      1854.38
    ],
    [
      1784558298,
      1863.6
    ]
  ],
  "avalanche-2": [
    [
      1784551987,
      6.57
    ],
    [
      1784552888,
      6.57
    ],
    [
      1784553790,
      6.57
    ],
    [
      1784554692,
      6.58
    ],
    [
      1784555593,
      6.55
    ],
    [
      1784556495,
      6.53
    ],
    [
      1784557397,
      6.5
    ],
    [
      1784558298,
      6.53
    ]
  ],
  "ondo-finance": [
    [
      1784551987,
      0.349269
    ],
    [
      1784552888,
      0.348254
    ],
    [
      1784553790,
      0.348031
    ],
    [
      1784554692,
      0.349725
    ],
    [
      1784555593,
      0.347782
    ],
    [
      1784556495,
      0.346304
    ],
    [
      1784557397,
      0.344234
    ],
    [
      1784558298,
      0.346052
    ]
  ],
  "binancecoin": [
    [
      1784551987,
      569.17
    ],
    [
      1784552888,
      568.83
    ],
    [
      1784553790,
      568.35
    ],
    [
      1784554692,
      568.82
    ],
    [
      1784555593,
      568.34
    ],
    [
      1784556495,
      566.35
    ],
    [
      1784557397,
      565.04
    ],
    [
      1784558298,
      566.59
    ]
  ],
  "ripple": [
    [
      1784551987,
      1.099
    ],
    [
      1784552888,
      1.099
    ],
    [
      1784553790,
      1.099
    ],
    [
      1784554692,
      1.098
    ],
    [
      1784555593,
      1.096
    ],
    [
      1784556495,
      1.091
    ],
    [
      1784557397,
      1.087
    ],
    [
      1784558298,
      1.092
    ]
  ],
  "solana": [
    [
      1784551987,
      76.76
    ],
    [
      1784552888,
      76.71
    ],
    [
      1784553790,
      76.69
    ],
    [
      1784554692,
      76.84
    ],
    [
      1784555593,
      76.68
    ],
    [
      1784556495,
      76.27
    ],
    [
      1784557397,
      75.93
    ],
    [
      1784558298,
      76.19
    ]
  ],
  "dogecoin": [
    [
      1784551987,
      0.072568
    ],
    [
      1784552888,
      0.072458
    ],
    [
      1784553790,
      0.072488
    ],
    [
      1784554692,
      0.072519
    ],
    [
      1784555593,
      0.072446
    ],
    [
      1784556495,
      0.072046
    ],
    [
      1784557397,
      0.071894
    ],
    [
      1784558298,
      0.072246
    ]
  ],
  "cardano": [
    [
      1784551987,
      0.164144
    ],
    [
      1784552888,
      0.16414
    ],
    [
      1784553790,
      0.163928
    ],
    [
      1784554692,
      0.163895
    ],
    [
      1784555593,
      0.163318
    ],
    [
      1784556495,
      0.162684
    ],
    [
      1784557397,
      0.161917
    ],
    [
      1784558298,
      0.162647
    ]
  ],
  "tron": [
    [
      1784551987,
      0.325478
    ],
    [
      1784552888,
      0.325514
    ],
    [
      1784553790,
      0.325671
    ],
    [
      1784554692,
      0.325705
    ],
    [
      1784555593,
      0.325727
    ],
    [
      1784556495,
      0.32524
    ],
    [
      1784557397,
      0.325177
    ],
    [
      1784558298,
      0.325233
    ]
  ],
  "chainlink": [
    [
      1784551987,
      8.45
    ],
    [
      1784552888,
      8.45
    ],
    [
      1784553790,
      8.45
    ],
    [
      1784554692,
      8.45
    ],
    [
      1784555593,
      8.42
    ],
    [
      1784556495,
      8.37
    ],
    [
      1784557397,
      8.32
    ],
    [
      1784558298,
      8.36
    ]
  ],
  "the-open-network": [
    [
      1784551987,
      1.42
    ],
    [
      1784552888,
      1.42
    ],
    [
      1784553790,
      1.42
    ],
    [
      1784554692,
      1.43
    ],
    [
      1784555593,
      1.43
    ],
    [
      1784556495,
      1.43
    ],
    [
      1784557397,
      1.41
    ],
    [
      1784558298,
      1.41
    ]
  ],
  "stellar": [
    [
      1784551987,
      0.187608
    ],
    [
      1784552888,
      0.187322
    ],
    [
      1784553790,
      0.186786
    ],
    [
      1784554692,
      0.186848
    ],
    [
      1784555593,
      0.186712
    ],
    [
      1784556495,
      0.186041
    ],
    [
      1784557397,
      0.18521
    ],
    [
      1784558298,
      0.185953
    ]
  ],
  "hedera-hashgraph": [
    [
      1784551987,
      0.066389
    ],
    [
      1784552888,
      0.066271
    ],
    [
      1784553790,
      0.066245
    ],
    [
      1784554692,
      0.066299
    ],
    [
      1784555593,
      0.066095
    ],
    [
      1784556495,
      0.065971
    ],
    [
      1784557397,
      0.065829
    ],
    [
      1784558298,
      0.06609
    ]
  ],
  "sui": [
    [
      1784551987,
      0.75338
    ],
    [
      1784552888,
      0.752481
    ],
    [
      1784553790,
      0.753857
    ],
    [
      1784554692,
      0.756463
    ],
    [
      1784555593,
      0.75465
    ],
    [
      1784556495,
      0.751892
    ],
    [
      1784557397,
      0.748941
    ],
    [
      1784558298,
      0.753664
    ]
  ],
  "bitcoin-cash": [
    [
      1784551987,
      215.09
    ],
    [
      1784552888,
      214.66
    ],
    [
      1784553790,
      214.49
    ],
    [
      1784554692,
      215.21
    ],
    [
      1784555593,
      214.89
    ],
    [
      1784556495,
      214.73
    ],
    [
      1784557397,
      214.66
    ],
    [
      1784558298,
      215.4
    ]
  ],
  "litecoin": [
    [
      1784551987,
      47.01
    ],
    [
      1784552888,
      46.81
    ],
    [
      1784553790,
      46.67
    ],
    [
      1784554692,
      46.79
    ],
    [
      1784555593,
      46.68
    ],
    [
      1784556495,
      46.63
    ],
    [
      1784557397,
      46.64
    ],
    [
      1784558298,
      46.75
    ]
  ],
  "polkadot": [
    [
      1784551987,
      0.812684
    ],
    [
      1784552888,
      0.812546
    ],
    [
      1784553790,
      0.811974
    ],
    [
      1784554692,
      0.814434
    ],
    [
      1784555593,
      0.81348
    ],
    [
      1784556495,
      0.812561
    ],
    [
      1784557397,
      0.809683
    ],
    [
      1784558298,
      0.812762
    ]
  ],
  "hyperliquid": [
    [
      1784551987,
      61.24
    ],
    [
      1784552888,
      61.26
    ],
    [
      1784553790,
      61.26
    ],
    [
      1784554692,
      61.08
    ],
    [
      1784555593,
      61.04
    ],
    [
      1784556495,
      60.76
    ],
    [
      1784557397,
      60.59
    ],
    [
      1784558298,
      60.89
    ]
  ],
  "monero": [
    [
      1784551987,
      335.06
    ],
    [
      1784552888,
      335.51
    ],
    [
      1784553790,
      335.48
    ],
    [
      1784554692,
      335.8
    ],
    [
      1784555593,
      333.7
    ],
    [
      1784556495,
      333.25
    ],
    [
      1784557397,
      332.68
    ],
    [
      1784558298,
      333.13
    ]
  ],
  "_alerts_sent": {}
}