{
  "bitcoin": [
    [
      1781270214,
      63388
    ],
    [
      1781271116,
      63183.9
    ],
    [
      1781272026,
      63099
    ],
    [
      1781272927,
      63300
    ],
    [
      1781273827,
      63413
    ],
    [
      1781274729,
      63596
    ],
    [
      1781275630,
      63494
    ],
    [
      1781276821,
      63980
    ]
  ],
  "ethereum": [
    [
      1781270214,
      1664.85
    ],
    [
      1781271116,
      1658.87
    ],
    [
      1781272026,
      1655.89
    ],
    [
      1781272927,
      1661.0
    ],
    [
      1781273827,
      1665.45
    ],
    [
      1781274729,
      1669.51
    ],
    [
      1781275630,
      1668.54
    ],
    [
      1781276821,
      1684.47
    ]
  ],
  "avalanche-2": [
    [
      1781270214,
      6.6
    ],
    [
      1781271116,
      6.555
    ],
    [
      1781272026,
      6.54
    ],
    [
      1781272927,
      6.53
    ],
    [
      1781273827,
      6.56
    ],
    [
      1781274729,
      6.59
    ],
    [
      1781275630,
      6.6
    ],
    [
      1781276821,
      6.66
    ]
  ],
  "ondo-finance": [
    [
      1781270214,
      0.362128
    ],
    [
      1781271116,
      0.35957
    ],
    [
      1781272026,
      0.35704
    ],
    [
      1781272927,
      0.35825
    ],
    [
      1781273827,
      0.361521
    ],
    [
      1781274729,
      0.361966
    ],
    [
      1781275630,
      0.362145
    ],
    [
      1781276821,
      0.365631
    ]
  ],
  "binancecoin": [
    [
      1781270214,
      605.79
    ],
    [
      1781271124,
      605.48
    ],
    [
      1781272026,
      604.2
    ],
    [
      1781272927,
      605.67
    ],
    [
      1781273827,
      606.54
    ],
    [
      1781274729,
      607.75
    ],
    [
      1781275630,
      606.96
    ],
    [
      1781276821,
      609.39
    ]
  ],
  "ripple": [
    [
      1781270214,
      1.13
    ],
    [
      1781271124,
      1.13
    ],
    [
      1781272026,
      1.13
    ],
    [
      1781272927,
      1.13
    ],
    [
      1781273827,
      1.13
    ],
    [
      1781274729,
      1.14
    ],
    [
      1781275630,
      1.14
    ],
    [
      1781276821,
      1.15
    ]
  ],
  "solana": [
    [
      1781270214,
      66.73
    ],
    [
      1781271124,
      66.64
    ],
    [
      1781272026,
      66.6
    ],
    [
      1781272927,
      66.68
    ],
    [
      1781273827,
      66.85
    ],
    [
      1781274729,
      67.08
    ],
    [
      1781275630,
      67.24
    ],
    [
      1781276821,
      68.09
    ]
  ],
  "dogecoin": [
    [
      1781270214,
      0.086897
    ],
    [
      1781271124,
      0.086813
    ],
    [
      1781272026,
      0.086956
    ],
    [
      1781272927,
      0.086886
    ],
    [
      1781273827,
      0.087441
    ],
    [
      1781274729,
      0.089087
    ],
    [
      1781275630,
      0.090728
    ],
    [
      1781276821,
      0.089961
    ]
  ],
  "cardano": [
    [
      1781270214,
      0.170125
    ],
    [
      1781271124,
      0.169657
    ],
    [
      1781272026,
      0.169074
    ],
    [
      1781272927,
      0.168071
    ],
    [
      1781273827,
      0.168982
    ],
    [
      1781274729,
      0.16947
    ],
    [
      1781275630,
      0.170693
    ],
    [
      1781276821,
      0.172688
    ]
  ],
  "tron": [
    [
      1781270214,
      0.312348
    ],
    [
      1781271124,
      0.312452
    ],
    [
      1781272026,
      0.312524
    ],
    [
      1781272927,
      0.312813
    ],
    [
      1781273827,
      0.312831
    ],
    [
      1781274729,
      0.312999
    ],
    [
      1781275630,
      0.313118
    ],
    [
      1781276821,
      0.313692
    ]
  ],
  "chainlink": [
    [
      1781270214,
      7.87
    ],
    [
      1781271124,
      7.85
    ],
    [
      1781272026,
      7.81
    ],
    [
      1781272927,
      7.8
    ],
    [
      1781273827,
      7.84
    ],
    [
      1781274729,
      7.87
    ],
    [
      1781275630,
      7.88
    ],
    [
      1781276821,
      7.97
    ]
  ],
  "the-open-network": [
    [
      1781270214,
      1.73
    ],
    [
      1781271124,
      1.73
    ],
    [
      1781272026,
      1.73
    ],
    [
      1781272927,
      1.73
    ],
    [
      1781273827,
      1.75
    ],
    [
      1781274729,
      1.74
    ],
    [
      1781275630,
      1.73
    ],
    [
      1781276821,
      1.74
    ]
  ],
  "stellar": [
    [
      1781270214,
      0.192039
    ],
    [
      1781271124,
      0.191436
    ],
    [
      1781272026,
      0.190339
    ],
    [
      1781272927,
      0.190113
    ],
    [
      1781273827,
      0.190535
    ],
    [
      1781274729,
      0.191263
    ],
    [
      1781275630,
      0.191121
    ],
    [
      1781276821,
      0.192812
    ]
  ],
  "hedera-hashgraph": [
    [
      1781270214,
      0.078654
    ],
    [
      1781271124,
      0.078538
    ],
    [
      1781272026,
      0.078291
    ],
    [
      1781272927,
      0.078293
    ],
    [
      1781273827,
      0.078537
    ],
    [
      1781274729,
      0.0787
    ],
    [
      1781275630,
      0.078969
    ],
    [
      1781276821,
      0.079593
    ]
  ],
  "sui": [
    [
      1781270214,
      0.753123
    ],
    [
      1781271124,
      0.751176
    ],
    [
      1781272026,
      0.749779
    ],
    [
      1781272927,
      0.750113
    ],
    [
      1781273827,
      0.752987
    ],
    [
      1781274729,
      0.754905
    ],
    [
      1781275630,
      0.75537
    ],
    [
      1781276821,
      0.76329
    ]
  ],
  "bitcoin-cash": [
    [
      1781270214,
      204.53
    ],
    [
      1781271124,
      203.78
    ],
    [
      1781272026,
      202.44
    ],
    [
      1781272927,
      202.44
    ],
    [
      1781273827,
      203.04
    ],
    [
      1781274729,
      203.63
    ],
    [
      1781275630,
      204.58
    ],
    [
      1781276821,
      206.73
    ]
  ],
  "litecoin": [
    [
      1781270214,
      42.9
    ],
    [
      1781271124,
      42.82
    ],
    [
      1781272026,
      42.83
    ],
    [
      1781272927,
      42.76
    ],
    [
      1781273827,
      42.91
    ],
    [
      1781274729,
      43.07
    ],
    [
      1781275630,
      43.13
    ],
    [
      1781276821,
      43.35
    ]
  ],
  "polkadot": [
    [
      1781270214,
      0.96044
    ],
    [
      1781271124,
      0.957967
    ],
    [
      1781272026,
      0.953836
    ],
    [
      1781272927,
      0.9529
    ],
    [
      1781273827,
      0.956479
    ],
    [
      1781274729,
      0.960385
    ],
    [
      1781275630,
      0.961363
    ],
    [
      1781276821,
      0.970157
    ]
  ],
  "hyperliquid": [
    [
      1781270214,
      60.37
    ],
    [
      1781271124,
      60.29
    ],
    [
      1781272026,
      59.67
    ],
    [
      1781272927,
      59.6
    ],
    [
      1781273827,
      59.79
    ],
    [
      1781274729,
      59.76
    ],
    [
      1781275630,
      59.76
    ],
    [
      1781276821,
      60.28
    ]
  ],
  "monero": [
    [
      1781270214,
      376.68
    ],
    [
      1781271124,
      373.19
    ],
    [
      1781272026,
      368.75
    ],
    [
      1781272927,
      368.52
    ],
    [
      1781273827,
      376.6
    ],
    [
      1781274729,
      370.46
    ],
    [
      1781275630,
      374.11
    ],
    [
      1781276821,
      371.4
    ]
  ],
  "_alerts_sent": {}
}