{
  "bitcoin": [
    [
      1782711792,
      59704.1
    ],
    [
      1782712693,
      59951.6
    ],
    [
      1782713595,
      60054.9
    ],
    [
      1782714496,
      60106.9
    ],
    [
      1782715398,
      60007.7
    ],
    [
      1782716299,
      59997.7
    ],
    [
      1782717200,
      59918.8
    ],
    [
      1782718102,
      59953
    ]
  ],
  "ethereum": [
    [
      1782711792,
      1572.26
    ],
    [
      1782712693,
      1578.58
    ],
    [
      1782713595,
      1582.62
    ],
    [
      1782714496,
      1582.65
    ],
    [
      1782715398,
      1579.25
    ],
    [
      1782716299,
      1580.06
    ],
    [
      1782717200,
      1577.2
    ],
    [
      1782718102,
      1577.55
    ]
  ],
  "avalanche-2": [
    [
      1782711792,
      6.574
    ],
    [
      1782712693,
      6.6
    ],
    [
      1782713595,
      6.614
    ],
    [
      1782714496,
      6.609
    ],
    [
      1782715398,
      6.536
    ],
    [
      1782716299,
      6.527
    ],
    [
      1782717200,
      6.496
    ],
    [
      1782718102,
      6.54
    ]
  ],
  "ondo-finance": [
    [
      1782711792,
      0.30895
    ],
    [
      1782712693,
      0.31003
    ],
    [
      1782713595,
      0.3117
    ],
    [
      1782714496,
      0.31244
    ],
    [
      1782715398,
      0.31171
    ],
    [
      1782716299,
      0.31136
    ],
    [
      1782717200,
      0.31055
    ],
    [
      1782718102,
      0.311199
    ]
  ],
  "binancecoin": [
    [
      1782718102,
      552.76
    ]
  ],
  "ripple": [
    [
      1782718102,
      1.048
    ]
  ],
  "solana": [
    [
      1782718102,
      72.24
    ]
  ],
  "dogecoin": [
    [
      1782718102,
      0.07302
    ]
  ],
  "cardano": [
    [
      1782718102,
      0.144704
    ]
  ],
  "tron": [
    [
      1782718102,
      0.322914
    ]
  ],
  "chainlink": [
    [
      1782718102,
      7.3
    ]
  ],
  "the-open-network": [
    [
      1782718102,
      1.61
    ]
  ],
  "stellar": [
    [
      1782718102,
      0.173834
    ]
  ],
  "hedera-hashgraph": [
    [
      1782718102,
      0.071592
    ]
  ],
  "sui": [
    [
      1782718102,
      0.690345
    ]
  ],
  "bitcoin-cash": [
    [
      1782718102,
      196.43
    ]
  ],
  "litecoin": [
    [
      1782718102,
      42.77
    ]
  ],
  "polkadot": [
    [
      1782718102,
      0.820751
    ]
  ],
  "hyperliquid": [
    [
      1782718102,
      62.55
    ]
  ],
  "monero": [
    [
      1782718102,
      309.76
    ]
  ],
  "_alerts_sent": {}
}