{
  "bitcoin": [
    [
      1784364425,
      63938
    ],
    [
      1784365328,
      63948
    ],
    [
      1784366230,
      63930
    ],
    [
      1784367132,
      63898
    ],
    [
      1784368033,
      63925
    ],
    [
      1784368934,
      63939
    ],
    [
      1784369835,
      63944
    ],
    [
      1784370737,
      63960
    ]
  ],
  "ethereum": [
    [
      1784364425,
      1845.63
    ],
    [
      1784365328,
      1846.08
    ],
    [
      1784366230,
      1844.95
    ],
    [
      1784367132,
      1842.62
    ],
    [
      1784368033,
      1843.77
    ],
    [
      1784368934,
      1843.72
    ],
    [
      1784369835,
      1843.35
    ],
    [
      1784370737,
      1845.02
    ]
  ],
  "avalanche-2": [
    [
      1784364425,
      6.59
    ],
    [
      1784365328,
      6.57
    ],
    [
      1784366230,
      6.56
    ],
    [
      1784367132,
      6.54
    ],
    [
      1784368033,
      6.54
    ],
    [
      1784368934,
      6.54
    ],
    [
      1784369835,
      6.54
    ],
    [
      1784370737,
      6.54
    ]
  ],
  "ondo-finance": [
    [
      1784364425,
      0.370409
    ],
    [
      1784365328,
      0.368861
    ],
    [
      1784366230,
      0.354815
    ],
    [
      1784367132,
      0.345929
    ],
    [
      1784368033,
      0.346073
    ],
    [
      1784368934,
      0.345418
    ],
    [
      1784369835,
      0.341758
    ],
    [
      1784370737,
      0.345014
    ]
  ],
  "binancecoin": [
    [
      1784364425,
      567.82
    ],
    [
      1784365328,
      567.6
    ],
    [
      1784366230,
      567.95
    ],
    [
      1784367132,
      567.53
    ],
    [
      1784368033,
      567.46
    ],
    [
      1784368934,
      568.05
    ],
    [
      1784369835,
      568.11
    ],
    [
      1784370737,
      568.27
    ]
  ],
  "ripple": [
    [
      1784364425,
      1.089
    ],
    [
      1784365328,
      1.089
    ],
    [
      1784366230,
      1.087
    ],
    [
      1784367132,
      1.085
    ],
    [
      1784368033,
      1.084
    ],
    [
      1784368934,
      1.085
    ],
    [
      1784369835,
      1.086
    ],
    [
      1784370737,
      1.087
    ]
  ],
  "solana": [
    [
      1784364425,
      74.89
    ],
    [
      1784365328,
      74.91
    ],
    [
      1784366230,
      74.83
    ],
    [
      1784367132,
      74.67
    ],
    [
      1784368033,
      74.7
    ],
    [
      1784368934,
      74.78
    ],
    [
      1784369835,
      74.81
    ],
    [
      1784370737,
      74.83
    ]
  ],
  "dogecoin": [
    [
      1784364425,
      0.072229
    ],
    [
      1784365328,
      0.072222
    ],
    [
      1784366230,
      0.072141
    ],
    [
      1784367132,
      0.071991
    ],
    [
      1784368033,
      0.072005
    ],
    [
      1784368934,
      0.072103
    ],
    [
      1784369835,
      0.072114
    ],
    [
      1784370737,
      0.072212
    ]
  ],
  "cardano": [
    [
      1784364425,
      0.166409
    ],
    [
      1784365328,
      0.166274
    ],
    [
      1784366230,
      0.166024
    ],
    [
      1784367132,
      0.165121
    ],
    [
      1784368033,
      0.165206
    ],
    [
      1784368934,
      0.165625
    ],
    [
      1784369835,
      0.165831
    ],
    [
      1784370737,
      0.166122
    ]
  ],
  "tron": [
    [
      1784364425,
      0.322977
    ],
    [
      1784365328,
      0.323117
    ],
    [
      1784366230,
      0.32351
    ],
    [
      1784367132,
      0.323191
    ],
    [
      1784368033,
      0.323149
    ],
    [
      1784368934,
      0.323195
    ],
    [
      1784369835,
      0.323187
    ],
    [
      1784370737,
      0.323232
    ]
  ],
  "chainlink": [
    [
      1784364425,
      8.25
    ],
    [
      1784365328,
      8.25
    ],
    [
      1784366230,
      8.23
    ],
    [
      1784367132,
      8.21
    ],
    [
      1784368033,
      8.21
    ],
    [
      1784368934,
      8.22
    ],
    [
      1784369835,
      8.24
    ],
    [
      1784370737,
      8.26
    ]
  ],
  "the-open-network": [
    [
      1784364425,
      1.48
    ],
    [
      1784365328,
      1.48
    ],
    [
      1784366230,
      1.48
    ],
    [
      1784367132,
      1.48
    ],
    [
      1784368033,
      1.48
    ],
    [
      1784368934,
      1.48
    ],
    [
      1784369835,
      1.48
    ],
    [
      1784370737,
      1.48
    ]
  ],
  "stellar": [
    [
      1784364425,
      0.184632
    ],
    [
      1784365328,
      0.184588
    ],
    [
      1784366230,
      0.184355
    ],
    [
      1784367132,
      0.18362
    ],
    [
      1784368033,
      0.183486
    ],
    [
      1784368934,
      0.183657
    ],
    [
      1784369835,
      0.183675
    ],
    [
      1784370737,
      0.183773
    ]
  ],
  "hedera-hashgraph": [
    [
      1784364425,
      0.066358
    ],
    [
      1784365328,
      0.066341
    ],
    [
      1784366230,
      0.066255
    ],
    [
      1784367132,
      0.066108
    ],
    [
      1784368033,
      0.066068
    ],
    [
      1784368934,
      0.066058
    ],
    [
      1784369835,
      0.066186
    ],
    [
      1784370737,
      0.066185
    ]
  ],
  "sui": [
    [
      1784364425,
      0.737903
    ],
    [
      1784365328,
      0.737645
    ],
    [
      1784366230,
      0.736492
    ],
    [
      1784367132,
      0.733713
    ],
    [
      1784368033,
      0.733948
    ],
    [
      1784368934,
      0.733992
    ],
    [
      1784369835,
      0.734211
    ],
    [
      1784370737,
      0.73438
    ]
  ],
  "bitcoin-cash": [
    [
      1784364425,
      218.78
    ],
    [
      1784365328,
      218.63
    ],
    [
      1784366230,
      218.35
    ],
    [
      1784367132,
      217.3
    ],
    [
      1784368033,
      217.58
    ],
    [
      1784368934,
      218.07
    ],
    [
      1784369835,
      218.12
    ],
    [
      1784370737,
      218.2
    ]
  ],
  "litecoin": [
    [
      1784364425,
      45.42
    ],
    [
      1784365328,
      45.4
    ],
    [
      1784366230,
      45.42
    ],
    [
      1784367132,
      45.36
    ],
    [
      1784368033,
      45.43
    ],
    [
      1784368934,
      45.41
    ],
    [
      1784369835,
      45.41
    ],
    [
      1784370737,
      45.42
    ]
  ],
  "polkadot": [
    [
      1784364425,
      0.842003
    ],
    [
      1784365328,
      0.841948
    ],
    [
      1784366230,
      0.838947
    ],
    [
      1784367132,
      0.836872
    ],
    [
      1784368033,
      0.837475
    ],
    [
      1784368934,
      0.837032
    ],
    [
      1784369835,
      0.837081
    ],
    [
      1784370737,
      0.836917
    ]
  ],
  "hyperliquid": [
    [
      1784364425,
      58.98
    ],
    [
      1784365328,
      58.85
    ],
    [
      1784366230,
      58.89
    ],
    [
      1784367132,
      58.84
    ],
    [
      1784368033,
      58.85
    ],
    [
      1784368934,
      58.8
    ],
    [
      1784369835,
      58.89
    ],
    [
      1784370737,
      59.02
    ]
  ],
  "monero": [
    [
      1784364425,
      328.07
    ],
    [
      1784365328,
      327.93
    ],
    [
      1784366230,
      328.01
    ],
    [
      1784367132,
      328.43
    ],
    [
      1784368033,
      328.91
    ],
    [
      1784368934,
      329.28
    ],
    [
      1784369835,
      329.61
    ],
    [
      1784370737,
      330.21
    ]
  ],
  "_alerts_sent": {
    "ondo-finance_2026-07-18 11": true
  }
}