{
  "bitcoin": [
    [
      1781916928,
      63501
    ],
    [
      1781917830,
      63397
    ],
    [
      1781918731,
      63404
    ],
    [
      1781919632,
      63546
    ],
    [
      1781920533,
      63514
    ],
    [
      1781921435,
      63446
    ],
    [
      1781922336,
      63356
    ],
    [
      1781923237,
      63348
    ]
  ],
  "ethereum": [
    [
      1781916928,
      1708.14
    ],
    [
      1781917830,
      1705.77
    ],
    [
      1781918731,
      1707.09
    ],
    [
      1781919632,
      1710.63
    ],
    [
      1781920533,
      1708.15
    ],
    [
      1781921435,
      1706.1
    ],
    [
      1781922336,
      1703.47
    ],
    [
      1781923237,
      1705.17
    ]
  ],
  "avalanche-2": [
    [
      1781916928,
      5.93
    ],
    [
      1781917830,
      5.91
    ],
    [
      1781918731,
      5.94
    ],
    [
      1781919632,
      5.95
    ],
    [
      1781920533,
      5.95
    ],
    [
      1781921435,
      5.94
    ],
    [
      1781922336,
      5.92
    ],
    [
      1781923237,
      5.93
    ]
  ],
  "ondo-finance": [
    [
      1781916928,
      0.352167
    ],
    [
      1781917830,
      0.350167
    ],
    [
      1781918731,
      0.350108
    ],
    [
      1781919632,
      0.352315
    ],
    [
      1781920533,
      0.351162
    ],
    [
      1781921435,
      0.35037
    ],
    [
      1781922336,
      0.348622
    ],
    [
      1781923237,
      0.349707
    ]
  ],
  "binancecoin": [
    [
      1781916928,
      580.95
    ],
    [
      1781917830,
      580.68
    ],
    [
      1781918731,
      581.13
    ],
    [
      1781919632,
      580.99
    ],
    [
      1781920533,
      581.06
    ],
    [
      1781921435,
      580.29
    ],
    [
      1781922336,
      580.24
    ],
    [
      1781923237,
      580.25
    ]
  ],
  "ripple": [
    [
      1781916928,
      1.14
    ],
    [
      1781917830,
      1.14
    ],
    [
      1781918731,
      1.14
    ],
    [
      1781919632,
      1.14
    ],
    [
      1781920533,
      1.14
    ],
    [
      1781921435,
      1.14
    ],
    [
      1781922336,
      1.14
    ],
    [
      1781923237,
      1.14
    ]
  ],
  "solana": [
    [
      1781916928,
      69.63
    ],
    [
      1781917830,
      69.54
    ],
    [
      1781918731,
      69.61
    ],
    [
      1781919632,
      69.77
    ],
    [
      1781920533,
      69.75
    ],
    [
      1781921435,
      69.62
    ],
    [
      1781922336,
      69.48
    ],
    [
      1781923237,
      69.55
    ]
  ],
  "dogecoin": [
    [
      1781916928,
      0.083512
    ],
    [
      1781917830,
      0.083318
    ],
    [
      1781918731,
      0.083376
    ],
    [
      1781919632,
      0.083435
    ],
    [
      1781920533,
      0.083388
    ],
    [
      1781921435,
      0.083316
    ],
    [
      1781922336,
      0.083235
    ],
    [
      1781923237,
      0.083229
    ]
  ],
  "cardano": [
    [
      1781916928,
      0.162721
    ],
    [
      1781917830,
      0.162184
    ],
    [
      1781918731,
      0.162253
    ],
    [
      1781919632,
      0.162461
    ],
    [
      1781920533,
      0.162385
    ],
    [
      1781921435,
      0.161964
    ],
    [
      1781922336,
      0.161753
    ],
    [
      1781923237,
      0.161852
    ]
  ],
  "tron": [
    [
      1781916928,
      0.323064
    ],
    [
      1781917830,
      0.322953
    ],
    [
      1781918731,
      0.32252
    ],
    [
      1781919632,
      0.322689
    ],
    [
      1781920533,
      0.322642
    ],
    [
      1781921435,
      0.322556
    ],
    [
      1781922336,
      0.322332
    ],
    [
      1781923237,
      0.322353
    ]
  ],
  "chainlink": [
    [
      1781916928,
      7.88
    ],
    [
      1781917830,
      7.88
    ],
    [
      1781918731,
      7.89
    ],
    [
      1781919632,
      7.9
    ],
    [
      1781920533,
      7.9
    ],
    [
      1781921435,
      7.9
    ],
    [
      1781922336,
      7.87
    ],
    [
      1781923237,
      7.87
    ]
  ],
  "the-open-network": [
    [
      1781916928,
      1.6
    ],
    [
      1781917830,
      1.59
    ],
    [
      1781918731,
      1.59
    ],
    [
      1781919632,
      1.59
    ],
    [
      1781920533,
      1.58
    ],
    [
      1781921435,
      1.57
    ],
    [
      1781922336,
      1.56
    ],
    [
      1781923237,
      1.57
    ]
  ],
  "stellar": [
    [
      1781916928,
      0.215971
    ],
    [
      1781917830,
      0.213021
    ],
    [
      1781918731,
      0.212756
    ],
    [
      1781919632,
      0.21321
    ],
    [
      1781920533,
      0.212847
    ],
    [
      1781921435,
      0.211888
    ],
    [
      1781922336,
      0.211253
    ],
    [
      1781923237,
      0.211289
    ]
  ],
  "hedera-hashgraph": [
    [
      1781916928,
      0.080479
    ],
    [
      1781917830,
      0.080212
    ],
    [
      1781918731,
      0.080119
    ],
    [
      1781919632,
      0.080223
    ],
    [
      1781920533,
      0.080081
    ],
    [
      1781921435,
      0.079969
    ],
    [
      1781922336,
      0.079621
    ],
    [
      1781923237,
      0.079621
    ]
  ],
  "sui": [
    [
      1781916928,
      0.714166
    ],
    [
      1781917830,
      0.711787
    ],
    [
      1781918731,
      0.712267
    ],
    [
      1781919632,
      0.714128
    ],
    [
      1781920533,
      0.712914
    ],
    [
      1781921435,
      0.710759
    ],
    [
      1781922336,
      0.708518
    ],
    [
      1781923237,
      0.709035
    ]
  ],
  "bitcoin-cash": [
    [
      1781916928,
      198.62
    ],
    [
      1781917830,
      198.14
    ],
    [
      1781918731,
      197.29
    ],
    [
      1781919632,
      197.87
    ],
    [
      1781920533,
      198.01
    ],
    [
      1781921435,
      197.37
    ],
    [
      1781922336,
      197.12
    ],
    [
      1781923237,
      197.41
    ]
  ],
  "litecoin": [
    [
      1781916928,
      43.94
    ],
    [
      1781917830,
      43.93
    ],
    [
      1781918731,
      43.92
    ],
    [
      1781919632,
      43.98
    ],
    [
      1781920533,
      43.9
    ],
    [
      1781921435,
      43.85
    ],
    [
      1781922336,
      43.81
    ],
    [
      1781923237,
      43.87
    ]
  ],
  "polkadot": [
    [
      1781916928,
      0.960389
    ],
    [
      1781917830,
      0.960133
    ],
    [
      1781918731,
      0.962102
    ],
    [
      1781919632,
      0.961616
    ],
    [
      1781920533,
      0.960301
    ],
    [
      1781921435,
      0.959869
    ],
    [
      1781922336,
      0.957572
    ],
    [
      1781923237,
      0.95672
    ]
  ],
  "hyperliquid": [
    [
      1781916928,
      69.22
    ],
    [
      1781917830,
      69.05
    ],
    [
      1781918731,
      68.97
    ],
    [
      1781919632,
      69.17
    ],
    [
      1781920533,
      69.36
    ],
    [
      1781921435,
      69.06
    ],
    [
      1781922336,
      68.71
    ],
    [
      1781923237,
      68.69
    ]
  ],
  "monero": [
    [
      1781916928,
      313.72
    ],
    [
      1781917830,
      313.95
    ],
    [
      1781918731,
      313.27
    ],
    [
      1781919632,
      314.33
    ],
    [
      1781920533,
      314.58
    ],
    [
      1781921435,
      314.12
    ],
    [
      1781922336,
      314.52
    ],
    [
      1781923237,
      313.36
    ]
  ],
  "_alerts_sent": {}
}