{
  "bitcoin": [
    [
      1780785879,
      60540
    ],
    [
      1780786781,
      60585
    ],
    [
      1780787682,
      60703
    ],
    [
      1780788583,
      60656
    ],
    [
      1780789484,
      60859
    ],
    [
      1780790385,
      60862
    ],
    [
      1780791287,
      60798
    ],
    [
      1780792188,
      60771
    ]
  ],
  "ethereum": [
    [
      1780785879,
      1555.82
    ],
    [
      1780786781,
      1558.89
    ],
    [
      1780787682,
      1562.5
    ],
    [
      1780788583,
      1559.15
    ],
    [
      1780789484,
      1566.96
    ],
    [
      1780790385,
      1568.77
    ],
    [
      1780791287,
      1565.59
    ],
    [
      1780792188,
      1564.32
    ]
  ],
  "avalanche-2": [
    [
      1780785879,
      6.61
    ],
    [
      1780786781,
      6.64
    ],
    [
      1780787682,
      6.66
    ],
    [
      1780788583,
      6.64
    ],
    [
      1780789484,
      6.67
    ],
    [
      1780790385,
      6.67
    ],
    [
      1780791287,
      6.66
    ],
    [
      1780792188,
      6.66
    ]
  ],
  "ondo-finance": [
    [
      1780785879,
      0.321956
    ],
    [
      1780786781,
      0.323175
    ],
    [
      1780787682,
      0.324444
    ],
    [
      1780788583,
      0.322184
    ],
    [
      1780789484,
      0.324778
    ],
    [
      1780790385,
      0.324564
    ],
    [
      1780791287,
      0.32297
    ],
    [
      1780792188,
      0.323219
    ]
  ],
  "binancecoin": [
    [
      1780785879,
      571.85
    ],
    [
      1780786781,
      573.06
    ],
    [
      1780787682,
      573.95
    ],
    [
      1780788583,
      573.35
    ],
    [
      1780789484,
      574.48
    ],
    [
      1780790385,
      574.42
    ],
    [
      1780791287,
      574.12
    ],
    [
      1780792188,
      573.88
    ]
  ],
  "ripple": [
    [
      1780785879,
      1.085
    ],
    [
      1780786781,
      1.088
    ],
    [
      1780787682,
      1.09
    ],
    [
      1780788583,
      1.088
    ],
    [
      1780789484,
      1.093
    ],
    [
      1780790385,
      1.093
    ],
    [
      1780791287,
      1.091
    ],
    [
      1780792188,
      1.093
    ]
  ],
  "solana": [
    [
      1780785879,
      61.63
    ],
    [
      1780786781,
      61.79
    ],
    [
      1780787682,
      62.04
    ],
    [
      1780788583,
      61.91
    ],
    [
      1780789484,
      62.15
    ],
    [
      1780790385,
      62.16
    ],
    [
      1780791287,
      62.04
    ],
    [
      1780792188,
      62.12
    ]
  ],
  "dogecoin": [
    [
      1780785879,
      0.081237
    ],
    [
      1780786781,
      0.081455
    ],
    [
      1780787682,
      0.08155
    ],
    [
      1780788583,
      0.081339
    ],
    [
      1780789484,
      0.081781
    ],
    [
      1780790385,
      0.081838
    ],
    [
      1780791287,
      0.081707
    ],
    [
      1780792188,
      0.081676
    ]
  ],
  "cardano": [
    [
      1780785879,
      0.156298
    ],
    [
      1780786781,
      0.156392
    ],
    [
      1780787682,
      0.156414
    ],
    [
      1780788583,
      0.156016
    ],
    [
      1780789484,
      0.157175
    ],
    [
      1780790385,
      0.15713
    ],
    [
      1780791287,
      0.156945
    ],
    [
      1780792188,
      0.157267
    ]
  ],
  "tron": [
    [
      1780785879,
      0.323066
    ],
    [
      1780786781,
      0.323382
    ],
    [
      1780787682,
      0.323707
    ],
    [
      1780788583,
      0.323629
    ],
    [
      1780789484,
      0.323793
    ],
    [
      1780790385,
      0.323971
    ],
    [
      1780791287,
      0.324098
    ],
    [
      1780792188,
      0.323592
    ]
  ],
  "chainlink": [
    [
      1780785879,
      7.36
    ],
    [
      1780786781,
      7.36
    ],
    [
      1780787682,
      7.37
    ],
    [
      1780788583,
      7.35
    ],
    [
      1780789484,
      7.39
    ],
    [
      1780790385,
      7.39
    ],
    [
      1780791287,
      7.38
    ],
    [
      1780792188,
      7.38
    ]
  ],
  "the-open-network": [
    [
      1780785879,
      1.65
    ],
    [
      1780786781,
      1.63
    ],
    [
      1780787682,
      1.64
    ],
    [
      1780788583,
      1.63
    ],
    [
      1780789484,
      1.64
    ],
    [
      1780790385,
      1.64
    ],
    [
      1780791287,
      1.64
    ],
    [
      1780792188,
      1.64
    ]
  ],
  "stellar": [
    [
      1780785879,
      0.210171
    ],
    [
      1780786781,
      0.211392
    ],
    [
      1780787682,
      0.213115
    ],
    [
      1780788583,
      0.212417
    ],
    [
      1780789484,
      0.214193
    ],
    [
      1780790385,
      0.212629
    ],
    [
      1780791287,
      0.211961
    ],
    [
      1780792188,
      0.211866
    ]
  ],
  "hedera-hashgraph": [
    [
      1780785879,
      0.079386
    ],
    [
      1780786781,
      0.079637
    ],
    [
      1780787682,
      0.079784
    ],
    [
      1780788583,
      0.079436
    ],
    [
      1780789484,
      0.079718
    ],
    [
      1780790385,
      0.079721
    ],
    [
      1780791287,
      0.079565
    ],
    [
      1780792188,
      0.079631
    ]
  ],
  "sui": [
    [
      1780785879,
      0.711112
    ],
    [
      1780786781,
      0.712855
    ],
    [
      1780787682,
      0.714462
    ],
    [
      1780788583,
      0.713981
    ],
    [
      1780789484,
      0.719212
    ],
    [
      1780790385,
      0.718368
    ],
    [
      1780791287,
      0.717289
    ],
    [
      1780792188,
      0.718282
    ]
  ],
  "bitcoin-cash": [
    [
      1780785879,
      215.34
    ],
    [
      1780786781,
      216.37
    ],
    [
      1780787682,
      216.92
    ],
    [
      1780788583,
      216.39
    ],
    [
      1780789484,
      217.18
    ],
    [
      1780790385,
      217.31
    ],
    [
      1780791287,
      216.81
    ],
    [
      1780792188,
      216.53
    ]
  ],
  "litecoin": [
    [
      1780785879,
      40.97
    ],
    [
      1780786781,
      41.07
    ],
    [
      1780787682,
      41.19
    ],
    [
      1780788583,
      41.08
    ],
    [
      1780789484,
      41.21
    ],
    [
      1780790385,
      41.32
    ],
    [
      1780791287,
      41.33
    ],
    [
      1780792188,
      41.26
    ]
  ],
  "polkadot": [
    [
      1780785879,
      0.935116
    ],
    [
      1780786781,
      0.937082
    ],
    [
      1780787682,
      0.939712
    ],
    [
      1780788583,
      0.938381
    ],
    [
      1780789484,
      0.942417
    ],
    [
      1780790385,
      0.942444
    ],
    [
      1780791287,
      0.941678
    ],
    [
      1780792188,
      0.941267
    ]
  ],
  "hyperliquid": [
    [
      1780785879,
      56.18
    ],
    [
      1780786781,
      56.57
    ],
    [
      1780787682,
      56.65
    ],
    [
      1780788583,
      56.29
    ],
    [
      1780789484,
      56.74
    ],
    [
      1780790385,
      56.65
    ],
    [
      1780791287,
      56.57
    ],
    [
      1780792188,
      56.23
    ]
  ],
  "monero": [
    [
      1780785879,
      293.74
    ],
    [
      1780786781,
      293.49
    ],
    [
      1780787682,
      295.07
    ],
    [
      1780788583,
      293.65
    ],
    [
      1780789484,
      295.67
    ],
    [
      1780790385,
      295.8
    ],
    [
      1780791287,
      294.78
    ],
    [
      1780792188,
      293.66
    ]
  ],
  "_alerts_sent": {}
}