{
  "bitcoin": [
    [
      1783928144,
      62976
    ],
    [
      1783929050,
      62943
    ],
    [
      1783929951,
      62959
    ],
    [
      1783930853,
      62962
    ],
    [
      1783931755,
      63032
    ],
    [
      1783932657,
      63145
    ],
    [
      1783933559,
      63110
    ],
    [
      1783934461,
      63057
    ]
  ],
  "ethereum": [
    [
      1783928144,
      1788.05
    ],
    [
      1783929050,
      1785.28
    ],
    [
      1783929951,
      1785.74
    ],
    [
      1783930853,
      1784.29
    ],
    [
      1783931755,
      1785.85
    ],
    [
      1783932657,
      1790.35
    ],
    [
      1783933559,
      1787.52
    ],
    [
      1783934461,
      1784.54
    ]
  ],
  "avalanche-2": [
    [
      1783928144,
      6.5
    ],
    [
      1783929050,
      6.49
    ],
    [
      1783929951,
      6.51
    ],
    [
      1783930853,
      6.51
    ],
    [
      1783931755,
      6.51
    ],
    [
      1783932657,
      6.51
    ],
    [
      1783933559,
      6.53
    ],
    [
      1783934461,
      6.58
    ]
  ],
  "ondo-finance": [
    [
      1783928144,
      0.3195
    ],
    [
      1783929050,
      0.319189
    ],
    [
      1783929951,
      0.319244
    ],
    [
      1783930853,
      0.319222
    ],
    [
      1783931755,
      0.319369
    ],
    [
      1783932657,
      0.31976
    ],
    [
      1783933559,
      0.319916
    ],
    [
      1783934461,
      0.319545
    ]
  ],
  "binancecoin": [
    [
      1783928144,
      569.81
    ],
    [
      1783929050,
      569.44
    ],
    [
      1783929951,
      569.34
    ],
    [
      1783930853,
      569.48
    ],
    [
      1783931755,
      569.64
    ],
    [
      1783932657,
      570.05
    ],
    [
      1783933559,
      569.49
    ],
    [
      1783934461,
      569.13
    ]
  ],
  "ripple": [
    [
      1783928144,
      1.08
    ],
    [
      1783929050,
      1.079
    ],
    [
      1783929951,
      1.079
    ],
    [
      1783930853,
      1.08
    ],
    [
      1783931755,
      1.079
    ],
    [
      1783932657,
      1.08
    ],
    [
      1783933559,
      1.079
    ],
    [
      1783934461,
      1.079
    ]
  ],
  "solana": [
    [
      1783928144,
      76.54
    ],
    [
      1783929050,
      76.39
    ],
    [
      1783929951,
      76.41
    ],
    [
      1783930853,
      76.42
    ],
    [
      1783931755,
      76.43
    ],
    [
      1783932657,
      76.62
    ],
    [
      1783933559,
      76.62
    ],
    [
      1783934461,
      76.6
    ]
  ],
  "dogecoin": [
    [
      1783928144,
      0.072417
    ],
    [
      1783929050,
      0.072335
    ],
    [
      1783929951,
      0.072361
    ],
    [
      1783930853,
      0.072348
    ],
    [
      1783931755,
      0.072347
    ],
    [
      1783932657,
      0.072475
    ],
    [
      1783933559,
      0.072479
    ],
    [
      1783934461,
      0.072367
    ]
  ],
  "cardano": [
    [
      1783928144,
      0.160184
    ],
    [
      1783929050,
      0.160174
    ],
    [
      1783929951,
      0.160389
    ],
    [
      1783930853,
      0.160243
    ],
    [
      1783931755,
      0.159816
    ],
    [
      1783932657,
      0.160092
    ],
    [
      1783933559,
      0.160185
    ],
    [
      1783934461,
      0.160117
    ]
  ],
  "tron": [
    [
      1783928144,
      0.329727
    ],
    [
      1783929050,
      0.329481
    ],
    [
      1783929951,
      0.329466
    ],
    [
      1783930853,
      0.329821
    ],
    [
      1783931755,
      0.32989
    ],
    [
      1783932657,
      0.329889
    ],
    [
      1783933559,
      0.329584
    ],
    [
      1783934461,
      0.32978
    ]
  ],
  "chainlink": [
    [
      1783928144,
      7.97
    ],
    [
      1783929050,
      7.97
    ],
    [
      1783929951,
      7.98
    ],
    [
      1783930853,
      7.99
    ],
    [
      1783931755,
      7.98
    ],
    [
      1783932657,
      7.99
    ],
    [
      1783933559,
      7.99
    ],
    [
      1783934461,
      7.98
    ]
  ],
  "the-open-network": [
    [
      1783928144,
      1.61
    ],
    [
      1783929050,
      1.61
    ],
    [
      1783929951,
      1.61
    ],
    [
      1783930853,
      1.6
    ],
    [
      1783931755,
      1.6
    ],
    [
      1783932657,
      1.61
    ],
    [
      1783933559,
      1.61
    ],
    [
      1783934461,
      1.61
    ]
  ],
  "stellar": [
    [
      1783928144,
      0.183993
    ],
    [
      1783929050,
      0.183626
    ],
    [
      1783929951,
      0.184056
    ],
    [
      1783930853,
      0.183948
    ],
    [
      1783931755,
      0.183946
    ],
    [
      1783932657,
      0.184041
    ],
    [
      1783933559,
      0.183962
    ],
    [
      1783934461,
      0.183903
    ]
  ],
  "hedera-hashgraph": [
    [
      1783928144,
      0.067671
    ],
    [
      1783929050,
      0.06766
    ],
    [
      1783929951,
      0.067664
    ],
    [
      1783930853,
      0.067727
    ],
    [
      1783931755,
      0.067801
    ],
    [
      1783932657,
      0.067702
    ],
    [
      1783933559,
      0.0677
    ],
    [
      1783934461,
      0.067454
    ]
  ],
  "sui": [
    [
      1783928144,
      0.73225
    ],
    [
      1783929050,
      0.731886
    ],
    [
      1783929951,
      0.732081
    ],
    [
      1783930853,
      0.731901
    ],
    [
      1783931755,
      0.732214
    ],
    [
      1783932657,
      0.734812
    ],
    [
      1783933559,
      0.733528
    ],
    [
      1783934461,
      0.732897
    ]
  ],
  "bitcoin-cash": [
    [
      1783928144,
      237.01
    ],
    [
      1783929050,
      236.88
    ],
    [
      1783929951,
      237.2
    ],
    [
      1783930853,
      238.17
    ],
    [
      1783931755,
      238.1
    ],
    [
      1783932657,
      238.67
    ],
    [
      1783933559,
      238.42
    ],
    [
      1783934461,
      238.21
    ]
  ],
  "litecoin": [
    [
      1783928144,
      43.97
    ],
    [
      1783929050,
      43.88
    ],
    [
      1783929951,
      43.89
    ],
    [
      1783930853,
      43.92
    ],
    [
      1783931755,
      43.9
    ],
    [
      1783932657,
      43.91
    ],
    [
      1783933559,
      43.88
    ],
    [
      1783934461,
      43.82
    ]
  ],
  "polkadot": [
    [
      1783928144,
      0.835279
    ],
    [
      1783929050,
      0.836828
    ],
    [
      1783929951,
      0.83765
    ],
    [
      1783930853,
      0.836531
    ],
    [
      1783931755,
      0.834317
    ],
    [
      1783932657,
      0.834371
    ],
    [
      1783933559,
      0.835115
    ],
    [
      1783934461,
      0.833061
    ]
  ],
  "hyperliquid": [
    [
      1783928144,
      65.49
    ],
    [
      1783929050,
      65.31
    ],
    [
      1783929951,
      65.45
    ],
    [
      1783930853,
      65.53
    ],
    [
      1783931755,
      65.53
    ],
    [
      1783932657,
      65.65
    ],
    [
      1783933559,
      65.52
    ],
    [
      1783934461,
      65.16
    ]
  ],
  "monero": [
    [
      1783928144,
      329.74
    ],
    [
      1783929050,
      329.76
    ],
    [
      1783929951,
      330.34
    ],
    [
      1783930853,
      330.89
    ],
    [
      1783931755,
      329.13
    ],
    [
      1783932657,
      329.59
    ],
    [
      1783933559,
      331.23
    ],
    [
      1783934461,
      331.39
    ]
  ],
  "_alerts_sent": {}
}