{
  "bitcoin": [
    [
      1784153475,
      64786
    ],
    [
      1784154376,
      64795
    ],
    [
      1784155277,
      64853
    ],
    [
      1784156178,
      64846
    ],
    [
      1784157080,
      64874
    ],
    [
      1784157981,
      64818
    ],
    [
      1784158882,
      64770
    ],
    [
      1784159783,
      64743
    ]
  ],
  "ethereum": [
    [
      1784153475,
      1921.48
    ],
    [
      1784154376,
      1919.43
    ],
    [
      1784155277,
      1922.8
    ],
    [
      1784156178,
      1921.84
    ],
    [
      1784157080,
      1924.89
    ],
    [
      1784157981,
      1921.4
    ],
    [
      1784158882,
      1918.93
    ],
    [
      1784159783,
      1917.97
    ]
  ],
  "avalanche-2": [
    [
      1784153475,
      6.68
    ],
    [
      1784154376,
      6.68
    ],
    [
      1784155277,
      6.69
    ],
    [
      1784156178,
      6.69
    ],
    [
      1784157080,
      6.7
    ],
    [
      1784157981,
      6.7
    ],
    [
      1784158882,
      6.7
    ],
    [
      1784159783,
      6.69
    ]
  ],
  "ondo-finance": [
    [
      1784153475,
      0.36405
    ],
    [
      1784154376,
      0.363711
    ],
    [
      1784155277,
      0.364299
    ],
    [
      1784156178,
      0.366562
    ],
    [
      1784157080,
      0.366744
    ],
    [
      1784157981,
      0.367459
    ],
    [
      1784158882,
      0.365222
    ],
    [
      1784159783,
      0.365057
    ]
  ],
  "binancecoin": [
    [
      1784153475,
      580.62
    ],
    [
      1784154376,
      580.53
    ],
    [
      1784155277,
      580.69
    ],
    [
      1784156178,
      580.64
    ],
    [
      1784157080,
      581.03
    ],
    [
      1784157981,
      580.45
    ],
    [
      1784158882,
      580.37
    ],
    [
      1784159783,
      580.1
    ]
  ],
  "ripple": [
    [
      1784153475,
      1.12
    ],
    [
      1784154376,
      1.12
    ],
    [
      1784155277,
      1.12
    ],
    [
      1784156178,
      1.12
    ],
    [
      1784157080,
      1.12
    ],
    [
      1784157981,
      1.11
    ],
    [
      1784158882,
      1.11
    ],
    [
      1784159783,
      1.11
    ]
  ],
  "solana": [
    [
      1784153475,
      77.42
    ],
    [
      1784154376,
      77.48
    ],
    [
      1784155277,
      77.55
    ],
    [
      1784156178,
      77.49
    ],
    [
      1784157080,
      77.49
    ],
    [
      1784157981,
      77.46
    ],
    [
      1784158882,
      77.42
    ],
    [
      1784159783,
      77.26
    ]
  ],
  "dogecoin": [
    [
      1784153475,
      0.07397
    ],
    [
      1784154376,
      0.073979
    ],
    [
      1784155277,
      0.07403
    ],
    [
      1784156178,
      0.074035
    ],
    [
      1784157080,
      0.074068
    ],
    [
      1784157981,
      0.074082
    ],
    [
      1784158882,
      0.074062
    ],
    [
      1784159783,
      0.074013
    ]
  ],
  "cardano": [
    [
      1784153475,
      0.164522
    ],
    [
      1784154376,
      0.164809
    ],
    [
      1784155277,
      0.165202
    ],
    [
      1784156178,
      0.164981
    ],
    [
      1784157080,
      0.16546
    ],
    [
      1784157981,
      0.16583
    ],
    [
      1784158882,
      0.165289
    ],
    [
      1784159783,
      0.1651
    ]
  ],
  "tron": [
    [
      1784153475,
      0.324302
    ],
    [
      1784154376,
      0.324426
    ],
    [
      1784155277,
      0.324461
    ],
    [
      1784156178,
      0.324499
    ],
    [
      1784157080,
      0.324478
    ],
    [
      1784157981,
      0.324437
    ],
    [
      1784158882,
      0.324406
    ],
    [
      1784159783,
      0.32436
    ]
  ],
  "chainlink": [
    [
      1784153475,
      8.53
    ],
    [
      1784154376,
      8.53
    ],
    [
      1784155277,
      8.56
    ],
    [
      1784156178,
      8.55
    ],
    [
      1784157080,
      8.55
    ],
    [
      1784157981,
      8.54
    ],
    [
      1784158882,
      8.53
    ],
    [
      1784159783,
      8.53
    ]
  ],
  "the-open-network": [
    [
      1784153475,
      1.59
    ],
    [
      1784154376,
      1.59
    ],
    [
      1784155277,
      1.59
    ],
    [
      1784156178,
      1.58
    ],
    [
      1784157080,
      1.58
    ],
    [
      1784157981,
      1.58
    ],
    [
      1784158882,
      1.58
    ],
    [
      1784159783,
      1.57
    ]
  ],
  "stellar": [
    [
      1784153475,
      0.188757
    ],
    [
      1784154376,
      0.188789
    ],
    [
      1784155277,
      0.189206
    ],
    [
      1784156178,
      0.189147
    ],
    [
      1784157080,
      0.188903
    ],
    [
      1784157981,
      0.189156
    ],
    [
      1784158882,
      0.18913
    ],
    [
      1784159783,
      0.18832
    ]
  ],
  "hedera-hashgraph": [
    [
      1784153475,
      0.067826
    ],
    [
      1784154376,
      0.067949
    ],
    [
      1784155277,
      0.067953
    ],
    [
      1784156178,
      0.067957
    ],
    [
      1784157080,
      0.068063
    ],
    [
      1784157981,
      0.068043
    ],
    [
      1784158882,
      0.067996
    ],
    [
      1784159783,
      0.067883
    ]
  ],
  "sui": [
    [
      1784153475,
      0.752568
    ],
    [
      1784154376,
      0.753287
    ],
    [
      1784155277,
      0.754263
    ],
    [
      1784156178,
      0.756653
    ],
    [
      1784157080,
      0.756509
    ],
    [
      1784157981,
      0.758608
    ],
    [
      1784158882,
      0.756971
    ],
    [
      1784159783,
      0.754871
    ]
  ],
  "bitcoin-cash": [
    [
      1784153475,
      226.48
    ],
    [
      1784154376,
      226.93
    ],
    [
      1784155277,
      227.27
    ],
    [
      1784156178,
      226.96
    ],
    [
      1784157080,
      226.43
    ],
    [
      1784157981,
      224.5
    ],
    [
      1784158882,
      224.7
    ],
    [
      1784159783,
      223.35
    ]
  ],
  "litecoin": [
    [
      1784153475,
      45.01
    ],
    [
      1784154376,
      45.02
    ],
    [
      1784155277,
      45.02
    ],
    [
      1784156178,
      45.05
    ],
    [
      1784157080,
      45.11
    ],
    [
      1784157981,
      45.15
    ],
    [
      1784158882,
      45.14
    ],
    [
      1784159783,
      45.09
    ]
  ],
  "polkadot": [
    [
      1784153475,
      0.845989
    ],
    [
      1784154376,
      0.846286
    ],
    [
      1784155277,
      0.84744
    ],
    [
      1784156178,
      0.847579
    ],
    [
      1784157080,
      0.847933
    ],
    [
      1784157981,
      0.84756
    ],
    [
      1784158882,
      0.846572
    ],
    [
      1784159783,
      0.846317
    ]
  ],
  "hyperliquid": [
    [
      1784153475,
      67.02
    ],
    [
      1784154376,
      66.95
    ],
    [
      1784155277,
      67.0
    ],
    [
      1784156178,
      67.09
    ],
    [
      1784157080,
      67.17
    ],
    [
      1784157981,
      67.08
    ],
    [
      1784158882,
      66.89
    ],
    [
      1784159783,
      66.83
    ]
  ],
  "monero": [
    [
      1784153475,
      329.39
    ],
    [
      1784154376,
      326.82
    ],
    [
      1784155277,
      328.4
    ],
    [
      1784156178,
      329.42
    ],
    [
      1784157080,
      329.89
    ],
    [
      1784157981,
      329.56
    ],
    [
      1784158882,
      329.11
    ],
    [
      1784159783,
      329.89
    ]
  ],
  "_alerts_sent": {
    "ondo-finance_2026-07-15 22": true
  }
}