{
  "bitcoin": [
    [
      1782664922,
      59659.9
    ],
    [
      1782665823,
      59592.7
    ],
    [
      1782666725,
      59546.5
    ],
    [
      1782667626,
      59528.6
    ],
    [
      1782668528,
      59426.9
    ],
    [
      1782669429,
      59515.6
    ],
    [
      1782670330,
      59562.3
    ],
    [
      1782671232,
      59572
    ]
  ],
  "ethereum": [
    [
      1782664922,
      1568.22
    ],
    [
      1782665823,
      1568.99
    ],
    [
      1782666725,
      1568.0
    ],
    [
      1782667626,
      1565.84
    ],
    [
      1782668528,
      1565.85
    ],
    [
      1782669429,
      1570.35
    ],
    [
      1782670330,
      1571.74
    ],
    [
      1782671232,
      1570.67
    ]
  ],
  "avalanche-2": [
    [
      1782664922,
      6.28
    ],
    [
      1782665823,
      6.295
    ],
    [
      1782666725,
      6.306
    ],
    [
      1782667626,
      6.29
    ],
    [
      1782668528,
      6.29
    ],
    [
      1782669429,
      6.313
    ],
    [
      1782670330,
      6.328
    ],
    [
      1782671232,
      6.32
    ]
  ],
  "ondo-finance": [
    [
      1782664922,
      0.30734
    ],
    [
      1782665823,
      0.30775
    ],
    [
      1782666725,
      0.30771
    ],
    [
      1782667626,
      0.30735
    ],
    [
      1782668528,
      0.30584
    ],
    [
      1782669429,
      0.30708
    ],
    [
      1782670330,
      0.30799
    ],
    [
      1782671232,
      0.307781
    ]
  ],
  "binancecoin": [
    [
      1782671232,
      551.51
    ]
  ],
  "ripple": [
    [
      1782671232,
      1.044
    ]
  ],
  "solana": [
    [
      1782671232,
      71.23
    ]
  ],
  "dogecoin": [
    [
      1782671232,
      0.073085
    ]
  ],
  "cardano": [
    [
      1782671232,
      0.143105
    ]
  ],
  "tron": [
    [
      1782671232,
      0.322543
    ]
  ],
  "chainlink": [
    [
      1782671232,
      7.24
    ]
  ],
  "the-open-network": [
    [
      1782671232,
      1.55
    ]
  ],
  "stellar": [
    [
      1782671232,
      0.169645
    ]
  ],
  "hedera-hashgraph": [
    [
      1782671232,
      0.070829
    ]
  ],
  "sui": [
    [
      1782671232,
      0.681654
    ]
  ],
  "bitcoin-cash": [
    [
      1782671232,
      190.51
    ]
  ],
  "litecoin": [
    [
      1782671232,
      42.87
    ]
  ],
  "polkadot": [
    [
      1782671232,
      0.805032
    ]
  ],
  "hyperliquid": [
    [
      1782671232,
      62.09
    ]
  ],
  "monero": [
    [
      1782671232,
      310.72
    ]
  ],
  "_alerts_sent": {}
}