{
  "bitcoin": [
    [
      1780645019,
      62464
    ],
    [
      1780645920,
      62801
    ],
    [
      1780646822,
      62834
    ],
    [
      1780647724,
      62580
    ],
    [
      1780648625,
      62666
    ],
    [
      1780649526,
      62496
    ],
    [
      1780650428,
      62523
    ],
    [
      1780651329,
      62938
    ]
  ],
  "ethereum": [
    [
      1780645019,
      1659.88
    ],
    [
      1780645920,
      1672.76
    ],
    [
      1780646822,
      1671.93
    ],
    [
      1780647724,
      1664.09
    ],
    [
      1780648625,
      1670.46
    ],
    [
      1780649526,
      1665.44
    ],
    [
      1780650428,
      1667.8
    ],
    [
      1780651329,
      1679.42
    ]
  ],
  "avalanche-2": [
    [
      1780645019,
      7.22
    ],
    [
      1780645920,
      7.29
    ],
    [
      1780646822,
      7.27
    ],
    [
      1780647724,
      7.22
    ],
    [
      1780648625,
      7.19
    ],
    [
      1780649526,
      7.16
    ],
    [
      1780650428,
      7.17
    ],
    [
      1780651329,
      7.23
    ]
  ],
  "ondo-finance": [
    [
      1780645019,
      0.356555
    ],
    [
      1780645920,
      0.362679
    ],
    [
      1780646822,
      0.36256
    ],
    [
      1780647724,
      0.356923
    ],
    [
      1780648625,
      0.355782
    ],
    [
      1780649526,
      0.355617
    ],
    [
      1780650428,
      0.356311
    ],
    [
      1780651329,
      0.355527
    ]
  ],
  "binancecoin": [
    [
      1780645019,
      590.06
    ],
    [
      1780645920,
      589.62
    ],
    [
      1780646822,
      590.25
    ],
    [
      1780647724,
      587.19
    ],
    [
      1780648625,
      587.74
    ],
    [
      1780649526,
      587.54
    ],
    [
      1780650428,
      587.1
    ],
    [
      1780651329,
      591.88
    ]
  ],
  "ripple": [
    [
      1780645019,
      1.12
    ],
    [
      1780645920,
      1.13
    ],
    [
      1780646822,
      1.13
    ],
    [
      1780647724,
      1.13
    ],
    [
      1780648625,
      1.13
    ],
    [
      1780649526,
      1.12
    ],
    [
      1780650428,
      1.13
    ],
    [
      1780651329,
      1.13
    ]
  ],
  "solana": [
    [
      1780645019,
      65.85
    ],
    [
      1780645920,
      66.08
    ],
    [
      1780646822,
      65.88
    ],
    [
      1780647724,
      65.56
    ],
    [
      1780648625,
      65.81
    ],
    [
      1780649526,
      65.4
    ],
    [
      1780650428,
      65.52
    ],
    [
      1780651329,
      66.13
    ]
  ],
  "dogecoin": [
    [
      1780645019,
      0.083971
    ],
    [
      1780645920,
      0.084823
    ],
    [
      1780646822,
      0.084656
    ],
    [
      1780647724,
      0.084012
    ],
    [
      1780648625,
      0.083945
    ],
    [
      1780649526,
      0.083653
    ],
    [
      1780650428,
      0.083816
    ],
    [
      1780651329,
      0.084382
    ]
  ],
  "cardano": [
    [
      1780645019,
      0.16365
    ],
    [
      1780645920,
      0.16467
    ],
    [
      1780646822,
      0.162706
    ],
    [
      1780647724,
      0.16062
    ],
    [
      1780648625,
      0.159915
    ],
    [
      1780649526,
      0.159567
    ],
    [
      1780650428,
      0.161214
    ],
    [
      1780651329,
      0.163637
    ]
  ],
  "tron": [
    [
      1780645019,
      0.324632
    ],
    [
      1780645920,
      0.325103
    ],
    [
      1780646822,
      0.325455
    ],
    [
      1780647724,
      0.325587
    ],
    [
      1780648625,
      0.325171
    ],
    [
      1780649526,
      0.324781
    ],
    [
      1780650428,
      0.324047
    ],
    [
      1780651329,
      0.324737
    ]
  ],
  "chainlink": [
    [
      1780645019,
      7.54
    ],
    [
      1780645920,
      7.61
    ],
    [
      1780646822,
      7.59
    ],
    [
      1780647724,
      7.55
    ],
    [
      1780648625,
      7.56
    ],
    [
      1780649526,
      7.53
    ],
    [
      1780650428,
      7.53
    ],
    [
      1780651329,
      7.62
    ]
  ],
  "the-open-network": [
    [
      1780645019,
      1.56
    ],
    [
      1780645920,
      1.57
    ],
    [
      1780646822,
      1.57
    ],
    [
      1780647724,
      1.56
    ],
    [
      1780648625,
      1.55
    ],
    [
      1780649526,
      1.54
    ],
    [
      1780650428,
      1.54
    ],
    [
      1780651329,
      1.55
    ]
  ],
  "stellar": [
    [
      1780645019,
      0.189831
    ],
    [
      1780645920,
      0.19077
    ],
    [
      1780646822,
      0.191728
    ],
    [
      1780647724,
      0.189157
    ],
    [
      1780648625,
      0.188606
    ],
    [
      1780649526,
      0.190471
    ],
    [
      1780650428,
      0.192008
    ],
    [
      1780651329,
      0.192073
    ]
  ],
  "hedera-hashgraph": [
    [
      1780645019,
      0.081591
    ],
    [
      1780645920,
      0.081755
    ],
    [
      1780646822,
      0.081644
    ],
    [
      1780647724,
      0.081557
    ],
    [
      1780648625,
      0.081507
    ],
    [
      1780649526,
      0.081439
    ],
    [
      1780650428,
      0.081552
    ],
    [
      1780651329,
      0.08188
    ]
  ],
  "sui": [
    [
      1780645019,
      0.705631
    ],
    [
      1780645920,
      0.710365
    ],
    [
      1780646822,
      0.70714
    ],
    [
      1780647724,
      0.700779
    ],
    [
      1780648625,
      0.700786
    ],
    [
      1780649526,
      0.698314
    ],
    [
      1780650428,
      0.703938
    ],
    [
      1780651329,
      0.711707
    ]
  ],
  "bitcoin-cash": [
    [
      1780645019,
      223.38
    ],
    [
      1780645920,
      224.29
    ],
    [
      1780646822,
      225.11
    ],
    [
      1780647724,
      223.76
    ],
    [
      1780648625,
      223.95
    ],
    [
      1780649526,
      222.71
    ],
    [
      1780650428,
      223.83
    ],
    [
      1780651329,
      226.15
    ]
  ],
  "litecoin": [
    [
      1780645019,
      43.75
    ],
    [
      1780645920,
      44.03
    ],
    [
      1780646822,
      43.99
    ],
    [
      1780647724,
      43.76
    ],
    [
      1780648625,
      43.83
    ],
    [
      1780649526,
      43.77
    ],
    [
      1780650428,
      43.91
    ],
    [
      1780651329,
      44.32
    ]
  ],
  "polkadot": [
    [
      1780645019,
      0.984311
    ],
    [
      1780645920,
      0.991795
    ],
    [
      1780646822,
      0.98977
    ],
    [
      1780647724,
      0.982585
    ],
    [
      1780648625,
      0.983125
    ],
    [
      1780649526,
      0.980569
    ],
    [
      1780650428,
      0.983238
    ],
    [
      1780651329,
      0.996031
    ]
  ],
  "hyperliquid": [
    [
      1780645019,
      61.38
    ],
    [
      1780645920,
      61.96
    ],
    [
      1780646822,
      62.43
    ],
    [
      1780647724,
      61.81
    ],
    [
      1780648625,
      61.77
    ],
    [
      1780649526,
      61.5
    ],
    [
      1780650428,
      61.59
    ],
    [
      1780651329,
      62.0
    ]
  ],
  "monero": [
    [
      1780645019,
      321.66
    ],
    [
      1780645920,
      322.03
    ],
    [
      1780646822,
      325.9
    ],
    [
      1780647724,
      328.82
    ],
    [
      1780648625,
      324.47
    ],
    [
      1780649526,
      327.3
    ],
    [
      1780650428,
      329.19
    ],
    [
      1780651329,
      332.85
    ]
  ],
  "_alerts_sent": {
    "the-open-network_2026-06-05 08": true,
    "hyperliquid_2026-06-05 08": true,
    "monero_2026-06-05 08": true,
    "bitcoin-cash_2026-06-05 08": true,
    "monero_2026-06-05 10": true
  }
}