{
  "bitcoin": [
    [
      1782427653,
      59745
    ],
    [
      1782428555,
      59828.5
    ],
    [
      1782429457,
      59882.8
    ],
    [
      1782430358,
      60052.5
    ],
    [
      1782431260,
      59827.4
    ],
    [
      1782432547,
      59725.5
    ],
    [
      1782433866,
      59671
    ]
  ],
  "ethereum": [
    [
      1782427653,
      1569.94
    ],
    [
      1782428555,
      1569.85
    ],
    [
      1782429457,
      1571.9
    ],
    [
      1782430358,
      1575.32
    ],
    [
      1782431260,
      1567.51
    ],
    [
      1782432547,
      1567.0
    ],
    [
      1782433866,
      1566.04
    ]
  ],
  "avalanche-2": [
    [
      1782427653,
      6.19
    ],
    [
      1782428555,
      6.202
    ],
    [
      1782429457,
      6.221
    ],
    [
      1782430358,
      6.252
    ],
    [
      1782431260,
      6.228
    ],
    [
      1782432547,
      6.222
    ],
    [
      1782433866,
      6.22
    ]
  ],
  "ondo-finance": [
    [
      1782427653,
      0.311593
    ],
    [
      1782428555,
      0.31156
    ],
    [
      1782429457,
      0.31142
    ],
    [
      1782430358,
      0.3146
    ],
    [
      1782431260,
      0.31338
    ],
    [
      1782432547,
      0.31424
    ],
    [
      1782433866,
      0.313623
    ]
  ],
  "binancecoin": [
    [
      1782427653,
      559.72
    ],
    [
      1782432964,
      562.61
    ],
    [
      1782433866,
      561.37
    ]
  ],
  "ripple": [
    [
      1782427653,
      1.04
    ],
    [
      1782432964,
      1.043
    ],
    [
      1782433866,
      1.042
    ]
  ],
  "solana": [
    [
      1782427653,
      67.09
    ],
    [
      1782432964,
      67.7
    ],
    [
      1782433866,
      67.79
    ]
  ],
  "dogecoin": [
    [
      1782427653,
      0.074517
    ],
    [
      1782432964,
      0.07486
    ],
    [
      1782433866,
      0.074854
    ]
  ],
  "cardano": [
    [
      1782427653,
      0.143411
    ],
    [
      1782432964,
      0.143991
    ],
    [
      1782433866,
      0.143378
    ]
  ],
  "tron": [
    [
      1782427653,
      0.323633
    ],
    [
      1782432964,
      0.323567
    ],
    [
      1782433866,
      0.323465
    ]
  ],
  "chainlink": [
    [
      1782427653,
      7.24
    ],
    [
      1782432964,
      7.25
    ],
    [
      1782433866,
      7.24
    ]
  ],
  "the-open-network": [
    [
      1782427653,
      1.57
    ],
    [
      1782432964,
      1.56
    ],
    [
      1782433866,
      1.56
    ]
  ],
  "stellar": [
    [
      1782427653,
      0.177197
    ],
    [
      1782432964,
      0.177954
    ],
    [
      1782433866,
      0.17764
    ]
  ],
  "hedera-hashgraph": [
    [
      1782427653,
      0.073383
    ],
    [
      1782432964,
      0.073475
    ],
    [
      1782433866,
      0.073437
    ]
  ],
  "sui": [
    [
      1782427653,
      0.678797
    ],
    [
      1782432964,
      0.685417
    ],
    [
      1782433866,
      0.683578
    ]
  ],
  "bitcoin-cash": [
    [
      1782427653,
      191.06
    ],
    [
      1782432964,
      193.24
    ],
    [
      1782433866,
      193.16
    ]
  ],
  "litecoin": [
    [
      1782427653,
      40.99
    ],
    [
      1782432964,
      40.96
    ],
    [
      1782433866,
      40.96
    ]
  ],
  "polkadot": [
    [
      1782427653,
      0.844222
    ],
    [
      1782432964,
      0.843559
    ],
    [
      1782433866,
      0.842841
    ]
  ],
  "hyperliquid": [
    [
      1782427653,
      63.73
    ],
    [
      1782432964,
      64.22
    ],
    [
      1782433866,
      63.83
    ]
  ],
  "monero": [
    [
      1782427653,
      309.34
    ],
    [
      1782432964,
      308.01
    ],
    [
      1782433866,
      309.49
    ]
  ],
  "_alerts_sent": {}
}