{
  "bitcoin": [
    [
      1781375224,
      64104
    ],
    [
      1781376125,
      64239
    ],
    [
      1781377026,
      64083
    ],
    [
      1781377928,
      64145
    ],
    [
      1781378635,
      64150
    ],
    [
      1781379537,
      64223
    ],
    [
      1781380438,
      64275
    ],
    [
      1781381340,
      64216
    ]
  ],
  "ethereum": [
    [
      1781375224,
      1677.76
    ],
    [
      1781376125,
      1680.42
    ],
    [
      1781377026,
      1677.02
    ],
    [
      1781377928,
      1677.53
    ],
    [
      1781378635,
      1676.44
    ],
    [
      1781379537,
      1677.32
    ],
    [
      1781380438,
      1678.67
    ],
    [
      1781381340,
      1676.09
    ]
  ],
  "avalanche-2": [
    [
      1781375224,
      6.7
    ],
    [
      1781376125,
      6.71
    ],
    [
      1781377026,
      6.69
    ],
    [
      1781377928,
      6.7
    ],
    [
      1781378635,
      6.7
    ],
    [
      1781379537,
      6.7
    ],
    [
      1781380438,
      6.72
    ],
    [
      1781381340,
      6.71
    ]
  ],
  "ondo-finance": [
    [
      1781375224,
      0.366042
    ],
    [
      1781376125,
      0.367833
    ],
    [
      1781377026,
      0.365289
    ],
    [
      1781377928,
      0.365499
    ],
    [
      1781378635,
      0.365003
    ],
    [
      1781379537,
      0.366014
    ],
    [
      1781380438,
      0.366852
    ],
    [
      1781381340,
      0.36493
    ]
  ],
  "binancecoin": [
    [
      1781375224,
      607.79
    ],
    [
      1781376125,
      608.27
    ],
    [
      1781377026,
      607.19
    ],
    [
      1781377928,
      607.73
    ],
    [
      1781378635,
      607.46
    ],
    [
      1781379537,
      607.78
    ],
    [
      1781380438,
      608.39
    ],
    [
      1781381340,
      607.69
    ]
  ],
  "ripple": [
    [
      1781375224,
      1.14
    ],
    [
      1781376125,
      1.15
    ],
    [
      1781377026,
      1.14
    ],
    [
      1781377928,
      1.14
    ],
    [
      1781378635,
      1.15
    ],
    [
      1781379537,
      1.15
    ],
    [
      1781380438,
      1.15
    ],
    [
      1781381340,
      1.15
    ]
  ],
  "solana": [
    [
      1781375224,
      68.18
    ],
    [
      1781376125,
      68.24
    ],
    [
      1781377026,
      68.06
    ],
    [
      1781377928,
      68.08
    ],
    [
      1781378635,
      68.06
    ],
    [
      1781379537,
      68.1
    ],
    [
      1781380438,
      68.32
    ],
    [
      1781381340,
      68.11
    ]
  ],
  "dogecoin": [
    [
      1781375224,
      0.087651
    ],
    [
      1781376125,
      0.087743
    ],
    [
      1781377026,
      0.087565
    ],
    [
      1781377928,
      0.087598
    ],
    [
      1781378635,
      0.087583
    ],
    [
      1781379537,
      0.087619
    ],
    [
      1781380438,
      0.087756
    ],
    [
      1781381340,
      0.08752
    ]
  ],
  "cardano": [
    [
      1781375224,
      0.172777
    ],
    [
      1781376125,
      0.172605
    ],
    [
      1781377026,
      0.171893
    ],
    [
      1781377928,
      0.172121
    ],
    [
      1781378635,
      0.171919
    ],
    [
      1781379537,
      0.172092
    ],
    [
      1781380438,
      0.172597
    ],
    [
      1781381340,
      0.171903
    ]
  ],
  "tron": [
    [
      1781375224,
      0.317303
    ],
    [
      1781376125,
      0.317276
    ],
    [
      1781377026,
      0.3173
    ],
    [
      1781377928,
      0.317292
    ],
    [
      1781378635,
      0.317442
    ],
    [
      1781379537,
      0.317985
    ],
    [
      1781380438,
      0.318037
    ],
    [
      1781381340,
      0.318047
    ]
  ],
  "chainlink": [
    [
      1781375224,
      7.99
    ],
    [
      1781376125,
      8.0
    ],
    [
      1781377026,
      7.98
    ],
    [
      1781377928,
      7.98
    ],
    [
      1781378635,
      7.97
    ],
    [
      1781379537,
      7.97
    ],
    [
      1781380438,
      8.0
    ],
    [
      1781381340,
      7.97
    ]
  ],
  "the-open-network": [
    [
      1781375224,
      1.74
    ],
    [
      1781376125,
      1.75
    ],
    [
      1781377026,
      1.75
    ],
    [
      1781377928,
      1.76
    ],
    [
      1781378635,
      1.75
    ],
    [
      1781379537,
      1.76
    ],
    [
      1781380438,
      1.75
    ],
    [
      1781381340,
      1.74
    ]
  ],
  "stellar": [
    [
      1781375224,
      0.186962
    ],
    [
      1781376125,
      0.187119
    ],
    [
      1781377026,
      0.186695
    ],
    [
      1781377928,
      0.186587
    ],
    [
      1781378635,
      0.186344
    ],
    [
      1781379537,
      0.186592
    ],
    [
      1781380438,
      0.187072
    ],
    [
      1781381340,
      0.186318
    ]
  ],
  "hedera-hashgraph": [
    [
      1781375224,
      0.078009
    ],
    [
      1781376125,
      0.077993
    ],
    [
      1781377026,
      0.077889
    ],
    [
      1781377928,
      0.077838
    ],
    [
      1781378635,
      0.077823
    ],
    [
      1781379537,
      0.077881
    ],
    [
      1781380438,
      0.077977
    ],
    [
      1781381340,
      0.077853
    ]
  ],
  "sui": [
    [
      1781375224,
      0.768625
    ],
    [
      1781376125,
      0.76915
    ],
    [
      1781377026,
      0.765965
    ],
    [
      1781377928,
      0.766719
    ],
    [
      1781378635,
      0.765532
    ],
    [
      1781379537,
      0.766021
    ],
    [
      1781380438,
      0.768197
    ],
    [
      1781381340,
      0.764825
    ]
  ],
  "bitcoin-cash": [
    [
      1781375224,
      206.94
    ],
    [
      1781376125,
      207.26
    ],
    [
      1781377026,
      206.79
    ],
    [
      1781377928,
      206.89
    ],
    [
      1781378635,
      206.94
    ],
    [
      1781379537,
      207.34
    ],
    [
      1781380438,
      207.73
    ],
    [
      1781381340,
      207.24
    ]
  ],
  "litecoin": [
    [
      1781375224,
      43.64
    ],
    [
      1781376125,
      43.72
    ],
    [
      1781377026,
      43.64
    ],
    [
      1781377928,
      43.68
    ],
    [
      1781378635,
      43.67
    ],
    [
      1781379537,
      43.7
    ],
    [
      1781380438,
      43.8
    ],
    [
      1781381340,
      43.75
    ]
  ],
  "polkadot": [
    [
      1781375224,
      0.981728
    ],
    [
      1781376125,
      0.980731
    ],
    [
      1781377026,
      0.9772
    ],
    [
      1781377928,
      0.978132
    ],
    [
      1781378635,
      0.976584
    ],
    [
      1781379537,
      0.97807
    ],
    [
      1781380438,
      0.981882
    ],
    [
      1781381340,
      0.978325
    ]
  ],
  "hyperliquid": [
    [
      1781375224,
      59.53
    ],
    [
      1781376125,
      59.8
    ],
    [
      1781377026,
      59.68
    ],
    [
      1781377928,
      59.79
    ],
    [
      1781378635,
      59.77
    ],
    [
      1781379537,
      59.82
    ],
    [
      1781380438,
      59.92
    ],
    [
      1781381340,
      59.86
    ]
  ],
  "monero": [
    [
      1781375224,
      348.28
    ],
    [
      1781376125,
      347.88
    ],
    [
      1781377026,
      346.63
    ],
    [
      1781377928,
      344.59
    ],
    [
      1781378635,
      344.45
    ],
    [
      1781379537,
      344.54
    ],
    [
      1781380438,
      344.38
    ],
    [
      1781381340,
      343.66
    ]
  ],
  "_alerts_sent": {}
}