{
  "bitcoin": [
    [
      1782488144,
      60092
    ],
    [
      1782489046,
      60286
    ],
    [
      1782489947,
      60333
    ],
    [
      1782490849,
      60004
    ],
    [
      1782491750,
      60171
    ],
    [
      1782492652,
      60060
    ],
    [
      1782493553,
      60078
    ],
    [
      1782494455,
      60028
    ]
  ],
  "ethereum": [
    [
      1782488144,
      1578.24
    ],
    [
      1782489046,
      1579.94
    ],
    [
      1782489947,
      1582.66
    ],
    [
      1782490849,
      1574.44
    ],
    [
      1782491750,
      1581.2
    ],
    [
      1782492652,
      1578.57
    ],
    [
      1782493553,
      1577.31
    ],
    [
      1782494455,
      1582.66
    ]
  ],
  "avalanche-2": [
    [
      1782488144,
      6.29
    ],
    [
      1782489046,
      6.34
    ],
    [
      1782489947,
      6.4
    ],
    [
      1782490849,
      6.38
    ],
    [
      1782491750,
      6.4
    ],
    [
      1782492652,
      6.39
    ],
    [
      1782493553,
      6.38
    ],
    [
      1782494455,
      6.42
    ]
  ],
  "ondo-finance": [
    [
      1782488144,
      0.313023
    ],
    [
      1782489046,
      0.315745
    ],
    [
      1782489947,
      0.315417
    ],
    [
      1782490849,
      0.314903
    ],
    [
      1782491750,
      0.314965
    ],
    [
      1782492652,
      0.316444
    ],
    [
      1782493553,
      0.317281
    ],
    [
      1782494455,
      0.319186
    ]
  ],
  "binancecoin": [
    [
      1782488144,
      564.05
    ],
    [
      1782489046,
      565.37
    ],
    [
      1782489947,
      565.42
    ],
    [
      1782490849,
      563.51
    ],
    [
      1782491750,
      566.62
    ],
    [
      1782492652,
      566.29
    ],
    [
      1782493553,
      566.17
    ],
    [
      1782494455,
      566.02
    ]
  ],
  "ripple": [
    [
      1782488144,
      1.041
    ],
    [
      1782489046,
      1.045
    ],
    [
      1782489947,
      1.047
    ],
    [
      1782490849,
      1.044
    ],
    [
      1782491750,
      1.045
    ],
    [
      1782492652,
      1.046
    ],
    [
      1782493553,
      1.044
    ],
    [
      1782494455,
      1.047
    ]
  ],
  "solana": [
    [
      1782488144,
      71.46
    ],
    [
      1782489046,
      71.82
    ],
    [
      1782489947,
      72.57
    ],
    [
      1782490849,
      72.34
    ],
    [
      1782491750,
      72.52
    ],
    [
      1782492652,
      72.65
    ],
    [
      1782493553,
      72.45
    ],
    [
      1782494455,
      72.36
    ]
  ],
  "dogecoin": [
    [
      1782488144,
      0.074503
    ],
    [
      1782489046,
      0.074982
    ],
    [
      1782489947,
      0.07517
    ],
    [
      1782490849,
      0.074937
    ],
    [
      1782491750,
      0.075029
    ],
    [
      1782492652,
      0.075319
    ],
    [
      1782493553,
      0.075244
    ],
    [
      1782494455,
      0.075385
    ]
  ],
  "cardano": [
    [
      1782488144,
      0.146824
    ],
    [
      1782489046,
      0.147579
    ],
    [
      1782489947,
      0.149086
    ],
    [
      1782490849,
      0.148001
    ],
    [
      1782491750,
      0.148007
    ],
    [
      1782492652,
      0.148112
    ],
    [
      1782493553,
      0.147941
    ],
    [
      1782494455,
      0.148383
    ]
  ],
  "tron": [
    [
      1782488144,
      0.319546
    ],
    [
      1782489046,
      0.320022
    ],
    [
      1782489947,
      0.319721
    ],
    [
      1782490849,
      0.319282
    ],
    [
      1782491750,
      0.319304
    ],
    [
      1782492652,
      0.318921
    ],
    [
      1782493553,
      0.319061
    ],
    [
      1782494455,
      0.31925
    ]
  ],
  "chainlink": [
    [
      1782488144,
      7.3
    ],
    [
      1782489046,
      7.33
    ],
    [
      1782489947,
      7.34
    ],
    [
      1782490849,
      7.33
    ],
    [
      1782491750,
      7.34
    ],
    [
      1782492652,
      7.35
    ],
    [
      1782493553,
      7.34
    ],
    [
      1782494455,
      7.36
    ]
  ],
  "the-open-network": [
    [
      1782488144,
      1.56
    ],
    [
      1782489046,
      1.56
    ],
    [
      1782489947,
      1.56
    ],
    [
      1782490849,
      1.56
    ],
    [
      1782491750,
      1.56
    ],
    [
      1782492652,
      1.55
    ],
    [
      1782493553,
      1.56
    ],
    [
      1782494455,
      1.56
    ]
  ],
  "stellar": [
    [
      1782488144,
      0.176754
    ],
    [
      1782489046,
      0.177408
    ],
    [
      1782489947,
      0.178328
    ],
    [
      1782490849,
      0.177418
    ],
    [
      1782491750,
      0.177701
    ],
    [
      1782492652,
      0.178648
    ],
    [
      1782493553,
      0.179099
    ],
    [
      1782494455,
      0.179242
    ]
  ],
  "hedera-hashgraph": [
    [
      1782488144,
      0.073286
    ],
    [
      1782489046,
      0.073319
    ],
    [
      1782489947,
      0.073233
    ],
    [
      1782490849,
      0.073167
    ],
    [
      1782491750,
      0.073235
    ],
    [
      1782492652,
      0.07332
    ],
    [
      1782493553,
      0.073293
    ],
    [
      1782494455,
      0.073559
    ]
  ],
  "sui": [
    [
      1782488144,
      0.689049
    ],
    [
      1782489046,
      0.691974
    ],
    [
      1782489947,
      0.693498
    ],
    [
      1782490849,
      0.69168
    ],
    [
      1782491750,
      0.691909
    ],
    [
      1782492652,
      0.695303
    ],
    [
      1782493553,
      0.693873
    ],
    [
      1782494455,
      0.696316
    ]
  ],
  "bitcoin-cash": [
    [
      1782488144,
      199.74
    ],
    [
      1782489046,
      200.63
    ],
    [
      1782489947,
      200.94
    ],
    [
      1782490849,
      200.57
    ],
    [
      1782491750,
      200.68
    ],
    [
      1782492652,
      200.69
    ],
    [
      1782493553,
      200.02
    ],
    [
      1782494455,
      199.35
    ]
  ],
  "litecoin": [
    [
      1782488144,
      41.3
    ],
    [
      1782489046,
      41.41
    ],
    [
      1782489947,
      41.41
    ],
    [
      1782490849,
      41.44
    ],
    [
      1782491750,
      41.65
    ],
    [
      1782492652,
      41.63
    ],
    [
      1782493553,
      41.6
    ],
    [
      1782494455,
      41.78
    ]
  ],
  "polkadot": [
    [
      1782488144,
      0.850812
    ],
    [
      1782489046,
      0.854245
    ],
    [
      1782489947,
      0.856591
    ],
    [
      1782490849,
      0.853415
    ],
    [
      1782491750,
      0.854185
    ],
    [
      1782492652,
      0.856325
    ],
    [
      1782493553,
      0.855276
    ],
    [
      1782494455,
      0.858635
    ]
  ],
  "hyperliquid": [
    [
      1782488144,
      64.52
    ],
    [
      1782489046,
      64.74
    ],
    [
      1782489947,
      64.95
    ],
    [
      1782490849,
      64.47
    ],
    [
      1782491750,
      64.93
    ],
    [
      1782492652,
      64.9
    ],
    [
      1782493553,
      64.89
    ],
    [
      1782494455,
      64.95
    ]
  ],
  "monero": [
    [
      1782488144,
      315.98
    ],
    [
      1782489046,
      317.89
    ],
    [
      1782489947,
      321.14
    ],
    [
      1782490849,
      319.42
    ],
    [
      1782491750,
      319.75
    ],
    [
      1782492652,
      321.55
    ],
    [
      1782493553,
      318.47
    ],
    [
      1782494455,
      315.62
    ]
  ],
  "_alerts_sent": {}
}