{
  "bitcoin": [
    [
      1779746802,
      77282
    ],
    [
      1779747703,
      77273
    ],
    [
      1779748605,
      77040
    ],
    [
      1779749507,
      77155
    ],
    [
      1779750409,
      77129
    ],
    [
      1779751311,
      77200
    ],
    [
      1779752212,
      77244
    ],
    [
      1779753113,
      77237
    ]
  ],
  "ethereum": [
    [
      1779746802,
      2109.67
    ],
    [
      1779747703,
      2110.8
    ],
    [
      1779748605,
      2103.21
    ],
    [
      1779749507,
      2105.99
    ],
    [
      1779750409,
      2104.76
    ],
    [
      1779751311,
      2106.89
    ],
    [
      1779752212,
      2108.59
    ],
    [
      1779753113,
      2109.53
    ]
  ],
  "avalanche-2": [
    [
      1779746802,
      9.32
    ],
    [
      1779747703,
      9.33
    ],
    [
      1779748605,
      9.28
    ],
    [
      1779749507,
      9.29
    ],
    [
      1779750409,
      9.27
    ],
    [
      1779751311,
      9.29
    ],
    [
      1779752212,
      9.3
    ],
    [
      1779753113,
      9.3
    ]
  ],
  "ondo-finance": [
    [
      1779746802,
      0.440178
    ],
    [
      1779747703,
      0.44062
    ],
    [
      1779748605,
      0.436243
    ],
    [
      1779749507,
      0.437886
    ],
    [
      1779750409,
      0.436702
    ],
    [
      1779751311,
      0.440195
    ],
    [
      1779752212,
      0.435027
    ],
    [
      1779753113,
      0.426696
    ]
  ]
}