{
  "bitcoin": [
    [
      1780215830,
      73846
    ],
    [
      1780216732,
      73795
    ],
    [
      1780217633,
      73764
    ],
    [
      1780218535,
      73786
    ],
    [
      1780219436,
      73839
    ],
    [
      1780220337,
      73845
    ],
    [
      1780221239,
      73828
    ],
    [
      1780222140,
      73738
    ]
  ],
  "ethereum": [
    [
      1780215830,
      2024.08
    ],
    [
      1780216732,
      2021.89
    ],
    [
      1780217633,
      2021.84
    ],
    [
      1780218535,
      2022.48
    ],
    [
      1780219436,
      2023.71
    ],
    [
      1780220337,
      2023.59
    ],
    [
      1780221239,
      2023.41
    ],
    [
      1780222140,
      2016.45
    ]
  ],
  "avalanche-2": [
    [
      1780215830,
      8.99
    ],
    [
      1780216732,
      9.0
    ],
    [
      1780217633,
      8.98
    ],
    [
      1780218535,
      8.98
    ],
    [
      1780219436,
      8.99
    ],
    [
      1780220337,
      9.0
    ],
    [
      1780221239,
      9.01
    ],
    [
      1780222140,
      8.98
    ]
  ],
  "ondo-finance": [
    [
      1780215830,
      0.363869
    ],
    [
      1780216732,
      0.36348
    ],
    [
      1780217633,
      0.360006
    ],
    [
      1780218535,
      0.361716
    ],
    [
      1780219436,
      0.362646
    ],
    [
      1780220337,
      0.362512
    ],
    [
      1780221239,
      0.363833
    ],
    [
      1780222140,
      0.361951
    ]
  ],
  "binancecoin": [
    [
      1780215830,
      723.34
    ],
    [
      1780216732,
      721.96
    ],
    [
      1780217633,
      722.47
    ],
    [
      1780218535,
      720.59
    ],
    [
      1780219436,
      723.29
    ],
    [
      1780220337,
      722.86
    ],
    [
      1780221239,
      720.33
    ],
    [
      1780222140,
      722.1
    ]
  ],
  "ripple": [
    [
      1780215830,
      1.34
    ],
    [
      1780216732,
      1.34
    ],
    [
      1780217633,
      1.34
    ],
    [
      1780218535,
      1.34
    ],
    [
      1780219436,
      1.34
    ],
    [
      1780220337,
      1.34
    ],
    [
      1780221239,
      1.34
    ],
    [
      1780222140,
      1.34
    ]
  ],
  "solana": [
    [
      1780215830,
      82.66
    ],
    [
      1780216732,
      82.66
    ],
    [
      1780217633,
      82.55
    ],
    [
      1780218535,
      82.58
    ],
    [
      1780219436,
      82.67
    ],
    [
      1780220337,
      82.75
    ],
    [
      1780221239,
      82.84
    ],
    [
      1780222140,
      82.58
    ]
  ],
  "dogecoin": [
    [
      1780215830,
      0.100494
    ],
    [
      1780216732,
      0.100476
    ],
    [
      1780217633,
      0.100369
    ],
    [
      1780218535,
      0.100426
    ],
    [
      1780219436,
      0.100541
    ],
    [
      1780220337,
      0.100566
    ],
    [
      1780221239,
      0.10058
    ],
    [
      1780222140,
      0.100378
    ]
  ],
  "cardano": [
    [
      1780215830,
      0.237065
    ],
    [
      1780216732,
      0.236735
    ],
    [
      1780217633,
      0.236525
    ],
    [
      1780218535,
      0.236502
    ],
    [
      1780219436,
      0.236729
    ],
    [
      1780220337,
      0.237065
    ],
    [
      1780221239,
      0.237521
    ],
    [
      1780222140,
      0.236593
    ]
  ],
  "tron": [
    [
      1780215830,
      0.347031
    ],
    [
      1780216732,
      0.347626
    ],
    [
      1780217633,
      0.347747
    ],
    [
      1780218535,
      0.347707
    ],
    [
      1780219436,
      0.348687
    ],
    [
      1780220337,
      0.349679
    ],
    [
      1780221239,
      0.348903
    ],
    [
      1780222140,
      0.348756
    ]
  ],
  "chainlink": [
    [
      1780215830,
      9.22
    ],
    [
      1780216732,
      9.23
    ],
    [
      1780217633,
      9.22
    ],
    [
      1780218535,
      9.23
    ],
    [
      1780219436,
      9.25
    ],
    [
      1780220337,
      9.24
    ],
    [
      1780221239,
      9.25
    ],
    [
      1780222140,
      9.19
    ]
  ],
  "the-open-network": [
    [
      1780215830,
      1.87
    ],
    [
      1780216732,
      1.87
    ],
    [
      1780217633,
      1.85
    ],
    [
      1780218535,
      1.86
    ],
    [
      1780219436,
      1.88
    ],
    [
      1780220337,
      1.89
    ],
    [
      1780221239,
      1.9
    ],
    [
      1780222140,
      1.88
    ]
  ],
  "stellar": [
    [
      1780215830,
      0.230429
    ],
    [
      1780216732,
      0.233894
    ],
    [
      1780217633,
      0.236427
    ],
    [
      1780218535,
      0.238918
    ],
    [
      1780219436,
      0.241725
    ],
    [
      1780220337,
      0.246201
    ],
    [
      1780221239,
      0.246062
    ],
    [
      1780222140,
      0.247993
    ]
  ],
  "hedera-hashgraph": [
    [
      1780215830,
      0.09651
    ],
    [
      1780216732,
      0.09732
    ],
    [
      1780217633,
      0.097319
    ],
    [
      1780218535,
      0.097319
    ],
    [
      1780219436,
      0.097212
    ],
    [
      1780220337,
      0.097572
    ],
    [
      1780221239,
      0.097405
    ],
    [
      1780222140,
      0.097518
    ]
  ],
  "sui": [
    [
      1780215830,
      0.903417
    ],
    [
      1780216732,
      0.902266
    ],
    [
      1780217633,
      0.900924
    ],
    [
      1780218535,
      0.901703
    ],
    [
      1780219436,
      0.903908
    ],
    [
      1780220337,
      0.904379
    ],
    [
      1780221239,
      0.906019
    ],
    [
      1780222140,
      0.902391
    ]
  ],
  "bitcoin-cash": [
    [
      1780215830,
      306.28
    ],
    [
      1780216732,
      306.4
    ],
    [
      1780217633,
      305.41
    ],
    [
      1780218535,
      305.86
    ],
    [
      1780219436,
      305.6
    ],
    [
      1780220337,
      306.76
    ],
    [
      1780221239,
      306.5
    ],
    [
      1780222140,
      305.8
    ]
  ],
  "litecoin": [
    [
      1780215830,
      52.34
    ],
    [
      1780216732,
      52.32
    ],
    [
      1780217633,
      52.34
    ],
    [
      1780218535,
      52.38
    ],
    [
      1780219436,
      52.45
    ],
    [
      1780220337,
      52.45
    ],
    [
      1780221239,
      52.44
    ],
    [
      1780222140,
      52.32
    ]
  ],
  "polkadot": [
    [
      1780215830,
      1.19
    ],
    [
      1780216732,
      1.19
    ],
    [
      1780217633,
      1.19
    ],
    [
      1780218535,
      1.19
    ],
    [
      1780219436,
      1.19
    ],
    [
      1780220337,
      1.19
    ],
    [
      1780221239,
      1.19
    ],
    [
      1780222140,
      1.19
    ]
  ],
  "hyperliquid": [
    [
      1780215830,
      69.41
    ],
    [
      1780216732,
      69.25
    ],
    [
      1780217633,
      68.96
    ],
    [
      1780218535,
      68.78
    ],
    [
      1780219436,
      68.69
    ],
    [
      1780220337,
      68.57
    ],
    [
      1780221239,
      68.6
    ],
    [
      1780222140,
      68.35
    ]
  ],
  "monero": [
    [
      1780215830,
      369.81
    ],
    [
      1780216732,
      367.45
    ],
    [
      1780217633,
      366.53
    ],
    [
      1780218535,
      366.07
    ],
    [
      1780219436,
      364.97
    ],
    [
      1780220337,
      364.4
    ],
    [
      1780221239,
      366.52
    ],
    [
      1780222140,
      366.89
    ]
  ],
  "_alerts_sent": {}
}