{
  "bitcoin": [
    [
      1782565704,
      60310
    ],
    [
      1782566606,
      60370
    ],
    [
      1782567507,
      60436
    ],
    [
      1782568408,
      60479
    ],
    [
      1782569310,
      60462
    ],
    [
      1782570211,
      60526
    ],
    [
      1782571360,
      60534
    ],
    [
      1782572261,
      60521
    ]
  ],
  "ethereum": [
    [
      1782565704,
      1583.32
    ],
    [
      1782566606,
      1584.96
    ],
    [
      1782567507,
      1585.12
    ],
    [
      1782568408,
      1588.62
    ],
    [
      1782569310,
      1587.89
    ],
    [
      1782570211,
      1590.91
    ],
    [
      1782571360,
      1592.44
    ],
    [
      1782572261,
      1591.81
    ]
  ],
  "avalanche-2": [
    [
      1782565704,
      6.53
    ],
    [
      1782566606,
      6.53
    ],
    [
      1782567507,
      6.54
    ],
    [
      1782568408,
      6.57
    ],
    [
      1782569310,
      6.58
    ],
    [
      1782570211,
      6.6
    ],
    [
      1782571360,
      6.6
    ],
    [
      1782572261,
      6.61
    ]
  ],
  "ondo-finance": [
    [
      1782565704,
      0.317904
    ],
    [
      1782566606,
      0.318783
    ],
    [
      1782567507,
      0.318855
    ],
    [
      1782568408,
      0.319978
    ],
    [
      1782569310,
      0.319355
    ],
    [
      1782570211,
      0.320329
    ],
    [
      1782571360,
      0.318561
    ],
    [
      1782572261,
      0.318353
    ]
  ],
  "binancecoin": [
    [
      1782565704,
      563.75
    ],
    [
      1782566606,
      563.69
    ],
    [
      1782567507,
      563.24
    ],
    [
      1782568408,
      563.5
    ],
    [
      1782569310,
      562.9
    ],
    [
      1782570211,
      563.5
    ],
    [
      1782571360,
      563.82
    ],
    [
      1782572261,
      563.73
    ]
  ],
  "ripple": [
    [
      1782565704,
      1.06
    ],
    [
      1782566606,
      1.06
    ],
    [
      1782567507,
      1.06
    ],
    [
      1782568408,
      1.061
    ],
    [
      1782569310,
      1.064
    ],
    [
      1782570211,
      1.064
    ],
    [
      1782571360,
      1.064
    ],
    [
      1782572261,
      1.067
    ]
  ],
  "solana": [
    [
      1782565704,
      72.1
    ],
    [
      1782566606,
      72.15
    ],
    [
      1782567507,
      72.27
    ],
    [
      1782568408,
      72.28
    ],
    [
      1782569310,
      72.2
    ],
    [
      1782570211,
      72.47
    ],
    [
      1782571360,
      72.63
    ],
    [
      1782572261,
      72.6
    ]
  ],
  "dogecoin": [
    [
      1782565704,
      0.075444
    ],
    [
      1782566606,
      0.07552
    ],
    [
      1782567507,
      0.075599
    ],
    [
      1782568408,
      0.075694
    ],
    [
      1782569310,
      0.075702
    ],
    [
      1782570211,
      0.0758
    ],
    [
      1782571360,
      0.075754
    ],
    [
      1782572261,
      0.075824
    ]
  ],
  "cardano": [
    [
      1782565704,
      0.147158
    ],
    [
      1782566606,
      0.147229
    ],
    [
      1782567507,
      0.147573
    ],
    [
      1782568408,
      0.147828
    ],
    [
      1782569310,
      0.147714
    ],
    [
      1782570211,
      0.148371
    ],
    [
      1782571360,
      0.148321
    ],
    [
      1782572261,
      0.148411
    ]
  ],
  "tron": [
    [
      1782565704,
      0.320331
    ],
    [
      1782566606,
      0.320461
    ],
    [
      1782567507,
      0.320424
    ],
    [
      1782568408,
      0.320347
    ],
    [
      1782569310,
      0.320177
    ],
    [
      1782570211,
      0.320328
    ],
    [
      1782571360,
      0.320324
    ],
    [
      1782572261,
      0.320368
    ]
  ],
  "chainlink": [
    [
      1782565704,
      7.37
    ],
    [
      1782566606,
      7.37
    ],
    [
      1782567507,
      7.37
    ],
    [
      1782568408,
      7.38
    ],
    [
      1782569310,
      7.38
    ],
    [
      1782570211,
      7.4
    ],
    [
      1782571360,
      7.4
    ],
    [
      1782572261,
      7.4
    ]
  ],
  "the-open-network": [
    [
      1782565704,
      1.57
    ],
    [
      1782566606,
      1.57
    ],
    [
      1782567507,
      1.57
    ],
    [
      1782568408,
      1.57
    ],
    [
      1782569310,
      1.57
    ],
    [
      1782570211,
      1.57
    ],
    [
      1782571360,
      1.57
    ],
    [
      1782572261,
      1.57
    ]
  ],
  "stellar": [
    [
      1782565704,
      0.175809
    ],
    [
      1782566606,
      0.176416
    ],
    [
      1782567507,
      0.176353
    ],
    [
      1782568408,
      0.17664
    ],
    [
      1782569310,
      0.176468
    ],
    [
      1782570211,
      0.176995
    ],
    [
      1782571360,
      0.176659
    ],
    [
      1782572261,
      0.176488
    ]
  ],
  "hedera-hashgraph": [
    [
      1782565704,
      0.072695
    ],
    [
      1782566606,
      0.072791
    ],
    [
      1782567507,
      0.072837
    ],
    [
      1782568408,
      0.073073
    ],
    [
      1782569310,
      0.072984
    ],
    [
      1782570211,
      0.07304
    ],
    [
      1782571360,
      0.073051
    ],
    [
      1782572261,
      0.072909
    ]
  ],
  "sui": [
    [
      1782565704,
      0.70418
    ],
    [
      1782566606,
      0.70461
    ],
    [
      1782567507,
      0.704595
    ],
    [
      1782568408,
      0.70515
    ],
    [
      1782569310,
      0.702281
    ],
    [
      1782570211,
      0.703818
    ],
    [
      1782571360,
      0.704666
    ],
    [
      1782572261,
      0.704958
    ]
  ],
  "bitcoin-cash": [
    [
      1782565704,
      197.53
    ],
    [
      1782566606,
      197.59
    ],
    [
      1782567507,
      197.64
    ],
    [
      1782568408,
      197.39
    ],
    [
      1782569310,
      197.71
    ],
    [
      1782570211,
      198.24
    ],
    [
      1782571360,
      198.03
    ],
    [
      1782572261,
      198.26
    ]
  ],
  "litecoin": [
    [
      1782565704,
      42.71
    ],
    [
      1782566606,
      42.9
    ],
    [
      1782567507,
      42.93
    ],
    [
      1782568408,
      42.96
    ],
    [
      1782569310,
      42.96
    ],
    [
      1782570211,
      43.0
    ],
    [
      1782571360,
      43.04
    ],
    [
      1782572261,
      42.87
    ]
  ],
  "polkadot": [
    [
      1782565704,
      0.842229
    ],
    [
      1782566606,
      0.842808
    ],
    [
      1782567507,
      0.842904
    ],
    [
      1782568408,
      0.844504
    ],
    [
      1782569310,
      0.843307
    ],
    [
      1782570211,
      0.845649
    ],
    [
      1782571360,
      0.843458
    ],
    [
      1782572261,
      0.843864
    ]
  ],
  "hyperliquid": [
    [
      1782565704,
      63.29
    ],
    [
      1782566606,
      63.4
    ],
    [
      1782567507,
      63.39
    ],
    [
      1782568408,
      63.63
    ],
    [
      1782569310,
      63.51
    ],
    [
      1782570211,
      64.0
    ],
    [
      1782571360,
      64.01
    ],
    [
      1782572261,
      63.73
    ]
  ],
  "monero": [
    [
      1782565704,
      312.55
    ],
    [
      1782566606,
      313.76
    ],
    [
      1782567507,
      314.12
    ],
    [
      1782568408,
      314.99
    ],
    [
      1782569310,
      315.1
    ],
    [
      1782570211,
      316.66
    ],
    [
      1782571360,
      315.3
    ],
    [
      1782572261,
      315.34
    ]
  ],
  "_alerts_sent": {}
}