{
  "bitcoin": [
    [
      1780580130,
      63674
    ],
    [
      1780581032,
      63757
    ],
    [
      1780581934,
      64056
    ],
    [
      1780583271,
      64043
    ],
    [
      1780584173,
      63909
    ],
    [
      1780585074,
      63818
    ],
    [
      1780585976,
      64202
    ],
    [
      1780586878,
      63952
    ]
  ],
  "ethereum": [
    [
      1780580130,
      1777.48
    ],
    [
      1780581032,
      1778.28
    ],
    [
      1780581934,
      1781.49
    ],
    [
      1780583271,
      1779.94
    ],
    [
      1780584173,
      1771.83
    ],
    [
      1780585074,
      1769.89
    ],
    [
      1780585976,
      1785.6
    ],
    [
      1780586878,
      1778.09
    ]
  ],
  "avalanche-2": [
    [
      1780580130,
      7.75
    ],
    [
      1780581032,
      7.77
    ],
    [
      1780581934,
      7.78
    ],
    [
      1780583271,
      7.76
    ],
    [
      1780584173,
      7.74
    ],
    [
      1780585074,
      7.74
    ],
    [
      1780585976,
      7.83
    ],
    [
      1780586878,
      7.8
    ]
  ],
  "ondo-finance": [
    [
      1780580130,
      0.372137
    ],
    [
      1780581032,
      0.375402
    ],
    [
      1780581934,
      0.3764
    ],
    [
      1780583271,
      0.377871
    ],
    [
      1780584173,
      0.378782
    ],
    [
      1780585074,
      0.379708
    ],
    [
      1780585976,
      0.389497
    ],
    [
      1780586878,
      0.382887
    ]
  ],
  "binancecoin": [
    [
      1780580130,
      602.97
    ],
    [
      1780581032,
      602.47
    ],
    [
      1780581934,
      603.34
    ],
    [
      1780583271,
      603.34
    ],
    [
      1780584173,
      604.64
    ],
    [
      1780585074,
      603.43
    ],
    [
      1780585976,
      607.26
    ],
    [
      1780586878,
      605.32
    ]
  ],
  "ripple": [
    [
      1780580130,
      1.17
    ],
    [
      1780581032,
      1.18
    ],
    [
      1780581934,
      1.18
    ],
    [
      1780583271,
      1.17
    ],
    [
      1780584173,
      1.17
    ],
    [
      1780585074,
      1.17
    ],
    [
      1780585976,
      1.18
    ],
    [
      1780586878,
      1.17
    ]
  ],
  "solana": [
    [
      1780580130,
      69.91
    ],
    [
      1780581032,
      70.17
    ],
    [
      1780581934,
      70.26
    ],
    [
      1780583271,
      70.07
    ],
    [
      1780584173,
      69.73
    ],
    [
      1780585074,
      69.62
    ],
    [
      1780585976,
      70.23
    ],
    [
      1780586878,
      69.72
    ]
  ],
  "dogecoin": [
    [
      1780580130,
      0.088822
    ],
    [
      1780581032,
      0.089113
    ],
    [
      1780581934,
      0.089256
    ],
    [
      1780583271,
      0.08914
    ],
    [
      1780584173,
      0.089124
    ],
    [
      1780585074,
      0.089056
    ],
    [
      1780585976,
      0.089902
    ],
    [
      1780586878,
      0.089424
    ]
  ],
  "cardano": [
    [
      1780580130,
      0.188631
    ],
    [
      1780581032,
      0.188772
    ],
    [
      1780581934,
      0.188887
    ],
    [
      1780583271,
      0.18834
    ],
    [
      1780584173,
      0.188664
    ],
    [
      1780585074,
      0.189198
    ],
    [
      1780585976,
      0.191211
    ],
    [
      1780586878,
      0.190466
    ]
  ],
  "tron": [
    [
      1780580130,
      0.328679
    ],
    [
      1780581032,
      0.32878
    ],
    [
      1780581934,
      0.328501
    ],
    [
      1780583271,
      0.328975
    ],
    [
      1780584173,
      0.328766
    ],
    [
      1780585074,
      0.328412
    ],
    [
      1780585976,
      0.329381
    ],
    [
      1780586878,
      0.329534
    ]
  ],
  "chainlink": [
    [
      1780580130,
      8.04
    ],
    [
      1780581032,
      8.06
    ],
    [
      1780581934,
      8.08
    ],
    [
      1780583271,
      8.07
    ],
    [
      1780584173,
      8.05
    ],
    [
      1780585074,
      8.03
    ],
    [
      1780585976,
      8.1
    ],
    [
      1780586878,
      8.08
    ]
  ],
  "the-open-network": [
    [
      1780580130,
      1.77
    ],
    [
      1780581032,
      1.77
    ],
    [
      1780581934,
      1.77
    ],
    [
      1780583271,
      1.77
    ],
    [
      1780584173,
      1.76
    ],
    [
      1780585074,
      1.76
    ],
    [
      1780585976,
      1.77
    ],
    [
      1780586878,
      1.76
    ]
  ],
  "stellar": [
    [
      1780580130,
      0.209177
    ],
    [
      1780581032,
      0.210554
    ],
    [
      1780581934,
      0.20908
    ],
    [
      1780583271,
      0.208356
    ],
    [
      1780584173,
      0.208669
    ],
    [
      1780585074,
      0.208452
    ],
    [
      1780585976,
      0.210922
    ],
    [
      1780586878,
      0.211836
    ]
  ],
  "hedera-hashgraph": [
    [
      1780580130,
      0.085151
    ],
    [
      1780581032,
      0.085582
    ],
    [
      1780581934,
      0.085686
    ],
    [
      1780583271,
      0.08551
    ],
    [
      1780584173,
      0.085485
    ],
    [
      1780585074,
      0.085586
    ],
    [
      1780585976,
      0.086952
    ],
    [
      1780586878,
      0.086698
    ]
  ],
  "sui": [
    [
      1780580130,
      0.788724
    ],
    [
      1780581032,
      0.792659
    ],
    [
      1780581934,
      0.797798
    ],
    [
      1780583271,
      0.792232
    ],
    [
      1780584173,
      0.790332
    ],
    [
      1780585074,
      0.790183
    ],
    [
      1780585976,
      0.801992
    ],
    [
      1780586878,
      0.799027
    ]
  ],
  "bitcoin-cash": [
    [
      1780580130,
      248.7
    ],
    [
      1780581032,
      249.72
    ],
    [
      1780581934,
      249.94
    ],
    [
      1780583271,
      248.19
    ],
    [
      1780584173,
      247.29
    ],
    [
      1780585074,
      246.43
    ],
    [
      1780585976,
      247.45
    ],
    [
      1780586878,
      247.64
    ]
  ],
  "litecoin": [
    [
      1780580130,
      46.4
    ],
    [
      1780581032,
      46.56
    ],
    [
      1780581934,
      46.77
    ],
    [
      1780583271,
      46.6
    ],
    [
      1780584173,
      46.45
    ],
    [
      1780585074,
      46.26
    ],
    [
      1780585976,
      46.42
    ],
    [
      1780586878,
      46.34
    ]
  ],
  "polkadot": [
    [
      1780580130,
      1.044
    ],
    [
      1780581032,
      1.05
    ],
    [
      1780581934,
      1.053
    ],
    [
      1780583271,
      1.048
    ],
    [
      1780584173,
      1.045
    ],
    [
      1780585074,
      1.048
    ],
    [
      1780585976,
      1.059
    ],
    [
      1780586878,
      1.06
    ]
  ],
  "hyperliquid": [
    [
      1780580130,
      66.39
    ],
    [
      1780581032,
      66.42
    ],
    [
      1780581934,
      67.18
    ],
    [
      1780583271,
      67.02
    ],
    [
      1780584173,
      67.03
    ],
    [
      1780585074,
      67.16
    ],
    [
      1780585976,
      67.96
    ],
    [
      1780586878,
      67.23
    ]
  ],
  "monero": [
    [
      1780580130,
      349.39
    ],
    [
      1780581032,
      349.13
    ],
    [
      1780581934,
      349.74
    ],
    [
      1780583271,
      348.77
    ],
    [
      1780584173,
      346.29
    ],
    [
      1780585074,
      347.14
    ],
    [
      1780585976,
      346.55
    ],
    [
      1780586878,
      348.13
    ]
  ],
  "_alerts_sent": {
    "ondo-finance_2026-06-04 14": true
  }
}