{
  "bitcoin": [
    [
      1779679200,
      77014.1
    ],
    [
      1779680107,
      76981
    ],
    [
      1779681015,
      76944
    ],
    [
      1779681916,
      76950
    ],
    [
      1779682819,
      76950
    ],
    [
      1779683720,
      77053
    ],
    [
      1779684621,
      77180
    ],
    [
      1779685599,
      77244
    ]
  ],
  "ethereum": [
    [
      1779679200,
      2093.14
    ],
    [
      1779680107,
      2092.84
    ],
    [
      1779681015,
      2093.15
    ],
    [
      1779681916,
      2093.34
    ],
    [
      1779682819,
      2091.41
    ],
    [
      1779683720,
      2095.74
    ],
    [
      1779684621,
      2101.39
    ],
    [
      1779685599,
      2104.08
    ]
  ],
  "avalanche-2": [
    [
      1779679200,
      9.17
    ],
    [
      1779680107,
      9.16
    ],
    [
      1779681015,
      9.16
    ],
    [
      1779681916,
      9.16
    ],
    [
      1779682819,
      9.16
    ],
    [
      1779683720,
      9.19
    ],
    [
      1779684621,
      9.22
    ],
    [
      1779685599,
      9.25
    ]
  ],
  "ondo-finance": [
    [
      1779679200,
      0.43907
    ],
    [
      1779680107,
      0.43789
    ],
    [
      1779681015,
      0.437419
    ],
    [
      1779681916,
      0.437672
    ],
    [
      1779682819,
      0.4353
    ],
    [
      1779683720,
      0.437267
    ],
    [
      1779684621,
      0.438237
    ],
    [
      1779685599,
      0.440565
    ]
  ]
}