{
  "bitcoin": [
    [
      1783403013,
      63106
    ],
    [
      1783403914,
      63092.8
    ],
    [
      1783404816,
      62974
    ],
    [
      1783405717,
      63067
    ],
    [
      1783406618,
      63192
    ],
    [
      1783407520,
      63311.9
    ],
    [
      1783408421,
      63307
    ],
    [
      1783409323,
      63197
    ]
  ],
  "ethereum": [
    [
      1783403013,
      1767.65
    ],
    [
      1783403914,
      1769.22
    ],
    [
      1783404816,
      1766.25
    ],
    [
      1783405717,
      1768.06
    ],
    [
      1783406618,
      1772.85
    ],
    [
      1783407520,
      1777.68
    ],
    [
      1783408421,
      1779.25
    ],
    [
      1783409323,
      1776.62
    ]
  ],
  "avalanche-2": [
    [
      1783403013,
      6.75
    ],
    [
      1783403914,
      6.755
    ],
    [
      1783404816,
      6.74
    ],
    [
      1783405717,
      6.74
    ],
    [
      1783406618,
      6.76
    ],
    [
      1783407520,
      6.78
    ],
    [
      1783408421,
      6.78
    ],
    [
      1783409323,
      6.8
    ]
  ],
  "ondo-finance": [
    [
      1783403013,
      0.329599
    ],
    [
      1783403914,
      0.32976
    ],
    [
      1783404816,
      0.329526
    ],
    [
      1783405717,
      0.32965
    ],
    [
      1783406618,
      0.330543
    ],
    [
      1783407520,
      0.3317
    ],
    [
      1783408421,
      0.331618
    ],
    [
      1783409323,
      0.331713
    ]
  ],
  "binancecoin": [
    [
      1783403013,
      578.65
    ],
    [
      1783404816,
      578.14
    ],
    [
      1783405717,
      578.74
    ],
    [
      1783406618,
      579.3
    ],
    [
      1783408421,
      579.39
    ],
    [
      1783409323,
      579.28
    ]
  ],
  "ripple": [
    [
      1783403013,
      1.13
    ],
    [
      1783404816,
      1.13
    ],
    [
      1783405717,
      1.13
    ],
    [
      1783406618,
      1.13
    ],
    [
      1783408421,
      1.13
    ],
    [
      1783409323,
      1.13
    ]
  ],
  "solana": [
    [
      1783403013,
      80.91
    ],
    [
      1783404816,
      80.86
    ],
    [
      1783405717,
      80.94
    ],
    [
      1783406618,
      81.27
    ],
    [
      1783408421,
      81.53
    ],
    [
      1783409323,
      81.55
    ]
  ],
  "dogecoin": [
    [
      1783403013,
      0.074692
    ],
    [
      1783404816,
      0.074775
    ],
    [
      1783405717,
      0.074883
    ],
    [
      1783406618,
      0.075129
    ],
    [
      1783408421,
      0.075421
    ],
    [
      1783409323,
      0.075325
    ]
  ],
  "cardano": [
    [
      1783403013,
      0.179938
    ],
    [
      1783404816,
      0.179567
    ],
    [
      1783405717,
      0.179326
    ],
    [
      1783406618,
      0.180208
    ],
    [
      1783408421,
      0.180749
    ],
    [
      1783409323,
      0.18075
    ]
  ],
  "tron": [
    [
      1783403013,
      0.330132
    ],
    [
      1783404816,
      0.329952
    ],
    [
      1783405717,
      0.329446
    ],
    [
      1783406618,
      0.329149
    ],
    [
      1783408421,
      0.329466
    ],
    [
      1783409323,
      0.329429
    ]
  ],
  "chainlink": [
    [
      1783403013,
      7.87
    ],
    [
      1783404816,
      7.87
    ],
    [
      1783405717,
      7.88
    ],
    [
      1783406618,
      7.91
    ],
    [
      1783408421,
      7.93
    ],
    [
      1783409323,
      7.93
    ]
  ],
  "the-open-network": [
    [
      1783403013,
      1.68
    ],
    [
      1783404816,
      1.68
    ],
    [
      1783405717,
      1.68
    ],
    [
      1783406618,
      1.69
    ],
    [
      1783408421,
      1.69
    ],
    [
      1783409323,
      1.69
    ]
  ],
  "stellar": [
    [
      1783403013,
      0.19576
    ],
    [
      1783404816,
      0.195672
    ],
    [
      1783405717,
      0.195708
    ],
    [
      1783406618,
      0.196349
    ],
    [
      1783408421,
      0.196396
    ],
    [
      1783409323,
      0.196161
    ]
  ],
  "hedera-hashgraph": [
    [
      1783403013,
      0.072203
    ],
    [
      1783404816,
      0.071878
    ],
    [
      1783405717,
      0.071955
    ],
    [
      1783406618,
      0.072172
    ],
    [
      1783408421,
      0.072158
    ],
    [
      1783409323,
      0.072
    ]
  ],
  "sui": [
    [
      1783403013,
      0.736475
    ],
    [
      1783404816,
      0.73736
    ],
    [
      1783405717,
      0.737126
    ],
    [
      1783406618,
      0.739739
    ],
    [
      1783408421,
      0.740616
    ],
    [
      1783409323,
      0.741351
    ]
  ],
  "bitcoin-cash": [
    [
      1783403013,
      239.93
    ],
    [
      1783404816,
      239.71
    ],
    [
      1783405717,
      239.56
    ],
    [
      1783406618,
      240.03
    ],
    [
      1783408421,
      239.84
    ],
    [
      1783409323,
      239.61
    ]
  ],
  "litecoin": [
    [
      1783403013,
      44.04
    ],
    [
      1783404816,
      44.01
    ],
    [
      1783405717,
      44.01
    ],
    [
      1783406618,
      44.12
    ],
    [
      1783408421,
      44.13
    ],
    [
      1783409323,
      44.18
    ]
  ],
  "polkadot": [
    [
      1783403013,
      0.861493
    ],
    [
      1783404816,
      0.865975
    ],
    [
      1783405717,
      0.86568
    ],
    [
      1783406618,
      0.865262
    ],
    [
      1783408421,
      0.866521
    ],
    [
      1783409323,
      0.86465
    ]
  ],
  "hyperliquid": [
    [
      1783403013,
      70.06
    ],
    [
      1783404816,
      70.2
    ],
    [
      1783405717,
      70.23
    ],
    [
      1783406618,
      70.53
    ],
    [
      1783408421,
      71.05
    ],
    [
      1783409323,
      71.08
    ]
  ],
  "monero": [
    [
      1783403013,
      326.25
    ],
    [
      1783404816,
      324.99
    ],
    [
      1783405717,
      325.75
    ],
    [
      1783406618,
      325.81
    ],
    [
      1783408421,
      325.21
    ],
    [
      1783409323,
      325.35
    ]
  ],
  "_alerts_sent": {}
}