{
  "bitcoin": [
    [
      1780623402,
      63369
    ],
    [
      1780624303,
      63209
    ],
    [
      1780625205,
      63228
    ],
    [
      1780626106,
      62901
    ],
    [
      1780627007,
      62814
    ],
    [
      1780627910,
      62699
    ],
    [
      1780628688,
      62491
    ],
    [
      1780629590,
      62628
    ],
    [
      1780630491,
      62752
    ]
  ],
  "ethereum": [
    [
      1780623402,
      1757.46
    ],
    [
      1780624303,
      1752.74
    ],
    [
      1780625205,
      1748.44
    ],
    [
      1780626106,
      1739.76
    ],
    [
      1780627007,
      1738.14
    ],
    [
      1780627910,
      1736.76
    ],
    [
      1780628688,
      1726.16
    ],
    [
      1780629590,
      1733.4
    ],
    [
      1780630491,
      1734.83
    ]
  ],
  "avalanche-2": [
    [
      1780623402,
      7.65
    ],
    [
      1780624303,
      7.63
    ],
    [
      1780625205,
      7.63
    ],
    [
      1780626106,
      7.58
    ],
    [
      1780627007,
      7.56
    ],
    [
      1780627910,
      7.47
    ],
    [
      1780628688,
      7.42
    ],
    [
      1780629590,
      7.46
    ],
    [
      1780630491,
      7.44
    ]
  ],
  "ondo-finance": [
    [
      1780623402,
      0.371447
    ],
    [
      1780624303,
      0.372419
    ],
    [
      1780625205,
      0.373458
    ],
    [
      1780626106,
      0.368832
    ],
    [
      1780627007,
      0.369813
    ],
    [
      1780627910,
      0.367755
    ],
    [
      1780628688,
      0.360296
    ],
    [
      1780629590,
      0.358271
    ],
    [
      1780630491,
      0.3611
    ]
  ],
  "binancecoin": [
    [
      1780623402,
      601.42
    ],
    [
      1780624303,
      600.33
    ],
    [
      1780625205,
      601.34
    ],
    [
      1780626106,
      598.28
    ],
    [
      1780627007,
      598.42
    ],
    [
      1780627910,
      597.55
    ],
    [
      1780628688,
      594.08
    ],
    [
      1780629590,
      595.24
    ],
    [
      1780630491,
      595.98
    ]
  ],
  "ripple": [
    [
      1780623402,
      1.16
    ],
    [
      1780624303,
      1.15
    ],
    [
      1780625205,
      1.15
    ],
    [
      1780626106,
      1.15
    ],
    [
      1780627007,
      1.14
    ],
    [
      1780627910,
      1.14
    ],
    [
      1780628688,
      1.14
    ],
    [
      1780629590,
      1.14
    ],
    [
      1780630491,
      1.14
    ]
  ],
  "solana": [
    [
      1780623402,
      68.55
    ],
    [
      1780624303,
      68.36
    ],
    [
      1780625205,
      68.41
    ],
    [
      1780626106,
      67.86
    ],
    [
      1780627007,
      67.88
    ],
    [
      1780627910,
      67.76
    ],
    [
      1780628688,
      67.21
    ],
    [
      1780629590,
      67.62
    ],
    [
      1780630491,
      67.41
    ]
  ],
  "dogecoin": [
    [
      1780623402,
      0.087962
    ],
    [
      1780624303,
      0.087658
    ],
    [
      1780625205,
      0.087731
    ],
    [
      1780626106,
      0.087162
    ],
    [
      1780627007,
      0.087012
    ],
    [
      1780627910,
      0.086599
    ],
    [
      1780628688,
      0.086187
    ],
    [
      1780629590,
      0.08638
    ],
    [
      1780630491,
      0.086373
    ]
  ],
  "cardano": [
    [
      1780623402,
      0.173484
    ],
    [
      1780624303,
      0.172876
    ],
    [
      1780625205,
      0.171131
    ],
    [
      1780626106,
      0.169435
    ],
    [
      1780627007,
      0.168054
    ],
    [
      1780627910,
      0.165878
    ],
    [
      1780628688,
      0.163682
    ],
    [
      1780629590,
      0.164051
    ],
    [
      1780630491,
      0.161888
    ]
  ],
  "tron": [
    [
      1780623402,
      0.327938
    ],
    [
      1780624303,
      0.327862
    ],
    [
      1780625205,
      0.328154
    ],
    [
      1780626106,
      0.327841
    ],
    [
      1780627007,
      0.327834
    ],
    [
      1780627910,
      0.32687
    ],
    [
      1780628688,
      0.326498
    ],
    [
      1780629590,
      0.326373
    ],
    [
      1780630491,
      0.327265
    ]
  ],
  "chainlink": [
    [
      1780623402,
      7.96
    ],
    [
      1780624303,
      7.95
    ],
    [
      1780625205,
      7.94
    ],
    [
      1780626106,
      7.9
    ],
    [
      1780627007,
      7.87
    ],
    [
      1780627910,
      7.83
    ],
    [
      1780628688,
      7.79
    ],
    [
      1780629590,
      7.81
    ],
    [
      1780630491,
      7.84
    ]
  ],
  "the-open-network": [
    [
      1780623402,
      1.67
    ],
    [
      1780624303,
      1.67
    ],
    [
      1780625205,
      1.67
    ],
    [
      1780626106,
      1.66
    ],
    [
      1780627007,
      1.66
    ],
    [
      1780627910,
      1.65
    ],
    [
      1780628688,
      1.64
    ],
    [
      1780629590,
      1.64
    ],
    [
      1780630491,
      1.64
    ]
  ],
  "stellar": [
    [
      1780623402,
      0.200318
    ],
    [
      1780624303,
      0.199903
    ],
    [
      1780625205,
      0.199335
    ],
    [
      1780626106,
      0.198754
    ],
    [
      1780627007,
      0.198376
    ],
    [
      1780627910,
      0.19706
    ],
    [
      1780628688,
      0.196402
    ],
    [
      1780629590,
      0.196712
    ],
    [
      1780630491,
      0.196691
    ]
  ],
  "hedera-hashgraph": [
    [
      1780623402,
      0.08358
    ],
    [
      1780624303,
      0.083324
    ],
    [
      1780625205,
      0.083103
    ],
    [
      1780626106,
      0.082697
    ],
    [
      1780627007,
      0.082631
    ],
    [
      1780627910,
      0.082282
    ],
    [
      1780628688,
      0.082036
    ],
    [
      1780629590,
      0.082119
    ],
    [
      1780630491,
      0.082243
    ]
  ],
  "sui": [
    [
      1780623402,
      0.760558
    ],
    [
      1780624303,
      0.759465
    ],
    [
      1780625205,
      0.757077
    ],
    [
      1780626106,
      0.749958
    ],
    [
      1780627007,
      0.74899
    ],
    [
      1780627910,
      0.743872
    ],
    [
      1780628688,
      0.736686
    ],
    [
      1780629590,
      0.73614
    ],
    [
      1780630491,
      0.73725
    ]
  ],
  "bitcoin-cash": [
    [
      1780623402,
      243.9
    ],
    [
      1780624303,
      244.09
    ],
    [
      1780625205,
      244.43
    ],
    [
      1780626106,
      243.77
    ],
    [
      1780627007,
      243.66
    ],
    [
      1780627910,
      243.16
    ],
    [
      1780628688,
      240.62
    ],
    [
      1780629590,
      241.26
    ],
    [
      1780630491,
      241.51
    ]
  ],
  "litecoin": [
    [
      1780623402,
      45.61
    ],
    [
      1780624303,
      45.57
    ],
    [
      1780625205,
      45.58
    ],
    [
      1780626106,
      45.32
    ],
    [
      1780627007,
      45.2
    ],
    [
      1780627910,
      45.06
    ],
    [
      1780628688,
      44.81
    ],
    [
      1780629590,
      44.9
    ],
    [
      1780630491,
      45.05
    ]
  ],
  "polkadot": [
    [
      1780623402,
      1.037
    ],
    [
      1780624303,
      1.036
    ],
    [
      1780625205,
      1.035
    ],
    [
      1780626106,
      1.028
    ],
    [
      1780627007,
      1.025
    ],
    [
      1780627910,
      1.016
    ],
    [
      1780628688,
      1.007
    ],
    [
      1780629590,
      1.012
    ],
    [
      1780630491,
      1.015
    ]
  ],
  "hyperliquid": [
    [
      1780623402,
      65.41
    ],
    [
      1780624303,
      65.65
    ],
    [
      1780625205,
      65.55
    ],
    [
      1780626106,
      65.46
    ],
    [
      1780627007,
      64.95
    ],
    [
      1780627910,
      64.37
    ],
    [
      1780628688,
      63.75
    ],
    [
      1780629590,
      63.0
    ],
    [
      1780630491,
      63.47
    ]
  ],