{
  "bitcoin": [
    [
      1784090886,
      64783
    ],
    [
      1784091787,
      64717
    ],
    [
      1784092689,
      64585
    ],
    [
      1784093590,
      64633
    ],
    [
      1784094491,
      64676
    ],
    [
      1784095393,
      64852
    ],
    [
      1784096294,
      64923
    ],
    [
      1784097195,
      64971
    ]
  ],
  "ethereum": [
    [
      1784090886,
      1877.54
    ],
    [
      1784091787,
      1875.48
    ],
    [
      1784092689,
      1871.77
    ],
    [
      1784093590,
      1872.18
    ],
    [
      1784094491,
      1873.54
    ],
    [
      1784095393,
      1880.84
    ],
    [
      1784096294,
      1885.97
    ],
    [
      1784097195,
      1884.6
    ]
  ],
  "avalanche-2": [
    [
      1784090886,
      6.64
    ],
    [
      1784091787,
      6.65
    ],
    [
      1784092689,
      6.64
    ],
    [
      1784093590,
      6.63
    ],
    [
      1784094491,
      6.65
    ],
    [
      1784095393,
      6.68
    ],
    [
      1784096294,
      6.7
    ],
    [
      1784097195,
      6.7
    ]
  ],
  "ondo-finance": [
    [
      1784090886,
      0.320303
    ],
    [
      1784091787,
      0.320381
    ],
    [
      1784092689,
      0.318618
    ],
    [
      1784093590,
      0.318686
    ],
    [
      1784094491,
      0.319885
    ],
    [
      1784095393,
      0.321215
    ],
    [
      1784096294,
      0.32115
    ],
    [
      1784097195,
      0.321633
    ]
  ],
  "binancecoin": [
    [
      1784090886,
      579.13
    ],
    [
      1784091787,
      579.37
    ],
    [
      1784092689,
      578.81
    ],
    [
      1784093590,
      578.53
    ],
    [
      1784094491,
      578.85
    ],
    [
      1784095393,
      579.95
    ],
    [
      1784096294,
      580.44
    ],
    [
      1784097195,
      580.33
    ]
  ],
  "ripple": [
    [
      1784090886,
      1.1
    ],
    [
      1784091787,
      1.1
    ],
    [
      1784092689,
      1.1
    ],
    [
      1784093590,
      1.1
    ],
    [
      1784094491,
      1.1
    ],
    [
      1784095393,
      1.11
    ],
    [
      1784096294,
      1.11
    ],
    [
      1784097195,
      1.11
    ]
  ],
  "solana": [
    [
      1784090886,
      77.86
    ],
    [
      1784091787,
      77.97
    ],
    [
      1784092689,
      77.76
    ],
    [
      1784093590,
      77.63
    ],
    [
      1784094491,
      77.83
    ],
    [
      1784095393,
      78.2
    ],
    [
      1784096294,
      78.33
    ],
    [
      1784097195,
      78.29
    ]
  ],
  "dogecoin": [
    [
      1784090886,
      0.073978
    ],
    [
      1784091787,
      0.074013
    ],
    [
      1784092689,
      0.073864
    ],
    [
      1784093590,
      0.073898
    ],
    [
      1784094491,
      0.073999
    ],
    [
      1784095393,
      0.074306
    ],
    [
      1784096294,
      0.074459
    ],
    [
      1784097195,
      0.074564
    ]
  ],
  "cardano": [
    [
      1784090886,
      0.163501
    ],
    [
      1784091787,
      0.163542
    ],
    [
      1784092689,
      0.1629
    ],
    [
      1784093590,
      0.162948
    ],
    [
      1784094491,
      0.163258
    ],
    [
      1784095393,
      0.164068
    ],
    [
      1784096294,
      0.16443
    ],
    [
      1784097195,
      0.164346
    ]
  ],
  "tron": [
    [
      1784090886,
      0.3265
    ],
    [
      1784091787,
      0.326435
    ],
    [
      1784092689,
      0.326411
    ],
    [
      1784093590,
      0.326509
    ],
    [
      1784094491,
      0.326283
    ],
    [
      1784095393,
      0.326407
    ],
    [
      1784096294,
      0.32653
    ],
    [
      1784097195,
      0.326723
    ]
  ],
  "chainlink": [
    [
      1784090886,
      8.33
    ],
    [
      1784091787,
      8.32
    ],
    [
      1784092689,
      8.32
    ],
    [
      1784093590,
      8.32
    ],
    [
      1784094491,
      8.34
    ],
    [
      1784095393,
      8.37
    ],
    [
      1784096294,
      8.38
    ],
    [
      1784097195,
      8.38
    ]
  ],
  "the-open-network": [
    [
      1784090886,
      1.61
    ],
    [
      1784091787,
      1.61
    ],
    [
      1784092689,
      1.61
    ],
    [
      1784093590,
      1.6
    ],
    [
      1784094491,
      1.6
    ],
    [
      1784095393,
      1.61
    ],
    [
      1784096294,
      1.61
    ],
    [
      1784097195,
      1.61
    ]
  ],
  "stellar": [
    [
      1784090886,
      0.1831
    ],
    [
      1784091787,
      0.1832
    ],
    [
      1784092689,
      0.18273
    ],
    [
      1784093590,
      0.182431
    ],
    [
      1784094491,
      0.18312
    ],
    [
      1784095393,
      0.183556
    ],
    [
      1784096294,
      0.184059
    ],
    [
      1784097195,
      0.184007
    ]
  ],
  "hedera-hashgraph": [
    [
      1784090886,
      0.067268
    ],
    [
      1784091787,
      0.067327
    ],
    [
      1784092689,
      0.067194
    ],
    [
      1784093590,
      0.06708
    ],
    [
      1784094491,
      0.067274
    ],
    [
      1784095393,
      0.067391
    ],
    [
      1784096294,
      0.067544
    ],
    [
      1784097195,
      0.067632
    ]
  ],
  "sui": [
    [
      1784090886,
      0.753091
    ],
    [
      1784091787,
      0.752891
    ],
    [
      1784092689,
      0.750385
    ],
    [
      1784093590,
      0.749793
    ],
    [
      1784094491,
      0.753129
    ],
    [
      1784095393,
      0.755348
    ],
    [
      1784096294,
      0.757155
    ],
    [
      1784097195,
      0.757874
    ]
  ],
  "bitcoin-cash": [
    [
      1784090886,
      233.33
    ],
    [
      1784091787,
      233.02
    ],
    [
      1784092689,
      234.42
    ],
    [
      1784093590,
      234.65
    ],
    [
      1784094491,
      234.81
    ],
    [
      1784095393,
      235.06
    ],
    [
      1784096294,
      236.05
    ],
    [
      1784097195,
      237.4
    ]
  ],
  "litecoin": [
    [
      1784090886,
      44.7
    ],
    [
      1784091787,
      44.74
    ],
    [
      1784092689,
      44.68
    ],
    [
      1784093590,
      44.64
    ],
    [
      1784094491,
      44.73
    ],
    [
      1784095393,
      44.85
    ],
    [
      1784096294,
      44.95
    ],
    [
      1784097195,
      45.05
    ]
  ],
  "polkadot": [
    [
      1784090886,
      0.850829
    ],
    [
      1784091787,
      0.851579
    ],
    [
      1784092689,
      0.84788
    ],
    [
      1784093590,
      0.847993
    ],
    [
      1784094491,
      0.84936
    ],
    [
      1784095393,
      0.853448
    ],
    [
      1784096294,
      0.854619
    ],
    [
      1784097195,
      0.856136
    ]
  ],
  "hyperliquid": [
    [
      1784090886,
      66.92
    ],
    [
      1784091787,
      66.75
    ],
    [
      1784092689,
      66.67
    ],
    [
      1784093590,
      66.67
    ],
    [
      1784094491,
      66.81
    ],
    [
      1784095393,
      67.05
    ],
    [
      1784096294,
      67.15
    ],
    [
      1784097195,
      67.04
    ]
  ],
  "monero": [
    [
      1784090886,
      330.71
    ],
    [
      1784091787,
      331.43
    ],
    [
      1784092689,
      330.98
    ],
    [
      1784093590,
      330.32
    ],
    [
      1784094491,
      331.2
    ],
    [
      1784095393,
      332.01
    ],
    [
      1784096294,
      331.53
    ],
    [
      1784097195,
      332.66
    ]
  ],
  "_alerts_sent": {}
}