{
  "bitcoin": [
    [
      1783946233,
      62636
    ],
    [
      1783947140,
      62572
    ],
    [
      1783948042,
      62581
    ],
    [
      1783948944,
      62387
    ],
    [
      1783949847,
      62663
    ],
    [
      1783950748,
      62195
    ],
    [
      1783951652,
      62239
    ],
    [
      1783952558,
      62359
    ]
  ],
  "ethereum": [
    [
      1783946233,
      1770.9
    ],
    [
      1783947140,
      1770.32
    ],
    [
      1783948042,
      1771.31
    ],
    [
      1783948944,
      1765.51
    ],
    [
      1783949847,
      1773.42
    ],
    [
      1783950748,
      1765.11
    ],
    [
      1783951652,
      1767.72
    ],
    [
      1783952558,
      1766.78
    ]
  ],
  "avalanche-2": [
    [
      1783946233,
      6.58
    ],
    [
      1783947140,
      6.58
    ],
    [
      1783948042,
      6.61
    ],
    [
      1783948944,
      6.65
    ],
    [
      1783949847,
      6.63
    ],
    [
      1783950748,
      6.57
    ],
    [
      1783951652,
      6.55
    ],
    [
      1783952558,
      6.58
    ]
  ],
  "ondo-finance": [
    [
      1783946233,
      0.315697
    ],
    [
      1783947140,
      0.315157
    ],
    [
      1783948042,
      0.315599
    ],
    [
      1783948944,
      0.313591
    ],
    [
      1783949847,
      0.316074
    ],
    [
      1783950748,
      0.314441
    ],
    [
      1783951652,
      0.315166
    ],
    [
      1783952558,
      0.316395
    ]
  ],
  "binancecoin": [
    [
      1783946233,
      567.78
    ],
    [
      1783947140,
      567.75
    ],
    [
      1783948042,
      567.83
    ],
    [
      1783948944,
      566.93
    ],
    [
      1783949847,
      568.76
    ],
    [
      1783950748,
      566.42
    ],
    [
      1783951652,
      567.34
    ],
    [
      1783952558,
      567.29
    ]
  ],
  "ripple": [
    [
      1783946233,
      1.074
    ],
    [
      1783947140,
      1.072
    ],
    [
      1783948042,
      1.072
    ],
    [
      1783948944,
      1.069
    ],
    [
      1783949847,
      1.071
    ],
    [
      1783950748,
      1.067
    ],
    [
      1783951652,
      1.069
    ],
    [
      1783952558,
      1.072
    ]
  ],
  "solana": [
    [
      1783946233,
      75.86
    ],
    [
      1783947140,
      75.82
    ],
    [
      1783948042,
      75.79
    ],
    [
      1783948944,
      75.56
    ],
    [
      1783949847,
      75.71
    ],
    [
      1783950748,
      75.21
    ],
    [
      1783951652,
      75.47
    ],
    [
      1783952558,
      75.79
    ]
  ],
  "dogecoin": [
    [
      1783946233,
      0.072032
    ],
    [
      1783947140,
      0.072082
    ],
    [
      1783948042,
      0.072044
    ],
    [
      1783948944,
      0.071934
    ],
    [
      1783949847,
      0.072224
    ],
    [
      1783950748,
      0.071943
    ],
    [
      1783951652,
      0.072093
    ],
    [
      1783952558,
      0.072262
    ]
  ],
  "cardano": [
    [
      1783946233,
      0.15925
    ],
    [
      1783947140,
      0.159002
    ],
    [
      1783948042,
      0.158425
    ],
    [
      1783948944,
      0.157958
    ],
    [
      1783949847,
      0.15851
    ],
    [
      1783950748,
      0.157734
    ],
    [
      1783951652,
      0.158171
    ],
    [
      1783952558,
      0.158682
    ]
  ],
  "tron": [
    [
      1783946233,
      0.326409
    ],
    [
      1783947140,
      0.326557
    ],
    [
      1783948042,
      0.326578
    ],
    [
      1783948944,
      0.326363
    ],
    [
      1783949847,
      0.326263
    ],
    [
      1783950748,
      0.326227
    ],
    [
      1783951652,
      0.325885
    ],
    [
      1783952558,
      0.325922
    ]
  ],
  "chainlink": [
    [
      1783946233,
      7.9
    ],
    [
      1783947140,
      7.89
    ],
    [
      1783948042,
      7.89
    ],
    [
      1783948944,
      7.87
    ],
    [
      1783949847,
      7.91
    ],
    [
      1783950748,
      7.89
    ],
    [
      1783951652,
      7.91
    ],
    [
      1783952558,
      7.91
    ]
  ],
  "the-open-network": [
    [
      1783946233,
      1.6
    ],
    [
      1783947140,
      1.6
    ],
    [
      1783948042,
      1.59
    ],
    [
      1783948944,
      1.59
    ],
    [
      1783949847,
      1.6
    ],
    [
      1783950748,
      1.6
    ],
    [
      1783951652,
      1.6
    ],
    [
      1783952558,
      1.6
    ]
  ],
  "stellar": [
    [
      1783946233,
      0.182471
    ],
    [
      1783947140,
      0.182558
    ],
    [
      1783948042,
      0.182703
    ],
    [
      1783948944,
      0.182211
    ],
    [
      1783949847,
      0.183108
    ],
    [
      1783950748,
      0.182214
    ],
    [
      1783951652,
      0.182092
    ],
    [
      1783952558,
      0.182532
    ]
  ],
  "hedera-hashgraph": [
    [
      1783946233,
      0.066533
    ],
    [
      1783947140,
      0.066686
    ],
    [
      1783948042,
      0.066901
    ],
    [
      1783948944,
      0.066812
    ],
    [
      1783949847,
      0.067021
    ],
    [
      1783950748,
      0.066833
    ],
    [
      1783951652,
      0.066891
    ],
    [
      1783952558,
      0.06696
    ]
  ],
  "sui": [
    [
      1783946233,
      0.727761
    ],
    [
      1783947140,
      0.726323
    ],
    [
      1783948042,
      0.726646
    ],
    [
      1783948944,
      0.72437
    ],
    [
      1783949847,
      0.726635
    ],
    [
      1783950748,
      0.723746
    ],
    [
      1783951652,
      0.724915
    ],
    [
      1783952558,
      0.726937
    ]
  ],
  "bitcoin-cash": [
    [
      1783946233,
      237.13
    ],
    [
      1783947140,
      236.94
    ],
    [
      1783948042,
      237.46
    ],
    [
      1783948944,
      236.94
    ],
    [
      1783949847,
      238.22
    ],
    [
      1783950748,
      239.06
    ],
    [
      1783951652,
      238.88
    ],
    [
      1783952558,
      238.56
    ]
  ],
  "litecoin": [
    [
      1783946233,
      43.25
    ],
    [
      1783947140,
      43.29
    ],
    [
      1783948042,
      43.34
    ],
    [
      1783948944,
      43.23
    ],
    [
      1783949847,
      43.35
    ],
    [
      1783950748,
      43.25
    ],
    [
      1783951652,
      43.23
    ],
    [
      1783952558,
      43.27
    ]
  ],
  "polkadot": [
    [
      1783946233,
      0.833021
    ],
    [
      1783947140,
      0.830467
    ],
    [
      1783948042,
      0.82919
    ],
    [
      1783948944,
      0.82651
    ],
    [
      1783949847,
      0.828573
    ],
    [
      1783950748,
      0.826588
    ],
    [
      1783951652,
      0.828061
    ],
    [
      1783952558,
      0.831061
    ]
  ],
  "hyperliquid": [
    [
      1783946233,
      64.31
    ],
    [
      1783947140,
      64.34
    ],
    [
      1783948042,
      64.37
    ],
    [
      1783948944,
      64.07
    ],
    [
      1783949847,
      64.04
    ],
    [
      1783950748,
      63.77
    ],
    [
      1783951652,
      63.97
    ],
    [
      1783952558,
      63.95
    ]
  ],
  "monero": [
    [
      1783946233,
      324.83
    ],
    [
      1783947140,
      326.46
    ],
    [
      1783948042,
      326.15
    ],
    [
      1783948944,
      325.69
    ],
    [
      1783949847,
      325.32
    ],
    [
      1783950748,
      323.59
    ],
    [
      1783951652,
      322.84
    ],
    [
      1783952558,
      322.5
    ]
  ],
  "_alerts_sent": {}
}