{
  "bitcoin": [
    [
      1780964767,
      62900
    ],
    [
      1780965668,
      62599
    ],
    [
      1780966829,
      62523
    ],
    [
      1780967730,
      62657
    ],
    [
      1780968416,
      62750
    ],
    [
      1780969164,
      62725
    ],
    [
      1780970066,
      62765
    ],
    [
      1780970968,
      62790
    ],
    [
      1780971787,
      62615.3
    ]
  ],
  "ethereum": [
    [
      1780964767,
      1681.04
    ],
    [
      1780965668,
      1666.27
    ],
    [
      1780966829,
      1662.09
    ],
    [
      1780967730,
      1664.96
    ],
    [
      1780968416,
      1669.24
    ],
    [
      1780969164,
      1668.87
    ],
    [
      1780970066,
      1668.61
    ],
    [
      1780970968,
      1669.96
    ],
    [
      1780971787,
      1661.57
    ]
  ],
  "avalanche-2": [
    [
      1780964767,
      6.71
    ],
    [
      1780965668,
      6.61
    ],
    [
      1780966829,
      6.61
    ],
    [
      1780967730,
      6.61
    ],
    [
      1780968416,
      6.63
    ],
    [
      1780969164,
      6.64
    ],
    [
      1780970066,
      6.64
    ],
    [
      1780970968,
      6.67
    ],
    [
      1780971787,
      6.629
    ]
  ],
  "ondo-finance": [
    [
      1780964767,
      0.359781
    ],
    [
      1780965668,
      0.356431
    ],
    [
      1780966829,
      0.355799
    ],
    [
      1780967730,
      0.355767
    ],
    [
      1780968416,
      0.356201
    ],
    [
      1780969164,
      0.357017
    ],
    [
      1780970066,
      0.357155
    ],
    [
      1780970968,
      0.357302
    ],
    [
      1780971787,
      0.35412
    ]
  ],
  "binancecoin": [
    [
      1780964767,
      597.86
    ],
    [
      1780965668,
      593.53
    ],
    [
      1780966829,
      595.37
    ],
    [
      1780967730,
      596.09
    ],
    [
      1780968416,
      596.73
    ],
    [
      1780969164,
      597.68
    ],
    [
      1780970066,
      597.47
    ],
    [
      1780970968,
      597.31
    ],
    [
      1780971814,
      596.18
    ]
  ],
  "ripple": [
    [
      1780964767,
      1.16
    ],
    [
      1780965668,
      1.15
    ],
    [
      1780966829,
      1.15
    ],
    [
      1780967730,
      1.15
    ],
    [
      1780968416,
      1.16
    ],
    [
      1780969164,
      1.16
    ],
    [
      1780970066,
      1.15
    ],
    [
      1780970968,
      1.15
    ],
    [
      1780971814,
      1.15
    ]
  ],
  "solana": [
    [
      1780964767,
      66.08
    ],
    [
      1780965668,
      65.55
    ],
    [
      1780966829,
      65.4
    ],
    [
      1780967730,
      65.56
    ],
    [
      1780968416,
      65.79
    ],
    [
      1780969164,
      65.93
    ],
    [
      1780970066,
      65.87
    ],
    [
      1780970968,
      65.98
    ],
    [
      1780971814,
      65.68
    ]
  ],
  "dogecoin": [
    [
      1780964767,
      0.085651
    ],
    [
      1780965668,
      0.084883
    ],
    [
      1780966829,
      0.084801
    ],
    [
      1780967730,
      0.084933
    ],
    [
      1780968416,
      0.085112
    ],
    [
      1780969164,
      0.085194
    ],
    [
      1780970066,
      0.085088
    ],
    [
      1780970968,
      0.08514
    ],
    [
      1780971814,
      0.084802
    ]
  ],
  "cardano": [
    [
      1780964767,
      0.168773
    ],
    [
      1780965668,
      0.166611
    ],
    [
      1780966829,
      0.166798
    ],
    [
      1780967730,
      0.166882
    ],
    [
      1780968416,
      0.166787
    ],
    [
      1780969164,
      0.166644
    ],
    [
      1780970066,
      0.16652
    ],
    [
      1780970968,
      0.167148
    ],
    [
      1780971814,
      0.166232
    ]
  ],
  "tron": [
    [
      1780964767,
      0.326493
    ],
    [
      1780965668,
      0.325911
    ],
    [
      1780966829,
      0.32573
    ],
    [
      1780967730,
      0.325709
    ],
    [
      1780968416,
      0.325643
    ],
    [
      1780969164,
      0.325768
    ],
    [
      1780970066,
      0.325514
    ],
    [
      1780970968,
      0.325542
    ],
    [
      1780971814,
      0.325205
    ]
  ],
  "chainlink": [
    [
      1780964767,
      7.95
    ],
    [
      1780965668,
      7.84
    ],
    [
      1780966829,
      7.83
    ],
    [
      1780967730,
      7.83
    ],
    [
      1780968416,
      7.84
    ],
    [
      1780969164,
      7.85
    ],
    [
      1780970066,
      7.84
    ],
    [
      1780970968,
      7.85
    ],
    [
      1780971814,
      7.81
    ]
  ],
  "the-open-network": [
    [
      1780964767,
      1.73
    ],
    [
      1780965668,
      1.68
    ],
    [
      1780966829,
      1.69
    ],
    [
      1780967730,
      1.69
    ],
    [
      1780968416,
      1.7
    ],
    [
      1780969164,
      1.7
    ],
    [
      1780970066,
      1.69
    ],
    [
      1780970968,
      1.7
    ],
    [
      1780971814,
      1.69
    ]
  ],
  "stellar": [
    [
      1780964767,
      0.202252
    ],
    [
      1780965668,
      0.199993
    ],
    [
      1780966829,
      0.198946
    ],
    [
      1780967730,
      0.199208
    ],
    [
      1780968416,
      0.199091
    ],
    [
      1780969164,
      0.198932
    ],
    [
      1780970066,
      0.199065
    ],
    [
      1780970968,
      0.199213
    ],
    [
      1780971814,
      0.197332
    ]
  ],
  "hedera-hashgraph": [
    [
      1780964767,
      0.081042
    ],
    [
      1780965668,
      0.080209
    ],
    [
      1780966829,
      0.08018
    ],
    [
      1780967730,
      0.080216
    ],
    [
      1780968416,
      0.080363
    ],
    [
      1780969164,
      0.080502
    ],
    [
      1780970066,
      0.080399
    ],
    [
      1780970968,
      0.080474
    ],
    [
      1780971814,
      0.080162
    ]
  ],
  "sui": [
    [
      1780964767,
      0.749248
    ],
    [
      1780965668,
      0.739641
    ],
    [
      1780966829,
      0.733388
    ],
    [
      1780967730,
      0.736035
    ],
    [
      1780968416,
      0.739299
    ],
    [
      1780969164,
      0.744121
    ],
    [
      1780970066,
      0.743931
    ],
    [
      1780970968,
      0.746667
    ],
    [
      1780971814,
      0.741795
    ]
  ],
  "bitcoin-cash": [
    [
      1780964767,
      207.13
    ],
    [
      1780965668,
      204.83
    ],
    [
      1780966829,
      204.55
    ],
    [
      1780967730,
      204.82
    ],
    [
      1780968416,
      204.82
    ],
    [
      1780969164,
      205.27
    ],
    [
      1780970066,
      205.4
    ],
    [
      1780970968,
      206.37
    ],
    [
      1780971814,
      205.39
    ]
  ],
  "litecoin": [
    [
      1780964767,
      42.89
    ],
    [
      1780965668,
      42.33
    ],
    [
      1780966829,
      42.33
    ],
    [
      1780967730,
      42.37
    ],
    [
      1780968416,
      42.47
    ],
    [
      1780969164,
      42.48
    ],
    [
      1780970066,
      42.48
    ],
    [
      1780970968,
      42.57
    ],
    [
      1780971814,
      42.41
    ]
  ],
  "polkadot": [
    [
      1780964767,
      0.968718
    ],
    [
      1780965668,
      0.955991
    ],
    [
      1780966829,
      0.952463
    ],
    [
      1780967730,
      0.953376
    ],
    [
      1780968416,
      0.956138
    ],
    [
      1780969164,
      0.959996
    ],
    [
      1780970066,
      0.959212
    ],
    [
      1780970968,
      0.959747
    ],
    [
      1780971814,
      0.953789
    ]
  ],
  "hyperliquid": [
    [
      1780964767,
      63.32
    ],
    [
      1780965668,
      62.75
    ],
    [
      1780966829,
      62.19
    ],
    [
      1780967730,
      62.21
    ],
    [
      1780968416,
      62.22
    ],
    [
      1780969164,
      62.53
    ],
    [
      1780970066,
      62.64
    ],
    [
      1780970968,
      62.52
    ],
    [
      1780971814,
      62.27
    ]
  ],