{
  "bitcoin": [
    [
      1783731380,
      64089
    ],
    [
      1783732282,
      64090
    ],
    [
      1783733183,
      64185
    ],
    [
      1783734085,
      64017
    ],
    [
      1783734986,
      64042
    ],
    [
      1783735888,
      64001
    ],
    [
      1783736789,
      63975
    ],
    [
      1783737690,
      64052
    ]
  ],
  "ethereum": [
    [
      1783731380,
      1791.83
    ],
    [
      1783732282,
      1792.15
    ],
    [
      1783733183,
      1795.17
    ],
    [
      1783734085,
      1790.86
    ],
    [
      1783734986,
      1790.54
    ],
    [
      1783735888,
      1789.82
    ],
    [
      1783736789,
      1789.49
    ],
    [
      1783737690,
      1791.43
    ]
  ],
  "avalanche-2": [
    [
      1783731380,
      6.73
    ],
    [
      1783732282,
      6.72
    ],
    [
      1783733183,
      6.74
    ],
    [
      1783734085,
      6.72
    ],
    [
      1783734986,
      6.72
    ],
    [
      1783735888,
      6.71
    ],
    [
      1783736789,
      6.72
    ],
    [
      1783737690,
      6.72
    ]
  ],
  "ondo-finance": [
    [
      1783731380,
      0.329533
    ],
    [
      1783732282,
      0.33024
    ],
    [
      1783733183,
      0.330642
    ],
    [
      1783734085,
      0.32996
    ],
    [
      1783734986,
      0.329367
    ],
    [
      1783735888,
      0.32893
    ],
    [
      1783736789,
      0.328225
    ],
    [
      1783737690,
      0.328194
    ]
  ],
  "binancecoin": [
    [
      1783731380,
      574.53
    ],
    [
      1783732282,
      574.34
    ],
    [
      1783733183,
      575.31
    ],
    [
      1783734085,
      573.84
    ],
    [
      1783734986,
      573.53
    ],
    [
      1783735888,
      573.71
    ],
    [
      1783736789,
      573.22
    ],
    [
      1783737690,
      573.8
    ]
  ],
  "ripple": [
    [
      1783731380,
      1.1
    ],
    [
      1783732282,
      1.1
    ],
    [
      1783733183,
      1.11
    ],
    [
      1783734085,
      1.11
    ],
    [
      1783734986,
      1.1
    ],
    [
      1783735888,
      1.1
    ],
    [
      1783736789,
      1.1
    ],
    [
      1783737690,
      1.11
    ]
  ],
  "solana": [
    [
      1783731380,
      77.79
    ],
    [
      1783732282,
      77.77
    ],
    [
      1783733183,
      77.91
    ],
    [
      1783734085,
      77.71
    ],
    [
      1783734986,
      77.6
    ],
    [
      1783735888,
      77.57
    ],
    [
      1783736789,
      77.57
    ],
    [
      1783737690,
      77.61
    ]
  ],
  "dogecoin": [
    [
      1783731380,
      0.074126
    ],
    [
      1783732282,
      0.074081
    ],
    [
      1783733183,
      0.074191
    ],
    [
      1783734085,
      0.074178
    ],
    [
      1783734986,
      0.074113
    ],
    [
      1783735888,
      0.0741
    ],
    [
      1783736789,
      0.074094
    ],
    [
      1783737690,
      0.074161
    ]
  ],
  "cardano": [
    [
      1783731380,
      0.166725
    ],
    [
      1783732282,
      0.166482
    ],
    [
      1783733183,
      0.166853
    ],
    [
      1783734085,
      0.166634
    ],
    [
      1783734986,
      0.166513
    ],
    [
      1783735888,
      0.166556
    ],
    [
      1783736789,
      0.166632
    ],
    [
      1783737690,
      0.166641
    ]
  ],
  "tron": [
    [
      1783731380,
      0.330043
    ],
    [
      1783732282,
      0.330037
    ],
    [
      1783733183,
      0.330179
    ],
    [
      1783734085,
      0.329987
    ],
    [
      1783734986,
      0.32987
    ],
    [
      1783735888,
      0.329768
    ],
    [
      1783736789,
      0.329797
    ],
    [
      1783737690,
      0.329843
    ]
  ],
  "chainlink": [
    [
      1783731380,
      7.96
    ],
    [
      1783732282,
      7.96
    ],
    [
      1783733183,
      7.98
    ],
    [
      1783734085,
      7.97
    ],
    [
      1783734986,
      7.97
    ],
    [
      1783735888,
      7.97
    ],
    [
      1783736789,
      7.96
    ],
    [
      1783737690,
      7.97
    ]
  ],
  "the-open-network": [
    [
      1783731380,
      1.64
    ],
    [
      1783732282,
      1.64
    ],
    [
      1783733183,
      1.64
    ],
    [
      1783734085,
      1.64
    ],
    [
      1783734986,
      1.65
    ],
    [
      1783735888,
      1.64
    ],
    [
      1783736789,
      1.64
    ],
    [
      1783737690,
      1.64
    ]
  ],
  "stellar": [
    [
      1783731380,
      0.190148
    ],
    [
      1783732282,
      0.190697
    ],
    [
      1783733183,
      0.19135
    ],
    [
      1783734085,
      0.190518
    ],
    [
      1783734986,
      0.190765
    ],
    [
      1783735888,
      0.191082
    ],
    [
      1783736789,
      0.191511
    ],
    [
      1783737690,
      0.19145
    ]
  ],
  "hedera-hashgraph": [
    [
      1783731380,
      0.070191
    ],
    [
      1783732282,
      0.070428
    ],
    [
      1783733183,
      0.070643
    ],
    [
      1783734085,
      0.070518
    ],
    [
      1783734986,
      0.070529
    ],
    [
      1783735888,
      0.070562
    ],
    [
      1783736789,
      0.070903
    ],
    [
      1783737690,
      0.070665
    ]
  ],
  "sui": [
    [
      1783731380,
      0.733682
    ],
    [
      1783732282,
      0.733684
    ],
    [
      1783733183,
      0.73457
    ],
    [
      1783734085,
      0.733081
    ],
    [
      1783734986,
      0.73258
    ],
    [
      1783735888,
      0.732677
    ],
    [
      1783736789,
      0.732748
    ],
    [
      1783737690,
      0.734569
    ]
  ],
  "bitcoin-cash": [
    [
      1783731380,
      244.22
    ],
    [
      1783732282,
      244.39
    ],
    [
      1783733183,
      244.69
    ],
    [
      1783734085,
      244.41
    ],
    [
      1783734986,
      244.62
    ],
    [
      1783735888,
      244.44
    ],
    [
      1783736789,
      244.48
    ],
    [
      1783737690,
      244.99
    ]
  ],
  "litecoin": [
    [
      1783731380,
      44.73
    ],
    [
      1783732282,
      44.73
    ],
    [
      1783733183,
      44.78
    ],
    [
      1783734085,
      44.74
    ],
    [
      1783734986,
      44.74
    ],
    [
      1783735888,
      44.64
    ],
    [
      1783736789,
      44.62
    ],
    [
      1783737690,
      44.65
    ]
  ],
  "polkadot": [
    [
      1783731380,
      0.877361
    ],
    [
      1783732282,
      0.877614
    ],
    [
      1783733183,
      0.878397
    ],
    [
      1783734085,
      0.877872
    ],
    [
      1783734986,
      0.877866
    ],
    [
      1783735888,
      0.880227
    ],
    [
      1783736789,
      0.87839
    ],
    [
      1783737690,
      0.879003
    ]
  ],
  "hyperliquid": [
    [
      1783731380,
      67.44
    ],
    [
      1783732282,
      67.47
    ],
    [
      1783733183,
      67.57
    ],
    [
      1783734085,
      67.4
    ],
    [
      1783734986,
      67.18
    ],
    [
      1783735888,
      66.86
    ],
    [
      1783736789,
      66.87
    ],
    [
      1783737690,
      67.1
    ]
  ],
  "monero": [
    [
      1783731380,
      323.27
    ],
    [
      1783732282,
      323.56
    ],
    [
      1783733183,
      323.57
    ],
    [
      1783734085,
      322.82
    ],
    [
      1783734986,
      322.31
    ],
    [
      1783735888,
      322.46
    ],
    [
      1783736789,
      321.45
    ],
    [
      1783737690,
      321.56
    ]
  ],
  "_alerts_sent": {}
}