{
  "bitcoin": [
    [
      1784550184,
      64658
    ],
    [
      1784551085,
      64653
    ],
    [
      1784551987,
      64651
    ],
    [
      1784552888,
      64598
    ],
    [
      1784553790,
      64636
    ],
    [
      1784554692,
      64604
    ],
    [
      1784555593,
      64539
    ],
    [
      1784556495,
      64356
    ]
  ],
  "ethereum": [
    [
      1784550184,
      1876.72
    ],
    [
      1784551085,
      1874.93
    ],
    [
      1784551987,
      1872.73
    ],
    [
      1784552888,
      1871.92
    ],
    [
      1784553790,
      1872.52
    ],
    [
      1784554692,
      1875.71
    ],
    [
      1784555593,
      1870.73
    ],
    [
      1784556495,
      1862.6
    ]
  ],
  "avalanche-2": [
    [
      1784550184,
      6.59
    ],
    [
      1784551085,
      6.57
    ],
    [
      1784551987,
      6.57
    ],
    [
      1784552888,
      6.57
    ],
    [
      1784553790,
      6.57
    ],
    [
      1784554692,
      6.58
    ],
    [
      1784555593,
      6.55
    ],
    [
      1784556495,
      6.53
    ]
  ],
  "ondo-finance": [
    [
      1784550184,
      0.350754
    ],
    [
      1784551085,
      0.350534
    ],
    [
      1784551987,
      0.349269
    ],
    [
      1784552888,
      0.348254
    ],
    [
      1784553790,
      0.348031
    ],
    [
      1784554692,
      0.349725
    ],
    [
      1784555593,
      0.347782
    ],
    [
      1784556495,
      0.346304
    ]
  ],
  "binancecoin": [
    [
      1784550184,
      569.04
    ],
    [
      1784551085,
      569.32
    ],
    [
      1784551987,
      569.17
    ],
    [
      1784552888,
      568.83
    ],
    [
      1784553790,
      568.35
    ],
    [
      1784554692,
      568.82
    ],
    [
      1784555593,
      568.34
    ],
    [
      1784556495,
      566.35
    ]
  ],
  "ripple": [
    [
      1784550184,
      1.1
    ],
    [
      1784551085,
      1.1
    ],
    [
      1784551987,
      1.099
    ],
    [
      1784552888,
      1.099
    ],
    [
      1784553790,
      1.099
    ],
    [
      1784554692,
      1.098
    ],
    [
      1784555593,
      1.096
    ],
    [
      1784556495,
      1.091
    ]
  ],
  "solana": [
    [
      1784550184,
      76.79
    ],
    [
      1784551085,
      76.78
    ],
    [
      1784551987,
      76.76
    ],
    [
      1784552888,
      76.71
    ],
    [
      1784553790,
      76.69
    ],
    [
      1784554692,
      76.84
    ],
    [
      1784555593,
      76.68
    ],
    [
      1784556495,
      76.27
    ]
  ],
  "dogecoin": [
    [
      1784550184,
      0.072586
    ],
    [
      1784551085,
      0.07258
    ],
    [
      1784551987,
      0.072568
    ],
    [
      1784552888,
      0.072458
    ],
    [
      1784553790,
      0.072488
    ],
    [
      1784554692,
      0.072519
    ],
    [
      1784555593,
      0.072446
    ],
    [
      1784556495,
      0.072046
    ]
  ],
  "cardano": [
    [
      1784550184,
      0.164239
    ],
    [
      1784551085,
      0.164034
    ],
    [
      1784551987,
      0.164144
    ],
    [
      1784552888,
      0.16414
    ],
    [
      1784553790,
      0.163928
    ],
    [
      1784554692,
      0.163895
    ],
    [
      1784555593,
      0.163318
    ],
    [
      1784556495,
      0.162684
    ]
  ],
  "tron": [
    [
      1784550184,
      0.325633
    ],
    [
      1784551085,
      0.325682
    ],
    [
      1784551987,
      0.325478
    ],
    [
      1784552888,
      0.325514
    ],
    [
      1784553790,
      0.325671
    ],
    [
      1784554692,
      0.325705
    ],
    [
      1784555593,
      0.325727
    ],
    [
      1784556495,
      0.32524
    ]
  ],
  "chainlink": [
    [
      1784550184,
      8.46
    ],
    [
      1784551085,
      8.46
    ],
    [
      1784551987,
      8.45
    ],
    [
      1784552888,
      8.45
    ],
    [
      1784553790,
      8.45
    ],
    [
      1784554692,
      8.45
    ],
    [
      1784555593,
      8.42
    ],
    [
      1784556495,
      8.37
    ]
  ],
  "the-open-network": [
    [
      1784550184,
      1.44
    ],
    [
      1784551085,
      1.43
    ],
    [
      1784551987,
      1.42
    ],
    [
      1784552888,
      1.42
    ],
    [
      1784553790,
      1.42
    ],
    [
      1784554692,
      1.43
    ],
    [
      1784555593,
      1.43
    ],
    [
      1784556495,
      1.43
    ]
  ],
  "stellar": [
    [
      1784550184,
      0.188087
    ],
    [
      1784551085,
      0.18802
    ],
    [
      1784551987,
      0.187608
    ],
    [
      1784552888,
      0.187322
    ],
    [
      1784553790,
      0.186786
    ],
    [
      1784554692,
      0.186848
    ],
    [
      1784555593,
      0.186712
    ],
    [
      1784556495,
      0.186041
    ]
  ],
  "hedera-hashgraph": [
    [
      1784550184,
      0.066462
    ],
    [
      1784551085,
      0.066416
    ],
    [
      1784551987,
      0.066389
    ],
    [
      1784552888,
      0.066271
    ],
    [
      1784553790,
      0.066245
    ],
    [
      1784554692,
      0.066299
    ],
    [
      1784555593,
      0.066095
    ],
    [
      1784556495,
      0.065971
    ]
  ],
  "sui": [
    [
      1784550184,
      0.751959
    ],
    [
      1784551085,
      0.753834
    ],
    [
      1784551987,
      0.75338
    ],
    [
      1784552888,
      0.752481
    ],
    [
      1784553790,
      0.753857
    ],
    [
      1784554692,
      0.756463
    ],
    [
      1784555593,
      0.75465
    ],
    [
      1784556495,
      0.751892
    ]
  ],
  "bitcoin-cash": [
    [
      1784550184,
      215.01
    ],
    [
      1784551085,
      215.13
    ],
    [
      1784551987,
      215.09
    ],
    [
      1784552888,
      214.66
    ],
    [
      1784553790,
      214.49
    ],
    [
      1784554692,
      215.21
    ],
    [
      1784555593,
      214.89
    ],
    [
      1784556495,
      214.73
    ]
  ],
  "litecoin": [
    [
      1784550184,
      47.14
    ],
    [
      1784551085,
      47.23
    ],
    [
      1784551987,
      47.01
    ],
    [
      1784552888,
      46.81
    ],
    [
      1784553790,
      46.67
    ],
    [
      1784554692,
      46.79
    ],
    [
      1784555593,
      46.68
    ],
    [
      1784556495,
      46.63
    ]
  ],
  "polkadot": [
    [
      1784550184,
      0.814445
    ],
    [
      1784551085,
      0.81369
    ],
    [
      1784551987,
      0.812684
    ],
    [
      1784552888,
      0.812546
    ],
    [
      1784553790,
      0.811974
    ],
    [
      1784554692,
      0.814434
    ],
    [
      1784555593,
      0.81348
    ],
    [
      1784556495,
      0.812561
    ]
  ],
  "hyperliquid": [
    [
      1784550184,
      60.98
    ],
    [
      1784551085,
      61.09
    ],
    [
      1784551987,
      61.24
    ],
    [
      1784552888,
      61.26
    ],
    [
      1784553790,
      61.26
    ],
    [
      1784554692,
      61.08
    ],
    [
      1784555593,
      61.04
    ],
    [
      1784556495,
      60.76
    ]
  ],
  "monero": [
    [
      1784550184,
      336.76
    ],
    [
      1784551085,
      336.8
    ],
    [
      1784551987,
      335.06
    ],
    [
      1784552888,
      335.51
    ],
    [
      1784553790,
      335.48
    ],
    [
      1784554692,
      335.8
    ],
    [
      1784555593,
      333.7
    ],
    [
      1784556495,
      333.25
    ]
  ],
  "_alerts_sent": {}
}