{
  "bitcoin": [
    [
      1780956823,
      63364
    ],
    [
      1780957724,
      63315
    ],
    [
      1780958625,
      63285
    ],
    [
      1780959527,
      63337
    ],
    [
      1780960428,
      63516
    ],
    [
      1780961330,
      63122
    ],
    [
      1780962231,
      63143
    ],
    [
      1780962964,
      63010
    ]
  ],
  "ethereum": [
    [
      1780956823,
      1693.52
    ],
    [
      1780957724,
      1694.49
    ],
    [
      1780958625,
      1695.66
    ],
    [
      1780959527,
      1700.75
    ],
    [
      1780960428,
      1710.17
    ],
    [
      1780961330,
      1696.47
    ],
    [
      1780962231,
      1697.31
    ],
    [
      1780962964,
      1688.13
    ]
  ],
  "avalanche-2": [
    [
      1780956823,
      6.8
    ],
    [
      1780957724,
      6.79
    ],
    [
      1780958625,
      6.79
    ],
    [
      1780959527,
      6.79
    ],
    [
      1780960428,
      6.81
    ],
    [
      1780961330,
      6.78
    ],
    [
      1780962231,
      6.77
    ],
    [
      1780962964,
      6.75
    ]
  ],
  "ondo-finance": [
    [
      1780956823,
      0.3711
    ],
    [
      1780957724,
      0.368263
    ],
    [
      1780958625,
      0.367013
    ],
    [
      1780959527,
      0.366357
    ],
    [
      1780960428,
      0.367667
    ],
    [
      1780961330,
      0.365644
    ],
    [
      1780962231,
      0.364738
    ],
    [
      1780962964,
      0.363785
    ]
  ],
  "binancecoin": [
    [
      1780956823,
      606.15
    ],
    [
      1780957724,
      605.3
    ],
    [
      1780958625,
      605.07
    ],
    [
      1780959527,
      605.22
    ],
    [
      1780960428,
      606.62
    ],
    [
      1780961330,
      602.08
    ],
    [
      1780962231,
      603.08
    ],
    [
      1780962964,
      601.28
    ]
  ],
  "ripple": [
    [
      1780956823,
      1.17
    ],
    [
      1780957724,
      1.18
    ],
    [
      1780958625,
      1.17
    ],
    [
      1780959527,
      1.18
    ],
    [
      1780960428,
      1.18
    ],
    [
      1780961330,
      1.17
    ],
    [
      1780962231,
      1.17
    ],
    [
      1780962964,
      1.17
    ]
  ],
  "solana": [
    [
      1780956823,
      67.15
    ],
    [
      1780957724,
      67.11
    ],
    [
      1780958625,
      67.07
    ],
    [
      1780959527,
      67.08
    ],
    [
      1780960428,
      67.26
    ],
    [
      1780961330,
      66.81
    ],
    [
      1780962231,
      66.85
    ],
    [
      1780962964,
      66.71
    ]
  ],
  "dogecoin": [
    [
      1780956823,
      0.086832
    ],
    [
      1780957724,
      0.086904
    ],
    [
      1780958625,
      0.08694
    ],
    [
      1780959527,
      0.086913
    ],
    [
      1780960428,
      0.087038
    ],
    [
      1780961330,
      0.086578
    ],
    [
      1780962231,
      0.086484
    ],
    [
      1780962964,
      0.086269
    ]
  ],
  "cardano": [
    [
      1780956823,
      0.171159
    ],
    [
      1780957724,
      0.171309
    ],
    [
      1780958625,
      0.171543
    ],
    [
      1780959527,
      0.172031
    ],
    [
      1780960428,
      0.17251
    ],
    [
      1780961330,
      0.170928
    ],
    [
      1780962231,
      0.171132
    ],
    [
      1780962964,
      0.17039
    ]
  ],
  "tron": [
    [
      1780956823,
      0.32699
    ],
    [
      1780957724,
      0.326941
    ],
    [
      1780958625,
      0.327114
    ],
    [
      1780959527,
      0.326859
    ],
    [
      1780960428,
      0.326984
    ],
    [
      1780961330,
      0.326526
    ],
    [
      1780962231,
      0.326553
    ],
    [
      1780962964,
      0.326466
    ]
  ],
  "chainlink": [
    [
      1780956823,
      8.04
    ],
    [
      1780957724,
      8.02
    ],
    [
      1780958625,
      8.01
    ],
    [
      1780959527,
      8.03
    ],
    [
      1780960428,
      8.06
    ],
    [
      1780961330,
      8.0
    ],
    [
      1780962231,
      8.0
    ],
    [
      1780962964,
      7.98
    ]
  ],
  "the-open-network": [
    [
      1780956823,
      1.73
    ],
    [
      1780957724,
      1.74
    ],
    [
      1780958625,
      1.73
    ],
    [
      1780959527,
      1.73
    ],
    [
      1780960428,
      1.73
    ],
    [
      1780961330,
      1.72
    ],
    [
      1780962231,
      1.72
    ],
    [
      1780962964,
      1.72
    ]
  ],
  "stellar": [
    [
      1780956823,
      0.205005
    ],
    [
      1780957724,
      0.204344
    ],
    [
      1780958625,
      0.206332
    ],
    [
      1780959527,
      0.205637
    ],
    [
      1780960428,
      0.205872
    ],
    [
      1780961330,
      0.204244
    ],
    [
      1780962231,
      0.204579
    ],
    [
      1780962964,
      0.202207
    ]
  ],
  "hedera-hashgraph": [
    [
      1780956823,
      0.08175
    ],
    [
      1780957724,
      0.08166
    ],
    [
      1780958625,
      0.081737
    ],
    [
      1780959527,
      0.081716
    ],
    [
      1780960428,
      0.08194
    ],
    [
      1780961330,
      0.081478
    ],
    [
      1780962231,
      0.081515
    ],
    [
      1780962964,
      0.081315
    ]
  ],
  "sui": [
    [
      1780956823,
      0.759737
    ],
    [
      1780957724,
      0.759716
    ],
    [
      1780958625,
      0.75845
    ],
    [
      1780959527,
      0.757897
    ],
    [
      1780960428,
      0.760273
    ],
    [
      1780961330,
      0.756099
    ],
    [
      1780962231,
      0.756138
    ],
    [
      1780962964,
      0.753579
    ]
  ],
  "bitcoin-cash": [
    [
      1780956823,
      210.38
    ],
    [
      1780957724,
      210.95
    ],
    [
      1780958625,
      210.04
    ],
    [
      1780959527,
      209.7
    ],
    [
      1780960428,
      210.7
    ],
    [
      1780961330,
      209.71
    ],
    [
      1780962231,
      209.72
    ],
    [
      1780962964,
      208.98
    ]
  ],
  "litecoin": [
    [
      1780956823,
      43.42
    ],
    [
      1780957724,
      43.4
    ],
    [
      1780958625,
      43.35
    ],
    [
      1780959527,
      43.3
    ],
    [
      1780960428,
      43.37
    ],
    [
      1780961330,
      43.22
    ],
    [
      1780962231,
      43.23
    ],
    [
      1780962964,
      43.07
    ]
  ],
  "polkadot": [
    [
      1780956823,
      0.982134
    ],
    [
      1780957724,
      0.980624
    ],
    [
      1780958625,
      0.980916
    ],
    [
      1780959527,
      0.979919
    ],
    [
      1780960428,
      0.98168
    ],
    [
      1780961330,
      0.975239
    ],
    [
      1780962231,
      0.974478
    ],
    [
      1780962964,
      0.973342
    ]
  ],
  "hyperliquid": [
    [
      1780956823,
      63.35
    ],
    [
      1780957724,
      63.18
    ],
    [
      1780958625,
      63.23
    ],
    [
      1780959527,
      63.3
    ],
    [
      1780960428,
      63.51
    ],
    [
      1780961330,
      63.25
    ],
    [
      1780962231,
      63.36
    ],
    [
      1780962964,
      63.44
    ]
  ],
  "monero": [
    [
      1780956823,
      318.23
    ],
    [
      1780957724,
      318.39
    ],
    [
      1780958625,
      318.43
    ],
    [
      1780959527,
      318.25
    ],
    [
      1780960428,
      318.59
    ],
    [
      1780961330,
      316.0
    ],
    [
      1780962231,
      316.06
    ],
    [
      1780962964,
      314.39
    ]
  ],
  "_alerts_sent": {}
}