{
  "bitcoin": [
    [
      1781886225,
      63239
    ],
    [
      1781887127,
      63238
    ],
    [
      1781888028,
      63063
    ],
    [
      1781888930,
      62941
    ],
    [
      1781889831,
      62983
    ],
    [
      1781890733,
      62961
    ],
    [
      1781891634,
      63111
    ],
    [
      1781892536,
      63073
    ]
  ],
  "ethereum": [
    [
      1781886225,
      1706.77
    ],
    [
      1781887127,
      1704.33
    ],
    [
      1781888028,
      1699.98
    ],
    [
      1781888930,
      1695.22
    ],
    [
      1781889831,
      1697.72
    ],
    [
      1781890733,
      1698.75
    ],
    [
      1781891634,
      1702.52
    ],
    [
      1781892536,
      1701.89
    ]
  ],
  "avalanche-2": [
    [
      1781886225,
      6.13
    ],
    [
      1781887127,
      6.14
    ],
    [
      1781888028,
      6.1
    ],
    [
      1781888930,
      6.07
    ],
    [
      1781889831,
      6.11
    ],
    [
      1781890733,
      6.11
    ],
    [
      1781891634,
      6.08
    ],
    [
      1781892536,
      6.02
    ]
  ],
  "ondo-finance": [
    [
      1781886225,
      0.355208
    ],
    [
      1781887127,
      0.355132
    ],
    [
      1781888028,
      0.354619
    ],
    [
      1781888930,
      0.352432
    ],
    [
      1781889831,
      0.354321
    ],
    [
      1781890733,
      0.35346
    ],
    [
      1781891634,
      0.356252
    ],
    [
      1781892536,
      0.355553
    ]
  ],
  "binancecoin": [
    [
      1781886225,
      579.28
    ],
    [
      1781887127,
      579.44
    ],
    [
      1781888028,
      578.47
    ],
    [
      1781888930,
      577.26
    ],
    [
      1781889831,
      578.07
    ],
    [
      1781890733,
      577.86
    ],
    [
      1781891634,
      579.15
    ],
    [
      1781892536,
      578.83
    ]
  ],
  "ripple": [
    [
      1781886225,
      1.14
    ],
    [
      1781887127,
      1.14
    ],
    [
      1781888028,
      1.13
    ],
    [
      1781888930,
      1.13
    ],
    [
      1781889831,
      1.13
    ],
    [
      1781890733,
      1.13
    ],
    [
      1781891634,
      1.13
    ],
    [
      1781892536,
      1.13
    ]
  ],
  "solana": [
    [
      1781886225,
      69.42
    ],
    [
      1781887127,
      69.29
    ],
    [
      1781888028,
      69.06
    ],
    [
      1781888930,
      68.75
    ],
    [
      1781889831,
      69.07
    ],
    [
      1781890733,
      69.11
    ],
    [
      1781891634,
      69.26
    ],
    [
      1781892536,
      69.16
    ]
  ],
  "dogecoin": [
    [
      1781886225,
      0.083183
    ],
    [
      1781887127,
      0.083164
    ],
    [
      1781888028,
      0.083115
    ],
    [
      1781888930,
      0.082893
    ],
    [
      1781889831,
      0.083027
    ],
    [
      1781890733,
      0.083057
    ],
    [
      1781891634,
      0.083204
    ],
    [
      1781892536,
      0.083217
    ]
  ],
  "cardano": [
    [
      1781886225,
      0.161903
    ],
    [
      1781887127,
      0.161743
    ],
    [
      1781888028,
      0.161206
    ],
    [
      1781888930,
      0.160434
    ],
    [
      1781889831,
      0.161204
    ],
    [
      1781890733,
      0.161325
    ],
    [
      1781891634,
      0.161623
    ],
    [
      1781892536,
      0.161613
    ]
  ],
  "tron": [
    [
      1781886225,
      0.321401
    ],
    [
      1781887127,
      0.321728
    ],
    [
      1781888028,
      0.321938
    ],
    [
      1781888930,
      0.321873
    ],
    [
      1781889831,
      0.322094
    ],
    [
      1781890733,
      0.321968
    ],
    [
      1781891634,
      0.322177
    ],
    [
      1781892536,
      0.322165
    ]
  ],
  "chainlink": [
    [
      1781886225,
      7.92
    ],
    [
      1781887127,
      7.91
    ],
    [
      1781888028,
      7.9
    ],
    [
      1781888930,
      7.87
    ],
    [
      1781889831,
      7.88
    ],
    [
      1781890733,
      7.89
    ],
    [
      1781891634,
      7.9
    ],
    [
      1781892536,
      7.9
    ]
  ],
  "the-open-network": [
    [
      1781886225,
      1.6
    ],
    [
      1781887127,
      1.59
    ],
    [
      1781888028,
      1.59
    ],
    [
      1781888930,
      1.57
    ],
    [
      1781889831,
      1.57
    ],
    [
      1781890733,
      1.58
    ],
    [
      1781891634,
      1.59
    ],
    [
      1781892536,
      1.59
    ]
  ],
  "stellar": [
    [
      1781886225,
      0.22345
    ],
    [
      1781887127,
      0.221736
    ],
    [
      1781888028,
      0.220723
    ],
    [
      1781888930,
      0.219953
    ],
    [
      1781889831,
      0.22078
    ],
    [
      1781890733,
      0.220545
    ],
    [
      1781891634,
      0.221171
    ],
    [
      1781892536,
      0.221475
    ]
  ],
  "hedera-hashgraph": [
    [
      1781886225,
      0.08096
    ],
    [
      1781887127,
      0.080899
    ],
    [
      1781888028,
      0.080921
    ],
    [
      1781888930,
      0.080463
    ],
    [
      1781889831,
      0.080744
    ],
    [
      1781890733,
      0.080632
    ],
    [
      1781891634,
      0.080769
    ],
    [
      1781892536,
      0.080596
    ]
  ],
  "sui": [
    [
      1781886225,
      0.715005
    ],
    [
      1781887127,
      0.71366
    ],
    [
      1781888028,
      0.711777
    ],
    [
      1781888930,
      0.708961
    ],
    [
      1781889831,
      0.711159
    ],
    [
      1781890733,
      0.711744
    ],
    [
      1781891634,
      0.713937
    ],
    [
      1781892536,
      0.712316
    ]
  ],
  "bitcoin-cash": [
    [
      1781886225,
      197.5
    ],
    [
      1781887127,
      197.6
    ],
    [
      1781888028,
      197.11
    ],
    [
      1781888930,
      196.11
    ],
    [
      1781889831,
      196.7
    ],
    [
      1781890733,
      196.98
    ],
    [
      1781891634,
      197.81
    ],
    [
      1781892536,
      197.49
    ]
  ],
  "litecoin": [
    [
      1781886225,
      44.42
    ],
    [
      1781887127,
      44.48
    ],
    [
      1781888028,
      44.49
    ],
    [
      1781888930,
      44.19
    ],
    [
      1781889831,
      44.32
    ],
    [
      1781890733,
      44.16
    ],
    [
      1781891634,
      44.17
    ],
    [
      1781892536,
      44.13
    ]
  ],
  "polkadot": [
    [
      1781886225,
      0.968178
    ],
    [
      1781887127,
      0.964917
    ],
    [
      1781888028,
      0.960205
    ],
    [
      1781888930,
      0.955725
    ],
    [
      1781889831,
      0.959497
    ],
    [
      1781890733,
      0.958546
    ],
    [
      1781891634,
      0.961418
    ],
    [
      1781892536,
      0.96074
    ]
  ],
  "hyperliquid": [
    [
      1781886225,
      70.33
    ],
    [
      1781887127,
      70.47
    ],
    [
      1781888028,
      69.9
    ],
    [
      1781888930,
      69.51
    ],
    [
      1781889831,
      70.17
    ],
    [
      1781890733,
      70.12
    ],
    [
      1781891634,
      70.51
    ],
    [
      1781892536,
      70.66
    ]
  ],
  "monero": [
    [
      1781886225,
      311.54
    ],
    [
      1781887127,
      310.62
    ],
    [
      1781888028,
      311.45
    ],
    [
      1781888930,
      310.12
    ],
    [
      1781889831,
      308.04
    ],
    [
      1781890733,
      309.25
    ],
    [
      1781891634,
      309.68
    ],
    [
      1781892536,
      309.2
    ]
  ],
  "_alerts_sent": {}
}