{
  "bitcoin": [
    [
      1784021069,
      62609
    ],
    [
      1784021970,
      62487
    ],
    [
      1784022872,
      62501
    ],
    [
      1784023773,
      62628
    ],
    [
      1784024674,
      62622
    ],
    [
      1784025576,
      62654
    ],
    [
      1784026477,
      62741
    ],
    [
      1784027378,
      62660
    ]
  ],
  "ethereum": [
    [
      1784021069,
      1785.94
    ],
    [
      1784021970,
      1781.89
    ],
    [
      1784022872,
      1782.67
    ],
    [
      1784023773,
      1787.65
    ],
    [
      1784024674,
      1787.26
    ],
    [
      1784025576,
      1788.16
    ],
    [
      1784026477,
      1795.21
    ],
    [
      1784027378,
      1793.92
    ]
  ],
  "avalanche-2": [
    [
      1784021069,
      6.5
    ],
    [
      1784021970,
      6.47
    ],
    [
      1784022872,
      6.47
    ],
    [
      1784023773,
      6.48
    ],
    [
      1784024674,
      6.48
    ],
    [
      1784025576,
      6.46
    ],
    [
      1784026477,
      6.46
    ],
    [
      1784027378,
      6.45
    ]
  ],
  "ondo-finance": [
    [
      1784021069,
      0.308954
    ],
    [
      1784021970,
      0.308183
    ],
    [
      1784022872,
      0.307977
    ],
    [
      1784023773,
      0.308315
    ],
    [
      1784024674,
      0.308012
    ],
    [
      1784025576,
      0.307653
    ],
    [
      1784026477,
      0.308643
    ],
    [
      1784027378,
      0.307656
    ]
  ],
  "binancecoin": [
    [
      1784021069,
      570.31
    ],
    [
      1784021970,
      569.25
    ],
    [
      1784022872,
      569.03
    ],
    [
      1784023773,
      569.57
    ],
    [
      1784024674,
      569.41
    ],
    [
      1784025576,
      569.34
    ],
    [
      1784026477,
      570.05
    ],
    [
      1784027378,
      570.25
    ]
  ],
  "ripple": [
    [
      1784021069,
      1.069
    ],
    [
      1784021970,
      1.068
    ],
    [
      1784022872,
      1.067
    ],
    [
      1784023773,
      1.068
    ],
    [
      1784024674,
      1.068
    ],
    [
      1784025576,
      1.067
    ],
    [
      1784026477,
      1.07
    ],
    [
      1784027378,
      1.069
    ]
  ],
  "solana": [
    [
      1784021069,
      75.12
    ],
    [
      1784021970,
      74.89
    ],
    [
      1784022872,
      74.97
    ],
    [
      1784023773,
      75.09
    ],
    [
      1784024674,
      75.07
    ],
    [
      1784025576,
      75.01
    ],
    [
      1784026477,
      75.29
    ],
    [
      1784027378,
      75.31
    ]
  ],
  "dogecoin": [
    [
      1784021069,
      0.072143
    ],
    [
      1784021970,
      0.072029
    ],
    [
      1784022872,
      0.072072
    ],
    [
      1784023773,
      0.072113
    ],
    [
      1784024674,
      0.072043
    ],
    [
      1784025576,
      0.071968
    ],
    [
      1784026477,
      0.072168
    ],
    [
      1784027378,
      0.072165
    ]
  ],
  "cardano": [
    [
      1784021069,
      0.15864
    ],
    [
      1784021970,
      0.158245
    ],
    [
      1784022872,
      0.15839
    ],
    [
      1784023773,
      0.158576
    ],
    [
      1784024674,
      0.158659
    ],
    [
      1784025576,
      0.158243
    ],
    [
      1784026477,
      0.15857
    ],
    [
      1784027378,
      0.158431
    ]
  ],
  "tron": [
    [
      1784021069,
      0.324746
    ],
    [
      1784021970,
      0.324605
    ],
    [
      1784022872,
      0.324539
    ],
    [
      1784023773,
      0.324785
    ],
    [
      1784024674,
      0.324612
    ],
    [
      1784025576,
      0.324671
    ],
    [
      1784026477,
      0.324729
    ],
    [
      1784027378,
      0.324617
    ]
  ],
  "chainlink": [
    [
      1784021069,
      7.93
    ],
    [
      1784021970,
      7.91
    ],
    [
      1784022872,
      7.91
    ],
    [
      1784023773,
      7.93
    ],
    [
      1784024674,
      7.93
    ],
    [
      1784025576,
      7.92
    ],
    [
      1784026477,
      7.95
    ],
    [
      1784027378,
      7.95
    ]
  ],
  "the-open-network": [
    [
      1784021069,
      1.58
    ],
    [
      1784021970,
      1.58
    ],
    [
      1784022872,
      1.58
    ],
    [
      1784023773,
      1.58
    ],
    [
      1784024674,
      1.58
    ],
    [
      1784025576,
      1.58
    ],
    [
      1784026477,
      1.58
    ],
    [
      1784027378,
      1.58
    ]
  ],
  "stellar": [
    [
      1784021069,
      0.178187
    ],
    [
      1784021970,
      0.177848
    ],
    [
      1784022872,
      0.178167
    ],
    [
      1784023773,
      0.178208
    ],
    [
      1784024674,
      0.178324
    ],
    [
      1784025576,
      0.178396
    ],
    [
      1784026477,
      0.179287
    ],
    [
      1784027378,
      0.179485
    ]
  ],
  "hedera-hashgraph": [
    [
      1784021069,
      0.065883
    ],
    [
      1784021970,
      0.065782
    ],
    [
      1784022872,
      0.065852
    ],
    [
      1784023773,
      0.065998
    ],
    [
      1784024674,
      0.065994
    ],
    [
      1784025576,
      0.065913
    ],
    [
      1784026477,
      0.066013
    ],
    [
      1784027378,
      0.066021
    ]
  ],
  "sui": [
    [
      1784021069,
      0.730146
    ],
    [
      1784021970,
      0.728851
    ],
    [
      1784022872,
      0.729782
    ],
    [
      1784023773,
      0.730798
    ],
    [
      1784024674,
      0.73039
    ],
    [
      1784025576,
      0.728782
    ],
    [
      1784026477,
      0.730652
    ],
    [
      1784027378,
      0.731352
    ]
  ],
  "bitcoin-cash": [
    [
      1784021069,
      236.17
    ],
    [
      1784021970,
      235.88
    ],
    [
      1784022872,
      235.95
    ],
    [
      1784023773,
      236.2
    ],
    [
      1784024674,
      236.17
    ],
    [
      1784025576,
      236.21
    ],
    [
      1784026477,
      236.7
    ],
    [
      1784027378,
      236.71
    ]
  ],
  "litecoin": [
    [
      1784021069,
      43.61
    ],
    [
      1784021970,
      43.56
    ],
    [
      1784022872,
      43.67
    ],
    [
      1784023773,
      43.73
    ],
    [
      1784024674,
      43.63
    ],
    [
      1784025576,
      43.6
    ],
    [
      1784026477,
      43.65
    ],
    [
      1784027378,
      43.66
    ]
  ],
  "polkadot": [
    [
      1784021069,
      0.846382
    ],
    [
      1784021970,
      0.84536
    ],
    [
      1784022872,
      0.844959
    ],
    [
      1784023773,
      0.844379
    ],
    [
      1784024674,
      0.842881
    ],
    [
      1784025576,
      0.839397
    ],
    [
      1784026477,
      0.840831
    ],
    [
      1784027378,
      0.84011
    ]
  ],
  "hyperliquid": [
    [
      1784021069,
      63.75
    ],
    [
      1784021970,
      63.58
    ],
    [
      1784022872,
      63.52
    ],
    [
      1784023773,
      63.65
    ],
    [
      1784024674,
      63.72
    ],
    [
      1784025576,
      63.67
    ],
    [
      1784026477,
      63.89
    ],
    [
      1784027378,
      63.77
    ]
  ],
  "monero": [
    [
      1784021069,
      325.66
    ],
    [
      1784021970,
      326.7
    ],
    [
      1784022872,
      326.69
    ],
    [
      1784023773,
      324.24
    ],
    [
      1784024674,
      324.7
    ],
    [
      1784025576,
      324.58
    ],
    [
      1784026477,
      324.32
    ],
    [
      1784027378,
      323.8
    ]
  ],
  "_alerts_sent": {}
}