{
  "bitcoin": [
    [
      1782606510,
      60080
    ],
    [
      1782607411,
      60065
    ],
    [
      1782608313,
      60075
    ],
    [
      1782609214,
      59943
    ],
    [
      1782610115,
      60130
    ],
    [
      1782611016,
      60171
    ],
    [
      1782611917,
      60137
    ],
    [
      1782612819,
      60193
    ]
  ],
  "ethereum": [
    [
      1782606510,
      1574.61
    ],
    [
      1782607411,
      1574.16
    ],
    [
      1782608313,
      1572.14
    ],
    [
      1782609214,
      1569.85
    ],
    [
      1782610115,
      1573.31
    ],
    [
      1782611016,
      1574.21
    ],
    [
      1782611917,
      1573.21
    ],
    [
      1782612819,
      1576.03
    ]
  ],
  "avalanche-2": [
    [
      1782606510,
      6.41
    ],
    [
      1782607411,
      6.42
    ],
    [
      1782608313,
      6.42
    ],
    [
      1782609214,
      6.39
    ],
    [
      1782610115,
      6.39
    ],
    [
      1782611016,
      6.39
    ],
    [
      1782611917,
      6.39
    ],
    [
      1782612819,
      6.4
    ]
  ],
  "ondo-finance": [
    [
      1782606510,
      0.311871
    ],
    [
      1782607411,
      0.312025
    ],
    [
      1782608313,
      0.310872
    ],
    [
      1782609214,
      0.308413
    ],
    [
      1782610115,
      0.309405
    ],
    [
      1782611016,
      0.309909
    ],
    [
      1782611917,
      0.310094
    ],
    [
      1782612819,
      0.310037
    ]
  ],
  "binancecoin": [
    [
      1782606510,
      557.08
    ],
    [
      1782607411,
      557.13
    ],
    [
      1782608313,
      557.03
    ],
    [
      1782609214,
      555.93
    ],
    [
      1782610115,
      556.82
    ],
    [
      1782611016,
      557.37
    ],
    [
      1782611917,
      557.21
    ],
    [
      1782612819,
      557.8
    ]
  ],
  "ripple": [
    [
      1782606510,
      1.048
    ],
    [
      1782607411,
      1.048
    ],
    [
      1782608313,
      1.048
    ],
    [
      1782609214,
      1.045
    ],
    [
      1782610115,
      1.048
    ],
    [
      1782611016,
      1.049
    ],
    [
      1782611917,
      1.049
    ],
    [
      1782612819,
      1.051
    ]
  ],
  "solana": [
    [
      1782606510,
      70.57
    ],
    [
      1782607411,
      70.59
    ],
    [
      1782608313,
      70.59
    ],
    [
      1782609214,
      70.43
    ],
    [
      1782610115,
      70.65
    ],
    [
      1782611016,
      70.73
    ],
    [
      1782611917,
      70.77
    ],
    [
      1782612819,
      70.85
    ]
  ],
  "dogecoin": [
    [
      1782606510,
      0.074514
    ],
    [
      1782607411,
      0.07453
    ],
    [
      1782608313,
      0.074513
    ],
    [
      1782609214,
      0.074296
    ],
    [
      1782610115,
      0.074451
    ],
    [
      1782611016,
      0.074496
    ],
    [
      1782611917,
      0.074426
    ],
    [
      1782612819,
      0.074424
    ]
  ],
  "cardano": [
    [
      1782606510,
      0.145442
    ],
    [
      1782607411,
      0.145589
    ],
    [
      1782608313,
      0.145446
    ],
    [
      1782609214,
      0.144961
    ],
    [
      1782610115,
      0.145196
    ],
    [
      1782611016,
      0.145238
    ],
    [
      1782611917,
      0.14522
    ],
    [
      1782612819,
      0.145377
    ]
  ],
  "tron": [
    [
      1782606510,
      0.321194
    ],
    [
      1782607411,
      0.321415
    ],
    [
      1782608313,
      0.321488
    ],
    [
      1782609214,
      0.321664
    ],
    [
      1782610115,
      0.321762
    ],
    [
      1782611016,
      0.321675
    ],
    [
      1782611917,
      0.321709
    ],
    [
      1782612819,
      0.321778
    ]
  ],
  "chainlink": [
    [
      1782606510,
      7.3
    ],
    [
      1782607411,
      7.3
    ],
    [
      1782608313,
      7.29
    ],
    [
      1782609214,
      7.28
    ],
    [
      1782610115,
      7.29
    ],
    [
      1782611016,
      7.29
    ],
    [
      1782611917,
      7.29
    ],
    [
      1782612819,
      7.3
    ]
  ],
  "the-open-network": [
    [
      1782606510,
      1.57
    ],
    [
      1782607411,
      1.57
    ],
    [
      1782608313,
      1.57
    ],
    [
      1782609214,
      1.57
    ],
    [
      1782610115,
      1.57
    ],
    [
      1782611016,
      1.56
    ],
    [
      1782611917,
      1.57
    ],
    [
      1782612819,
      1.57
    ]
  ],
  "stellar": [
    [
      1782606510,
      0.174301
    ],
    [
      1782607411,
      0.174293
    ],
    [
      1782608313,
      0.174312
    ],
    [
      1782609214,
      0.173765
    ],
    [
      1782610115,
      0.174184
    ],
    [
      1782611016,
      0.174039
    ],
    [
      1782611917,
      0.174174
    ],
    [
      1782612819,
      0.174415
    ]
  ],
  "hedera-hashgraph": [
    [
      1782606510,
      0.071743
    ],
    [
      1782607411,
      0.071734
    ],
    [
      1782608313,
      0.071598
    ],
    [
      1782609214,
      0.071341
    ],
    [
      1782610115,
      0.071497
    ],
    [
      1782611016,
      0.071485
    ],
    [
      1782611917,
      0.071491
    ],
    [
      1782612819,
      0.071542
    ]
  ],
  "sui": [
    [
      1782606510,
      0.685686
    ],
    [
      1782607411,
      0.685323
    ],
    [
      1782608313,
      0.684171
    ],
    [
      1782609214,
      0.682458
    ],
    [
      1782610115,
      0.683866
    ],
    [
      1782611016,
      0.683335
    ],
    [
      1782611917,
      0.683705
    ],
    [
      1782612819,
      0.684176
    ]
  ],
  "bitcoin-cash": [
    [
      1782606510,
      195.54
    ],
    [
      1782607411,
      196.27
    ],
    [
      1782608313,
      196.1
    ],
    [
      1782609214,
      195.68
    ],
    [
      1782610115,
      195.95
    ],
    [
      1782611016,
      196.19
    ],
    [
      1782611917,
      196.35
    ],
    [
      1782612819,
      197.19
    ]
  ],
  "litecoin": [
    [
      1782606510,
      42.16
    ],
    [
      1782607411,
      42.1
    ],
    [
      1782608313,
      42.11
    ],
    [
      1782609214,
      42.07
    ],
    [
      1782610115,
      42.12
    ],
    [
      1782611016,
      42.17
    ],
    [
      1782611917,
      42.17
    ],
    [
      1782612819,
      42.18
    ]
  ],
  "polkadot": [
    [
      1782606510,
      0.814095
    ],
    [
      1782607411,
      0.811172
    ],
    [
      1782608313,
      0.810164
    ],
    [
      1782609214,
      0.805313
    ],
    [
      1782610115,
      0.808112
    ],
    [
      1782611016,
      0.809453
    ],
    [
      1782611917,
      0.808491
    ],
    [
      1782612819,
      0.809722
    ]
  ],
  "hyperliquid": [
    [
      1782606510,
      61.92
    ],
    [
      1782607411,
      61.91
    ],
    [
      1782608313,
      61.71
    ],
    [
      1782609214,
      61.48
    ],
    [
      1782610115,
      61.74
    ],
    [
      1782611016,
      61.76
    ],
    [
      1782611917,
      61.91
    ],
    [
      1782612819,
      62.0
    ]
  ],
  "monero": [
    [
      1782606510,
      313.68
    ],
    [
      1782607411,
      314.06
    ],
    [
      1782608313,
      314.43
    ],
    [
      1782609214,
      314.88
    ],
    [
      1782610115,
      315.26
    ],
    [
      1782611016,
      314.43
    ],
    [
      1782611917,
      313.98
    ],
    [
      1782612819,
      312.85
    ]
  ],
  "_alerts_sent": {}
}