{
  "bitcoin": [
    [
      1780996648,
      62853
    ],
    [
      1780997549,
      62755
    ],
    [
      1780998450,
      62641
    ],
    [
      1780999352,
      62716
    ],
    [
      1781000253,
      62697
    ],
    [
      1781001155,
      62702
    ],
    [
      1781002056,
      62669
    ],
    [
      1781002957,
      62733
    ]
  ],
  "ethereum": [
    [
      1780996648,
      1676.8
    ],
    [
      1780997549,
      1673.67
    ],
    [
      1780998450,
      1668.65
    ],
    [
      1780999352,
      1670.88
    ],
    [
      1781000253,
      1670.24
    ],
    [
      1781001155,
      1671.89
    ],
    [
      1781002056,
      1671.54
    ],
    [
      1781002957,
      1673.28
    ]
  ],
  "avalanche-2": [
    [
      1780996648,
      6.71
    ],
    [
      1780997549,
      6.7
    ],
    [
      1780998450,
      6.67
    ],
    [
      1780999352,
      6.67
    ],
    [
      1781000253,
      6.67
    ],
    [
      1781001155,
      6.67
    ],
    [
      1781002056,
      6.67
    ],
    [
      1781002957,
      6.69
    ]
  ],
  "ondo-finance": [
    [
      1780996648,
      0.369711
    ],
    [
      1780997549,
      0.367351
    ],
    [
      1780998450,
      0.364379
    ],
    [
      1780999352,
      0.36406
    ],
    [
      1781000253,
      0.364576
    ],
    [
      1781001155,
      0.364809
    ],
    [
      1781002056,
      0.363155
    ],
    [
      1781002957,
      0.364714
    ]
  ],
  "binancecoin": [
    [
      1780996648,
      602.66
    ],
    [
      1780997549,
      601.5
    ],
    [
      1780998450,
      599.7
    ],
    [
      1780999352,
      600.03
    ],
    [
      1781000253,
      597.7
    ],
    [
      1781001155,
      598.96
    ],
    [
      1781002056,
      599.61
    ],
    [
      1781002957,
      599.57
    ]
  ],
  "ripple": [
    [
      1780996648,
      1.17
    ],
    [
      1780997549,
      1.16
    ],
    [
      1780998450,
      1.16
    ],
    [
      1780999352,
      1.16
    ],
    [
      1781000253,
      1.16
    ],
    [
      1781001155,
      1.16
    ],
    [
      1781002056,
      1.16
    ],
    [
      1781002957,
      1.16
    ]
  ],
  "solana": [
    [
      1780996648,
      66.65
    ],
    [
      1780997549,
      66.42
    ],
    [
      1780998450,
      66.12
    ],
    [
      1780999352,
      66.15
    ],
    [
      1781000253,
      66.1
    ],
    [
      1781001155,
      66.14
    ],
    [
      1781002056,
      66.13
    ],
    [
      1781002957,
      66.37
    ]
  ],
  "dogecoin": [
    [
      1780996648,
      0.085843
    ],
    [
      1780997549,
      0.085671
    ],
    [
      1780998450,
      0.085293
    ],
    [
      1780999352,
      0.085378
    ],
    [
      1781000253,
      0.085328
    ],
    [
      1781001155,
      0.085351
    ],
    [
      1781002056,
      0.085357
    ],
    [
      1781002957,
      0.085454
    ]
  ],
  "cardano": [
    [
      1780996648,
      0.168835
    ],
    [
      1780997549,
      0.168028
    ],
    [
      1780998450,
      0.167018
    ],
    [
      1780999352,
      0.167778
    ],
    [
      1781000253,
      0.167319
    ],
    [
      1781001155,
      0.167117
    ],
    [
      1781002056,
      0.167441
    ],
    [
      1781002957,
      0.167695
    ]
  ],
  "tron": [
    [
      1780996648,
      0.322954
    ],
    [
      1780997549,
      0.322329
    ],
    [
      1780998450,
      0.322139
    ],
    [
      1780999352,
      0.321315
    ],
    [
      1781000253,
      0.320846
    ],
    [
      1781001155,
      0.320993
    ],
    [
      1781002056,
      0.321332
    ],
    [
      1781002957,
      0.321828
    ]
  ],
  "chainlink": [
    [
      1780996648,
      7.9
    ],
    [
      1780997549,
      7.89
    ],
    [
      1780998450,
      7.85
    ],
    [
      1780999352,
      7.86
    ],
    [
      1781000253,
      7.85
    ],
    [
      1781001155,
      7.87
    ],
    [
      1781002056,
      7.87
    ],
    [
      1781002957,
      7.89
    ]
  ],
  "the-open-network": [
    [
      1780996648,
      1.74
    ],
    [
      1780997549,
      1.74
    ],
    [
      1780998450,
      1.73
    ],
    [
      1780999352,
      1.73
    ],
    [
      1781000253,
      1.72
    ],
    [
      1781001155,
      1.73
    ],
    [
      1781002056,
      1.72
    ],
    [
      1781002957,
      1.72
    ]
  ],
  "stellar": [
    [
      1780996648,
      0.199829
    ],
    [
      1780997549,
      0.198416
    ],
    [
      1780998450,
      0.197137
    ],
    [
      1780999352,
      0.196927
    ],
    [
      1781000253,
      0.197049
    ],
    [
      1781001155,
      0.197123
    ],
    [
      1781002056,
      0.197106
    ],
    [
      1781002957,
      0.197482
    ]
  ],
  "hedera-hashgraph": [
    [
      1780996648,
      0.080505
    ],
    [
      1780997549,
      0.080474
    ],
    [
      1780998450,
      0.080175
    ],
    [
      1780999352,
      0.080259
    ],
    [
      1781000253,
      0.080202
    ],
    [
      1781001155,
      0.080229
    ],
    [
      1781002056,
      0.080236
    ],
    [
      1781002957,
      0.080373
    ]
  ],
  "sui": [
    [
      1780996648,
      0.74831
    ],
    [
      1780997549,
      0.74616
    ],
    [
      1780998450,
      0.742271
    ],
    [
      1780999352,
      0.745074
    ],
    [
      1781000253,
      0.745534
    ],
    [
      1781001155,
      0.745228
    ],
    [
      1781002056,
      0.745219
    ],
    [
      1781002957,
      0.749465
    ]
  ],
  "bitcoin-cash": [
    [
      1780996648,
      207.45
    ],
    [
      1780997549,
      207.31
    ],
    [
      1780998450,
      206.55
    ],
    [
      1780999352,
      206.9
    ],
    [
      1781000253,
      206.33
    ],
    [
      1781001155,
      206.78
    ],
    [
      1781002056,
      207.01
    ],
    [
      1781002957,
      207.03
    ]
  ],
  "litecoin": [
    [
      1780996648,
      42.73
    ],
    [
      1780997549,
      42.69
    ],
    [
      1780998450,
      42.45
    ],
    [
      1780999352,
      42.45
    ],
    [
      1781000253,
      42.39
    ],
    [
      1781001155,
      42.39
    ],
    [
      1781002056,
      42.39
    ],
    [
      1781002957,
      42.46
    ]
  ],
  "polkadot": [
    [
      1780996648,
      0.967958
    ],
    [
      1780997549,
      0.966484
    ],
    [
      1780998450,
      0.962831
    ],
    [
      1780999352,
      0.964724
    ],
    [
      1781000253,
      0.963826
    ],
    [
      1781001155,
      0.963953
    ],
    [
      1781002056,
      0.965026
    ],
    [
      1781002957,
      0.967948
    ]
  ],
  "hyperliquid": [
    [
      1780996648,
      62.42
    ],
    [
      1780997549,
      62.5
    ],
    [
      1780998450,
      61.96
    ],
    [
      1780999352,
      62.24
    ],
    [
      1781000253,
      62.14
    ],
    [
      1781001155,
      62.01
    ],
    [
      1781002056,
      61.96
    ],
    [
      1781002957,
      62.21
    ]
  ],
  "monero": [
    [
      1780996648,
      321.96
    ],
    [
      1780997549,
      321.05
    ],
    [
      1780998450,
      323.97
    ],
    [
      1780999352,
      322.57
    ],
    [
      1781000253,
      320.76
    ],
    [
      1781001155,
      322.26
    ],
    [
      1781002056,
      318.87
    ],
    [
      1781002957,
      319.5
    ]
  ],
  "_alerts_sent": {}
}