{
  "bitcoin": [
    [
      1780756946,
      60918
    ],
    [
      1780757847,
      60881
    ],
    [
      1780758749,
      60641
    ],
    [
      1780759651,
      60604
    ],
    [
      1780760554,
      60833
    ],
    [
      1780761455,
      60733
    ],
    [
      1780762356,
      60747
    ],
    [
      1780763258,
      60698
    ]
  ],
  "ethereum": [
    [
      1780756946,
      1561.93
    ],
    [
      1780757847,
      1561.49
    ],
    [
      1780758749,
      1552.95
    ],
    [
      1780759651,
      1553.82
    ],
    [
      1780760554,
      1562.27
    ],
    [
      1780761455,
      1560.1
    ],
    [
      1780762356,
      1559.48
    ],
    [
      1780763258,
      1558.03
    ]
  ],
  "avalanche-2": [
    [
      1780756946,
      6.79
    ],
    [
      1780757847,
      6.79
    ],
    [
      1780758749,
      6.67
    ],
    [
      1780759651,
      6.63
    ],
    [
      1780760554,
      6.68
    ],
    [
      1780761455,
      6.68
    ],
    [
      1780762356,
      6.68
    ],
    [
      1780763258,
      6.68
    ]
  ],
  "ondo-finance": [
    [
      1780756946,
      0.32819
    ],
    [
      1780757847,
      0.3286
    ],
    [
      1780758749,
      0.325079
    ],
    [
      1780759651,
      0.322583
    ],
    [
      1780760554,
      0.325626
    ],
    [
      1780761455,
      0.325249
    ],
    [
      1780762356,
      0.327157
    ],
    [
      1780763258,
      0.325775
    ]
  ],
  "binancecoin": [
    [
      1780756946,
      576.48
    ],
    [
      1780757847,
      575.83
    ],
    [
      1780758749,
      573.01
    ],
    [
      1780759651,
      573.12
    ],
    [
      1780760554,
      575.71
    ],
    [
      1780761455,
      575.33
    ],
    [
      1780762356,
      575.52
    ],
    [
      1780763258,
      573.25
    ]
  ],
  "ripple": [
    [
      1780756946,
      1.11
    ],
    [
      1780757847,
      1.11
    ],
    [
      1780758749,
      1.091
    ],
    [
      1780759651,
      1.091
    ],
    [
      1780760554,
      1.097
    ],
    [
      1780761455,
      1.095
    ],
    [
      1780762356,
      1.097
    ],
    [
      1780763258,
      1.092
    ]
  ],
  "solana": [
    [
      1780756946,
      62.79
    ],
    [
      1780757847,
      62.66
    ],
    [
      1780758749,
      61.84
    ],
    [
      1780759651,
      61.53
    ],
    [
      1780760554,
      62.03
    ],
    [
      1780761455,
      62.07
    ],
    [
      1780762356,
      62.07
    ],
    [
      1780763258,
      61.75
    ]
  ],
  "dogecoin": [
    [
      1780756946,
      0.082302
    ],
    [
      1780757847,
      0.082231
    ],
    [
      1780758749,
      0.08138
    ],
    [
      1780759651,
      0.081159
    ],
    [
      1780760554,
      0.081771
    ],
    [
      1780761455,
      0.081605
    ],
    [
      1780762356,
      0.081715
    ],
    [
      1780763258,
      0.081213
    ]
  ],
  "cardano": [
    [
      1780756946,
      0.160831
    ],
    [
      1780757847,
      0.161219
    ],
    [
      1780758749,
      0.158039
    ],
    [
      1780759651,
      0.157799
    ],
    [
      1780760554,
      0.158551
    ],
    [
      1780761455,
      0.158106
    ],
    [
      1780762356,
      0.159202
    ],
    [
      1780763258,
      0.15869
    ]
  ],
  "tron": [
    [
      1780756946,
      0.320579
    ],
    [
      1780757847,
      0.321002
    ],
    [
      1780758749,
      0.320535
    ],
    [
      1780759651,
      0.320609
    ],
    [
      1780760554,
      0.320934
    ],
    [
      1780761455,
      0.321445
    ],
    [
      1780762356,
      0.321867
    ],
    [
      1780763258,
      0.321692
    ]
  ],
  "chainlink": [
    [
      1780756946,
      7.42
    ],
    [
      1780757847,
      7.42
    ],
    [
      1780758749,
      7.34
    ],
    [
      1780759651,
      7.32
    ],
    [
      1780760554,
      7.37
    ],
    [
      1780761455,
      7.38
    ],
    [
      1780762356,
      7.38
    ],
    [
      1780763258,
      7.35
    ]
  ],
  "the-open-network": [
    [
      1780756946,
      1.6
    ],
    [
      1780757847,
      1.61
    ],
    [
      1780758749,
      1.57
    ],
    [
      1780759651,
      1.58
    ],
    [
      1780760554,
      1.6
    ],
    [
      1780761455,
      1.6
    ],
    [
      1780762356,
      1.61
    ],
    [
      1780763258,
      1.59
    ]
  ],
  "stellar": [
    [
      1780756946,
      0.202817
    ],
    [
      1780757847,
      0.204227
    ],
    [
      1780758749,
      0.200491
    ],
    [
      1780759651,
      0.200857
    ],
    [
      1780760554,
      0.204846
    ],
    [
      1780761455,
      0.208326
    ],
    [
      1780762356,
      0.211774
    ],
    [
      1780763258,
      0.211447
    ]
  ],
  "hedera-hashgraph": [
    [
      1780756946,
      0.079194
    ],
    [
      1780757847,
      0.079265
    ],
    [
      1780758749,
      0.078648
    ],
    [
      1780759651,
      0.078345
    ],
    [
      1780760554,
      0.0791
    ],
    [
      1780761455,
      0.079049
    ],
    [
      1780762356,
      0.079421
    ],
    [
      1780763258,
      0.079262
    ]
  ],
  "sui": [
    [
      1780756946,
      0.725024
    ],
    [
      1780757847,
      0.725548
    ],
    [
      1780758749,
      0.713705
    ],
    [
      1780759651,
      0.712318
    ],
    [
      1780760554,
      0.717473
    ],
    [
      1780761455,
      0.716283
    ],
    [
      1780762356,
      0.716171
    ],
    [
      1780763258,
      0.714222
    ]
  ],
  "bitcoin-cash": [
    [
      1780756946,
      218.78
    ],
    [
      1780757847,
      219.43
    ],
    [
      1780758749,
      218.3
    ],
    [
      1780759651,
      216.8
    ],
    [
      1780760554,
      218.21
    ],
    [
      1780761455,
      217.56
    ],
    [
      1780762356,
      217.14
    ],
    [
      1780763258,
      216.29
    ]
  ],
  "litecoin": [
    [
      1780756946,
      42.68
    ],
    [
      1780757847,
      42.62
    ],
    [
      1780758749,
      42.28
    ],
    [
      1780759651,
      42.16
    ],
    [
      1780760554,
      42.38
    ],
    [
      1780761455,
      42.34
    ],
    [
      1780762356,
      42.39
    ],
    [
      1780763258,
      42.16
    ]
  ],
  "polkadot": [
    [
      1780756946,
      0.955744
    ],
    [
      1780757847,
      0.955395
    ],
    [
      1780758749,
      0.940659
    ],
    [
      1780759651,
      0.935374
    ],
    [
      1780760554,
      0.9397
    ],
    [
      1780761455,
      0.938399
    ],
    [
      1780762356,
      0.939829
    ],
    [
      1780763258,
      0.937057
    ]
  ],
  "hyperliquid": [
    [
      1780756946,
      58.67
    ],
    [
      1780757847,
      58.68
    ],
    [
      1780758749,
      58.1
    ],
    [
      1780759651,
      57.87
    ],
    [
      1780760554,
      58.32
    ],
    [
      1780761455,
      58.39
    ],
    [
      1780762356,
      58.53
    ],
    [
      1780763258,
      58.34
    ]
  ],
  "monero": [
    [
      1780756946,
      297.54
    ],
    [
      1780757847,
      297.19
    ],
    [
      1780758749,
      297.65
    ],
    [
      1780759651,
      298.45
    ],
    [
      1780760554,
      301.12
    ],
    [
      1780761455,
      301.75
    ],
    [
      1780762356,
      301.51
    ],
    [
      1780763258,
      300.6
    ]
  ],
  "_alerts_sent": {
    "stellar_2026-06-06 18": true
  }
}