{
  "bitcoin": [
    [
      1783621449,
      63273
    ],
    [
      1783622579,
      63251
    ],
    [
      1783623481,
      63169
    ],
    [
      1783624509,
      63156
    ],
    [
      1783625411,
      63202
    ],
    [
      1783626312,
      63273
    ],
    [
      1783627215,
      63195
    ],
    [
      1783628088,
      63168
    ]
  ],
  "ethereum": [
    [
      1783621449,
      1753.14
    ],
    [
      1783622579,
      1752.42
    ],
    [
      1783623481,
      1749.6
    ],
    [
      1783624509,
      1748.08
    ],
    [
      1783625411,
      1747.83
    ],
    [
      1783626312,
      1750.08
    ],
    [
      1783627215,
      1747.16
    ],
    [
      1783628088,
      1745.82
    ]
  ],
  "avalanche-2": [
    [
      1783621449,
      6.75
    ],
    [
      1783622579,
      6.75
    ],
    [
      1783623481,
      6.75
    ],
    [
      1783624509,
      6.73
    ],
    [
      1783625411,
      6.73
    ],
    [
      1783626312,
      6.74
    ],
    [
      1783627215,
      6.72
    ],
    [
      1783628088,
      6.69
    ]
  ],
  "ondo-finance": [
    [
      1783621449,
      0.318962
    ],
    [
      1783622579,
      0.319384
    ],
    [
      1783623481,
      0.319199
    ],
    [
      1783624509,
      0.318537
    ],
    [
      1783625411,
      0.317659
    ],
    [
      1783626312,
      0.319076
    ],
    [
      1783627215,
      0.318218
    ],
    [
      1783628088,
      0.317773
    ]
  ],
  "binancecoin": [
    [
      1783621449,
      572.19
    ],
    [
      1783622579,
      572.16
    ],
    [
      1783623481,
      571.45
    ],
    [
      1783624509,
      570.67
    ],
    [
      1783625411,
      570.72
    ],
    [
      1783626312,
      570.96
    ],
    [
      1783627215,
      569.76
    ],
    [
      1783628088,
      569.59
    ]
  ],
  "ripple": [
    [
      1783621449,
      1.097
    ],
    [
      1783622579,
      1.097
    ],
    [
      1783623481,
      1.093
    ],
    [
      1783624509,
      1.093
    ],
    [
      1783625411,
      1.093
    ],
    [
      1783626312,
      1.095
    ],
    [
      1783627215,
      1.096
    ],
    [
      1783628088,
      1.096
    ]
  ],
  "solana": [
    [
      1783621449,
      78.21
    ],
    [
      1783622579,
      78.07
    ],
    [
      1783623481,
      78.04
    ],
    [
      1783624509,
      78.01
    ],
    [
      1783625411,
      78.0
    ],
    [
      1783626312,
      78.16
    ],
    [
      1783627215,
      78.06
    ],
    [
      1783628088,
      78.02
    ]
  ],
  "dogecoin": [
    [
      1783621449,
      0.073251
    ],
    [
      1783622579,
      0.073169
    ],
    [
      1783623481,
      0.073078
    ],
    [
      1783624509,
      0.072962
    ],
    [
      1783625411,
      0.07306
    ],
    [
      1783626312,
      0.073152
    ],
    [
      1783627215,
      0.073011
    ],
    [
      1783628088,
      0.072983
    ]
  ],
  "cardano": [
    [
      1783621449,
      0.167082
    ],
    [
      1783622579,
      0.166713
    ],
    [
      1783623481,
      0.166482
    ],
    [
      1783624509,
      0.165864
    ],
    [
      1783625411,
      0.165693
    ],
    [
      1783626312,
      0.16591
    ],
    [
      1783627215,
      0.165675
    ],
    [
      1783628088,
      0.165926
    ]
  ],
  "tron": [
    [
      1783621449,
      0.331781
    ],
    [
      1783622579,
      0.331697
    ],
    [
      1783623481,
      0.331695
    ],
    [
      1783624509,
      0.33169
    ],
    [
      1783625411,
      0.331618
    ],
    [
      1783626312,
      0.331563
    ],
    [
      1783627215,
      0.331566
    ],
    [
      1783628088,
      0.331724
    ]
  ],
  "chainlink": [
    [
      1783621449,
      7.79
    ],
    [
      1783622579,
      7.79
    ],
    [
      1783623481,
      7.78
    ],
    [
      1783624509,
      7.77
    ],
    [
      1783625411,
      7.77
    ],
    [
      1783626312,
      7.79
    ],
    [
      1783627215,
      7.77
    ],
    [
      1783628088,
      7.76
    ]
  ],
  "the-open-network": [
    [
      1783621449,
      1.62
    ],
    [
      1783622579,
      1.62
    ],
    [
      1783623481,
      1.62
    ],
    [
      1783624509,
      1.62
    ],
    [
      1783625411,
      1.62
    ],
    [
      1783626312,
      1.63
    ],
    [
      1783627215,
      1.63
    ],
    [
      1783628088,
      1.62
    ]
  ],
  "stellar": [
    [
      1783621449,
      0.183997
    ],
    [
      1783622579,
      0.184825
    ],
    [
      1783623481,
      0.185382
    ],
    [
      1783624509,
      0.185828
    ],
    [
      1783625411,
      0.18537
    ],
    [
      1783626312,
      0.187079
    ],
    [
      1783627215,
      0.186583
    ],
    [
      1783628088,
      0.186541
    ]
  ],
  "hedera-hashgraph": [
    [
      1783621449,
      0.070364
    ],
    [
      1783622579,
      0.070277
    ],
    [
      1783623481,
      0.070124
    ],
    [
      1783624509,
      0.069948
    ],
    [
      1783625411,
      0.070017
    ],
    [
      1783626312,
      0.070087
    ],
    [
      1783627215,
      0.069996
    ],
    [
      1783628088,
      0.069994
    ]
  ],
  "sui": [
    [
      1783621449,
      0.72143
    ],
    [
      1783622579,
      0.721953
    ],
    [
      1783623481,
      0.720626
    ],
    [
      1783624509,
      0.719128
    ],
    [
      1783625411,
      0.718848
    ],
    [
      1783626312,
      0.720102
    ],
    [
      1783627215,
      0.718513
    ],
    [
      1783628088,
      0.717912
    ]
  ],
  "bitcoin-cash": [
    [
      1783621449,
      238.84
    ],
    [
      1783622579,
      238.18
    ],
    [
      1783623481,
      238.05
    ],
    [
      1783624509,
      237.97
    ],
    [
      1783625411,
      238.03
    ],
    [
      1783626312,
      238.14
    ],
    [
      1783627215,
      237.76
    ],
    [
      1783628088,
      237.63
    ]
  ],
  "litecoin": [
    [
      1783621449,
      44.15
    ],
    [
      1783622579,
      44.18
    ],
    [
      1783623481,
      44.13
    ],
    [
      1783624509,
      44.0
    ],
    [
      1783625411,
      44.06
    ],
    [
      1783626312,
      44.15
    ],
    [
      1783627215,
      44.0
    ],
    [
      1783628088,
      43.95
    ]
  ],
  "polkadot": [
    [
      1783621449,
      0.831598
    ],
    [
      1783622579,
      0.830758
    ],
    [
      1783623481,
      0.829498
    ],
    [
      1783624509,
      0.827008
    ],
    [
      1783625411,
      0.825382
    ],
    [
      1783626312,
      0.825974
    ],
    [
      1783627215,
      0.825545
    ],
    [
      1783628088,
      0.824282
    ]
  ],
  "hyperliquid": [
    [
      1783621449,
      67.62
    ],
    [
      1783622579,
      67.49
    ],
    [
      1783623481,
      67.25
    ],
    [
      1783624509,
      66.91
    ],
    [
      1783625411,
      66.92
    ],
    [
      1783626312,
      67.05
    ],
    [
      1783627215,
      66.93
    ],
    [
      1783628088,
      67.1
    ]
  ],
  "monero": [
    [
      1783621449,
      319.32
    ],
    [
      1783622579,
      318.93
    ],
    [
      1783623481,
      318.24
    ],
    [
      1783624509,
      315.14
    ],
    [
      1783625411,
      315.22
    ],
    [
      1783626312,
      315.25
    ],
    [
      1783627215,
      315.49
    ],
    [
      1783628088,
      315.07
    ]
  ],
  "_alerts_sent": {}
}