{
  "bitcoin": [
    [
      1782563901,
      60268
    ],
    [
      1782564803,
      60278
    ],
    [
      1782565704,
      60310
    ],
    [
      1782566606,
      60370
    ],
    [
      1782567507,
      60436
    ],
    [
      1782568408,
      60479
    ],
    [
      1782569310,
      60462
    ],
    [
      1782570211,
      60526
    ]
  ],
  "ethereum": [
    [
      1782563901,
      1581.48
    ],
    [
      1782564803,
      1582.37
    ],
    [
      1782565704,
      1583.32
    ],
    [
      1782566606,
      1584.96
    ],
    [
      1782567507,
      1585.12
    ],
    [
      1782568408,
      1588.62
    ],
    [
      1782569310,
      1587.89
    ],
    [
      1782570211,
      1590.91
    ]
  ],
  "avalanche-2": [
    [
      1782563901,
      6.52
    ],
    [
      1782564803,
      6.52
    ],
    [
      1782565704,
      6.53
    ],
    [
      1782566606,
      6.53
    ],
    [
      1782567507,
      6.54
    ],
    [
      1782568408,
      6.57
    ],
    [
      1782569310,
      6.58
    ],
    [
      1782570211,
      6.6
    ]
  ],
  "ondo-finance": [
    [
      1782563901,
      0.316444
    ],
    [
      1782564803,
      0.316741
    ],
    [
      1782565704,
      0.317904
    ],
    [
      1782566606,
      0.318783
    ],
    [
      1782567507,
      0.318855
    ],
    [
      1782568408,
      0.319978
    ],
    [
      1782569310,
      0.319355
    ],
    [
      1782570211,
      0.320329
    ]
  ],
  "binancecoin": [
    [
      1782563901,
      562.94
    ],
    [
      1782564803,
      563.22
    ],
    [
      1782565704,
      563.75
    ],
    [
      1782566606,
      563.69
    ],
    [
      1782567507,
      563.24
    ],
    [
      1782568408,
      563.5
    ],
    [
      1782569310,
      562.9
    ],
    [
      1782570211,
      563.5
    ]
  ],
  "ripple": [
    [
      1782563901,
      1.057
    ],
    [
      1782564803,
      1.058
    ],
    [
      1782565704,
      1.06
    ],
    [
      1782566606,
      1.06
    ],
    [
      1782567507,
      1.06
    ],
    [
      1782568408,
      1.061
    ],
    [
      1782569310,
      1.064
    ],
    [
      1782570211,
      1.064
    ]
  ],
  "solana": [
    [
      1782563901,
      71.76
    ],
    [
      1782564803,
      71.82
    ],
    [
      1782565704,
      72.1
    ],
    [
      1782566606,
      72.15
    ],
    [
      1782567507,
      72.27
    ],
    [
      1782568408,
      72.28
    ],
    [
      1782569310,
      72.2
    ],
    [
      1782570211,
      72.47
    ]
  ],
  "dogecoin": [
    [
      1782563901,
      0.075308
    ],
    [
      1782564803,
      0.07541
    ],
    [
      1782565704,
      0.075444
    ],
    [
      1782566606,
      0.07552
    ],
    [
      1782567507,
      0.075599
    ],
    [
      1782568408,
      0.075694
    ],
    [
      1782569310,
      0.075702
    ],
    [
      1782570211,
      0.0758
    ]
  ],
  "cardano": [
    [
      1782563901,
      0.14667
    ],
    [
      1782564803,
      0.146829
    ],
    [
      1782565704,
      0.147158
    ],
    [
      1782566606,
      0.147229
    ],
    [
      1782567507,
      0.147573
    ],
    [
      1782568408,
      0.147828
    ],
    [
      1782569310,
      0.147714
    ],
    [
      1782570211,
      0.148371
    ]
  ],
  "tron": [
    [
      1782563901,
      0.32037
    ],
    [
      1782564803,
      0.320402
    ],
    [
      1782565704,
      0.320331
    ],
    [
      1782566606,
      0.320461
    ],
    [
      1782567507,
      0.320424
    ],
    [
      1782568408,
      0.320347
    ],
    [
      1782569310,
      0.320177
    ],
    [
      1782570211,
      0.320328
    ]
  ],
  "chainlink": [
    [
      1782563901,
      7.34
    ],
    [
      1782564803,
      7.35
    ],
    [
      1782565704,
      7.37
    ],
    [
      1782566606,
      7.37
    ],
    [
      1782567507,
      7.37
    ],
    [
      1782568408,
      7.38
    ],
    [
      1782569310,
      7.38
    ],
    [
      1782570211,
      7.4
    ]
  ],
  "the-open-network": [
    [
      1782563901,
      1.57
    ],
    [
      1782564803,
      1.56
    ],
    [
      1782565704,
      1.57
    ],
    [
      1782566606,
      1.57
    ],
    [
      1782567507,
      1.57
    ],
    [
      1782568408,
      1.57
    ],
    [
      1782569310,
      1.57
    ],
    [
      1782570211,
      1.57
    ]
  ],
  "stellar": [
    [
      1782563901,
      0.175239
    ],
    [
      1782564803,
      0.175119
    ],
    [
      1782565704,
      0.175809
    ],
    [
      1782566606,
      0.176416
    ],
    [
      1782567507,
      0.176353
    ],
    [
      1782568408,
      0.17664
    ],
    [
      1782569310,
      0.176468
    ],
    [
      1782570211,
      0.176995
    ]
  ],
  "hedera-hashgraph": [
    [
      1782563901,
      0.072547
    ],
    [
      1782564803,
      0.072617
    ],
    [
      1782565704,
      0.072695
    ],
    [
      1782566606,
      0.072791
    ],
    [
      1782567507,
      0.072837
    ],
    [
      1782568408,
      0.073073
    ],
    [
      1782569310,
      0.072984
    ],
    [
      1782570211,
      0.07304
    ]
  ],
  "sui": [
    [
      1782563901,
      0.698779
    ],
    [
      1782564803,
      0.700917
    ],
    [
      1782565704,
      0.70418
    ],
    [
      1782566606,
      0.70461
    ],
    [
      1782567507,
      0.704595
    ],
    [
      1782568408,
      0.70515
    ],
    [
      1782569310,
      0.702281
    ],
    [
      1782570211,
      0.703818
    ]
  ],
  "bitcoin-cash": [
    [
      1782563901,
      196.49
    ],
    [
      1782564803,
      196.65
    ],
    [
      1782565704,
      197.53
    ],
    [
      1782566606,
      197.59
    ],
    [
      1782567507,
      197.64
    ],
    [
      1782568408,
      197.39
    ],
    [
      1782569310,
      197.71
    ],
    [
      1782570211,
      198.24
    ]
  ],
  "litecoin": [
    [
      1782563901,
      42.54
    ],
    [
      1782564803,
      42.63
    ],
    [
      1782565704,
      42.71
    ],
    [
      1782566606,
      42.9
    ],
    [
      1782567507,
      42.93
    ],
    [
      1782568408,
      42.96
    ],
    [
      1782569310,
      42.96
    ],
    [
      1782570211,
      43.0
    ]
  ],
  "polkadot": [
    [
      1782563901,
      0.840489
    ],
    [
      1782564803,
      0.8411
    ],
    [
      1782565704,
      0.842229
    ],
    [
      1782566606,
      0.842808
    ],
    [
      1782567507,
      0.842904
    ],
    [
      1782568408,
      0.844504
    ],
    [
      1782569310,
      0.843307
    ],
    [
      1782570211,
      0.845649
    ]
  ],
  "hyperliquid": [
    [
      1782563901,
      63.01
    ],
    [
      1782564803,
      63.05
    ],
    [
      1782565704,
      63.29
    ],
    [
      1782566606,
      63.4
    ],
    [
      1782567507,
      63.39
    ],
    [
      1782568408,
      63.63
    ],
    [
      1782569310,
      63.51
    ],
    [
      1782570211,
      64.0
    ]
  ],
  "monero": [
    [
      1782563901,
      314.11
    ],
    [
      1782564803,
      313.52
    ],
    [
      1782565704,
      312.55
    ],
    [
      1782566606,
      313.76
    ],
    [
      1782567507,
      314.12
    ],
    [
      1782568408,
      314.99
    ],
    [
      1782569310,
      315.1
    ],
    [
      1782570211,
      316.66
    ]
  ],
  "_alerts_sent": {}
}