{
  "bitcoin": [
    [
      1783872134,
      64136
    ],
    [
      1783873035,
      64049
    ],
    [
      1783873941,
      64113
    ],
    [
      1783874852,
      64081.2
    ],
    [
      1783875754,
      64120
    ],
    [
      1783876655,
      64100.8
    ],
    [
      1783877560,
      64084
    ],
    [
      1783878462,
      64123
    ]
  ],
  "ethereum": [
    [
      1783872134,
      1820.01
    ],
    [
      1783873035,
      1818.16
    ],
    [
      1783873941,
      1820.94
    ],
    [
      1783874852,
      1818.71
    ],
    [
      1783875754,
      1820.6
    ],
    [
      1783876655,
      1818.89
    ],
    [
      1783877560,
      1817.61
    ],
    [
      1783878462,
      1820.16
    ]
  ],
  "avalanche-2": [
    [
      1783872134,
      6.44
    ],
    [
      1783873035,
      6.4
    ],
    [
      1783873941,
      6.41
    ],
    [
      1783874852,
      6.406
    ],
    [
      1783875754,
      6.42
    ],
    [
      1783876655,
      6.419
    ],
    [
      1783877560,
      6.42
    ],
    [
      1783878462,
      6.43
    ]
  ],
  "ondo-finance": [
    [
      1783872134,
      0.327421
    ],
    [
      1783873035,
      0.327489
    ],
    [
      1783873941,
      0.328058
    ],
    [
      1783874852,
      0.3278
    ],
    [
      1783875754,
      0.32768
    ],
    [
      1783876655,
      0.32766
    ],
    [
      1783877560,
      0.327138
    ],
    [
      1783878462,
      0.327685
    ]
  ],
  "binancecoin": [
    [
      1783872134,
      581.04
    ],
    [
      1783873035,
      580.95
    ],
    [
      1783873941,
      580.95
    ],
    [
      1783875754,
      580.82
    ],
    [
      1783877560,
      579.16
    ],
    [
      1783878462,
      579.76
    ]
  ],
  "ripple": [
    [
      1783872134,
      1.1
    ],
    [
      1783873035,
      1.1
    ],
    [
      1783873941,
      1.1
    ],
    [
      1783875754,
      1.1
    ],
    [
      1783877560,
      1.098
    ],
    [
      1783878462,
      1.1
    ]
  ],
  "solana": [
    [
      1783872134,
      77.42
    ],
    [
      1783873035,
      77.42
    ],
    [
      1783873941,
      77.51
    ],
    [
      1783875754,
      77.5
    ],
    [
      1783877560,
      77.38
    ],
    [
      1783878462,
      77.5
    ]
  ],
  "dogecoin": [
    [
      1783872134,
      0.07366
    ],
    [
      1783873035,
      0.073545
    ],
    [
      1783873941,
      0.073568
    ],
    [
      1783875754,
      0.073565
    ],
    [
      1783877560,
      0.073468
    ],
    [
      1783878462,
      0.073564
    ]
  ],
  "cardano": [
    [
      1783872134,
      0.164581
    ],
    [
      1783873035,
      0.164294
    ],
    [
      1783873941,
      0.164512
    ],
    [
      1783875754,
      0.16436
    ],
    [
      1783877560,
      0.164198
    ],
    [
      1783878462,
      0.164453
    ]
  ],
  "tron": [
    [
      1783872134,
      0.330938
    ],
    [
      1783873035,
      0.330697
    ],
    [
      1783873941,
      0.330903
    ],
    [
      1783875754,
      0.330916
    ],
    [
      1783877560,
      0.331002
    ],
    [
      1783878462,
      0.331077
    ]
  ],
  "chainlink": [
    [
      1783872134,
      8.06
    ],
    [
      1783873035,
      8.05
    ],
    [
      1783873941,
      8.05
    ],
    [
      1783875754,
      8.06
    ],
    [
      1783877560,
      8.04
    ],
    [
      1783878462,
      8.05
    ]
  ],
  "the-open-network": [
    [
      1783872134,
      1.64
    ],
    [
      1783873035,
      1.64
    ],
    [
      1783873941,
      1.64
    ],
    [
      1783875754,
      1.64
    ],
    [
      1783877560,
      1.64
    ],
    [
      1783878462,
      1.64
    ]
  ],
  "stellar": [
    [
      1783872134,
      0.189566
    ],
    [
      1783873035,
      0.190062
    ],
    [
      1783873941,
      0.189988
    ],
    [
      1783875754,
      0.189295
    ],
    [
      1783877560,
      0.189167
    ],
    [
      1783878462,
      0.189212
    ]
  ],
  "hedera-hashgraph": [
    [
      1783872134,
      0.067733
    ],
    [
      1783873035,
      0.067588
    ],
    [
      1783873941,
      0.067643
    ],
    [
      1783875754,
      0.067488
    ],
    [
      1783877560,
      0.067511
    ],
    [
      1783878462,
      0.067698
    ]
  ],
  "sui": [
    [
      1783872134,
      0.744314
    ],
    [
      1783873035,
      0.743268
    ],
    [
      1783873941,
      0.743041
    ],
    [
      1783875754,
      0.742355
    ],
    [
      1783877560,
      0.740144
    ],
    [
      1783878462,
      0.741306
    ]
  ],
  "bitcoin-cash": [
    [
      1783872134,
      245.36
    ],
    [
      1783873035,
      244.51
    ],
    [
      1783873941,
      244.67
    ],
    [
      1783875754,
      244.57
    ],
    [
      1783877560,
      244.33
    ],
    [
      1783878462,
      244.89
    ]
  ],
  "litecoin": [
    [
      1783872134,
      44.76
    ],
    [
      1783873035,
      44.74
    ],
    [
      1783873941,
      44.82
    ],
    [
      1783875754,
      44.76
    ],
    [
      1783877560,
      44.69
    ],
    [
      1783878462,
      44.68
    ]
  ],
  "polkadot": [
    [
      1783872134,
      0.844737
    ],
    [
      1783873035,
      0.843887
    ],
    [
      1783873941,
      0.84475
    ],
    [
      1783875754,
      0.844239
    ],
    [
      1783877560,
      0.839243
    ],
    [
      1783878462,
      0.839708
    ]
  ],
  "hyperliquid": [
    [
      1783872134,
      67.56
    ],
    [
      1783873035,
      67.84
    ],
    [
      1783873941,
      67.86
    ],
    [
      1783875754,
      67.93
    ],
    [
      1783877560,
      67.93
    ],
    [
      1783878462,
      67.97
    ]
  ],
  "monero": [
    [
      1783872134,
      329.17
    ],
    [
      1783873035,
      329.24
    ],
    [
      1783873941,
      329.1
    ],
    [
      1783875754,
      329.1
    ],
    [
      1783877560,
      329.18
    ],
    [
      1783878462,
      329.32
    ]
  ],
  "_alerts_sent": {}
}