{
  "bitcoin": [
    [
      1779764575,
      76570
    ],
    [
      1779765476,
      76503
    ],
    [
      1779766378,
      76516
    ],
    [
      1779767279,
      76577
    ],
    [
      1779768181,
      76581
    ],
    [
      1779769082,
      76569
    ],
    [
      1779769984,
      76684
    ],
    [
      1779770885,
      76697
    ]
  ],
  "ethereum": [
    [
      1779764575,
      2087.19
    ],
    [
      1779765476,
      2084.47
    ],
    [
      1779766378,
      2087.58
    ],
    [
      1779767279,
      2089.88
    ],
    [
      1779768181,
      2090.93
    ],
    [
      1779769082,
      2087.55
    ],
    [
      1779769984,
      2092.17
    ],
    [
      1779770885,
      2092.81
    ]
  ],
  "avalanche-2": [
    [
      1779764575,
      9.2
    ],
    [
      1779765476,
      9.17
    ],
    [
      1779766378,
      9.18
    ],
    [
      1779767279,
      9.2
    ],
    [
      1779768181,
      9.22
    ],
    [
      1779769082,
      9.21
    ],
    [
      1779769984,
      9.26
    ],
    [
      1779770885,
      9.25
    ]
  ],
  "ondo-finance": [
    [
      1779764575,
      0.412999
    ],
    [
      1779765476,
      0.412227
    ],
    [
      1779766378,
      0.412662
    ],
    [
      1779767279,
      0.41482
    ],
    [
      1779768181,
      0.413957
    ],
    [
      1779769082,
      0.415952
    ],
    [
      1779769984,
      0.417304
    ],
    [
      1779770885,
      0.420433
    ]
  ]
}