{
  "bitcoin": [
    [
      1783176929,
      62615
    ],
    [
      1783177830,
      62744
    ],
    [
      1783178731,
      62817
    ],
    [
      1783179632,
      62848
    ],
    [
      1783180533,
      62883
    ],
    [
      1783181435,
      62838
    ],
    [
      1783182336,
      62804
    ],
    [
      1783183237,
      62869
    ]
  ],
  "ethereum": [
    [
      1783176929,
      1768.84
    ],
    [
      1783177830,
      1780.05
    ],
    [
      1783178731,
      1792.82
    ],
    [
      1783179632,
      1789.69
    ],
    [
      1783180533,
      1790.89
    ],
    [
      1783181435,
      1786.86
    ],
    [
      1783182336,
      1786.34
    ],
    [
      1783183237,
      1787.95
    ]
  ],
  "avalanche-2": [
    [
      1783176929,
      6.92
    ],
    [
      1783177830,
      6.94
    ],
    [
      1783178731,
      6.96
    ],
    [
      1783179632,
      6.97
    ],
    [
      1783180533,
      6.98
    ],
    [
      1783181435,
      6.98
    ],
    [
      1783182336,
      6.97
    ],
    [
      1783183237,
      6.98
    ]
  ],
  "ondo-finance": [
    [
      1783176929,
      0.33242
    ],
    [
      1783177830,
      0.333424
    ],
    [
      1783178731,
      0.334088
    ],
    [
      1783179632,
      0.335197
    ],
    [
      1783180533,
      0.335083
    ],
    [
      1783181435,
      0.335713
    ],
    [
      1783182336,
      0.33538
    ],
    [
      1783183237,
      0.338204
    ]
  ],
  "binancecoin": [
    [
      1783176929,
      574.02
    ],
    [
      1783177830,
      574.9
    ],
    [
      1783178731,
      575.62
    ],
    [
      1783179632,
      576.36
    ],
    [
      1783180533,
      576.57
    ],
    [
      1783181435,
      575.55
    ],
    [
      1783182336,
      575.29
    ],
    [
      1783183237,
      575.27
    ]
  ],
  "ripple": [
    [
      1783176929,
      1.17
    ],
    [
      1783177830,
      1.17
    ],
    [
      1783178731,
      1.17
    ],
    [
      1783179632,
      1.17
    ],
    [
      1783180533,
      1.17
    ],
    [
      1783181435,
      1.17
    ],
    [
      1783182336,
      1.17
    ],
    [
      1783183237,
      1.17
    ]
  ],
  "solana": [
    [
      1783176929,
      81.65
    ],
    [
      1783177830,
      81.77
    ],
    [
      1783178731,
      82.0
    ],
    [
      1783179632,
      82.16
    ],
    [
      1783180533,
      82.19
    ],
    [
      1783181435,
      82.13
    ],
    [
      1783182336,
      82.11
    ],
    [
      1783183237,
      82.23
    ]
  ],
  "dogecoin": [
    [
      1783176929,
      0.077451
    ],
    [
      1783177830,
      0.077746
    ],
    [
      1783178731,
      0.078111
    ],
    [
      1783179632,
      0.078435
    ],
    [
      1783180533,
      0.078439
    ],
    [
      1783181435,
      0.078336
    ],
    [
      1783182336,
      0.078505
    ],
    [
      1783183237,
      0.078537
    ]
  ],
  "cardano": [
    [
      1783176929,
      0.181622
    ],
    [
      1783177830,
      0.18515
    ],
    [
      1783178731,
      0.187395
    ],
    [
      1783179632,
      0.188404
    ],
    [
      1783180533,
      0.190145
    ],
    [
      1783181435,
      0.19316
    ],
    [
      1783182336,
      0.196203
    ],
    [
      1783183237,
      0.195202
    ]
  ],
  "tron": [
    [
      1783176929,
      0.325386
    ],
    [
      1783177830,
      0.325258
    ],
    [
      1783178731,
      0.325519
    ],
    [
      1783179632,
      0.325627
    ],
    [
      1783180533,
      0.325526
    ],
    [
      1783181435,
      0.325611
    ],
    [
      1783182336,
      0.325537
    ],
    [
      1783183237,
      0.325727
    ]
  ],
  "chainlink": [
    [
      1783176929,
      7.98
    ],
    [
      1783177830,
      8.02
    ],
    [
      1783178731,
      8.04
    ],
    [
      1783179632,
      8.05
    ],
    [
      1783180533,
      8.08
    ],
    [
      1783181435,
      8.07
    ],
    [
      1783182336,
      8.07
    ],
    [
      1783183237,
      8.09
    ]
  ],
  "the-open-network": [
    [
      1783176929,
      1.81
    ],
    [
      1783177830,
      1.8
    ],
    [
      1783178731,
      1.81
    ],
    [
      1783179632,
      1.81
    ],
    [
      1783180533,
      1.81
    ],
    [
      1783181435,
      1.8
    ],
    [
      1783182336,
      1.8
    ],
    [
      1783183237,
      1.8
    ]
  ],
  "stellar": [
    [
      1783176929,
      0.205504
    ],
    [
      1783177830,
      0.207347
    ],
    [
      1783178731,
      0.208415
    ],
    [
      1783179632,
      0.208511
    ],
    [
      1783180533,
      0.210368
    ],
    [
      1783181435,
      0.211579
    ],
    [
      1783182336,
      0.213589
    ],
    [
      1783183237,
      0.214183
    ]
  ],
  "hedera-hashgraph": [
    [
      1783176929,
      0.074122
    ],
    [
      1783177830,
      0.074264
    ],
    [
      1783178731,
      0.074456
    ],
    [
      1783179632,
      0.074571
    ],
    [
      1783180533,
      0.074686
    ],
    [
      1783181435,
      0.074626
    ],
    [
      1783182336,
      0.074577
    ],
    [
      1783183237,
      0.074663
    ]
  ],
  "sui": [
    [
      1783176929,
      0.76213
    ],
    [
      1783177830,
      0.764608
    ],
    [
      1783178731,
      0.767284
    ],
    [
      1783179632,
      0.769613
    ],
    [
      1783180533,
      0.771377
    ],
    [
      1783181435,
      0.770582
    ],
    [
      1783182336,
      0.769848
    ],
    [
      1783183237,
      0.768474
    ]
  ],
  "bitcoin-cash": [
    [
      1783176929,
      228.84
    ],
    [
      1783177830,
      230.34
    ],
    [
      1783178731,
      231.01
    ],
    [
      1783179632,
      231.4
    ],
    [
      1783180533,
      231.23
    ],
    [
      1783181435,
      231.92
    ],
    [
      1783182336,
      231.93
    ],
    [
      1783183237,
      232.37
    ]
  ],
  "litecoin": [
    [
      1783176929,
      44.57
    ],
    [
      1783177830,
      44.82
    ],
    [
      1783178731,
      44.99
    ],
    [
      1783179632,
      45.11
    ],
    [
      1783180533,
      45.12
    ],
    [
      1783181435,
      45.14
    ],
    [
      1783182336,
      45.19
    ],
    [
      1783183237,
      45.26
    ]
  ],
  "polkadot": [
    [
      1783176929,
      0.872938
    ],
    [
      1783177830,
      0.877391
    ],
    [
      1783178731,
      0.881041
    ],
    [
      1783179632,
      0.883894
    ],
    [
      1783180533,
      0.887047
    ],
    [
      1783181435,
      0.88668
    ],
    [
      1783182336,
      0.886907
    ],
    [
      1783183237,
      0.889422
    ]
  ],
  "hyperliquid": [
    [
      1783176929,
      70.67
    ],
    [
      1783177830,
      70.57
    ],
    [
      1783178731,
      70.91
    ],
    [
      1783179632,
      70.76
    ],
    [
      1783180533,
      70.7
    ],
    [
      1783181435,
      70.67
    ],
    [
      1783182336,
      70.68
    ],
    [
      1783183237,
      70.47
    ]
  ],
  "monero": [
    [
      1783176929,
      331.7
    ],
    [
      1783177830,
      332.78
    ],
    [
      1783178731,
      331.96
    ],
    [
      1783179632,
      328.96
    ],
    [
      1783180533,
      328.36
    ],
    [
      1783181435,
      328.1
    ],
    [
      1783182336,
      327.42
    ],
    [
      1783183237,
      328.58
    ]
  ],
  "_alerts_sent": {}
}