{
  "bitcoin": [
    [
      1781595873,
      66313
    ],
    [
      1781596774,
      66334
    ],
    [
      1781597676,
      66426
    ],
    [
      1781598577,
      66494
    ],
    [
      1781599478,
      66550
    ],
    [
      1781600380,
      66886
    ],
    [
      1781601281,
      66705
    ],
    [
      1781602183,
      66583
    ]
  ],
  "ethereum": [
    [
      1781595873,
      1772.03
    ],
    [
      1781596774,
      1773.38
    ],
    [
      1781597676,
      1776.08
    ],
    [
      1781598577,
      1780.2
    ],
    [
      1781599478,
      1784.95
    ],
    [
      1781600380,
      1801.58
    ],
    [
      1781601281,
      1798.98
    ],
    [
      1781602183,
      1790.09
    ]
  ],
  "avalanche-2": [
    [
      1781595873,
      6.91
    ],
    [
      1781596774,
      6.91
    ],
    [
      1781597676,
      6.94
    ],
    [
      1781598577,
      6.96
    ],
    [
      1781599478,
      6.97
    ],
    [
      1781600380,
      7.02
    ],
    [
      1781601281,
      7.01
    ],
    [
      1781602183,
      6.97
    ]
  ],
  "ondo-finance": [
    [
      1781595873,
      0.374207
    ],
    [
      1781596774,
      0.376834
    ],
    [
      1781597676,
      0.377662
    ],
    [
      1781598577,
      0.378399
    ],
    [
      1781599478,
      0.381991
    ],
    [
      1781600380,
      0.384938
    ],
    [
      1781601281,
      0.385737
    ],
    [
      1781602183,
      0.385344
    ]
  ],
  "binancecoin": [
    [
      1781595873,
      617.38
    ],
    [
      1781596774,
      615.7
    ],
    [
      1781597676,
      615.73
    ],
    [
      1781598577,
      616.11
    ],
    [
      1781599478,
      616.18
    ],
    [
      1781600380,
      618.63
    ],
    [
      1781601281,
      617.79
    ],
    [
      1781602183,
      615.45
    ]
  ],
  "ripple": [
    [
      1781595873,
      1.23
    ],
    [
      1781596774,
      1.23
    ],
    [
      1781597676,
      1.24
    ],
    [
      1781598577,
      1.24
    ],
    [
      1781599478,
      1.24
    ],
    [
      1781600380,
      1.25
    ],
    [
      1781601281,
      1.24
    ],
    [
      1781602183,
      1.24
    ]
  ],
  "solana": [
    [
      1781595873,
      74.35
    ],
    [
      1781596774,
      74.44
    ],
    [
      1781597676,
      74.66
    ],
    [
      1781598577,
      74.71
    ],
    [
      1781599478,
      74.91
    ],
    [
      1781600380,
      75.4
    ],
    [
      1781601281,
      75.19
    ],
    [
      1781602183,
      74.93
    ]
  ],
  "dogecoin": [
    [
      1781595873,
      0.087666
    ],
    [
      1781596774,
      0.087753
    ],
    [
      1781597676,
      0.087702
    ],
    [
      1781598577,
      0.08808
    ],
    [
      1781599478,
      0.088269
    ],
    [
      1781600380,
      0.088779
    ],
    [
      1781601281,
      0.088715
    ],
    [
      1781602183,
      0.088623
    ]
  ],
  "cardano": [
    [
      1781595873,
      0.178543
    ],
    [
      1781596774,
      0.178626
    ],
    [
      1781597676,
      0.178839
    ],
    [
      1781598577,
      0.179261
    ],
    [
      1781599478,
      0.179454
    ],
    [
      1781600380,
      0.180859
    ],
    [
      1781601281,
      0.180504
    ],
    [
      1781602183,
      0.180013
    ]
  ],
  "tron": [
    [
      1781595873,
      0.317936
    ],
    [
      1781596774,
      0.317845
    ],
    [
      1781597676,
      0.317765
    ],
    [
      1781598577,
      0.317638
    ],
    [
      1781599478,
      0.317571
    ],
    [
      1781600380,
      0.317281
    ],
    [
      1781601281,
      0.31759
    ],
    [
      1781602183,
      0.317397
    ]
  ],
  "chainlink": [
    [
      1781595873,
      8.27
    ],
    [
      1781596774,
      8.28
    ],
    [
      1781597676,
      8.29
    ],
    [
      1781598577,
      8.31
    ],
    [
      1781599478,
      8.33
    ],
    [
      1781600380,
      8.4
    ],
    [
      1781601281,
      8.38
    ],
    [
      1781602183,
      8.35
    ]
  ],
  "the-open-network": [
    [
      1781595873,
      1.7
    ],
    [
      1781596774,
      1.7
    ],
    [
      1781597676,
      1.68
    ],
    [
      1781598577,
      1.67
    ],
    [
      1781599478,
      1.67
    ],
    [
      1781600380,
      1.67
    ],
    [
      1781601281,
      1.67
    ],
    [
      1781602183,
      1.67
    ]
  ],
  "stellar": [
    [
      1781595873,
      0.216551
    ],
    [
      1781596774,
      0.21544
    ],
    [
      1781597676,
      0.217267
    ],
    [
      1781598577,
      0.220348
    ],
    [
      1781599478,
      0.221111
    ],
    [
      1781600380,
      0.22314
    ],
    [
      1781601281,
      0.224979
    ],
    [
      1781602183,
      0.222025
    ]
  ],
  "hedera-hashgraph": [
    [
      1781595873,
      0.082669
    ],
    [
      1781596774,
      0.082946
    ],
    [
      1781597676,
      0.083329
    ],
    [
      1781598577,
      0.083284
    ],
    [
      1781599478,
      0.083368
    ],
    [
      1781600380,
      0.083911
    ],
    [
      1781601281,
      0.083675
    ],
    [
      1781602183,
      0.083251
    ]
  ],
  "sui": [
    [
      1781595873,
      0.790704
    ],
    [
      1781596774,
      0.790298
    ],
    [
      1781597676,
      0.792874
    ],
    [
      1781598577,
      0.799935
    ],
    [
      1781599478,
      0.802775
    ],
    [
      1781600380,
      0.807491
    ],
    [
      1781601281,
      0.804454
    ],
    [
      1781602183,
      0.800328
    ]
  ],
  "bitcoin-cash": [
    [
      1781595873,
      224.71
    ],
    [
      1781596774,
      224.68
    ],
    [
      1781597676,
      225.86
    ],
    [
      1781598577,
      226.15
    ],
    [
      1781599478,
      226.44
    ],
    [
      1781600380,
      227.24
    ],
    [
      1781601281,
      226.14
    ],
    [
      1781602183,
      225.56
    ]
  ],
  "litecoin": [
    [
      1781595873,
      45.75
    ],
    [
      1781596774,
      45.78
    ],
    [
      1781597676,
      45.79
    ],
    [
      1781598577,
      45.94
    ],
    [
      1781599478,
      45.98
    ],
    [
      1781600380,
      46.22
    ],
    [
      1781601281,
      46.24
    ],
    [
      1781602183,
      46.13
    ]
  ],
  "polkadot": [
    [
      1781595873,
      1.016
    ],
    [
      1781596774,
      1.016
    ],
    [
      1781597676,
      1.017
    ],
    [
      1781598577,
      1.024
    ],
    [
      1781599478,
      1.024
    ],
    [
      1781600380,
      1.03
    ],
    [
      1781601281,
      1.029
    ],
    [
      1781602183,
      1.025
    ]
  ],
  "hyperliquid": [
    [
      1781595873,
      72.33
    ],
    [
      1781596774,
      72.89
    ],
    [
      1781597676,
      72.75
    ],
    [
      1781598577,
      72.69
    ],
    [
      1781599478,
      73.38
    ],
    [
      1781600380,
      73.7
    ],
    [
      1781601281,
      73.32
    ],
    [
      1781602183,
      73.6
    ]
  ],
  "monero": [
    [
      1781595873,
      343.6
    ],
    [
      1781596774,
      342.83
    ],
    [
      1781597676,
      344.63
    ],
    [
      1781598577,
      345.63
    ],
    [
      1781599478,
      349.32
    ],
    [
      1781600380,
      347.1
    ],
    [
      1781601281,
      347.21
    ],
    [
      1781602183,
      348.4
    ]
  ],
  "_alerts_sent": {}
}