{
  "bitcoin": [
    [
      1780233962,
      73881
    ],
    [
      1780234864,
      73804
    ],
    [
      1780235765,
      73753
    ],
    [
      1780236667,
      73740
    ],
    [
      1780237570,
      73480
    ],
    [
      1780238367,
      73575
    ],
    [
      1780239415,
      73578
    ],
    [
      1780240054,
      73537
    ],
    [
      1780240956,
      73588
    ]
  ],
  "ethereum": [
    [
      1780233962,
      2022.61
    ],
    [
      1780234864,
      2020.62
    ],
    [
      1780235765,
      2018.25
    ],
    [
      1780236667,
      2017.93
    ],
    [
      1780237570,
      2007.06
    ],
    [
      1780238367,
      2009.3
    ],
    [
      1780239415,
      2008.4
    ],
    [
      1780240054,
      2006.55
    ],
    [
      1780240956,
      2009.77
    ]
  ],
  "avalanche-2": [
    [
      1780233962,
      9.03
    ],
    [
      1780234864,
      9.02
    ],
    [
      1780235765,
      9.0
    ],
    [
      1780236667,
      8.99
    ],
    [
      1780237570,
      8.89
    ],
    [
      1780238367,
      8.89
    ],
    [
      1780239415,
      8.87
    ],
    [
      1780240054,
      8.87
    ],
    [
      1780240956,
      8.88
    ]
  ],
  "ondo-finance": [
    [
      1780233962,
      0.359543
    ],
    [
      1780234864,
      0.35849
    ],
    [
      1780235765,
      0.357354
    ],
    [
      1780236667,
      0.357652
    ],
    [
      1780237570,
      0.355346
    ],
    [
      1780238367,
      0.357136
    ],
    [
      1780239415,
      0.356781
    ],
    [
      1780240054,
      0.356861
    ],
    [
      1780240956,
      0.358382
    ]
  ],
  "binancecoin": [
    [
      1780233962,
      730.49
    ],
    [
      1780234864,
      727.63
    ],
    [
      1780235765,
      726.67
    ],
    [
      1780236667,
      727.19
    ],
    [
      1780237570,
      725.19
    ],
    [
      1780238367,
      719.75
    ],
    [
      1780239415,
      720.04
    ],
    [
      1780240054,
      720.98
    ],
    [
      1780240956,
      720.43
    ]
  ],
  "ripple": [
    [
      1780233962,
      1.35
    ],
    [
      1780234864,
      1.34
    ],
    [
      1780235765,
      1.34
    ],
    [
      1780236667,
      1.34
    ],
    [
      1780237570,
      1.33
    ],
    [
      1780238367,
      1.33
    ],
    [
      1780239415,
      1.33
    ],
    [
      1780240054,
      1.33
    ],
    [
      1780240956,
      1.33
    ]
  ],
  "solana": [
    [
      1780233962,
      82.92
    ],
    [
      1780234864,
      82.76
    ],
    [
      1780235765,
      82.6
    ],
    [
      1780236667,
      82.58
    ],
    [
      1780237570,
      81.91
    ],
    [
      1780238367,
      82.01
    ],
    [
      1780239415,
      81.93
    ],
    [
      1780240054,
      81.89
    ],
    [
      1780240956,
      82.02
    ]
  ],
  "dogecoin": [
    [
      1780233962,
      0.100951
    ],
    [
      1780234864,
      0.100948
    ],
    [
      1780235765,
      0.100786
    ],
    [
      1780236667,
      0.100652
    ],
    [
      1780237570,
      0.099854
    ],
    [
      1780238367,
      0.099984
    ],
    [
      1780239415,
      0.099962
    ],
    [
      1780240054,
      0.099872
    ],
    [
      1780240956,
      0.100027
    ]
  ],
  "cardano": [
    [
      1780233962,
      0.237376
    ],
    [
      1780234864,
      0.237138
    ],
    [
      1780235765,
      0.236535
    ],
    [
      1780236667,
      0.236354
    ],
    [
      1780237570,
      0.234072
    ],
    [
      1780238367,
      0.234223
    ],
    [
      1780239415,
      0.234077
    ],
    [
      1780240054,
      0.233777
    ],
    [
      1780240956,
      0.233949
    ]
  ],
  "tron": [
    [
      1780233962,
      0.348326
    ],
    [
      1780234864,
      0.34869
    ],
    [
      1780235765,
      0.348479
    ],
    [
      1780236667,
      0.348448
    ],
    [
      1780237570,
      0.3482
    ],
    [
      1780238367,
      0.348408
    ],
    [
      1780239415,
      0.348506
    ],
    [
      1780240054,
      0.348589
    ],
    [
      1780240956,
      0.348225
    ]
  ],
  "chainlink": [
    [
      1780233962,
      9.24
    ],
    [
      1780234864,
      9.23
    ],
    [
      1780235765,
      9.2
    ],
    [
      1780236667,
      9.19
    ],
    [
      1780237570,
      9.09
    ],
    [
      1780238367,
      9.11
    ],
    [
      1780239415,
      9.1
    ],
    [
      1780240054,
      9.09
    ],
    [
      1780240956,
      9.1
    ]
  ],
  "the-open-network": [
    [
      1780233962,
      1.89
    ],
    [
      1780234864,
      1.89
    ],
    [
      1780235765,
      1.89
    ],
    [
      1780236667,
      1.88
    ],
    [
      1780237570,
      1.86
    ],
    [
      1780238367,
      1.87
    ],
    [
      1780239415,
      1.87
    ],
    [
      1780240054,
      1.89
    ],
    [
      1780240956,
      1.9
    ]
  ],
  "stellar": [
    [
      1780233962,
      0.264609
    ],
    [
      1780234864,
      0.260463
    ],
    [
      1780235765,
      0.259568
    ],
    [
      1780236667,
      0.256543
    ],
    [
      1780237570,
      0.25378
    ],
    [
      1780238367,
      0.255244
    ],
    [
      1780239415,
      0.25245
    ],
    [
      1780240054,
      0.25119
    ],
    [
      1780240956,
      0.249941
    ]
  ],
  "hedera-hashgraph": [
    [
      1780233962,
      0.099062
    ],
    [
      1780234864,
      0.098094
    ],
    [
      1780235765,
      0.097545
    ],
    [
      1780236667,
      0.096846
    ],
    [
      1780237570,
      0.095775
    ],
    [
      1780238367,
      0.095919
    ],
    [
      1780239415,
      0.095563
    ],
    [
      1780240054,
      0.095271
    ],
    [
      1780240956,
      0.095436
    ]
  ],
  "sui": [
    [
      1780233962,
      0.904617
    ],
    [
      1780234864,
      0.903391
    ],
    [
      1780235765,
      0.900888
    ],
    [
      1780236667,
      0.898947
    ],
    [
      1780237570,
      0.873266
    ],
    [
      1780238367,
      0.877541
    ],
    [
      1780239415,
      0.878173
    ],
    [
      1780240054,
      0.874927
    ],
    [
      1780240956,
      0.878806
    ]
  ],
  "bitcoin-cash": [
    [
      1780233962,
      304.11
    ],
    [
      1780234864,
      303.81
    ],
    [
      1780235765,
      302.86
    ],
    [
      1780236667,
      302.54
    ],
    [
      1780237570,
      299.2
    ],
    [
      1780238367,
      299.71
    ],
    [
      1780239415,
      299.51
    ],
    [
      1780240054,
      299.19
    ],
    [
      1780240956,
      299.55
    ]
  ],
  "litecoin": [
    [
      1780233962,
      52.48
    ],
    [
      1780234864,
      52.5
    ],
    [
      1780235765,
      52.4
    ],
    [
      1780236667,
      52.3
    ],
    [
      1780237570,
      51.94
    ],
    [
      1780238367,
      51.99
    ],
    [
      1780239415,
      51.95
    ],
    [
      1780240054,
      51.92
    ],
    [
      1780240956,
      51.98
    ]
  ],
  "polkadot": [
    [
      1780233962,
      1.2
    ],
    [
      1780234864,
      1.19
    ],
    [
      1780235765,
      1.19
    ],
    [
      1780236667,
      1.19
    ],
    [
      1780237570,
      1.17
    ],
    [
      1780238367,
      1.17
    ],
    [
      1780239415,
      1.17
    ],
    [
      1780240054,
      1.17
    ],
    [
      1780240956,
      1.17
    ]
  ],
  "hyperliquid": [
    [
      1780233962,
      68.19
    ],
    [
      1780234864,
      68.13
    ],
    [
      1780235765,
      68.0
    ],
    [
      1780236667,
      68.16
    ],
    [
      1780237570,
      68.07
    ],
    [
      1780238367,
      68.18
    ],
    [
      1780239415,
      68.02
    ],
    [
      1780240054,
      68.0
    ],
    [
      1780240956,
      68.79
    ]
  ],