{
  "bitcoin": [
    [
      1780303117,
      72737
    ],
    [
      1780304019,
      72711
    ],
    [
      1780304920,
      72901
    ],
    [
      1780305822,
      72915
    ],
    [
      1780306726,
      72851
    ],
    [
      1780307627,
      72812
    ],
    [
      1780308529,
      72728
    ],
    [
      1780309431,
      72647
    ]
  ],
  "ethereum": [
    [
      1780303117,
      1978.49
    ],
    [
      1780304019,
      1977.97
    ],
    [
      1780304920,
      1983.49
    ],
    [
      1780305822,
      1986.18
    ],
    [
      1780306726,
      1983.3
    ],
    [
      1780307627,
      1985.72
    ],
    [
      1780308529,
      1984.56
    ],
    [
      1780309431,
      1981.69
    ]
  ],
  "avalanche-2": [
    [
      1780303117,
      8.8
    ],
    [
      1780304019,
      8.81
    ],
    [
      1780304920,
      8.84
    ],
    [
      1780305822,
      8.85
    ],
    [
      1780306726,
      8.83
    ],
    [
      1780307627,
      8.86
    ],
    [
      1780308529,
      8.84
    ],
    [
      1780309431,
      8.84
    ]
  ],
  "ondo-finance": [
    [
      1780303117,
      0.352904
    ],
    [
      1780304019,
      0.353215
    ],
    [
      1780304920,
      0.354181
    ],
    [
      1780305822,
      0.354181
    ],
    [
      1780306726,
      0.348335
    ],
    [
      1780307627,
      0.363007
    ],
    [
      1780308529,
      0.36239
    ],
    [
      1780309431,
      0.357697
    ]
  ],
  "binancecoin": [
    [
      1780303117,
      687.65
    ],
    [
      1780304019,
      687.36
    ],
    [
      1780304920,
      689.31
    ],
    [
      1780305822,
      692.66
    ],
    [
      1780306726,
      701.39
    ],
    [
      1780307627,
      717.79
    ],
    [
      1780308529,
      703.94
    ],
    [
      1780309431,
      702.3
    ]
  ],
  "ripple": [
    [
      1780303117,
      1.3
    ],
    [
      1780304019,
      1.3
    ],
    [
      1780304920,
      1.3
    ],
    [
      1780305822,
      1.31
    ],
    [
      1780306726,
      1.3
    ],
    [
      1780307627,
      1.3
    ],
    [
      1780308529,
      1.3
    ],
    [
      1780309431,
      1.3
    ]
  ],
  "solana": [
    [
      1780303117,
      80.71
    ],
    [
      1780304019,
      80.74
    ],
    [
      1780304920,
      81.01
    ],
    [
      1780305822,
      81.1
    ],
    [
      1780306726,
      81.05
    ],
    [
      1780307627,
      81.04
    ],
    [
      1780308529,
      80.91
    ],
    [
      1780309431,
      80.87
    ]
  ],
  "dogecoin": [
    [
      1780303117,
      0.099386
    ],
    [
      1780304019,
      0.099507
    ],
    [
      1780304920,
      0.099792
    ],
    [
      1780305822,
      0.099858
    ],
    [
      1780306726,
      0.099857
    ],
    [
      1780307627,
      0.100042
    ],
    [
      1780308529,
      0.099856
    ],
    [
      1780309431,
      0.099844
    ]
  ],
  "cardano": [
    [
      1780303117,
      0.230962
    ],
    [
      1780304019,
      0.23092
    ],
    [
      1780304920,
      0.231437
    ],
    [
      1780305822,
      0.231795
    ],
    [
      1780306726,
      0.231324
    ],
    [
      1780307627,
      0.231552
    ],
    [
      1780308529,
      0.231042
    ],
    [
      1780309431,
      0.230848
    ]
  ],
  "tron": [
    [
      1780303117,
      0.350979
    ],
    [
      1780304019,
      0.351161
    ],
    [
      1780304920,
      0.351562
    ],
    [
      1780305822,
      0.351372
    ],
    [
      1780306726,
      0.35145
    ],
    [
      1780307627,
      0.351103
    ],
    [
      1780308529,
      0.350998
    ],
    [
      1780309431,
      0.351281
    ]
  ],
  "chainlink": [
    [
      1780303117,
      8.97
    ],
    [
      1780304019,
      8.98
    ],
    [
      1780304920,
      9.0
    ],
    [
      1780305822,
      9.01
    ],
    [
      1780306726,
      9.0
    ],
    [
      1780307627,
      9.02
    ],
    [
      1780308529,
      9.0
    ],
    [
      1780309431,
      9.0
    ]
  ],
  "the-open-network": [
    [
      1780303117,
      1.94
    ],
    [
      1780304019,
      1.93
    ],
    [
      1780304920,
      1.93
    ],
    [
      1780305822,
      1.94
    ],
    [
      1780306726,
      1.92
    ],
    [
      1780307627,
      1.93
    ],
    [
      1780308529,
      1.94
    ],
    [
      1780309431,
      1.95
    ]
  ],
  "stellar": [
    [
      1780303117,
      0.253966
    ],
    [
      1780304019,
      0.252237
    ],
    [
      1780304920,
      0.253041
    ],
    [
      1780305822,
      0.253495
    ],
    [
      1780306726,
      0.25318
    ],
    [
      1780307627,
      0.254381
    ],
    [
      1780308529,
      0.253984
    ],
    [
      1780309431,
      0.255724
    ]
  ],
  "hedera-hashgraph": [
    [
      1780303117,
      0.094494
    ],
    [
      1780304019,
      0.094416
    ],
    [
      1780304920,
      0.094666
    ],
    [
      1780305822,
      0.094858
    ],
    [
      1780306726,
      0.094777
    ],
    [
      1780307627,
      0.094705
    ],
    [
      1780308529,
      0.094675
    ],
    [
      1780309431,
      0.094704
    ]
  ],
  "sui": [
    [
      1780303117,
      0.875784
    ],
    [
      1780304019,
      0.874834
    ],
    [
      1780304920,
      0.878496
    ],
    [
      1780305822,
      0.880866
    ],
    [
      1780306726,
      0.878067
    ],
    [
      1780307627,
      0.880246
    ],
    [
      1780308529,
      0.879248
    ],
    [
      1780309431,
      0.877732
    ]
  ],
  "bitcoin-cash": [
    [
      1780303117,
      288.11
    ],
    [
      1780304019,
      288.73
    ],
    [
      1780304920,
      288.21
    ],
    [
      1780305822,
      289.0
    ],
    [
      1780306726,
      288.11
    ],
    [
      1780307627,
      289.01
    ],
    [
      1780308529,
      288.55
    ],
    [
      1780309431,
      288.21
    ]
  ],
  "litecoin": [
    [
      1780303117,
      50.93
    ],
    [
      1780304019,
      50.93
    ],
    [
      1780304920,
      51.02
    ],
    [
      1780305822,
      51.13
    ],
    [
      1780306726,
      51.12
    ],
    [
      1780307627,
      51.3
    ],
    [
      1780308529,
      51.2
    ],
    [
      1780309431,
      51.18
    ]
  ],
  "polkadot": [
    [
      1780303117,
      1.16
    ],
    [
      1780304019,
      1.16
    ],
    [
      1780304920,
      1.17
    ],
    [
      1780305822,
      1.17
    ],
    [
      1780306726,
      1.17
    ],
    [
      1780307627,
      1.17
    ],
    [
      1780308529,
      1.17
    ],
    [
      1780309431,
      1.17
    ]
  ],
  "hyperliquid": [
    [
      1780303117,
      72.3
    ],
    [
      1780304019,
      72.06
    ],
    [
      1780304920,
      72.29
    ],
    [
      1780305822,
      72.95
    ],
    [
      1780306726,
      72.67
    ],
    [
      1780307627,
      72.08
    ],
    [
      1780308529,
      72.32
    ],
    [
      1780309431,
      72.61
    ]
  ],
  "monero": [
    [
      1780303117,
      363.9
    ],
    [
      1780304019,
      359.59
    ],
    [
      1780304920,
      359.49
    ],
    [
      1780305822,
      360.98
    ],
    [
      1780306726,
      360.69
    ],
    [
      1780307627,
      362.07
    ],
    [
      1780308529,
      362.82
    ],
    [
      1780309431,
      364.67
    ]
  ],
  "_alerts_sent": {}
}