{
  "bitcoin": [
    [
      1779987758,
      73303
    ],
    [
      1779988660,
      73332
    ],
    [
      1779989562,
      73272
    ],
    [
      1779990463,
      73520
    ],
    [
      1779991365,
      73444
    ],
    [
      1779992266,
      73596
    ],
    [
      1779993168,
      73519
    ],
    [
      1779994070,
      73498
    ]
  ],
  "ethereum": [
    [
      1779987758,
      2009.8
    ],
    [
      1779988660,
      2010.73
    ],
    [
      1779989562,
      2012.32
    ],
    [
      1779990463,
      2019.87
    ],
    [
      1779991365,
      2017.25
    ],
    [
      1779992266,
      2022.26
    ],
    [
      1779993168,
      2020.53
    ],
    [
      1779994070,
      2021.07
    ]
  ],
  "avalanche-2": [
    [
      1779987758,
      8.95
    ],
    [
      1779988660,
      8.95
    ],
    [
      1779989562,
      8.93
    ],
    [
      1779990463,
      8.98
    ],
    [
      1779991365,
      8.98
    ],
    [
      1779992266,
      9.03
    ],
    [
      1779993168,
      9.02
    ],
    [
      1779994070,
      8.98
    ]
  ],
  "ondo-finance": [
    [
      1779987758,
      0.369731
    ],
    [
      1779988660,
      0.370232
    ],
    [
      1779989562,
      0.369393
    ],
    [
      1779990463,
      0.37244
    ],
    [
      1779991365,
      0.369432
    ],
    [
      1779992266,
      0.372787
    ],
    [
      1779993168,
      0.371989
    ],
    [
      1779994070,
      0.374063
    ]
  ]
}