{
  "bitcoin": [
    [
      1783787293,
      64161
    ],
    [
      1783788194,
      64076
    ],
    [
      1783789096,
      64117
    ],
    [
      1783789997,
      64168
    ],
    [
      1783790900,
      64211
    ],
    [
      1783791804,
      64291
    ],
    [
      1783792706,
      64270
    ],
    [
      1783793608,
      64261
    ]
  ],
  "ethereum": [
    [
      1783787293,
      1817.81
    ],
    [
      1783788194,
      1816.11
    ],
    [
      1783789096,
      1821.08
    ],
    [
      1783789997,
      1820.0
    ],
    [
      1783790900,
      1819.38
    ],
    [
      1783791804,
      1824.51
    ],
    [
      1783792706,
      1823.53
    ],
    [
      1783793608,
      1822.81
    ]
  ],
  "avalanche-2": [
    [
      1783787293,
      6.74
    ],
    [
      1783788194,
      6.73
    ],
    [
      1783789096,
      6.73
    ],
    [
      1783789997,
      6.74
    ],
    [
      1783790900,
      6.74
    ],
    [
      1783791804,
      6.76
    ],
    [
      1783792706,
      6.75
    ],
    [
      1783793608,
      6.75
    ]
  ],
  "ondo-finance": [
    [
      1783787293,
      0.33349
    ],
    [
      1783788194,
      0.333409
    ],
    [
      1783789096,
      0.333246
    ],
    [
      1783789997,
      0.333989
    ],
    [
      1783790900,
      0.333689
    ],
    [
      1783791804,
      0.334717
    ],
    [
      1783792706,
      0.33437
    ],
    [
      1783793608,
      0.334781
    ]
  ],
  "binancecoin": [
    [
      1783787293,
      579.83
    ],
    [
      1783788194,
      579.15
    ],
    [
      1783789096,
      579.22
    ],
    [
      1783789997,
      579.48
    ],
    [
      1783790900,
      579.88
    ],
    [
      1783791804,
      580.33
    ],
    [
      1783792706,
      580.28
    ],
    [
      1783793608,
      580.42
    ]
  ],
  "ripple": [
    [
      1783787293,
      1.11
    ],
    [
      1783788194,
      1.11
    ],
    [
      1783789096,
      1.11
    ],
    [
      1783789997,
      1.11
    ],
    [
      1783790900,
      1.11
    ],
    [
      1783791804,
      1.11
    ],
    [
      1783792706,
      1.11
    ],
    [
      1783793608,
      1.11
    ]
  ],
  "solana": [
    [
      1783787293,
      78.12
    ],
    [
      1783788194,
      77.79
    ],
    [
      1783789096,
      77.83
    ],
    [
      1783789997,
      77.87
    ],
    [
      1783790900,
      77.87
    ],
    [
      1783791804,
      78.04
    ],
    [
      1783792706,
      78.0
    ],
    [
      1783793608,
      77.98
    ]
  ],
  "dogecoin": [
    [
      1783787293,
      0.07514
    ],
    [
      1783788194,
      0.075017
    ],
    [
      1783789096,
      0.074921
    ],
    [
      1783789997,
      0.075066
    ],
    [
      1783790900,
      0.07515
    ],
    [
      1783791804,
      0.07518
    ],
    [
      1783792706,
      0.075137
    ],
    [
      1783793608,
      0.075092
    ]
  ],
  "cardano": [
    [
      1783787293,
      0.171224
    ],
    [
      1783788194,
      0.170661
    ],
    [
      1783789096,
      0.170515
    ],
    [
      1783789997,
      0.170602
    ],
    [
      1783790900,
      0.170672
    ],
    [
      1783791804,
      0.171218
    ],
    [
      1783792706,
      0.170924
    ],
    [
      1783793608,
      0.171201
    ]
  ],
  "tron": [
    [
      1783787293,
      0.331007
    ],
    [
      1783788194,
      0.330755
    ],
    [
      1783789096,
      0.330584
    ],
    [
      1783789997,
      0.330724
    ],
    [
      1783790900,
      0.330688
    ],
    [
      1783791804,
      0.330928
    ],
    [
      1783792706,
      0.331031
    ],
    [
      1783793608,
      0.330992
    ]
  ],
  "chainlink": [
    [
      1783787293,
      8.05
    ],
    [
      1783788194,
      8.05
    ],
    [
      1783789096,
      8.05
    ],
    [
      1783789997,
      8.06
    ],
    [
      1783790900,
      8.07
    ],
    [
      1783791804,
      8.09
    ],
    [
      1783792706,
      8.09
    ],
    [
      1783793608,
      8.09
    ]
  ],
  "the-open-network": [
    [
      1783787293,
      1.67
    ],
    [
      1783788194,
      1.67
    ],
    [
      1783789096,
      1.67
    ],
    [
      1783789997,
      1.67
    ],
    [
      1783790900,
      1.68
    ],
    [
      1783791804,
      1.67
    ],
    [
      1783792706,
      1.68
    ],
    [
      1783793608,
      1.68
    ]
  ],
  "stellar": [
    [
      1783787293,
      0.191198
    ],
    [
      1783788194,
      0.19092
    ],
    [
      1783789096,
      0.190638
    ],
    [
      1783789997,
      0.190816
    ],
    [
      1783790900,
      0.191056
    ],
    [
      1783791804,
      0.191312
    ],
    [
      1783792706,
      0.191095
    ],
    [
      1783793608,
      0.190836
    ]
  ],
  "hedera-hashgraph": [
    [
      1783787293,
      0.069392
    ],
    [
      1783788194,
      0.069358
    ],
    [
      1783789096,
      0.069365
    ],
    [
      1783789997,
      0.069583
    ],
    [
      1783790900,
      0.069493
    ],
    [
      1783791804,
      0.069591
    ],
    [
      1783792706,
      0.069611
    ],
    [
      1783793608,
      0.069583
    ]
  ],
  "sui": [
    [
      1783787293,
      0.741537
    ],
    [
      1783788194,
      0.740603
    ],
    [
      1783789096,
      0.74187
    ],
    [
      1783789997,
      0.742922
    ],
    [
      1783790900,
      0.744432
    ],
    [
      1783791804,
      0.747609
    ],
    [
      1783792706,
      0.746938
    ],
    [
      1783793608,
      0.745779
    ]
  ],
  "bitcoin-cash": [
    [
      1783787293,
      246.85
    ],
    [
      1783788194,
      247.43
    ],
    [
      1783789096,
      247.84
    ],
    [
      1783789997,
      247.19
    ],
    [
      1783790900,
      247.73
    ],
    [
      1783791804,
      248.19
    ],
    [
      1783792706,
      247.79
    ],
    [
      1783793608,
      247.76
    ]
  ],
  "litecoin": [
    [
      1783787293,
      45.08
    ],
    [
      1783788194,
      45.04
    ],
    [
      1783789096,
      45.05
    ],
    [
      1783789997,
      45.03
    ],
    [
      1783790900,
      45.07
    ],
    [
      1783791804,
      45.12
    ],
    [
      1783792706,
      45.11
    ],
    [
      1783793608,
      45.1
    ]
  ],
  "polkadot": [
    [
      1783787293,
      0.878049
    ],
    [
      1783788194,
      0.877358
    ],
    [
      1783789096,
      0.878116
    ],
    [
      1783789997,
      0.879648
    ],
    [
      1783790900,
      0.879102
    ],
    [
      1783791804,
      0.88049
    ],
    [
      1783792706,
      0.879843
    ],
    [
      1783793608,
      0.879355
    ]
  ],
  "hyperliquid": [
    [
      1783787293,
      67.0
    ],
    [
      1783788194,
      66.96
    ],
    [
      1783789096,
      67.02
    ],
    [
      1783789997,
      67.12
    ],
    [
      1783790900,
      67.34
    ],
    [
      1783791804,
      67.42
    ],
    [
      1783792706,
      67.37
    ],
    [
      1783793608,
      67.29
    ]
  ],
  "monero": [
    [
      1783787293,
      320.28
    ],
    [
      1783788194,
      320.3
    ],
    [
      1783789096,
      320.27
    ],
    [
      1783789997,
      321.07
    ],
    [
      1783790900,
      321.16
    ],
    [
      1783791804,
      321.14
    ],
    [
      1783792706,
      321.53
    ],
    [
      1783793608,
      321.64
    ]
  ],
  "_alerts_sent": {}
}