{
  "bitcoin": [
    [
      1782924183,
      59976
    ],
    [
      1782925085,
      59827
    ],
    [
      1782925986,
      59796
    ],
    [
      1782926888,
      60104
    ],
    [
      1782927789,
      60109
    ],
    [
      1782928691,
      60142
    ],
    [
      1782929592,
      59977
    ],
    [
      1782930494,
      60075
    ]
  ],
  "ethereum": [
    [
      1782924183,
      1617.05
    ],
    [
      1782925085,
      1612.18
    ],
    [
      1782925986,
      1609.88
    ],
    [
      1782926888,
      1620.57
    ],
    [
      1782927789,
      1620.46
    ],
    [
      1782928691,
      1622.19
    ],
    [
      1782929592,
      1616.83
    ],
    [
      1782930494,
      1618.13
    ]
  ],
  "avalanche-2": [
    [
      1782924183,
      6.72
    ],
    [
      1782925085,
      6.69
    ],
    [
      1782925986,
      6.67
    ],
    [
      1782926888,
      6.71
    ],
    [
      1782927789,
      6.72
    ],
    [
      1782928691,
      6.74
    ],
    [
      1782929592,
      6.73
    ],
    [
      1782930494,
      6.72
    ]
  ],
  "ondo-finance": [
    [
      1782924183,
      0.31948
    ],
    [
      1782925085,
      0.317864
    ],
    [
      1782925986,
      0.316915
    ],
    [
      1782926888,
      0.318725
    ],
    [
      1782927789,
      0.31917
    ],
    [
      1782928691,
      0.319823
    ],
    [
      1782929592,
      0.319507
    ],
    [
      1782930494,
      0.318659
    ]
  ],
  "binancecoin": [
    [
      1782924183,
      551.86
    ],
    [
      1782925085,
      550.9
    ],
    [
      1782925986,
      550.35
    ],
    [
      1782926888,
      552.95
    ],
    [
      1782927789,
      552.51
    ],
    [
      1782928691,
      553.37
    ],
    [
      1782929592,
      552.59
    ],
    [
      1782930494,
      552.45
    ]
  ],
  "ripple": [
    [
      1782924183,
      1.059
    ],
    [
      1782925085,
      1.056
    ],
    [
      1782925986,
      1.055
    ],
    [
      1782926888,
      1.061
    ],
    [
      1782927789,
      1.06
    ],
    [
      1782928691,
      1.061
    ],
    [
      1782929592,
      1.061
    ],
    [
      1782930494,
      1.061
    ]
  ],
  "solana": [
    [
      1782924183,
      77.49
    ],
    [
      1782925085,
      77.12
    ],
    [
      1782925986,
      77.04
    ],
    [
      1782926888,
      77.63
    ],
    [
      1782927789,
      77.66
    ],
    [
      1782928691,
      77.73
    ],
    [
      1782929592,
      77.61
    ],
    [
      1782930494,
      77.55
    ]
  ],
  "dogecoin": [
    [
      1782924183,
      0.073153
    ],
    [
      1782925085,
      0.072935
    ],
    [
      1782925986,
      0.072815
    ],
    [
      1782926888,
      0.0731
    ],
    [
      1782927789,
      0.073062
    ],
    [
      1782928691,
      0.073471
    ],
    [
      1782929592,
      0.073304
    ],
    [
      1782930494,
      0.073132
    ]
  ],
  "cardano": [
    [
      1782924183,
      0.155134
    ],
    [
      1782925085,
      0.154574
    ],
    [
      1782925986,
      0.153932
    ],
    [
      1782926888,
      0.154478
    ],
    [
      1782927789,
      0.154134
    ],
    [
      1782928691,
      0.154793
    ],
    [
      1782929592,
      0.154478
    ],
    [
      1782930494,
      0.154302
    ]
  ],
  "tron": [
    [
      1782924183,
      0.317805
    ],
    [
      1782925085,
      0.317668
    ],
    [
      1782925986,
      0.317657
    ],
    [
      1782926888,
      0.318175
    ],
    [
      1782927789,
      0.317773
    ],
    [
      1782928691,
      0.318042
    ],
    [
      1782929592,
      0.317819
    ],
    [
      1782930494,
      0.317675
    ]
  ],
  "chainlink": [
    [
      1782924183,
      7.4
    ],
    [
      1782925085,
      7.37
    ],
    [
      1782925986,
      7.35
    ],
    [
      1782926888,
      7.39
    ],
    [
      1782927789,
      7.38
    ],
    [
      1782928691,
      7.4
    ],
    [
      1782929592,
      7.38
    ],
    [
      1782930494,
      7.37
    ]
  ],
  "the-open-network": [
    [
      1782924183,
      1.55
    ],
    [
      1782925085,
      1.54
    ],
    [
      1782925986,
      1.54
    ],
    [
      1782926888,
      1.55
    ],
    [
      1782927789,
      1.55
    ],
    [
      1782928691,
      1.55
    ],
    [
      1782929592,
      1.55
    ],
    [
      1782930494,
      1.55
    ]
  ],
  "stellar": [
    [
      1782924183,
      0.199632
    ],
    [
      1782925085,
      0.199065
    ],
    [
      1782925986,
      0.198647
    ],
    [
      1782926888,
      0.1989
    ],
    [
      1782927789,
      0.199816
    ],
    [
      1782928691,
      0.200336
    ],
    [
      1782929592,
      0.198304
    ],
    [
      1782930494,
      0.198066
    ]
  ],
  "hedera-hashgraph": [
    [
      1782924183,
      0.071923
    ],
    [
      1782925085,
      0.071676
    ],
    [
      1782925986,
      0.07144
    ],
    [
      1782926888,
      0.071993
    ],
    [
      1782927789,
      0.071916
    ],
    [
      1782928691,
      0.072085
    ],
    [
      1782929592,
      0.072094
    ],
    [
      1782930494,
      0.072019
    ]
  ],
  "sui": [
    [
      1782924183,
      0.71692
    ],
    [
      1782925085,
      0.712358
    ],
    [
      1782925986,
      0.708827
    ],
    [
      1782926888,
      0.714689
    ],
    [
      1782927789,
      0.713611
    ],
    [
      1782928691,
      0.716502
    ],
    [
      1782929592,
      0.713688
    ],
    [
      1782930494,
      0.713769
    ]
  ],
  "bitcoin-cash": [
    [
      1782924183,
      214.16
    ],
    [
      1782925085,
      213.22
    ],
    [
      1782925986,
      211.53
    ],
    [
      1782926888,
      212.74
    ],
    [
      1782927789,
      212.47
    ],
    [
      1782928691,
      212.41
    ],
    [
      1782929592,
      212.34
    ],
    [
      1782930494,
      212.05
    ]
  ],
  "litecoin": [
    [
      1782924183,
      42.52
    ],
    [
      1782925085,
      42.35
    ],
    [
      1782925986,
      42.24
    ],
    [
      1782926888,
      42.47
    ],
    [
      1782927789,
      42.5
    ],
    [
      1782928691,
      42.52
    ],
    [
      1782929592,
      42.47
    ],
    [
      1782930494,
      42.46
    ]
  ],
  "polkadot": [
    [
      1782924183,
      0.84284
    ],
    [
      1782925085,
      0.838802
    ],
    [
      1782925986,
      0.835467
    ],
    [
      1782926888,
      0.838124
    ],
    [
      1782927789,
      0.836629
    ],
    [
      1782928691,
      0.839172
    ],
    [
      1782929592,
      0.838196
    ],
    [
      1782930494,
      0.834619
    ]
  ],
  "hyperliquid": [
    [
      1782924183,
      64.63
    ],
    [
      1782925085,
      64.45
    ],
    [
      1782925986,
      64.1
    ],
    [
      1782926888,
      64.25
    ],
    [
      1782927789,
      64.21
    ],
    [
      1782928691,
      64.33
    ],
    [
      1782929592,
      64.39
    ],
    [
      1782930494,
      64.37
    ]
  ],
  "monero": [
    [
      1782924183,
      305.84
    ],
    [
      1782925085,
      304.36
    ],
    [
      1782925986,
      304.57
    ],
    [
      1782926888,
      306.88
    ],
    [
      1782927789,
      307.03
    ],
    [
      1782928691,
      307.26
    ],
    [
      1782929592,
      306.27
    ],
    [
      1782930494,
      306.19
    ]
  ],
  "_alerts_sent": {}
}