{
  "bitcoin": [
    [
      1781552986,
      66601
    ],
    [
      1781553887,
      66577
    ],
    [
      1781554789,
      66506
    ],
    [
      1781555690,
      66602
    ],
    [
      1781556591,
      66506
    ],
    [
      1781557493,
      66484
    ],
    [
      1781558394,
      66490
    ],
    [
      1781559296,
      66398
    ]
  ],
  "ethereum": [
    [
      1781552986,
      1824.53
    ],
    [
      1781553887,
      1822.69
    ],
    [
      1781554789,
      1821.43
    ],
    [
      1781555690,
      1820.25
    ],
    [
      1781556591,
      1816.51
    ],
    [
      1781557493,
      1816.39
    ],
    [
      1781558394,
      1818.87
    ],
    [
      1781559296,
      1815.98
    ]
  ],
  "avalanche-2": [
    [
      1781552986,
      6.92
    ],
    [
      1781553887,
      6.89
    ],
    [
      1781554789,
      6.91
    ],
    [
      1781555690,
      6.91
    ],
    [
      1781556591,
      6.9
    ],
    [
      1781557493,
      6.88
    ],
    [
      1781558394,
      6.89
    ],
    [
      1781559296,
      6.87
    ]
  ],
  "ondo-finance": [
    [
      1781552986,
      0.375357
    ],
    [
      1781553887,
      0.374965
    ],
    [
      1781554789,
      0.376427
    ],
    [
      1781555690,
      0.375213
    ],
    [
      1781556591,
      0.374304
    ],
    [
      1781557493,
      0.373264
    ],
    [
      1781558394,
      0.372668
    ],
    [
      1781559296,
      0.371063
    ]
  ],
  "binancecoin": [
    [
      1781552986,
      620.71
    ],
    [
      1781553887,
      620.71
    ],
    [
      1781554789,
      620.73
    ],
    [
      1781555690,
      620.48
    ],
    [
      1781556591,
      620.0
    ],
    [
      1781557493,
      619.17
    ],
    [
      1781558394,
      620.14
    ],
    [
      1781559296,
      618.68
    ]
  ],
  "ripple": [
    [
      1781552986,
      1.27
    ],
    [
      1781553887,
      1.27
    ],
    [
      1781554789,
      1.27
    ],
    [
      1781555690,
      1.27
    ],
    [
      1781556591,
      1.27
    ],
    [
      1781557493,
      1.26
    ],
    [
      1781558394,
      1.26
    ],
    [
      1781559296,
      1.25
    ]
  ],
  "solana": [
    [
      1781552986,
      75.2
    ],
    [
      1781553887,
      75.17
    ],
    [
      1781554789,
      75.13
    ],
    [
      1781555690,
      75.02
    ],
    [
      1781556591,
      74.9
    ],
    [
      1781557493,
      74.87
    ],
    [
      1781558394,
      74.93
    ],
    [
      1781559296,
      74.46
    ]
  ],
  "dogecoin": [
    [
      1781552986,
      0.088985
    ],
    [
      1781553887,
      0.088917
    ],
    [
      1781554789,
      0.089103
    ],
    [
      1781555690,
      0.08893
    ],
    [
      1781556591,
      0.088877
    ],
    [
      1781557493,
      0.088938
    ],
    [
      1781558394,
      0.089024
    ],
    [
      1781559296,
      0.088771
    ]
  ],
  "cardano": [
    [
      1781552986,
      0.185957
    ],
    [
      1781553887,
      0.185921
    ],
    [
      1781554789,
      0.185364
    ],
    [
      1781555690,
      0.184294
    ],
    [
      1781556591,
      0.183397
    ],
    [
      1781557493,
      0.180214
    ],
    [
      1781558394,
      0.180756
    ],
    [
      1781559296,
      0.180629
    ]
  ],
  "tron": [
    [
      1781552986,
      0.31979
    ],
    [
      1781553887,
      0.319773
    ],
    [
      1781554789,
      0.319845
    ],
    [
      1781555690,
      0.319931
    ],
    [
      1781556591,
      0.31993
    ],
    [
      1781557493,
      0.31984
    ],
    [
      1781558394,
      0.319809
    ],
    [
      1781559296,
      0.319803
    ]
  ],
  "chainlink": [
    [
      1781552986,
      8.43
    ],
    [
      1781553887,
      8.4
    ],
    [
      1781554789,
      8.4
    ],
    [
      1781555690,
      8.39
    ],
    [
      1781556591,
      8.38
    ],
    [
      1781557493,
      8.37
    ],
    [
      1781558394,
      8.39
    ],
    [
      1781559296,
      8.35
    ]
  ],
  "the-open-network": [
    [
      1781552986,
      1.76
    ],
    [
      1781553887,
      1.77
    ],
    [
      1781554789,
      1.77
    ],
    [
      1781555690,
      1.77
    ],
    [
      1781556591,
      1.76
    ],
    [
      1781557493,
      1.76
    ],
    [
      1781558394,
      1.76
    ],
    [
      1781559296,
      1.75
    ]
  ],
  "stellar": [
    [
      1781552986,
      0.221714
    ],
    [
      1781553887,
      0.220297
    ],
    [
      1781554789,
      0.221282
    ],
    [
      1781555690,
      0.220732
    ],
    [
      1781556591,
      0.221177
    ],
    [
      1781557493,
      0.221336
    ],
    [
      1781558394,
      0.221937
    ],
    [
      1781559296,
      0.218743
    ]
  ],
  "hedera-hashgraph": [
    [
      1781552986,
      0.08295
    ],
    [
      1781553887,
      0.082809
    ],
    [
      1781554789,
      0.083037
    ],
    [
      1781555690,
      0.083093
    ],
    [
      1781556591,
      0.082943
    ],
    [
      1781557493,
      0.082816
    ],
    [
      1781558394,
      0.083023
    ],
    [
      1781559296,
      0.08269
    ]
  ],
  "sui": [
    [
      1781552986,
      0.801881
    ],
    [
      1781553887,
      0.802517
    ],
    [
      1781554789,
      0.804449
    ],
    [
      1781555690,
      0.804159
    ],
    [
      1781556591,
      0.802103
    ],
    [
      1781557493,
      0.80037
    ],
    [
      1781558394,
      0.801306
    ],
    [
      1781559296,
      0.798658
    ]
  ],
  "bitcoin-cash": [
    [
      1781552986,
      223.09
    ],
    [
      1781553887,
      224.3
    ],
    [
      1781554789,
      226.39
    ],
    [
      1781555690,
      226.8
    ],
    [
      1781556591,
      225.95
    ],
    [
      1781557493,
      225.28
    ],
    [
      1781558394,
      225.24
    ],
    [
      1781559296,
      224.85
    ]
  ],
  "litecoin": [
    [
      1781552986,
      45.67
    ],
    [
      1781553887,
      45.62
    ],
    [
      1781554789,
      45.72
    ],
    [
      1781555690,
      45.64
    ],
    [
      1781556591,
      45.62
    ],
    [
      1781557493,
      45.64
    ],
    [
      1781558394,
      45.77
    ],
    [
      1781559296,
      45.69
    ]
  ],
  "polkadot": [
    [
      1781552986,
      1.022
    ],
    [
      1781553887,
      1.02
    ],
    [
      1781554789,
      1.023
    ],
    [
      1781555690,
      1.023
    ],
    [
      1781556591,
      1.021
    ],
    [
      1781557493,
      1.016
    ],
    [
      1781558394,
      1.019
    ],
    [
      1781559296,
      1.017
    ]
  ],
  "hyperliquid": [
    [
      1781552986,
      67.21
    ],
    [
      1781553887,
      67.12
    ],
    [
      1781554789,
      67.25
    ],
    [
      1781555690,
      67.36
    ],
    [
      1781556591,
      67.48
    ],
    [
      1781557493,
      67.45
    ],
    [
      1781558394,
      67.71
    ],
    [
      1781559296,
      67.42
    ]
  ],
  "monero": [
    [
      1781552986,
      358.41
    ],
    [
      1781553887,
      364.12
    ],
    [
      1781554789,
      368.23
    ],
    [
      1781555690,
      370.12
    ],
    [
      1781556591,
      370.56
    ],
    [
      1781557493,
      379.07
    ],
    [
      1781558394,
      375.53
    ],
    [
      1781559296,
      373.34
    ]
  ],
  "_alerts_sent": {
    "stellar_2026-06-15 17": true
  }
}