{
  "bitcoin": [
    [
      1784212960,
      64649
    ],
    [
      1784213862,
      64420
    ],
    [
      1784214763,
      64400
    ],
    [
      1784215665,
      64731
    ],
    [
      1784216566,
      64740
    ],
    [
      1784217468,
      64646
    ],
    [
      1784218369,
      64467
    ],
    [
      1784219271,
      64490
    ]
  ],
  "ethereum": [
    [
      1784212960,
      1886.91
    ],
    [
      1784213862,
      1877.44
    ],
    [
      1784214763,
      1875.86
    ],
    [
      1784215665,
      1884.6
    ],
    [
      1784216566,
      1883.97
    ],
    [
      1784217468,
      1880.05
    ],
    [
      1784218369,
      1875.73
    ],
    [
      1784219271,
      1877.94
    ]
  ],
  "avalanche-2": [
    [
      1784212960,
      6.63
    ],
    [
      1784213862,
      6.62
    ],
    [
      1784214763,
      6.61
    ],
    [
      1784215665,
      6.62
    ],
    [
      1784216566,
      6.64
    ],
    [
      1784217468,
      6.63
    ],
    [
      1784218369,
      6.62
    ],
    [
      1784219271,
      6.61
    ]
  ],
  "ondo-finance": [
    [
      1784212960,
      0.388333
    ],
    [
      1784213862,
      0.386803
    ],
    [
      1784214763,
      0.381204
    ],
    [
      1784215665,
      0.385225
    ],
    [
      1784216566,
      0.387341
    ],
    [
      1784217468,
      0.383991
    ],
    [
      1784218369,
      0.382887
    ],
    [
      1784219271,
      0.385715
    ]
  ],
  "binancecoin": [
    [
      1784212960,
      579.72
    ],
    [
      1784213862,
      578.61
    ],
    [
      1784214763,
      577.72
    ],
    [
      1784215665,
      579.31
    ],
    [
      1784216566,
      579.92
    ],
    [
      1784217468,
      579.15
    ],
    [
      1784218369,
      578.25
    ],
    [
      1784219271,
      578.07
    ]
  ],
  "ripple": [
    [
      1784212960,
      1.11
    ],
    [
      1784213862,
      1.11
    ],
    [
      1784214763,
      1.11
    ],
    [
      1784215665,
      1.11
    ],
    [
      1784216566,
      1.12
    ],
    [
      1784217468,
      1.11
    ],
    [
      1784218369,
      1.11
    ],
    [
      1784219271,
      1.11
    ]
  ],
  "solana": [
    [
      1784212960,
      76.55
    ],
    [
      1784213862,
      76.37
    ],
    [
      1784214763,
      76.16
    ],
    [
      1784215665,
      76.28
    ],
    [
      1784216566,
      76.62
    ],
    [
      1784217468,
      76.65
    ],
    [
      1784218369,
      76.33
    ],
    [
      1784219271,
      76.26
    ]
  ],
  "dogecoin": [
    [
      1784212960,
      0.073684
    ],
    [
      1784213862,
      0.073485
    ],
    [
      1784214763,
      0.073296
    ],
    [
      1784215665,
      0.073549
    ],
    [
      1784216566,
      0.073716
    ],
    [
      1784217468,
      0.07363
    ],
    [
      1784218369,
      0.073416
    ],
    [
      1784219271,
      0.073403
    ]
  ],
  "cardano": [
    [
      1784212960,
      0.164197
    ],
    [
      1784213862,
      0.163797
    ],
    [
      1784214763,
      0.163015
    ],
    [
      1784215665,
      0.163267
    ],
    [
      1784216566,
      0.164103
    ],
    [
      1784217468,
      0.163656
    ],
    [
      1784218369,
      0.163007
    ],
    [
      1784219271,
      0.162838
    ]
  ],
  "tron": [
    [
      1784212960,
      0.323387
    ],
    [
      1784213862,
      0.323085
    ],
    [
      1784214763,
      0.323098
    ],
    [
      1784215665,
      0.323481
    ],
    [
      1784216566,
      0.323302
    ],
    [
      1784217468,
      0.323264
    ],
    [
      1784218369,
      0.32318
    ],
    [
      1784219271,
      0.322961
    ]
  ],
  "chainlink": [
    [
      1784212960,
      8.46
    ],
    [
      1784213862,
      8.43
    ],
    [
      1784214763,
      8.4
    ],
    [
      1784215665,
      8.42
    ],
    [
      1784216566,
      8.45
    ],
    [
      1784217468,
      8.44
    ],
    [
      1784218369,
      8.4
    ],
    [
      1784219271,
      8.41
    ]
  ],
  "the-open-network": [
    [
      1784212960,
      1.55
    ],
    [
      1784213862,
      1.55
    ],
    [
      1784214763,
      1.54
    ],
    [
      1784215665,
      1.55
    ],
    [
      1784216566,
      1.55
    ],
    [
      1784217468,
      1.55
    ],
    [
      1784218369,
      1.55
    ],
    [
      1784219271,
      1.55
    ]
  ],
  "stellar": [
    [
      1784212960,
      0.191294
    ],
    [
      1784213862,
      0.18986
    ],
    [
      1784214763,
      0.189549
    ],
    [
      1784215665,
      0.190504
    ],
    [
      1784216566,
      0.191576
    ],
    [
      1784217468,
      0.191931
    ],
    [
      1784218369,
      0.191578
    ],
    [
      1784219271,
      0.191286
    ]
  ],
  "hedera-hashgraph": [
    [
      1784212960,
      0.067479
    ],
    [
      1784213862,
      0.067502
    ],
    [
      1784214763,
      0.067462
    ],
    [
      1784215665,
      0.067588
    ],
    [
      1784216566,
      0.06795
    ],
    [
      1784217468,
      0.067968
    ],
    [
      1784218369,
      0.067802
    ],
    [
      1784219271,
      0.067771
    ]
  ],
  "sui": [
    [
      1784212960,
      0.751371
    ],
    [
      1784213862,
      0.748966
    ],
    [
      1784214763,
      0.745981
    ],
    [
      1784215665,
      0.749316
    ],
    [
      1784216566,
      0.750974
    ],
    [
      1784217468,
      0.751503
    ],
    [
      1784218369,
      0.749421
    ],
    [
      1784219271,
      0.750276
    ]
  ],
  "bitcoin-cash": [
    [
      1784212960,
      223.67
    ],
    [
      1784213862,
      222.79
    ],
    [
      1784214763,
      222.11
    ],
    [
      1784215665,
      222.94
    ],
    [
      1784216566,
      223.13
    ],
    [
      1784217468,
      222.89
    ],
    [
      1784218369,
      222.63
    ],
    [
      1784219271,
      221.71
    ]
  ],
  "litecoin": [
    [
      1784212960,
      44.91
    ],
    [
      1784213862,
      44.87
    ],
    [
      1784214763,
      44.81
    ],
    [
      1784215665,
      45.0
    ],
    [
      1784216566,
      45.2
    ],
    [
      1784217468,
      45.23
    ],
    [
      1784218369,
      45.1
    ],
    [
      1784219271,
      45.18
    ]
  ],
  "polkadot": [
    [
      1784212960,
      0.848455
    ],
    [
      1784213862,
      0.847947
    ],
    [
      1784214763,
      0.847709
    ],
    [
      1784215665,
      0.848925
    ],
    [
      1784216566,
      0.855893
    ],
    [
      1784217468,
      0.853995
    ],
    [
      1784218369,
      0.8474
    ],
    [
      1784219271,
      0.845542
    ]
  ],
  "hyperliquid": [
    [
      1784212960,
      65.95
    ],
    [
      1784213862,
      65.79
    ],
    [
      1784214763,
      65.38
    ],
    [
      1784215665,
      65.33
    ],
    [
      1784216566,
      65.63
    ],
    [
      1784217468,
      65.35
    ],
    [
      1784218369,
      64.77
    ],
    [
      1784219271,
      64.58
    ]
  ],
  "monero": [
    [
      1784212960,
      333.85
    ],
    [
      1784213862,
      333.29
    ],
    [
      1784214763,
      334.48
    ],
    [
      1784215665,
      335.25
    ],
    [
      1784216566,
      336.12
    ],
    [
      1784217468,
      336.16
    ],
    [
      1784218369,
      335.63
    ],
    [
      1784219271,
      335.31
    ]
  ],
  "_alerts_sent": {}
}