{
  "bitcoin": [
    [
      1783116207,
      62669
    ],
    [
      1783117108,
      62571
    ],
    [
      1783118009,
      62507
    ],
    [
      1783118910,
      62573
    ],
    [
      1783119812,
      62540
    ],
    [
      1783120713,
      62565
    ],
    [
      1783121614,
      62614
    ],
    [
      1783122515,
      62578
    ]
  ],
  "ethereum": [
    [
      1783116207,
      1760.61
    ],
    [
      1783117108,
      1756.85
    ],
    [
      1783118009,
      1757.69
    ],
    [
      1783118910,
      1757.18
    ],
    [
      1783119812,
      1757.25
    ],
    [
      1783120713,
      1758.3
    ],
    [
      1783121614,
      1758.2
    ],
    [
      1783122515,
      1758.54
    ]
  ],
  "avalanche-2": [
    [
      1783116207,
      6.99
    ],
    [
      1783117108,
      6.96
    ],
    [
      1783118009,
      6.96
    ],
    [
      1783118910,
      6.95
    ],
    [
      1783119812,
      6.94
    ],
    [
      1783120713,
      6.92
    ],
    [
      1783121614,
      6.93
    ],
    [
      1783122515,
      6.95
    ]
  ],
  "ondo-finance": [
    [
      1783116207,
      0.335411
    ],
    [
      1783117108,
      0.333629
    ],
    [
      1783118009,
      0.334617
    ],
    [
      1783118910,
      0.334623
    ],
    [
      1783119812,
      0.334504
    ],
    [
      1783120713,
      0.33372
    ],
    [
      1783121614,
      0.333886
    ],
    [
      1783122515,
      0.334157
    ]
  ],
  "binancecoin": [
    [
      1783116207,
      573.49
    ],
    [
      1783117108,
      572.16
    ],
    [
      1783118009,
      572.34
    ],
    [
      1783118910,
      572.37
    ],
    [
      1783119812,
      572.89
    ],
    [
      1783120713,
      573.34
    ],
    [
      1783121614,
      573.35
    ],
    [
      1783122515,
      573.67
    ]
  ],
  "ripple": [
    [
      1783116207,
      1.13
    ],
    [
      1783117108,
      1.13
    ],
    [
      1783118009,
      1.13
    ],
    [
      1783118910,
      1.13
    ],
    [
      1783119812,
      1.13
    ],
    [
      1783120713,
      1.13
    ],
    [
      1783121614,
      1.13
    ],
    [
      1783122515,
      1.14
    ]
  ],
  "solana": [
    [
      1783116207,
      82.57
    ],
    [
      1783117108,
      82.34
    ],
    [
      1783118009,
      82.32
    ],
    [
      1783118910,
      82.28
    ],
    [
      1783119812,
      82.27
    ],
    [
      1783120713,
      82.2
    ],
    [
      1783121614,
      82.23
    ],
    [
      1783122515,
      82.35
    ]
  ],
  "dogecoin": [
    [
      1783116207,
      0.07809
    ],
    [
      1783117108,
      0.077715
    ],
    [
      1783118009,
      0.077678
    ],
    [
      1783118910,
      0.077545
    ],
    [
      1783119812,
      0.077689
    ],
    [
      1783120713,
      0.07725
    ],
    [
      1783121614,
      0.077287
    ],
    [
      1783122515,
      0.077445
    ]
  ],
  "cardano": [
    [
      1783116207,
      0.179211
    ],
    [
      1783117108,
      0.179116
    ],
    [
      1783118009,
      0.178999
    ],
    [
      1783118910,
      0.17902
    ],
    [
      1783119812,
      0.180623
    ],
    [
      1783120713,
      0.179888
    ],
    [
      1783121614,
      0.179617
    ],
    [
      1783122515,
      0.179546
    ]
  ],
  "tron": [
    [
      1783116207,
      0.322353
    ],
    [
      1783117108,
      0.322422
    ],
    [
      1783118009,
      0.322522
    ],
    [
      1783118910,
      0.322542
    ],
    [
      1783119812,
      0.322571
    ],
    [
      1783120713,
      0.322884
    ],
    [
      1783121614,
      0.323192
    ],
    [
      1783122515,
      0.323033
    ]
  ],
  "chainlink": [
    [
      1783116207,
      7.98
    ],
    [
      1783117108,
      7.95
    ],
    [
      1783118009,
      7.95
    ],
    [
      1783118910,
      7.95
    ],
    [
      1783119812,
      7.94
    ],
    [
      1783120713,
      7.94
    ],
    [
      1783121614,
      7.94
    ],
    [
      1783122515,
      7.96
    ]
  ],
  "the-open-network": [
    [
      1783116207,
      1.69
    ],
    [
      1783117108,
      1.69
    ],
    [
      1783118009,
      1.68
    ],
    [
      1783118910,
      1.68
    ],
    [
      1783119812,
      1.67
    ],
    [
      1783120713,
      1.67
    ],
    [
      1783121614,
      1.67
    ],
    [
      1783122515,
      1.67
    ]
  ],
  "stellar": [
    [
      1783116207,
      0.205224
    ],
    [
      1783117108,
      0.203772
    ],
    [
      1783118009,
      0.203908
    ],
    [
      1783118910,
      0.204268
    ],
    [
      1783119812,
      0.204506
    ],
    [
      1783120713,
      0.203573
    ],
    [
      1783121614,
      0.2033
    ],
    [
      1783122515,
      0.203733
    ]
  ],
  "hedera-hashgraph": [
    [
      1783116207,
      0.073442
    ],
    [
      1783117108,
      0.073563
    ],
    [
      1783118009,
      0.073542
    ],
    [
      1783118910,
      0.073414
    ],
    [
      1783119812,
      0.073406
    ],
    [
      1783120713,
      0.073085
    ],
    [
      1783121614,
      0.073141
    ],
    [
      1783122515,
      0.073257
    ]
  ],
  "sui": [
    [
      1783116207,
      0.773973
    ],
    [
      1783117108,
      0.769266
    ],
    [
      1783118009,
      0.76957
    ],
    [
      1783118910,
      0.768351
    ],
    [
      1783119812,
      0.769575
    ],
    [
      1783120713,
      0.766877
    ],
    [
      1783121614,
      0.76847
    ],
    [
      1783122515,
      0.769637
    ]
  ],
  "bitcoin-cash": [
    [
      1783116207,
      229.55
    ],
    [
      1783117108,
      229.2
    ],
    [
      1783118009,
      229.66
    ],
    [
      1783118910,
      229.15
    ],
    [
      1783119812,
      229.54
    ],
    [
      1783120713,
      229.32
    ],
    [
      1783121614,
      229.29
    ],
    [
      1783122515,
      229.63
    ]
  ],
  "litecoin": [
    [
      1783116207,
      45.23
    ],
    [
      1783117108,
      45.01
    ],
    [
      1783118009,
      44.85
    ],
    [
      1783118910,
      44.8
    ],
    [
      1783119812,
      44.84
    ],
    [
      1783120713,
      44.8
    ],
    [
      1783121614,
      44.79
    ],
    [
      1783122515,
      44.79
    ]
  ],
  "polkadot": [
    [
      1783116207,
      0.886822
    ],
    [
      1783117108,
      0.883571
    ],
    [
      1783118009,
      0.883982
    ],
    [
      1783118910,
      0.882494
    ],
    [
      1783119812,
      0.883342
    ],
    [
      1783120713,
      0.879721
    ],
    [
      1783121614,
      0.879863
    ],
    [
      1783122515,
      0.881019
    ]
  ],
  "hyperliquid": [
    [
      1783116207,
      70.88
    ],
    [
      1783117108,
      70.64
    ],
    [
      1783118009,
      70.73
    ],
    [
      1783118910,
      70.85
    ],
    [
      1783119812,
      70.72
    ],
    [
      1783120713,
      70.45
    ],
    [
      1783121614,
      70.75
    ],
    [
      1783122515,
      70.89
    ]
  ],
  "monero": [
    [
      1783116207,
      324.09
    ],
    [
      1783117108,
      323.03
    ],
    [
      1783118009,
      322.88
    ],
    [
      1783118910,
      323.54
    ],
    [
      1783119812,
      323.77
    ],
    [
      1783120713,
      323.66
    ],
    [
      1783121614,
      324.53
    ],
    [
      1783122515,
      324.61
    ]
  ],
  "_alerts_sent": {}
}