{
  "bitcoin": [
    [
      1783516302,
      61863.1
    ],
    [
      1783517205,
      61732
    ],
    [
      1783518106,
      61994
    ],
    [
      1783519008,
      61664.7
    ],
    [
      1783519909,
      61985
    ],
    [
      1783520811,
      62052
    ],
    [
      1783521713,
      61890
    ],
    [
      1783522614,
      61878.4
    ]
  ],
  "ethereum": [
    [
      1783516302,
      1739.16
    ],
    [
      1783517205,
      1733.89
    ],
    [
      1783518106,
      1741.17
    ],
    [
      1783519008,
      1732.54
    ],
    [
      1783519909,
      1735.04
    ],
    [
      1783520811,
      1735.76
    ],
    [
      1783521713,
      1729.89
    ],
    [
      1783522614,
      1729.55
    ]
  ],
  "avalanche-2": [
    [
      1783516302,
      6.401
    ],
    [
      1783517205,
      6.39
    ],
    [
      1783518106,
      6.44
    ],
    [
      1783519008,
      6.415
    ],
    [
      1783519909,
      6.44
    ],
    [
      1783520811,
      6.44
    ],
    [
      1783521713,
      6.42
    ],
    [
      1783522614,
      6.415
    ]
  ],
  "ondo-finance": [
    [
      1783516302,
      0.31591
    ],
    [
      1783517205,
      0.315487
    ],
    [
      1783518106,
      0.317843
    ],
    [
      1783519008,
      0.31631
    ],
    [
      1783519909,
      0.31753
    ],
    [
      1783520811,
      0.315769
    ],
    [
      1783521713,
      0.3149
    ],
    [
      1783522614,
      0.31211
    ]
  ],
  "binancecoin": [
    [
      1783515400,
      564.54
    ],
    [
      1783517205,
      562.73
    ],
    [
      1783518106,
      565.21
    ],
    [
      1783519909,
      564.73
    ],
    [
      1783520811,
      565.98
    ],
    [
      1783521713,
      564.38
    ]
  ],
  "ripple": [
    [
      1783515400,
      1.083
    ],
    [
      1783517205,
      1.08
    ],
    [
      1783518106,
      1.083
    ],
    [
      1783519909,
      1.08
    ],
    [
      1783520811,
      1.081
    ],
    [
      1783521713,
      1.078
    ]
  ],
  "solana": [
    [
      1783515400,
      77.18
    ],
    [
      1783517205,
      76.72
    ],
    [
      1783518106,
      77.19
    ],
    [
      1783519909,
      77.16
    ],
    [
      1783520811,
      77.12
    ],
    [
      1783521713,
      76.96
    ]
  ],
  "dogecoin": [
    [
      1783515400,
      0.0719
    ],
    [
      1783517205,
      0.071857
    ],
    [
      1783518106,
      0.072152
    ],
    [
      1783519909,
      0.071998
    ],
    [
      1783520811,
      0.071935
    ],
    [
      1783521713,
      0.071745
    ]
  ],
  "cardano": [
    [
      1783515400,
      0.166874
    ],
    [
      1783517205,
      0.166329
    ],
    [
      1783518106,
      0.167553
    ],
    [
      1783519909,
      0.168096
    ],
    [
      1783520811,
      0.167719
    ],
    [
      1783521713,
      0.166838
    ]
  ],
  "tron": [
    [
      1783515400,
      0.327565
    ],
    [
      1783517205,
      0.32751
    ],
    [
      1783518106,
      0.327629
    ],
    [
      1783519909,
      0.328246
    ],
    [
      1783520811,
      0.328539
    ],
    [
      1783521713,
      0.328699
    ]
  ],
  "chainlink": [
    [
      1783515400,
      7.6
    ],
    [
      1783517205,
      7.58
    ],
    [
      1783518106,
      7.62
    ],
    [
      1783519909,
      7.62
    ],
    [
      1783520811,
      7.62
    ],
    [
      1783521713,
      7.59
    ]
  ],
  "the-open-network": [
    [
      1783515400,
      1.59
    ],
    [
      1783517205,
      1.59
    ],
    [
      1783518106,
      1.6
    ],
    [
      1783519909,
      1.59
    ],
    [
      1783520811,
      1.59
    ],
    [
      1783521713,
      1.59
    ]
  ],
  "stellar": [
    [
      1783515400,
      0.181556
    ],
    [
      1783517205,
      0.18118
    ],
    [
      1783518106,
      0.181975
    ],
    [
      1783519909,
      0.181301
    ],
    [
      1783520811,
      0.181316
    ],
    [
      1783521713,
      0.181016
    ]
  ],
  "hedera-hashgraph": [
    [
      1783515400,
      0.069035
    ],
    [
      1783517205,
      0.069098
    ],
    [
      1783518106,
      0.069508
    ],
    [
      1783519909,
      0.069691
    ],
    [
      1783520811,
      0.06965
    ],
    [
      1783521713,
      0.069539
    ]
  ],
  "sui": [
    [
      1783515400,
      0.705117
    ],
    [
      1783517205,
      0.701893
    ],
    [
      1783518106,
      0.705666
    ],
    [
      1783519909,
      0.70708
    ],
    [
      1783520811,
      0.707154
    ],
    [
      1783521713,
      0.704796
    ]
  ],
  "bitcoin-cash": [
    [
      1783515400,
      232.13
    ],
    [
      1783517205,
      230.78
    ],
    [
      1783518106,
      232.33
    ],
    [
      1783519909,
      232.86
    ],
    [
      1783520811,
      233.02
    ],
    [
      1783521713,
      232.3
    ]
  ],
  "litecoin": [
    [
      1783515400,
      43.67
    ],
    [
      1783517205,
      43.41
    ],
    [
      1783518106,
      43.67
    ],
    [
      1783519909,
      43.62
    ],
    [
      1783520811,
      43.7
    ],
    [
      1783521713,
      43.68
    ]
  ],
  "polkadot": [
    [
      1783515400,
      0.829598
    ],
    [
      1783517205,
      0.825079
    ],
    [
      1783518106,
      0.829658
    ],
    [
      1783519909,
      0.82881
    ],
    [
      1783520811,
      0.825931
    ],
    [
      1783521713,
      0.822267
    ]
  ],
  "hyperliquid": [
    [
      1783515400,
      68.24
    ],
    [
      1783517205,
      67.57
    ],
    [
      1783518106,
      68.12
    ],
    [
      1783519909,
      67.78
    ],
    [
      1783520811,
      67.9
    ],
    [
      1783521713,
      67.76
    ]
  ],
  "monero": [
    [
      1783515400,
      321.79
    ],
    [
      1783517205,
      321.88
    ],
    [
      1783518106,
      321.71
    ],
    [
      1783519909,
      320.24
    ],
    [
      1783520811,
      321.22
    ],
    [
      1783521713,
      320.79
    ]
  ],
  "_alerts_sent": {}
}