{
  "bitcoin": [
    [
      1781822250,
      62721
    ],
    [
      1781823151,
      62793
    ],
    [
      1781824053,
      62800
    ],
    [
      1781824954,
      62758
    ],
    [
      1781825855,
      62844
    ],
    [
      1781826756,
      62874
    ],
    [
      1781827658,
      62881
    ],
    [
      1781828559,
      62841
    ]
  ],
  "ethereum": [
    [
      1781822250,
      1699.32
    ],
    [
      1781823151,
      1705.06
    ],
    [
      1781824053,
      1704.66
    ],
    [
      1781824954,
      1704.8
    ],
    [
      1781825855,
      1708.37
    ],
    [
      1781826756,
      1709.06
    ],
    [
      1781827658,
      1708.88
    ],
    [
      1781828559,
      1710.29
    ]
  ],
  "avalanche-2": [
    [
      1781822250,
      6.28
    ],
    [
      1781823151,
      6.29
    ],
    [
      1781824053,
      6.29
    ],
    [
      1781824954,
      6.28
    ],
    [
      1781825855,
      6.3
    ],
    [
      1781826756,
      6.3
    ],
    [
      1781827658,
      6.3
    ],
    [
      1781828559,
      6.3
    ]
  ],
  "ondo-finance": [
    [
      1781822250,
      0.35964
    ],
    [
      1781823151,
      0.360854
    ],
    [
      1781824053,
      0.360324
    ],
    [
      1781824954,
      0.360428
    ],
    [
      1781825855,
      0.362879
    ],
    [
      1781826756,
      0.364526
    ],
    [
      1781827658,
      0.365523
    ],
    [
      1781828559,
      0.363838
    ]
  ],
  "binancecoin": [
    [
      1781822250,
      578.16
    ],
    [
      1781823151,
      578.13
    ],
    [
      1781824053,
      577.61
    ],
    [
      1781824954,
      577.16
    ],
    [
      1781825855,
      577.95
    ],
    [
      1781826756,
      577.92
    ],
    [
      1781827658,
      577.72
    ],
    [
      1781828559,
      577.95
    ]
  ],
  "ripple": [
    [
      1781822250,
      1.15
    ],
    [
      1781823151,
      1.15
    ],
    [
      1781824053,
      1.14
    ],
    [
      1781824954,
      1.14
    ],
    [
      1781825855,
      1.14
    ],
    [
      1781826756,
      1.14
    ],
    [
      1781827658,
      1.14
    ],
    [
      1781828559,
      1.14
    ]
  ],
  "solana": [
    [
      1781822250,
      69.28
    ],
    [
      1781823151,
      69.44
    ],
    [
      1781824053,
      69.41
    ],
    [
      1781824954,
      69.35
    ],
    [
      1781825855,
      69.54
    ],
    [
      1781826756,
      69.61
    ],
    [
      1781827658,
      69.62
    ],
    [
      1781828559,
      69.59
    ]
  ],
  "dogecoin": [
    [
      1781822250,
      0.083054
    ],
    [
      1781823151,
      0.083242
    ],
    [
      1781824053,
      0.083241
    ],
    [
      1781824954,
      0.083165
    ],
    [
      1781825855,
      0.083401
    ],
    [
      1781826756,
      0.083384
    ],
    [
      1781827658,
      0.083417
    ],
    [
      1781828559,
      0.083475
    ]
  ],
  "cardano": [
    [
      1781822250,
      0.162509
    ],
    [
      1781823151,
      0.162962
    ],
    [
      1781824053,
      0.162742
    ],
    [
      1781824954,
      0.162597
    ],
    [
      1781825855,
      0.163026
    ],
    [
      1781826756,
      0.16319
    ],
    [
      1781827658,
      0.163453
    ],
    [
      1781828559,
      0.163489
    ]
  ],
  "tron": [
    [
      1781822250,
      0.320258
    ],
    [
      1781823151,
      0.320225
    ],
    [
      1781824053,
      0.320311
    ],
    [
      1781824954,
      0.320356
    ],
    [
      1781825855,
      0.320404
    ],
    [
      1781826756,
      0.320406
    ],
    [
      1781827658,
      0.320406
    ],
    [
      1781828559,
      0.320479
    ]
  ],
  "chainlink": [
    [
      1781822250,
      7.95
    ],
    [
      1781823151,
      7.97
    ],
    [
      1781824053,
      7.97
    ],
    [
      1781824954,
      7.96
    ],
    [
      1781825855,
      7.99
    ],
    [
      1781826756,
      7.99
    ],
    [
      1781827658,
      8.0
    ],
    [
      1781828559,
      8.0
    ]
  ],
  "the-open-network": [
    [
      1781822250,
      1.65
    ],
    [
      1781823151,
      1.65
    ],
    [
      1781824053,
      1.65
    ],
    [
      1781824954,
      1.65
    ],
    [
      1781825855,
      1.65
    ],
    [
      1781826756,
      1.66
    ],
    [
      1781827658,
      1.66
    ],
    [
      1781828559,
      1.66
    ]
  ],
  "stellar": [
    [
      1781822250,
      0.234631
    ],
    [
      1781823151,
      0.234136
    ],
    [
      1781824053,
      0.231961
    ],
    [
      1781824954,
      0.234775
    ],
    [
      1781825855,
      0.235221
    ],
    [
      1781826756,
      0.234576
    ],
    [
      1781827658,
      0.233992
    ],
    [
      1781828559,
      0.231963
    ]
  ],
  "hedera-hashgraph": [
    [
      1781822250,
      0.080157
    ],
    [
      1781823151,
      0.08026
    ],
    [
      1781824053,
      0.08022
    ],
    [
      1781824954,
      0.080147
    ],
    [
      1781825855,
      0.080233
    ],
    [
      1781826756,
      0.080115
    ],
    [
      1781827658,
      0.080233
    ],
    [
      1781828559,
      0.080325
    ]
  ],
  "sui": [
    [
      1781822250,
      0.721216
    ],
    [
      1781823151,
      0.723758
    ],
    [
      1781824053,
      0.724096
    ],
    [
      1781824954,
      0.723479
    ],
    [
      1781825855,
      0.725809
    ],
    [
      1781826756,
      0.727023
    ],
    [
      1781827658,
      0.729093
    ],
    [
      1781828559,
      0.728241
    ]
  ],
  "bitcoin-cash": [
    [
      1781822250,
      197.18
    ],
    [
      1781823151,
      197.81
    ],
    [
      1781824053,
      198.05
    ],
    [
      1781824954,
      198.28
    ],
    [
      1781825855,
      198.64
    ],
    [
      1781826756,
      198.96
    ],
    [
      1781827658,
      199.41
    ],
    [
      1781828559,
      199.19
    ]
  ],
  "litecoin": [
    [
      1781822250,
      43.65
    ],
    [
      1781823151,
      43.73
    ],
    [
      1781824053,
      43.74
    ],
    [
      1781824954,
      43.69
    ],
    [
      1781825855,
      43.8
    ],
    [
      1781826756,
      43.78
    ],
    [
      1781827658,
      43.8
    ],
    [
      1781828559,
      43.81
    ]
  ],
  "polkadot": [
    [
      1781822250,
      0.967091
    ],
    [
      1781823151,
      0.968325
    ],
    [
      1781824053,
      0.968305
    ],
    [
      1781824954,
      0.967352
    ],
    [
      1781825855,
      0.969488
    ],
    [
      1781826756,
      0.97088
    ],
    [
      1781827658,
      0.971946
    ],
    [
      1781828559,
      0.972139
    ]
  ],
  "hyperliquid": [
    [
      1781822250,
      67.82
    ],
    [
      1781823151,
      67.87
    ],
    [
      1781824053,
      67.7
    ],
    [
      1781824954,
      67.43
    ],
    [
      1781825855,
      67.63
    ],
    [
      1781826756,
      68.04
    ],
    [
      1781827658,
      67.95
    ],
    [
      1781828559,
      67.94
    ]
  ],
  "monero": [
    [
      1781822250,
      322.95
    ],
    [
      1781823151,
      322.85
    ],
    [
      1781824053,
      320.77
    ],
    [
      1781824954,
      320.26
    ],
    [
      1781825855,
      319.1
    ],
    [
      1781826756,
      319.03
    ],
    [
      1781827658,
      320.65
    ],
    [
      1781828559,
      318.79
    ]
  ],
  "_alerts_sent": {}
}