{
  "bitcoin": [
    [
      1780139920,
      73513
    ],
    [
      1780140956,
      73484
    ],
    [
      1780141858,
      73502
    ],
    [
      1780142759,
      73493
    ],
    [
      1780143660,
      73531
    ],
    [
      1780144562,
      73578
    ],
    [
      1780145264,
      73558
    ],
    [
      1780146165,
      73601
    ]
  ],
  "ethereum": [
    [
      1780139920,
      2013.97
    ],
    [
      1780140956,
      2014.22
    ],
    [
      1780141858,
      2014.85
    ],
    [
      1780142759,
      2014.52
    ],
    [
      1780143660,
      2016.04
    ],
    [
      1780144562,
      2015.77
    ],
    [
      1780145264,
      2014.94
    ],
    [
      1780146165,
      2017.38
    ]
  ],
  "avalanche-2": [
    [
      1780139920,
      8.89
    ],
    [
      1780140956,
      8.9
    ],
    [
      1780141858,
      8.91
    ],
    [
      1780142759,
      8.91
    ],
    [
      1780143660,
      8.9
    ],
    [
      1780144562,
      8.91
    ],
    [
      1780145264,
      8.9
    ],
    [
      1780146165,
      8.92
    ]
  ],
  "ondo-finance": [
    [
      1780139920,
      0.345554
    ],
    [
      1780140956,
      0.346727
    ],
    [
      1780141858,
      0.347386
    ],
    [
      1780142759,
      0.3475
    ],
    [
      1780143660,
      0.347026
    ],
    [
      1780144562,
      0.346782
    ],
    [
      1780145264,
      0.346665
    ],
    [
      1780146165,
      0.346796
    ]
  ]
}