{
  "bitcoin": [
    [
      1781879012,
      63017
    ],
    [
      1781879914,
      63297
    ],
    [
      1781880816,
      63232
    ],
    [
      1781881717,
      63152
    ],
    [
      1781882619,
      63037
    ],
    [
      1781883520,
      63101
    ],
    [
      1781884422,
      63167
    ],
    [
      1781885323,
      63112
    ]
  ],
  "ethereum": [
    [
      1781879012,
      1698.29
    ],
    [
      1781879914,
      1704.73
    ],
    [
      1781880816,
      1706.65
    ],
    [
      1781881717,
      1705.1
    ],
    [
      1781882619,
      1701.7
    ],
    [
      1781883520,
      1703.44
    ],
    [
      1781884422,
      1706.46
    ],
    [
      1781885323,
      1704.8
    ]
  ],
  "avalanche-2": [
    [
      1781879012,
      6.13
    ],
    [
      1781879914,
      6.16
    ],
    [
      1781880816,
      6.13
    ],
    [
      1781881717,
      6.11
    ],
    [
      1781882619,
      6.12
    ],
    [
      1781883520,
      6.13
    ],
    [
      1781884422,
      6.13
    ],
    [
      1781885323,
      6.12
    ]
  ],
  "ondo-finance": [
    [
      1781879012,
      0.355301
    ],
    [
      1781879914,
      0.357039
    ],
    [
      1781880816,
      0.356218
    ],
    [
      1781881717,
      0.354868
    ],
    [
      1781882619,
      0.35433
    ],
    [
      1781883520,
      0.354137
    ],
    [
      1781884422,
      0.354675
    ],
    [
      1781885323,
      0.354104
    ]
  ],
  "binancecoin": [
    [
      1781879012,
      576.62
    ],
    [
      1781879914,
      577.87
    ],
    [
      1781880816,
      578.03
    ],
    [
      1781881717,
      576.82
    ],
    [
      1781882619,
      576.93
    ],
    [
      1781883520,
      577.51
    ],
    [
      1781884422,
      578.45
    ],
    [
      1781885323,
      578.54
    ]
  ],
  "ripple": [
    [
      1781879012,
      1.13
    ],
    [
      1781879914,
      1.14
    ],
    [
      1781880816,
      1.14
    ],
    [
      1781881717,
      1.13
    ],
    [
      1781882619,
      1.13
    ],
    [
      1781883520,
      1.13
    ],
    [
      1781884422,
      1.14
    ],
    [
      1781885323,
      1.14
    ]
  ],
  "solana": [
    [
      1781879012,
      68.89
    ],
    [
      1781879914,
      69.23
    ],
    [
      1781880816,
      69.28
    ],
    [
      1781881717,
      69.03
    ],
    [
      1781882619,
      69.05
    ],
    [
      1781883520,
      69.23
    ],
    [
      1781884422,
      69.25
    ],
    [
      1781885323,
      69.29
    ]
  ],
  "dogecoin": [
    [
      1781879012,
      0.083048
    ],
    [
      1781879914,
      0.083196
    ],
    [
      1781880816,
      0.083159
    ],
    [
      1781881717,
      0.08302
    ],
    [
      1781882619,
      0.083047
    ],
    [
      1781883520,
      0.083129
    ],
    [
      1781884422,
      0.083164
    ],
    [
      1781885323,
      0.08315
    ]
  ],
  "cardano": [
    [
      1781879012,
      0.161661
    ],
    [
      1781879914,
      0.162225
    ],
    [
      1781880816,
      0.162024
    ],
    [
      1781881717,
      0.161507
    ],
    [
      1781882619,
      0.161509
    ],
    [
      1781883520,
      0.16148
    ],
    [
      1781884422,
      0.161717
    ],
    [
      1781885323,
      0.161681
    ]
  ],
  "tron": [
    [
      1781879012,
      0.320112
    ],
    [
      1781879914,
      0.320417
    ],
    [
      1781880816,
      0.320456
    ],
    [
      1781881717,
      0.320447
    ],
    [
      1781882619,
      0.320489
    ],
    [
      1781883520,
      0.320521
    ],
    [
      1781884422,
      0.320709
    ],
    [
      1781885323,
      0.321032
    ]
  ],
  "chainlink": [
    [
      1781879012,
      7.91
    ],
    [
      1781879914,
      7.93
    ],
    [
      1781880816,
      7.92
    ],
    [
      1781881717,
      7.9
    ],
    [
      1781882619,
      7.9
    ],
    [
      1781883520,
      7.88
    ],
    [
      1781884422,
      7.9
    ],
    [
      1781885323,
      7.9
    ]
  ],
  "the-open-network": [
    [
      1781879012,
      1.6
    ],
    [
      1781879914,
      1.6
    ],
    [
      1781880816,
      1.6
    ],
    [
      1781881717,
      1.6
    ],
    [
      1781882619,
      1.6
    ],
    [
      1781883520,
      1.6
    ],
    [
      1781884422,
      1.6
    ],
    [
      1781885323,
      1.59
    ]
  ],
  "stellar": [
    [
      1781879012,
      0.219602
    ],
    [
      1781879914,
      0.221718
    ],
    [
      1781880816,
      0.220659
    ],
    [
      1781881717,
      0.220301
    ],
    [
      1781882619,
      0.221023
    ],
    [
      1781883520,
      0.221151
    ],
    [
      1781884422,
      0.22213
    ],
    [
      1781885323,
      0.221993
    ]
  ],
  "hedera-hashgraph": [
    [
      1781879012,
      0.079908
    ],
    [
      1781879914,
      0.080161
    ],
    [
      1781880816,
      0.079943
    ],
    [
      1781881717,
      0.07981
    ],
    [
      1781882619,
      0.080202
    ],
    [
      1781883520,
      0.080559
    ],
    [
      1781884422,
      0.080984
    ],
    [
      1781885323,
      0.08096
    ]
  ],
  "sui": [
    [
      1781879012,
      0.712253
    ],
    [
      1781879914,
      0.716773
    ],
    [
      1781880816,
      0.715181
    ],
    [
      1781881717,
      0.713986
    ],
    [
      1781882619,
      0.712998
    ],
    [
      1781883520,
      0.712917
    ],
    [
      1781884422,
      0.714059
    ],
    [
      1781885323,
      0.713824
    ]
  ],
  "bitcoin-cash": [
    [
      1781879012,
      197.28
    ],
    [
      1781879914,
      197.66
    ],
    [
      1781880816,
      197.28
    ],
    [
      1781881717,
      197.3
    ],
    [
      1781882619,
      196.74
    ],
    [
      1781883520,
      196.93
    ],
    [
      1781884422,
      197.1
    ],
    [
      1781885323,
      197.06
    ]
  ],
  "litecoin": [
    [
      1781879012,
      43.93
    ],
    [
      1781879914,
      44.11
    ],
    [
      1781880816,
      44.09
    ],
    [
      1781881717,
      44.11
    ],
    [
      1781882619,
      44.16
    ],
    [
      1781883520,
      44.24
    ],
    [
      1781884422,
      44.35
    ],
    [
      1781885323,
      44.4
    ]
  ],
  "polkadot": [
    [
      1781879012,
      0.964666
    ],
    [
      1781879914,
      0.968599
    ],
    [
      1781880816,
      0.966925
    ],
    [
      1781881717,
      0.963967
    ],
    [
      1781882619,
      0.965078
    ],
    [
      1781883520,
      0.965723
    ],
    [
      1781884422,
      0.967353
    ],
    [
      1781885323,
      0.966283
    ]
  ],
  "hyperliquid": [
    [
      1781879012,
      67.96
    ],
    [
      1781879914,
      68.58
    ],
    [
      1781880816,
      68.99
    ],
    [
      1781881717,
      68.94
    ],
    [
      1781882619,
      69.11
    ],
    [
      1781883520,
      69.22
    ],
    [
      1781884422,
      69.32
    ],
    [
      1781885323,
      69.67
    ]
  ],
  "monero": [
    [
      1781879012,
      320.76
    ],
    [
      1781879914,
      319.89
    ],
    [
      1781880816,
      319.06
    ],
    [
      1781881717,
      318.46
    ],
    [
      1781882619,
      317.56
    ],
    [
      1781883520,
      316.76
    ],
    [
      1781884422,
      314.5
    ],
    [
      1781885323,
      313.15
    ]
  ],
  "_alerts_sent": {}
}