{
  "bitcoin": [
    [
      1780250499,
      73588
    ],
    [
      1780251198,
      73572
    ],
    [
      1780252305,
      73543
    ],
    [
      1780253207,
      73522
    ],
    [
      1780254108,
      73515
    ],
    [
      1780255033,
      73490
    ],
    [
      1780255644,
      73390
    ],
    [
      1780257053,
      73418
    ]
  ],
  "ethereum": [
    [
      1780250499,
      2002.87
    ],
    [
      1780251198,
      2001.32
    ],
    [
      1780252305,
      2000.07
    ],
    [
      1780253207,
      1997.71
    ],
    [
      1780254108,
      1998.42
    ],
    [
      1780255033,
      1996.13
    ],
    [
      1780255644,
      1994.36
    ],
    [
      1780257053,
      1995.7
    ]
  ],
  "avalanche-2": [
    [
      1780250499,
      8.85
    ],
    [
      1780251198,
      8.84
    ],
    [
      1780252305,
      8.83
    ],
    [
      1780253207,
      8.85
    ],
    [
      1780254108,
      8.85
    ],
    [
      1780255033,
      8.83
    ],
    [
      1780255644,
      8.82
    ],
    [
      1780257053,
      8.82
    ]
  ],
  "ondo-finance": [
    [
      1780250499,
      0.357767
    ],
    [
      1780251198,
      0.358119
    ],
    [
      1780252305,
      0.356775
    ],
    [
      1780253207,
      0.357091
    ],
    [
      1780254108,
      0.357811
    ],
    [
      1780255033,
      0.358044
    ],
    [
      1780255644,
      0.357481
    ],
    [
      1780257053,
      0.357467
    ]
  ],
  "binancecoin": [
    [
      1780250499,
      712.9
    ],
    [
      1780251198,
      711.57
    ],
    [
      1780252305,
      709.97
    ],
    [
      1780253207,
      709.19
    ],
    [
      1780254108,
      709.03
    ],
    [
      1780255033,
      708.8
    ],
    [
      1780255644,
      707.65
    ],
    [
      1780257053,
      707.93
    ]
  ],
  "ripple": [
    [
      1780250499,
      1.33
    ],
    [
      1780251198,
      1.33
    ],
    [
      1780252305,
      1.33
    ],
    [
      1780253207,
      1.33
    ],
    [
      1780254108,
      1.33
    ],
    [
      1780255033,
      1.32
    ],
    [
      1780255644,
      1.32
    ],
    [
      1780257053,
      1.32
    ]
  ],
  "solana": [
    [
      1780250499,
      81.73
    ],
    [
      1780251198,
      81.7
    ],
    [
      1780252305,
      81.61
    ],
    [
      1780253207,
      81.65
    ],
    [
      1780254108,
      81.65
    ],
    [
      1780255033,
      81.54
    ],
    [
      1780255644,
      81.44
    ],
    [
      1780257053,
      81.44
    ]
  ],
  "dogecoin": [
    [
      1780250499,
      0.099292
    ],
    [
      1780251198,
      0.099366
    ],
    [
      1780252305,
      0.099271
    ],
    [
      1780253207,
      0.099333
    ],
    [
      1780254108,
      0.099362
    ],
    [
      1780255033,
      0.099256
    ],
    [
      1780255644,
      0.09929
    ],
    [
      1780257053,
      0.099409
    ]
  ],
  "cardano": [
    [
      1780250499,
      0.233064
    ],
    [
      1780251198,
      0.232892
    ],
    [
      1780252305,
      0.232622
    ],
    [
      1780253207,
      0.23286
    ],
    [
      1780254108,
      0.232935
    ],
    [
      1780255033,
      0.232476
    ],
    [
      1780255644,
      0.232191
    ],
    [
      1780257053,
      0.232544
    ]
  ],
  "tron": [
    [
      1780250499,
      0.348982
    ],
    [
      1780251198,
      0.34882
    ],
    [
      1780252305,
      0.348582
    ],
    [
      1780253207,
      0.349023
    ],
    [
      1780254108,
      0.349093
    ],
    [
      1780255033,
      0.349129
    ],
    [
      1780255644,
      0.349618
    ],
    [
      1780257053,
      0.349496
    ]
  ],
  "chainlink": [
    [
      1780250499,
      9.05
    ],
    [
      1780251198,
      9.04
    ],
    [
      1780252305,
      9.03
    ],
    [
      1780253207,
      9.04
    ],
    [
      1780254108,
      9.04
    ],
    [
      1780255033,
      9.01
    ],
    [
      1780255644,
      9.01
    ],
    [
      1780257053,
      9.02
    ]
  ],
  "the-open-network": [
    [
      1780250499,
      1.87
    ],
    [
      1780251198,
      1.86
    ],
    [
      1780252305,
      1.85
    ],
    [
      1780253207,
      1.85
    ],
    [
      1780254108,
      1.85
    ],
    [
      1780255033,
      1.84
    ],
    [
      1780255644,
      1.84
    ],
    [
      1780257053,
      1.85
    ]
  ],
  "stellar": [
    [
      1780250499,
      0.248481
    ],
    [
      1780251198,
      0.247888
    ],
    [
      1780252305,
      0.245903
    ],
    [
      1780253207,
      0.247623
    ],
    [
      1780254108,
      0.250141
    ],
    [
      1780255033,
      0.246385
    ],
    [
      1780255644,
      0.245429
    ],
    [
      1780257053,
      0.245421
    ]
  ],
  "hedera-hashgraph": [
    [
      1780250499,
      0.095045
    ],
    [
      1780251198,
      0.095204
    ],
    [
      1780252305,
      0.094909
    ],
    [
      1780253207,
      0.095192
    ],
    [
      1780254108,
      0.095145
    ],
    [
      1780255033,
      0.094977
    ],
    [
      1780255644,
      0.094961
    ],
    [
      1780257053,
      0.095248
    ]
  ],
  "sui": [
    [
      1780250499,
      0.874415
    ],
    [
      1780251198,
      0.874442
    ],
    [
      1780252305,
      0.874685
    ],
    [
      1780253207,
      0.87699
    ],
    [
      1780254108,
      0.87827
    ],
    [
      1780255033,
      0.875481
    ],
    [
      1780255644,
      0.87452
    ],
    [
      1780257053,
      0.874406
    ]
  ],
  "bitcoin-cash": [
    [
      1780250499,
      298.76
    ],
    [
      1780251198,
      298.48
    ],
    [
      1780252305,
      298.38
    ],
    [
      1780253207,
      299.22
    ],
    [
      1780254108,
      299.22
    ],
    [
      1780255033,
      299.13
    ],
    [
      1780255644,
      299.35
    ],
    [
      1780257053,
      300.39
    ]
  ],
  "litecoin": [
    [
      1780250499,
      51.63
    ],
    [
      1780251198,
      51.59
    ],
    [
      1780252305,
      51.54
    ],
    [
      1780253207,
      51.57
    ],
    [
      1780254108,
      51.54
    ],
    [
      1780255033,
      51.5
    ],
    [
      1780255644,
      51.5
    ],
    [
      1780257053,
      51.54
    ]
  ],
  "polkadot": [
    [
      1780250499,
      1.17
    ],
    [
      1780251198,
      1.16
    ],
    [
      1780252305,
      1.16
    ],
    [
      1780253207,
      1.17
    ],
    [
      1780254108,
      1.17
    ],
    [
      1780255033,
      1.16
    ],
    [
      1780255644,
      1.16
    ],
    [
      1780257053,
      1.16
    ]
  ],
  "hyperliquid": [
    [
      1780250499,
      68.9
    ],
    [
      1780251198,
      68.8
    ],
    [
      1780252305,
      68.8
    ],
    [
      1780253207,
      68.88
    ],
    [
      1780254108,
      68.92
    ],
    [
      1780255033,
      68.92
    ],
    [
      1780255644,
      68.8
    ],
    [
      1780257053,
      68.97
    ]
  ],
  "monero": [
    [
      1780250499,
      360.49
    ],
    [
      1780251198,
      359.69
    ],
    [
      1780252305,
      360.9
    ],
    [
      1780253207,
      363.37
    ],
    [
      1780254108,
      362.33
    ],
    [
      1780255033,
      360.93
    ],
    [
      1780255644,
      360.24
    ],
    [
      1780257053,
      361.77
    ]
  ],
  "_alerts_sent": {}
}