{
  "bitcoin": [
    [
      1784445564,
      64653
    ],
    [
      1784446465,
      64666
    ],
    [
      1784447366,
      64704
    ],
    [
      1784448267,
      64639
    ],
    [
      1784449168,
      64638
    ],
    [
      1784450070,
      64625
    ],
    [
      1784450971,
      64625
    ],
    [
      1784451872,
      64671
    ]
  ],
  "ethereum": [
    [
      1784445564,
      1866.5
    ],
    [
      1784446465,
      1867.48
    ],
    [
      1784447366,
      1869.25
    ],
    [
      1784448267,
      1867.69
    ],
    [
      1784449168,
      1868.02
    ],
    [
      1784450070,
      1867.9
    ],
    [
      1784450971,
      1869.78
    ],
    [
      1784451872,
      1872.29
    ]
  ],
  "avalanche-2": [
    [
      1784445564,
      6.57
    ],
    [
      1784446465,
      6.56
    ],
    [
      1784447366,
      6.57
    ],
    [
      1784448267,
      6.55
    ],
    [
      1784449168,
      6.55
    ],
    [
      1784450070,
      6.55
    ],
    [
      1784450971,
      6.55
    ],
    [
      1784451872,
      6.56
    ]
  ],
  "ondo-finance": [
    [
      1784445564,
      0.349063
    ],
    [
      1784446465,
      0.349113
    ],
    [
      1784447366,
      0.349458
    ],
    [
      1784448267,
      0.350567
    ],
    [
      1784449168,
      0.351455
    ],
    [
      1784450070,
      0.353834
    ],
    [
      1784450971,
      0.354996
    ],
    [
      1784451872,
      0.35455
    ]
  ],
  "binancecoin": [
    [
      1784445564,
      568.48
    ],
    [
      1784446465,
      568.78
    ],
    [
      1784447366,
      568.93
    ],
    [
      1784448267,
      568.45
    ],
    [
      1784449168,
      568.77
    ],
    [
      1784450070,
      568.44
    ],
    [
      1784450971,
      568.61
    ],
    [
      1784451872,
      568.31
    ]
  ],
  "ripple": [
    [
      1784445564,
      1.096
    ],
    [
      1784446465,
      1.096
    ],
    [
      1784447366,
      1.096
    ],
    [
      1784448267,
      1.095
    ],
    [
      1784449168,
      1.096
    ],
    [
      1784450070,
      1.096
    ],
    [
      1784450971,
      1.097
    ],
    [
      1784451872,
      1.098
    ]
  ],
  "solana": [
    [
      1784445564,
      76.0
    ],
    [
      1784446465,
      76.13
    ],
    [
      1784447366,
      76.17
    ],
    [
      1784448267,
      76.05
    ],
    [
      1784449168,
      76.18
    ],
    [
      1784450070,
      76.16
    ],
    [
      1784450971,
      76.23
    ],
    [
      1784451872,
      76.21
    ]
  ],
  "dogecoin": [
    [
      1784445564,
      0.072379
    ],
    [
      1784446465,
      0.072466
    ],
    [
      1784447366,
      0.072535
    ],
    [
      1784448267,
      0.072397
    ],
    [
      1784449168,
      0.072555
    ],
    [
      1784450070,
      0.07253
    ],
    [
      1784450971,
      0.072596
    ],
    [
      1784451872,
      0.072661
    ]
  ],
  "cardano": [
    [
      1784445564,
      0.165845
    ],
    [
      1784446465,
      0.165919
    ],
    [
      1784447366,
      0.165929
    ],
    [
      1784448267,
      0.165524
    ],
    [
      1784449168,
      0.16566
    ],
    [
      1784450070,
      0.165588
    ],
    [
      1784450971,
      0.16587
    ],
    [
      1784451872,
      0.165697
    ]
  ],
  "tron": [
    [
      1784445564,
      0.325447
    ],
    [
      1784446465,
      0.325287
    ],
    [
      1784447366,
      0.325686
    ],
    [
      1784448267,
      0.325852
    ],
    [
      1784449168,
      0.326271
    ],
    [
      1784450070,
      0.326043
    ],
    [
      1784450971,
      0.325922
    ],
    [
      1784451872,
      0.325882
    ]
  ],
  "chainlink": [
    [
      1784445564,
      8.35
    ],
    [
      1784446465,
      8.36
    ],
    [
      1784447366,
      8.37
    ],
    [
      1784448267,
      8.36
    ],
    [
      1784449168,
      8.36
    ],
    [
      1784450070,
      8.35
    ],
    [
      1784450971,
      8.36
    ],
    [
      1784451872,
      8.37
    ]
  ],
  "the-open-network": [
    [
      1784445564,
      1.46
    ],
    [
      1784446465,
      1.46
    ],
    [
      1784447366,
      1.46
    ],
    [
      1784448267,
      1.46
    ],
    [
      1784449168,
      1.46
    ],
    [
      1784450070,
      1.46
    ],
    [
      1784450971,
      1.46
    ],
    [
      1784451872,
      1.46
    ]
  ],
  "stellar": [
    [
      1784445564,
      0.186669
    ],
    [
      1784446465,
      0.186698
    ],
    [
      1784447366,
      0.18668
    ],
    [
      1784448267,
      0.186322
    ],
    [
      1784449168,
      0.186714
    ],
    [
      1784450070,
      0.186864
    ],
    [
      1784450971,
      0.186938
    ],
    [
      1784451872,
      0.187067
    ]
  ],
  "hedera-hashgraph": [
    [
      1784445564,
      0.067002
    ],
    [
      1784446465,
      0.066958
    ],
    [
      1784447366,
      0.067134
    ],
    [
      1784448267,
      0.067119
    ],
    [
      1784449168,
      0.067118
    ],
    [
      1784450070,
      0.067037
    ],
    [
      1784450971,
      0.06673
    ],
    [
      1784451872,
      0.066792
    ]
  ],
  "sui": [
    [
      1784445564,
      0.745346
    ],
    [
      1784446465,
      0.745616
    ],
    [
      1784447366,
      0.745621
    ],
    [
      1784448267,
      0.744523
    ],
    [
      1784449168,
      0.746651
    ],
    [
      1784450070,
      0.746919
    ],
    [
      1784450971,
      0.747348
    ],
    [
      1784451872,
      0.74673
    ]
  ],
  "bitcoin-cash": [
    [
      1784445564,
      218.34
    ],
    [
      1784446465,
      218.45
    ],
    [
      1784447366,
      218.45
    ],
    [
      1784448267,
      217.91
    ],
    [
      1784449168,
      218.07
    ],
    [
      1784450070,
      217.67
    ],
    [
      1784450971,
      217.57
    ],
    [
      1784451872,
      217.6
    ]
  ],
  "litecoin": [
    [
      1784445564,
      46.89
    ],
    [
      1784446465,
      47.1
    ],
    [
      1784447366,
      47.1
    ],
    [
      1784448267,
      47.04
    ],
    [
      1784449168,
      46.94
    ],
    [
      1784450070,
      46.87
    ],
    [
      1784450971,
      46.94
    ],
    [
      1784451872,
      46.86
    ]
  ],
  "polkadot": [
    [
      1784445564,
      0.836653
    ],
    [
      1784446465,
      0.836918
    ],
    [
      1784447366,
      0.837782
    ],
    [
      1784448267,
      0.836498
    ],
    [
      1784449168,
      0.837411
    ],
    [
      1784450070,
      0.835989
    ],
    [
      1784450971,
      0.835997
    ],
    [
      1784451872,
      0.835211
    ]
  ],
  "hyperliquid": [
    [
      1784445564,
      60.81
    ],
    [
      1784446465,
      60.87
    ],
    [
      1784447366,
      60.81
    ],
    [
      1784448267,
      60.8
    ],
    [
      1784449168,
      61.0
    ],
    [
      1784450070,
      60.96
    ],
    [
      1784450971,
      61.25
    ],
    [
      1784451872,
      61.29
    ]
  ],
  "monero": [
    [
      1784445564,
      338.39
    ],
    [
      1784446465,
      339.37
    ],
    [
      1784447366,
      339.0
    ],
    [
      1784448267,
      338.96
    ],
    [
      1784449168,
      339.53
    ],
    [
      1784450070,
      339.35
    ],
    [
      1784450971,
      339.12
    ],
    [
      1784451872,
      339.01
    ]
  ],
  "_alerts_sent": {}
}