{
  "bitcoin": [
    [
      1783952558,
      62359
    ],
    [
      1783953460,
      62468
    ],
    [
      1783954361,
      62613
    ],
    [
      1783955262,
      62670.2
    ],
    [
      1783956164,
      62761.8
    ],
    [
      1783957068,
      62671
    ],
    [
      1783957969,
      62569
    ],
    [
      1783958871,
      62485.6
    ]
  ],
  "ethereum": [
    [
      1783952558,
      1766.78
    ],
    [
      1783953460,
      1769.67
    ],
    [
      1783954361,
      1774.99
    ],
    [
      1783955262,
      1777.48
    ],
    [
      1783956164,
      1780.56
    ],
    [
      1783957068,
      1778.18
    ],
    [
      1783957969,
      1775.62
    ],
    [
      1783958871,
      1775.27
    ]
  ],
  "avalanche-2": [
    [
      1783952558,
      6.58
    ],
    [
      1783953460,
      6.64
    ],
    [
      1783954361,
      6.65
    ],
    [
      1783955262,
      6.664
    ],
    [
      1783956164,
      6.632
    ],
    [
      1783957068,
      6.61
    ],
    [
      1783957969,
      6.57
    ],
    [
      1783958871,
      6.573
    ]
  ],
  "ondo-finance": [
    [
      1783952558,
      0.316395
    ],
    [
      1783953460,
      0.31805
    ],
    [
      1783954361,
      0.318134
    ],
    [
      1783955262,
      0.31833
    ],
    [
      1783956164,
      0.31821
    ],
    [
      1783957068,
      0.317966
    ],
    [
      1783957969,
      0.316348
    ],
    [
      1783958871,
      0.31623
    ]
  ],
  "binancecoin": [
    [
      1783951652,
      567.34
    ],
    [
      1783952558,
      567.29
    ],
    [
      1783953460,
      568.14
    ],
    [
      1783954361,
      569.3
    ],
    [
      1783957068,
      568.75
    ],
    [
      1783957969,
      568.27
    ]
  ],
  "ripple": [
    [
      1783951652,
      1.069
    ],
    [
      1783952558,
      1.072
    ],
    [
      1783953460,
      1.073
    ],
    [
      1783954361,
      1.074
    ],
    [
      1783957068,
      1.076
    ],
    [
      1783957969,
      1.073
    ]
  ],
  "solana": [
    [
      1783951652,
      75.47
    ],
    [
      1783952558,
      75.79
    ],
    [
      1783953460,
      75.77
    ],
    [
      1783954361,
      75.97
    ],
    [
      1783957068,
      75.99
    ],
    [
      1783957969,
      75.8
    ]
  ],
  "dogecoin": [
    [
      1783951652,
      0.072093
    ],
    [
      1783952558,
      0.072262
    ],
    [
      1783953460,
      0.072235
    ],
    [
      1783954361,
      0.072359
    ],
    [
      1783957068,
      0.072231
    ],
    [
      1783957969,
      0.072122
    ]
  ],
  "cardano": [
    [
      1783951652,
      0.158171
    ],
    [
      1783952558,
      0.158682
    ],
    [
      1783953460,
      0.159099
    ],
    [
      1783954361,
      0.159697
    ],
    [
      1783957068,
      0.1592
    ],
    [
      1783957969,
      0.158835
    ]
  ],
  "tron": [
    [
      1783951652,
      0.325885
    ],
    [
      1783952558,
      0.325922
    ],
    [
      1783953460,
      0.325839
    ],
    [
      1783954361,
      0.325976
    ],
    [
      1783957068,
      0.325963
    ],
    [
      1783957969,
      0.326032
    ]
  ],
  "chainlink": [
    [
      1783951652,
      7.91
    ],
    [
      1783952558,
      7.91
    ],
    [
      1783953460,
      7.93
    ],
    [
      1783954361,
      7.95
    ],
    [
      1783957068,
      7.97
    ],
    [
      1783957969,
      7.94
    ]
  ],
  "the-open-network": [
    [
      1783951652,
      1.6
    ],
    [
      1783952558,
      1.6
    ],
    [
      1783953460,
      1.61
    ],
    [
      1783954361,
      1.6
    ],
    [
      1783957068,
      1.6
    ],
    [
      1783957969,
      1.6
    ]
  ],
  "stellar": [
    [
      1783951652,
      0.182092
    ],
    [
      1783952558,
      0.182532
    ],
    [
      1783953460,
      0.18294
    ],
    [
      1783954361,
      0.183694
    ],
    [
      1783957068,
      0.183845
    ],
    [
      1783957969,
      0.183186
    ]
  ],
  "hedera-hashgraph": [
    [
      1783951652,
      0.066891
    ],
    [
      1783952558,
      0.06696
    ],
    [
      1783953460,
      0.067157
    ],
    [
      1783954361,
      0.067158
    ],
    [
      1783957068,
      0.066788
    ],
    [
      1783957969,
      0.066758
    ]
  ],
  "sui": [
    [
      1783951652,
      0.724915
    ],
    [
      1783952558,
      0.726937
    ],
    [
      1783953460,
      0.729706
    ],
    [
      1783954361,
      0.731335
    ],
    [
      1783957068,
      0.730844
    ],
    [
      1783957969,
      0.72832
    ]
  ],
  "bitcoin-cash": [
    [
      1783951652,
      238.88
    ],
    [
      1783952558,
      238.56
    ],
    [
      1783953460,
      238.14
    ],
    [
      1783954361,
      238.23
    ],
    [
      1783957068,
      238.59
    ],
    [
      1783957969,
      238.05
    ]
  ],
  "litecoin": [
    [
      1783951652,
      43.23
    ],
    [
      1783952558,
      43.27
    ],
    [
      1783953460,
      43.33
    ],
    [
      1783954361,
      43.5
    ],
    [
      1783957068,
      43.52
    ],
    [
      1783957969,
      43.46
    ]
  ],
  "polkadot": [
    [
      1783951652,
      0.828061
    ],
    [
      1783952558,
      0.831061
    ],
    [
      1783953460,
      0.834462
    ],
    [
      1783954361,
      0.83601
    ],
    [
      1783957068,
      0.837263
    ],
    [
      1783957969,
      0.837092
    ]
  ],
  "hyperliquid": [
    [
      1783951652,
      63.97
    ],
    [
      1783952558,
      63.95
    ],
    [
      1783953460,
      64.25
    ],
    [
      1783954361,
      64.15
    ],
    [
      1783957068,
      64.06
    ],
    [
      1783957969,
      64.01
    ]
  ],
  "monero": [
    [
      1783951652,
      322.84
    ],
    [
      1783952558,
      322.5
    ],
    [
      1783953460,
      321.52
    ],
    [
      1783954361,
      321.99
    ],
    [
      1783957068,
      322.47
    ],
    [
      1783957969,
      320.84
    ]
  ],
  "_alerts_sent": {}
}