{
  "bitcoin": [
    [
      1783652444,
      63915
    ],
    [
      1783653345,
      63870
    ],
    [
      1783654253,
      63802
    ],
    [
      1783655154,
      63870
    ],
    [
      1783656056,
      63908.3
    ],
    [
      1783656957,
      63921
    ],
    [
      1783657859,
      63856
    ],
    [
      1783658760,
      64050
    ]
  ],
  "ethereum": [
    [
      1783652444,
      1771.61
    ],
    [
      1783653345,
      1770.62
    ],
    [
      1783654253,
      1769.15
    ],
    [
      1783655154,
      1774.22
    ],
    [
      1783656056,
      1775.28
    ],
    [
      1783656957,
      1777.66
    ],
    [
      1783657859,
      1773.28
    ],
    [
      1783658760,
      1774.43
    ]
  ],
  "avalanche-2": [
    [
      1783652444,
      6.78
    ],
    [
      1783653345,
      6.75
    ],
    [
      1783654253,
      6.74
    ],
    [
      1783655154,
      6.74
    ],
    [
      1783656056,
      6.772
    ],
    [
      1783656957,
      6.77
    ],
    [
      1783657859,
      6.77
    ],
    [
      1783658760,
      6.79
    ]
  ],
  "ondo-finance": [
    [
      1783652444,
      0.320971
    ],
    [
      1783653345,
      0.320292
    ],
    [
      1783654253,
      0.319851
    ],
    [
      1783655154,
      0.319643
    ],
    [
      1783656056,
      0.32051
    ],
    [
      1783656957,
      0.320571
    ],
    [
      1783657859,
      0.320166
    ],
    [
      1783658760,
      0.320707
    ]
  ],
  "binancecoin": [
    [
      1783652444,
      574.96
    ],
    [
      1783653345,
      574.55
    ],
    [
      1783654253,
      574.28
    ],
    [
      1783655154,
      574.89
    ],
    [
      1783656957,
      575.67
    ],
    [
      1783657859,
      574.82
    ],
    [
      1783658760,
      575.95
    ]
  ],
  "ripple": [
    [
      1783652444,
      1.11
    ],
    [
      1783653345,
      1.1
    ],
    [
      1783654253,
      1.1
    ],
    [
      1783655154,
      1.11
    ],
    [
      1783656957,
      1.11
    ],
    [
      1783657859,
      1.11
    ],
    [
      1783658760,
      1.11
    ]
  ],
  "solana": [
    [
      1783652444,
      79.0
    ],
    [
      1783653345,
      78.76
    ],
    [
      1783654253,
      78.8
    ],
    [
      1783655154,
      78.91
    ],
    [
      1783656957,
      78.99
    ],
    [
      1783657859,
      78.89
    ],
    [
      1783658760,
      78.94
    ]
  ],
  "dogecoin": [
    [
      1783652444,
      0.07403
    ],
    [
      1783653345,
      0.073866
    ],
    [
      1783654253,
      0.073879
    ],
    [
      1783655154,
      0.073955
    ],
    [
      1783656957,
      0.074057
    ],
    [
      1783657859,
      0.073974
    ],
    [
      1783658760,
      0.073924
    ]
  ],
  "cardano": [
    [
      1783652444,
      0.168709
    ],
    [
      1783653345,
      0.16841
    ],
    [
      1783654253,
      0.168441
    ],
    [
      1783655154,
      0.168735
    ],
    [
      1783656957,
      0.16793
    ],
    [
      1783657859,
      0.167766
    ],
    [
      1783658760,
      0.16699
    ]
  ],
  "tron": [
    [
      1783652444,
      0.331612
    ],
    [
      1783653345,
      0.331124
    ],
    [
      1783654253,
      0.331064
    ],
    [
      1783655154,
      0.331092
    ],
    [
      1783656957,
      0.331352
    ],
    [
      1783657859,
      0.331314
    ],
    [
      1783658760,
      0.331287
    ]
  ],
  "chainlink": [
    [
      1783652444,
      7.92
    ],
    [
      1783653345,
      7.9
    ],
    [
      1783654253,
      7.89
    ],
    [
      1783655154,
      7.89
    ],
    [
      1783656957,
      7.9
    ],
    [
      1783657859,
      7.89
    ],
    [
      1783658760,
      7.88
    ]
  ],
  "the-open-network": [
    [
      1783652444,
      1.62
    ],
    [
      1783653345,
      1.62
    ],
    [
      1783654253,
      1.62
    ],
    [
      1783655154,
      1.62
    ],
    [
      1783656957,
      1.63
    ],
    [
      1783657859,
      1.62
    ],
    [
      1783658760,
      1.63
    ]
  ],
  "stellar": [
    [
      1783652444,
      0.189139
    ],
    [
      1783653345,
      0.189157
    ],
    [
      1783654253,
      0.190165
    ],
    [
      1783655154,
      0.190284
    ],
    [
      1783656957,
      0.190231
    ],
    [
      1783657859,
      0.190068
    ],
    [
      1783658760,
      0.190102
    ]
  ],
  "hedera-hashgraph": [
    [
      1783652444,
      0.070672
    ],
    [
      1783653345,
      0.070438
    ],
    [
      1783654253,
      0.070382
    ],
    [
      1783655154,
      0.070329
    ],
    [
      1783656957,
      0.070556
    ],
    [
      1783657859,
      0.070533
    ],
    [
      1783658760,
      0.070715
    ]
  ],
  "sui": [
    [
      1783652444,
      0.724596
    ],
    [
      1783653345,
      0.723608
    ],
    [
      1783654253,
      0.724086
    ],
    [
      1783655154,
      0.72411
    ],
    [
      1783656957,
      0.725912
    ],
    [
      1783657859,
      0.724839
    ],
    [
      1783658760,
      0.724925
    ]
  ],
  "bitcoin-cash": [
    [
      1783652444,
      242.47
    ],
    [
      1783653345,
      242.0
    ],
    [
      1783654253,
      242.21
    ],
    [
      1783655154,
      242.4
    ],
    [
      1783656957,
      241.93
    ],
    [
      1783657859,
      242.31
    ],
    [
      1783658760,
      242.17
    ]
  ],
  "litecoin": [
    [
      1783652444,
      44.32
    ],
    [
      1783653345,
      44.18
    ],
    [
      1783654253,
      44.22
    ],
    [
      1783655154,
      44.26
    ],
    [
      1783656957,
      44.35
    ],
    [
      1783657859,
      44.3
    ],
    [
      1783658760,
      44.38
    ]
  ],
  "polkadot": [
    [
      1783652444,
      0.840666
    ],
    [
      1783653345,
      0.840254
    ],
    [
      1783654253,
      0.843186
    ],
    [
      1783655154,
      0.844558
    ],
    [
      1783656957,
      0.8456
    ],
    [
      1783657859,
      0.843241
    ],
    [
      1783658760,
      0.842994
    ]
  ],
  "hyperliquid": [
    [
      1783652444,
      68.26
    ],
    [
      1783653345,
      68.07
    ],
    [
      1783654253,
      68.04
    ],
    [
      1783655154,
      68.31
    ],
    [
      1783656957,
      68.34
    ],
    [
      1783657859,
      68.22
    ],
    [
      1783658760,
      68.26
    ]
  ],
  "monero": [
    [
      1783652444,
      317.34
    ],
    [
      1783653345,
      317.39
    ],
    [
      1783654253,
      317.52
    ],
    [
      1783655154,
      317.32
    ],
    [
      1783656957,
      317.24
    ],
    [
      1783657859,
      316.36
    ],
    [
      1783658760,
      315.44
    ]
  ],
  "_alerts_sent": {}
}