{
  "bitcoin": [
    [
      1783518106,
      61994
    ],
    [
      1783519008,
      61664.7
    ],
    [
      1783519909,
      61985
    ],
    [
      1783520811,
      62052
    ],
    [
      1783521713,
      61890
    ],
    [
      1783522614,
      61878.4
    ],
    [
      1783523516,
      61647
    ],
    [
      1783524421,
      61508
    ]
  ],
  "ethereum": [
    [
      1783518106,
      1741.17
    ],
    [
      1783519008,
      1732.54
    ],
    [
      1783519909,
      1735.04
    ],
    [
      1783520811,
      1735.76
    ],
    [
      1783521713,
      1729.89
    ],
    [
      1783522614,
      1729.55
    ],
    [
      1783523516,
      1719.32
    ],
    [
      1783524421,
      1714.2
    ]
  ],
  "avalanche-2": [
    [
      1783518106,
      6.44
    ],
    [
      1783519008,
      6.415
    ],
    [
      1783519909,
      6.44
    ],
    [
      1783520811,
      6.44
    ],
    [
      1783521713,
      6.42
    ],
    [
      1783522614,
      6.415
    ],
    [
      1783523516,
      6.38
    ],
    [
      1783524421,
      6.36
    ]
  ],
  "ondo-finance": [
    [
      1783518106,
      0.317843
    ],
    [
      1783519008,
      0.31631
    ],
    [
      1783519909,
      0.31753
    ],
    [
      1783520811,
      0.315769
    ],
    [
      1783521713,
      0.3149
    ],
    [
      1783522614,
      0.31211
    ],
    [
      1783523516,
      0.310561
    ],
    [
      1783524421,
      0.30954
    ]
  ],
  "binancecoin": [
    [
      1783518106,
      565.21
    ],
    [
      1783519909,
      564.73
    ],
    [
      1783520811,
      565.98
    ],
    [
      1783521713,
      564.38
    ],
    [
      1783523516,
      561.69
    ],
    [
      1783524421,
      560.91
    ]
  ],
  "ripple": [
    [
      1783518106,
      1.083
    ],
    [
      1783519909,
      1.08
    ],
    [
      1783520811,
      1.081
    ],
    [
      1783521713,
      1.078
    ],
    [
      1783523516,
      1.073
    ],
    [
      1783524421,
      1.071
    ]
  ],
  "solana": [
    [
      1783518106,
      77.19
    ],
    [
      1783519909,
      77.16
    ],
    [
      1783520811,
      77.12
    ],
    [
      1783521713,
      76.96
    ],
    [
      1783523516,
      76.85
    ],
    [
      1783524421,
      76.42
    ]
  ],
  "dogecoin": [
    [
      1783518106,
      0.072152
    ],
    [
      1783519909,
      0.071998
    ],
    [
      1783520811,
      0.071935
    ],
    [
      1783521713,
      0.071745
    ],
    [
      1783523516,
      0.071577
    ],
    [
      1783524421,
      0.071372
    ]
  ],
  "cardano": [
    [
      1783518106,
      0.167553
    ],
    [
      1783519909,
      0.168096
    ],
    [
      1783520811,
      0.167719
    ],
    [
      1783521713,
      0.166838
    ],
    [
      1783523516,
      0.166077
    ],
    [
      1783524421,
      0.165103
    ]
  ],
  "tron": [
    [
      1783518106,
      0.327629
    ],
    [
      1783519909,
      0.328246
    ],
    [
      1783520811,
      0.328539
    ],
    [
      1783521713,
      0.328699
    ],
    [
      1783523516,
      0.328481
    ],
    [
      1783524421,
      0.328157
    ]
  ],
  "chainlink": [
    [
      1783518106,
      7.62
    ],
    [
      1783519909,
      7.62
    ],
    [
      1783520811,
      7.62
    ],
    [
      1783521713,
      7.59
    ],
    [
      1783523516,
      7.55
    ],
    [
      1783524421,
      7.53
    ]
  ],
  "the-open-network": [
    [
      1783518106,
      1.6
    ],
    [
      1783519909,
      1.59
    ],
    [
      1783520811,
      1.59
    ],
    [
      1783521713,
      1.59
    ],
    [
      1783523516,
      1.58
    ],
    [
      1783524421,
      1.58
    ]
  ],
  "stellar": [
    [
      1783518106,
      0.181975
    ],
    [
      1783519909,
      0.181301
    ],
    [
      1783520811,
      0.181316
    ],
    [
      1783521713,
      0.181016
    ],
    [
      1783523516,
      0.180951
    ],
    [
      1783524421,
      0.180762
    ]
  ],
  "hedera-hashgraph": [
    [
      1783518106,
      0.069508
    ],
    [
      1783519909,
      0.069691
    ],
    [
      1783520811,
      0.06965
    ],
    [
      1783521713,
      0.069539
    ],
    [
      1783523516,
      0.069291
    ],
    [
      1783524421,
      0.069127
    ]
  ],
  "sui": [
    [
      1783518106,
      0.705666
    ],
    [
      1783519909,
      0.70708
    ],
    [
      1783520811,
      0.707154
    ],
    [
      1783521713,
      0.704796
    ],
    [
      1783523516,
      0.701635
    ],
    [
      1783524421,
      0.698367
    ]
  ],
  "bitcoin-cash": [
    [
      1783518106,
      232.33
    ],
    [
      1783519909,
      232.86
    ],
    [
      1783520811,
      233.02
    ],
    [
      1783521713,
      232.3
    ],
    [
      1783523516,
      232.17
    ],
    [
      1783524421,
      231.21
    ]
  ],
  "litecoin": [
    [
      1783518106,
      43.67
    ],
    [
      1783519909,
      43.62
    ],
    [
      1783520811,
      43.7
    ],
    [
      1783521713,
      43.68
    ],
    [
      1783523516,
      43.38
    ],
    [
      1783524421,
      43.23
    ]
  ],
  "polkadot": [
    [
      1783518106,
      0.829658
    ],
    [
      1783519909,
      0.82881
    ],
    [
      1783520811,
      0.825931
    ],
    [
      1783521713,
      0.822267
    ],
    [
      1783523516,
      0.819355
    ],
    [
      1783524421,
      0.817078
    ]
  ],
  "hyperliquid": [
    [
      1783518106,
      68.12
    ],
    [
      1783519909,
      67.78
    ],
    [
      1783520811,
      67.9
    ],
    [
      1783521713,
      67.76
    ],
    [
      1783523516,
      67.08
    ],
    [
      1783524421,
      66.86
    ]
  ],
  "monero": [
    [
      1783518106,
      321.71
    ],
    [
      1783519909,
      320.24
    ],
    [
      1783520811,
      321.22
    ],
    [
      1783521713,
      320.79
    ],
    [
      1783523516,
      318.73
    ],
    [
      1783524421,
      318.78
    ]
  ],
  "_alerts_sent": {}
}