{
  "bitcoin": [
    [
      1781693109,
      64845
    ],
    [
      1781694010,
      64725
    ],
    [
      1781694912,
      64576
    ],
    [
      1781695813,
      64651
    ],
    [
      1781696714,
      64726
    ],
    [
      1781697616,
      64775
    ],
    [
      1781698518,
      64772
    ],
    [
      1781699792,
      64794.9
    ]
  ],
  "ethereum": [
    [
      1781693109,
      1770.64
    ],
    [
      1781694010,
      1766.36
    ],
    [
      1781694912,
      1763.84
    ],
    [
      1781695813,
      1764.66
    ],
    [
      1781696714,
      1764.0
    ],
    [
      1781697616,
      1763.67
    ],
    [
      1781698518,
      1762.32
    ],
    [
      1781699792,
      1751.15
    ]
  ],
  "avalanche-2": [
    [
      1781693109,
      6.82
    ],
    [
      1781694010,
      6.81
    ],
    [
      1781694912,
      6.8
    ],
    [
      1781695813,
      6.8
    ],
    [
      1781696714,
      6.8
    ],
    [
      1781697616,
      6.81
    ],
    [
      1781698518,
      6.81
    ],
    [
      1781699792,
      6.804
    ]
  ],
  "ondo-finance": [
    [
      1781693109,
      0.370331
    ],
    [
      1781694010,
      0.369445
    ],
    [
      1781694912,
      0.36921
    ],
    [
      1781695813,
      0.36941
    ],
    [
      1781696714,
      0.369277
    ],
    [
      1781697616,
      0.370518
    ],
    [
      1781698518,
      0.370387
    ],
    [
      1781699792,
      0.36718
    ]
  ],
  "binancecoin": [
    [
      1781692207,
      602.22
    ],
    [
      1781693109,
      601.57
    ],
    [
      1781694010,
      601.12
    ],
    [
      1781694912,
      602.4
    ],
    [
      1781695813,
      602.97
    ],
    [
      1781696714,
      603.28
    ],
    [
      1781697616,
      603.88
    ],
    [
      1781698518,
      606.44
    ]
  ],
  "ripple": [
    [
      1781692207,
      1.2
    ],
    [
      1781693109,
      1.2
    ],
    [
      1781694010,
      1.2
    ],
    [
      1781694912,
      1.19
    ],
    [
      1781695813,
      1.19
    ],
    [
      1781696714,
      1.19
    ],
    [
      1781697616,
      1.19
    ],
    [
      1781698518,
      1.19
    ]
  ],
  "solana": [
    [
      1781692207,
      72.4
    ],
    [
      1781693109,
      72.3
    ],
    [
      1781694010,
      72.17
    ],
    [
      1781694912,
      71.98
    ],
    [
      1781695813,
      71.96
    ],
    [
      1781696714,
      72.07
    ],
    [
      1781697616,
      72.02
    ],
    [
      1781698518,
      72.15
    ]
  ],
  "dogecoin": [
    [
      1781692207,
      0.085993
    ],
    [
      1781693109,
      0.086015
    ],
    [
      1781694010,
      0.085948
    ],
    [
      1781694912,
      0.085804
    ],
    [
      1781695813,
      0.085667
    ],
    [
      1781696714,
      0.085853
    ],
    [
      1781697616,
      0.085831
    ],
    [
      1781698518,
      0.085893
    ]
  ],
  "cardano": [
    [
      1781692207,
      0.169228
    ],
    [
      1781693109,
      0.168959
    ],
    [
      1781694010,
      0.168983
    ],
    [
      1781694912,
      0.168626
    ],
    [
      1781695813,
      0.168659
    ],
    [
      1781696714,
      0.168885
    ],
    [
      1781697616,
      0.168916
    ],
    [
      1781698518,
      0.168837
    ]
  ],
  "tron": [
    [
      1781692207,
      0.320297
    ],
    [
      1781693109,
      0.319732
    ],
    [
      1781694010,
      0.31943
    ],
    [
      1781694912,
      0.319631
    ],
    [
      1781695813,
      0.319578
    ],
    [
      1781696714,
      0.319771
    ],
    [
      1781697616,
      0.319649
    ],
    [
      1781698518,
      0.320064
    ]
  ],
  "chainlink": [
    [
      1781692207,
      8.18
    ],
    [
      1781693109,
      8.18
    ],
    [
      1781694010,
      8.17
    ],
    [
      1781694912,
      8.14
    ],
    [
      1781695813,
      8.14
    ],
    [
      1781696714,
      8.16
    ],
    [
      1781697616,
      8.16
    ],
    [
      1781698518,
      8.16
    ]
  ],
  "the-open-network": [
    [
      1781692207,
      1.64
    ],
    [
      1781693109,
      1.65
    ],
    [
      1781694010,
      1.65
    ],
    [
      1781694912,
      1.65
    ],
    [
      1781695813,
      1.65
    ],
    [
      1781696714,
      1.65
    ],
    [
      1781697616,
      1.65
    ],
    [
      1781698518,
      1.65
    ]
  ],
  "stellar": [
    [
      1781692207,
      0.219255
    ],
    [
      1781693109,
      0.219561
    ],
    [
      1781694010,
      0.218459
    ],
    [
      1781694912,
      0.219562
    ],
    [
      1781695813,
      0.220541
    ],
    [
      1781696714,
      0.223837
    ],
    [
      1781697616,
      0.2244
    ],
    [
      1781698518,
      0.22475
    ]
  ],
  "hedera-hashgraph": [
    [
      1781692207,
      0.079847
    ],
    [
      1781693109,
      0.080267
    ],
    [
      1781694010,
      0.079836
    ],
    [
      1781694912,
      0.079776
    ],
    [
      1781695813,
      0.079977
    ],
    [
      1781696714,
      0.08018
    ],
    [
      1781697616,
      0.080022
    ],
    [
      1781698518,
      0.080302
    ]
  ],
  "sui": [
    [
      1781692207,
      0.790209
    ],
    [
      1781693109,
      0.790722
    ],
    [
      1781694010,
      0.789765
    ],
    [
      1781694912,
      0.786528
    ],
    [
      1781695813,
      0.785441
    ],
    [
      1781696714,
      0.786536
    ],
    [
      1781697616,
      0.786533
    ],
    [
      1781698518,
      0.788265
    ]
  ],
  "bitcoin-cash": [
    [
      1781692207,
      213.85
    ],
    [
      1781693109,
      213.75
    ],
    [
      1781694010,
      213.0
    ],
    [
      1781694912,
      212.04
    ],
    [
      1781695813,
      211.48
    ],
    [
      1781696714,
      211.77
    ],
    [
      1781697616,
      211.39
    ],
    [
      1781698518,
      211.94
    ]
  ],
  "litecoin": [
    [
      1781692207,
      45.27
    ],
    [
      1781693109,
      45.22
    ],
    [
      1781694010,
      45.12
    ],
    [
      1781694912,
      45.04
    ],
    [
      1781695813,
      44.98
    ],
    [
      1781696714,
      45.02
    ],
    [
      1781697616,
      45.07
    ],
    [
      1781698518,
      45.09
    ]
  ],
  "polkadot": [
    [
      1781692207,
      1.013
    ],
    [
      1781693109,
      1.011
    ],
    [
      1781694010,
      1.008
    ],
    [
      1781694912,
      1.005
    ],
    [
      1781695813,
      1.005
    ],
    [
      1781696714,
      1.005
    ],
    [
      1781697616,
      1.006
    ],
    [
      1781698518,
      1.008
    ]
  ],
  "hyperliquid": [
    [
      1781692207,
      72.54
    ],
    [
      1781693109,
      72.2
    ],
    [
      1781694010,
      72.24
    ],
    [
      1781694912,
      71.42
    ],
    [
      1781695813,
      70.89
    ],
    [
      1781696714,
      71.03
    ],
    [
      1781697616,
      71.02
    ],
    [
      1781698518,
      71.08
    ]
  ],
  "monero": [
    [
      1781692207,
      344.12
    ],
    [
      1781693109,
      342.73
    ],
    [
      1781694010,
      338.93
    ],
    [
      1781694912,
      340.76
    ],
    [
      1781695813,
      338.78
    ],
    [
      1781696714,
      342.02
    ],
    [
      1781697616,
      339.85
    ],
    [
      1781698518,
      338.73
    ]
  ],
  "_alerts_sent": {}
}