{
  "bitcoin": [
    [
      1784278762,
      62863
    ],
    [
      1784279663,
      62863
    ],
    [
      1784280565,
      62901
    ],
    [
      1784281466,
      62988
    ],
    [
      1784282368,
      62937
    ],
    [
      1784283269,
      62987
    ],
    [
      1784284170,
      63042
    ],
    [
      1784285072,
      63112
    ]
  ],
  "ethereum": [
    [
      1784278762,
      1830.13
    ],
    [
      1784279663,
      1829.44
    ],
    [
      1784280565,
      1830.46
    ],
    [
      1784281466,
      1833.23
    ],
    [
      1784282368,
      1833.1
    ],
    [
      1784283269,
      1834.33
    ],
    [
      1784284170,
      1836.62
    ],
    [
      1784285072,
      1837.1
    ]
  ],
  "avalanche-2": [
    [
      1784278762,
      6.46
    ],
    [
      1784279663,
      6.48
    ],
    [
      1784280565,
      6.48
    ],
    [
      1784281466,
      6.48
    ],
    [
      1784282368,
      6.49
    ],
    [
      1784283269,
      6.5
    ],
    [
      1784284170,
      6.49
    ],
    [
      1784285072,
      6.49
    ]
  ],
  "ondo-finance": [
    [
      1784278762,
      0.364716
    ],
    [
      1784279663,
      0.368534
    ],
    [
      1784280565,
      0.36833
    ],
    [
      1784281466,
      0.369052
    ],
    [
      1784282368,
      0.368327
    ],
    [
      1784283269,
      0.369282
    ],
    [
      1784284170,
      0.371839
    ],
    [
      1784285072,
      0.374407
    ]
  ],
  "binancecoin": [
    [
      1784278762,
      564.1
    ],
    [
      1784279663,
      564.34
    ],
    [
      1784280565,
      564.27
    ],
    [
      1784281466,
      564.75
    ],
    [
      1784282368,
      563.82
    ],
    [
      1784283269,
      564.43
    ],
    [
      1784284170,
      563.85
    ],
    [
      1784285072,
      564.46
    ]
  ],
  "ripple": [
    [
      1784278762,
      1.084
    ],
    [
      1784279663,
      1.085
    ],
    [
      1784280565,
      1.087
    ],
    [
      1784281466,
      1.086
    ],
    [
      1784282368,
      1.084
    ],
    [
      1784283269,
      1.085
    ],
    [
      1784284170,
      1.085
    ],
    [
      1784285072,
      1.086
    ]
  ],
  "solana": [
    [
      1784278762,
      74.49
    ],
    [
      1784279663,
      74.47
    ],
    [
      1784280565,
      74.59
    ],
    [
      1784281466,
      74.67
    ],
    [
      1784282368,
      74.61
    ],
    [
      1784283269,
      74.67
    ],
    [
      1784284170,
      74.67
    ],
    [
      1784285072,
      74.73
    ]
  ],
  "dogecoin": [
    [
      1784278762,
      0.071444
    ],
    [
      1784279663,
      0.071454
    ],
    [
      1784280565,
      0.071536
    ],
    [
      1784281466,
      0.071604
    ],
    [
      1784282368,
      0.07163
    ],
    [
      1784283269,
      0.071771
    ],
    [
      1784284170,
      0.071796
    ],
    [
      1784285072,
      0.071856
    ]
  ],
  "cardano": [
    [
      1784278762,
      0.159868
    ],
    [
      1784279663,
      0.159962
    ],
    [
      1784280565,
      0.160467
    ],
    [
      1784281466,
      0.160326
    ],
    [
      1784282368,
      0.160678
    ],
    [
      1784283269,
      0.16102
    ],
    [
      1784284170,
      0.160973
    ],
    [
      1784285072,
      0.161367
    ]
  ],
  "tron": [
    [
      1784278762,
      0.321988
    ],
    [
      1784279663,
      0.322095
    ],
    [
      1784280565,
      0.322089
    ],
    [
      1784281466,
      0.321975
    ],
    [
      1784282368,
      0.321903
    ],
    [
      1784283269,
      0.321918
    ],
    [
      1784284170,
      0.321878
    ],
    [
      1784285072,
      0.321907
    ]
  ],
  "chainlink": [
    [
      1784278762,
      8.17
    ],
    [
      1784279663,
      8.17
    ],
    [
      1784280565,
      8.2
    ],
    [
      1784281466,
      8.19
    ],
    [
      1784282368,
      8.19
    ],
    [
      1784283269,
      8.2
    ],
    [
      1784284170,
      8.2
    ],
    [
      1784285072,
      8.2
    ]
  ],
  "the-open-network": [
    [
      1784278762,
      1.48
    ],
    [
      1784279663,
      1.49
    ],
    [
      1784280565,
      1.49
    ],
    [
      1784281466,
      1.49
    ],
    [
      1784282368,
      1.5
    ],
    [
      1784283269,
      1.51
    ],
    [
      1784284170,
      1.51
    ],
    [
      1784285072,
      1.52
    ]
  ],
  "stellar": [
    [
      1784278762,
      0.182896
    ],
    [
      1784279663,
      0.183016
    ],
    [
      1784280565,
      0.183517
    ],
    [
      1784281466,
      0.183651
    ],
    [
      1784282368,
      0.183489
    ],
    [
      1784283269,
      0.183824
    ],
    [
      1784284170,
      0.183667
    ],
    [
      1784285072,
      0.18402
    ]
  ],
  "hedera-hashgraph": [
    [
      1784278762,
      0.066054
    ],
    [
      1784279663,
      0.066111
    ],
    [
      1784280565,
      0.06611
    ],
    [
      1784281466,
      0.066127
    ],
    [
      1784282368,
      0.06617
    ],
    [
      1784283269,
      0.066361
    ],
    [
      1784284170,
      0.066315
    ],
    [
      1784285072,
      0.066274
    ]
  ],
  "sui": [
    [
      1784278762,
      0.728715
    ],
    [
      1784279663,
      0.729934
    ],
    [
      1784280565,
      0.732691
    ],
    [
      1784281466,
      0.73358
    ],
    [
      1784282368,
      0.733935
    ],
    [
      1784283269,
      0.734519
    ],
    [
      1784284170,
      0.734237
    ],
    [
      1784285072,
      0.735163
    ]
  ],
  "bitcoin-cash": [
    [
      1784278762,
      222.68
    ],
    [
      1784279663,
      222.84
    ],
    [
      1784280565,
      223.09
    ],
    [
      1784281466,
      222.84
    ],
    [
      1784282368,
      222.9
    ],
    [
      1784283269,
      222.94
    ],
    [
      1784284170,
      222.18
    ],
    [
      1784285072,
      222.32
    ]
  ],
  "litecoin": [
    [
      1784278762,
      44.38
    ],
    [
      1784279663,
      44.37
    ],
    [
      1784280565,
      44.5
    ],
    [
      1784281466,
      44.58
    ],
    [
      1784282368,
      44.59
    ],
    [
      1784283269,
      44.78
    ],
    [
      1784284170,
      44.77
    ],
    [
      1784285072,
      44.83
    ]
  ],
  "polkadot": [
    [
      1784278762,
      0.85139
    ],
    [
      1784279663,
      0.8524
    ],
    [
      1784280565,
      0.852463
    ],
    [
      1784281466,
      0.852932
    ],
    [
      1784282368,
      0.855076
    ],
    [
      1784283269,
      0.855626
    ],
    [
      1784284170,
      0.855114
    ],
    [
      1784285072,
      0.857355
    ]
  ],
  "hyperliquid": [
    [
      1784278762,
      59.68
    ],
    [
      1784279663,
      59.68
    ],
    [
      1784280565,
      60.23
    ],
    [
      1784281466,
      60.92
    ],
    [
      1784282368,
      60.56
    ],
    [
      1784283269,
      60.46
    ],
    [
      1784284170,
      60.46
    ],
    [
      1784285072,
      60.51
    ]
  ],
  "monero": [
    [
      1784278762,
      326.94
    ],
    [
      1784279663,
      326.39
    ],
    [
      1784280565,
      325.06
    ],
    [
      1784281466,
      324.88
    ],
    [
      1784282368,
      324.2
    ],
    [
      1784283269,
      324.12
    ],
    [
      1784284170,
      324.69
    ],
    [
      1784285072,
      324.48
    ]
  ],
  "_alerts_sent": {}
}