{
  "bitcoin": [
    [
      1783038694,
      61210
    ],
    [
      1783039596,
      61260
    ],
    [
      1783040497,
      61238
    ],
    [
      1783041398,
      61548
    ],
    [
      1783042299,
      61483
    ],
    [
      1783043200,
      61564
    ],
    [
      1783044102,
      61522.6
    ],
    [
      1783045004,
      61445
    ]
  ],
  "ethereum": [
    [
      1783038694,
      1694.92
    ],
    [
      1783039596,
      1696.3
    ],
    [
      1783040497,
      1694.68
    ],
    [
      1783041398,
      1711.73
    ],
    [
      1783042299,
      1706.99
    ],
    [
      1783043200,
      1713.57
    ],
    [
      1783044102,
      1710.72
    ],
    [
      1783045004,
      1706.1
    ]
  ],
  "avalanche-2": [
    [
      1783038694,
      6.79
    ],
    [
      1783039596,
      6.78
    ],
    [
      1783040497,
      6.78
    ],
    [
      1783041398,
      6.82
    ],
    [
      1783042299,
      6.82
    ],
    [
      1783043200,
      6.85
    ],
    [
      1783044102,
      6.85
    ],
    [
      1783045004,
      6.84
    ]
  ],
  "ondo-finance": [
    [
      1783038694,
      0.327706
    ],
    [
      1783039596,
      0.328238
    ],
    [
      1783040497,
      0.328365
    ],
    [
      1783041398,
      0.330939
    ],
    [
      1783042299,
      0.332097
    ],
    [
      1783043200,
      0.332864
    ],
    [
      1783044102,
      0.33302
    ],
    [
      1783045004,
      0.332404
    ]
  ],
  "binancecoin": [
    [
      1783038694,
      556.93
    ],
    [
      1783039596,
      557.31
    ],
    [
      1783040497,
      557.02
    ],
    [
      1783041398,
      559.55
    ],
    [
      1783042299,
      559.64
    ],
    [
      1783043200,
      560.9
    ],
    [
      1783045004,
      559.95
    ]
  ],
  "ripple": [
    [
      1783038694,
      1.084
    ],
    [
      1783039596,
      1.083
    ],
    [
      1783040497,
      1.083
    ],
    [
      1783041398,
      1.088
    ],
    [
      1783042299,
      1.091
    ],
    [
      1783043200,
      1.094
    ],
    [
      1783045004,
      1.091
    ]
  ],
  "solana": [
    [
      1783038694,
      80.56
    ],
    [
      1783039596,
      80.72
    ],
    [
      1783040497,
      80.71
    ],
    [
      1783041398,
      81.06
    ],
    [
      1783042299,
      81.11
    ],
    [
      1783043200,
      81.42
    ],
    [
      1783045004,
      81.32
    ]
  ],
  "dogecoin": [
    [
      1783038694,
      0.074051
    ],
    [
      1783039596,
      0.073939
    ],
    [
      1783040497,
      0.073901
    ],
    [
      1783041398,
      0.074314
    ],
    [
      1783042299,
      0.074432
    ],
    [
      1783043200,
      0.074771
    ],
    [
      1783045004,
      0.074577
    ]
  ],
  "cardano": [
    [
      1783038694,
      0.160846
    ],
    [
      1783039596,
      0.160924
    ],
    [
      1783040497,
      0.161204
    ],
    [
      1783041398,
      0.162555
    ],
    [
      1783042299,
      0.164477
    ],
    [
      1783043200,
      0.165099
    ],
    [
      1783045004,
      0.165793
    ]
  ],
  "tron": [
    [
      1783038694,
      0.317099
    ],
    [
      1783039596,
      0.317001
    ],
    [
      1783040497,
      0.317064
    ],
    [
      1783041398,
      0.317201
    ],
    [
      1783042299,
      0.317339
    ],
    [
      1783043200,
      0.317279
    ],
    [
      1783045004,
      0.316929
    ]
  ],
  "chainlink": [
    [
      1783038694,
      7.73
    ],
    [
      1783039596,
      7.72
    ],
    [
      1783040497,
      7.72
    ],
    [
      1783041398,
      7.77
    ],
    [
      1783042299,
      7.78
    ],
    [
      1783043200,
      7.81
    ],
    [
      1783045004,
      7.77
    ]
  ],
  "the-open-network": [
    [
      1783038694,
      1.65
    ],
    [
      1783039596,
      1.65
    ],
    [
      1783040497,
      1.65
    ],
    [
      1783041398,
      1.65
    ],
    [
      1783042299,
      1.65
    ],
    [
      1783043200,
      1.64
    ],
    [
      1783045004,
      1.64
    ]
  ],
  "stellar": [
    [
      1783038694,
      0.196872
    ],
    [
      1783039596,
      0.19656
    ],
    [
      1783040497,
      0.196565
    ],
    [
      1783041398,
      0.198496
    ],
    [
      1783042299,
      0.199472
    ],
    [
      1783043200,
      0.19983
    ],
    [
      1783045004,
      0.19882
    ]
  ],
  "hedera-hashgraph": [
    [
      1783038694,
      0.070649
    ],
    [
      1783039596,
      0.070473
    ],
    [
      1783040497,
      0.070956
    ],
    [
      1783041398,
      0.071237
    ],
    [
      1783042299,
      0.071525
    ],
    [
      1783043200,
      0.071715
    ],
    [
      1783045004,
      0.071928
    ]
  ],
  "sui": [
    [
      1783038694,
      0.731735
    ],
    [
      1783039596,
      0.729012
    ],
    [
      1783040497,
      0.729062
    ],
    [
      1783041398,
      0.733963
    ],
    [
      1783042299,
      0.735146
    ],
    [
      1783043200,
      0.738838
    ],
    [
      1783045004,
      0.736932
    ]
  ],
  "bitcoin-cash": [
    [
      1783038694,
      219.75
    ],
    [
      1783039596,
      219.7
    ],
    [
      1783040497,
      219.71
    ],
    [
      1783041398,
      221.13
    ],
    [
      1783042299,
      223.68
    ],
    [
      1783043200,
      223.54
    ],
    [
      1783045004,
      222.57
    ]
  ],
  "litecoin": [
    [
      1783038694,
      43.39
    ],
    [
      1783039596,
      43.47
    ],
    [
      1783040497,
      43.5
    ],
    [
      1783041398,
      43.71
    ],
    [
      1783042299,
      43.72
    ],
    [
      1783043200,
      43.74
    ],
    [
      1783045004,
      43.62
    ]
  ],
  "polkadot": [
    [
      1783038694,
      0.837441
    ],
    [
      1783039596,
      0.838093
    ],
    [
      1783040497,
      0.838248
    ],
    [
      1783041398,
      0.84564
    ],
    [
      1783042299,
      0.846493
    ],
    [
      1783043200,
      0.850554
    ],
    [
      1783045004,
      0.84822
    ]
  ],
  "hyperliquid": [
    [
      1783038694,
      66.4
    ],
    [
      1783039596,
      66.17
    ],
    [
      1783040497,
      65.98
    ],
    [
      1783041398,
      66.55
    ],
    [
      1783042299,
      66.71
    ],
    [
      1783043200,
      66.79
    ],
    [
      1783045004,
      66.78
    ]
  ],
  "monero": [
    [
      1783038694,
      316.52
    ],
    [
      1783039596,
      316.9
    ],
    [
      1783040497,
      317.37
    ],
    [
      1783041398,
      317.89
    ],
    [
      1783042299,
      317.48
    ],
    [
      1783043200,
      317.89
    ],
    [
      1783045004,
      316.41
    ]
  ],
  "_alerts_sent": {}
}