{
  "bitcoin": [
    [
      1782294742,
      62595
    ],
    [
      1782295643,
      62545
    ],
    [
      1782296545,
      62456
    ],
    [
      1782297447,
      62485
    ],
    [
      1782298348,
      62433
    ],
    [
      1782299250,
      62310
    ],
    [
      1782300151,
      62264
    ],
    [
      1782301053,
      62399
    ]
  ],
  "ethereum": [
    [
      1782294742,
      1665.62
    ],
    [
      1782295643,
      1663.93
    ],
    [
      1782296545,
      1662.45
    ],
    [
      1782297447,
      1663.59
    ],
    [
      1782298348,
      1662.45
    ],
    [
      1782299250,
      1660.08
    ],
    [
      1782300151,
      1654.93
    ],
    [
      1782301053,
      1660.21
    ]
  ],
  "avalanche-2": [
    [
      1782294742,
      6.39
    ],
    [
      1782295643,
      6.41
    ],
    [
      1782296545,
      6.4
    ],
    [
      1782297447,
      6.39
    ],
    [
      1782298348,
      6.4
    ],
    [
      1782299250,
      6.4
    ],
    [
      1782300151,
      6.37
    ],
    [
      1782301053,
      6.38
    ]
  ],
  "ondo-finance": [
    [
      1782294742,
      0.305639
    ],
    [
      1782295643,
      0.305329
    ],
    [
      1782296545,
      0.303753
    ],
    [
      1782297447,
      0.303715
    ],
    [
      1782298348,
      0.304081
    ],
    [
      1782299250,
      0.30368
    ],
    [
      1782300151,
      0.302287
    ],
    [
      1782301053,
      0.302885
    ]
  ],
  "binancecoin": [
    [
      1782294742,
      576.25
    ],
    [
      1782295643,
      576.08
    ],
    [
      1782296545,
      575.13
    ],
    [
      1782297447,
      575.11
    ],
    [
      1782298348,
      575.27
    ],
    [
      1782299250,
      574.69
    ],
    [
      1782300151,
      573.59
    ],
    [
      1782301053,
      575.43
    ]
  ],
  "ripple": [
    [
      1782294742,
      1.097
    ],
    [
      1782295643,
      1.097
    ],
    [
      1782296545,
      1.089
    ],
    [
      1782297447,
      1.085
    ],
    [
      1782298348,
      1.086
    ],
    [
      1782299250,
      1.085
    ],
    [
      1782300151,
      1.082
    ],
    [
      1782301053,
      1.085
    ]
  ],
  "solana": [
    [
      1782294742,
      69.2
    ],
    [
      1782295643,
      69.17
    ],
    [
      1782296545,
      69.03
    ],
    [
      1782297447,
      69.07
    ],
    [
      1782298348,
      69.04
    ],
    [
      1782299250,
      68.97
    ],
    [
      1782300151,
      68.77
    ],
    [
      1782301053,
      68.93
    ]
  ],
  "dogecoin": [
    [
      1782294742,
      0.078766
    ],
    [
      1782295643,
      0.078816
    ],
    [
      1782296545,
      0.078567
    ],
    [
      1782297447,
      0.078594
    ],
    [
      1782298348,
      0.078609
    ],
    [
      1782299250,
      0.07844
    ],
    [
      1782300151,
      0.078024
    ],
    [
      1782301053,
      0.078239
    ]
  ],
  "cardano": [
    [
      1782294742,
      0.150108
    ],
    [
      1782295643,
      0.149961
    ],
    [
      1782296545,
      0.146284
    ],
    [
      1782297447,
      0.147051
    ],
    [
      1782298348,
      0.147134
    ],
    [
      1782299250,
      0.146895
    ],
    [
      1782300151,
      0.146568
    ],
    [
      1782301053,
      0.146902
    ]
  ],
  "tron": [
    [
      1782294742,
      0.330616
    ],
    [
      1782295643,
      0.330727
    ],
    [
      1782296545,
      0.330583
    ],
    [
      1782297447,
      0.330648
    ],
    [
      1782298348,
      0.331178
    ],
    [
      1782299250,
      0.330935
    ],
    [
      1782300151,
      0.330805
    ],
    [
      1782301053,
      0.330971
    ]
  ],
  "chainlink": [
    [
      1782294742,
      7.6
    ],
    [
      1782295643,
      7.61
    ],
    [
      1782296545,
      7.58
    ],
    [
      1782297447,
      7.58
    ],
    [
      1782298348,
      7.58
    ],
    [
      1782299250,
      7.58
    ],
    [
      1782300151,
      7.54
    ],
    [
      1782301053,
      7.54
    ]
  ],
  "the-open-network": [
    [
      1782294742,
      1.59
    ],
    [
      1782295643,
      1.58
    ],
    [
      1782296545,
      1.58
    ],
    [
      1782297447,
      1.6
    ],
    [
      1782298348,
      1.6
    ],
    [
      1782299250,
      1.61
    ],
    [
      1782300151,
      1.61
    ],
    [
      1782301053,
      1.61
    ]
  ],
  "stellar": [
    [
      1782294742,
      0.191483
    ],
    [
      1782295643,
      0.191584
    ],
    [
      1782296545,
      0.190743
    ],
    [
      1782297447,
      0.190349
    ],
    [
      1782298348,
      0.190597
    ],
    [
      1782299250,
      0.190109
    ],
    [
      1782300151,
      0.189858
    ],
    [
      1782301053,
      0.190119
    ]
  ],
  "hedera-hashgraph": [
    [
      1782294742,
      0.076855
    ],
    [
      1782295643,
      0.076826
    ],
    [
      1782296545,
      0.076734
    ],
    [
      1782297447,
      0.076603
    ],
    [
      1782298348,
      0.076688
    ],
    [
      1782299250,
      0.076593
    ],
    [
      1782300151,
      0.07607
    ],
    [
      1782301053,
      0.076159
    ]
  ],
  "sui": [
    [
      1782294742,
      0.698592
    ],
    [
      1782295643,
      0.698979
    ],
    [
      1782296545,
      0.697156
    ],
    [
      1782297447,
      0.697441
    ],
    [
      1782298348,
      0.697458
    ],
    [
      1782299250,
      0.695835
    ],
    [
      1782300151,
      0.694953
    ],
    [
      1782301053,
      0.699193
    ]
  ],
  "bitcoin-cash": [
    [
      1782294742,
      192.84
    ],
    [
      1782295643,
      193.14
    ],
    [
      1782296545,
      192.81
    ],
    [
      1782297447,
      192.33
    ],
    [
      1782298348,
      192.38
    ],
    [
      1782299250,
      192.03
    ],
    [
      1782300151,
      191.37
    ],
    [
      1782301053,
      192.03
    ]
  ],
  "litecoin": [
    [
      1782294742,
      42.06
    ],
    [
      1782295643,
      42.04
    ],
    [
      1782296545,
      41.98
    ],
    [
      1782297447,
      41.89
    ],
    [
      1782298348,
      41.89
    ],
    [
      1782299250,
      41.85
    ],
    [
      1782300151,
      41.78
    ],
    [
      1782301053,
      41.84
    ]
  ],
  "polkadot": [
    [
      1782294742,
      0.902083
    ],
    [
      1782295643,
      0.902681
    ],
    [
      1782296545,
      0.899548
    ],
    [
      1782297447,
      0.8997
    ],
    [
      1782298348,
      0.899348
    ],
    [
      1782299250,
      0.899258
    ],
    [
      1782300151,
      0.894891
    ],
    [
      1782301053,
      0.896998
    ]
  ],
  "hyperliquid": [
    [
      1782294742,
      62.3
    ],
    [
      1782295643,
      62.27
    ],
    [
      1782296545,
      62.26
    ],
    [
      1782297447,
      62.33
    ],
    [
      1782298348,
      62.18
    ],
    [
      1782299250,
      62.06
    ],
    [
      1782300151,
      61.7
    ],
    [
      1782301053,
      61.91
    ]
  ],
  "monero": [
    [
      1782294742,
      326.78
    ],
    [
      1782295643,
      324.99
    ],
    [
      1782296545,
      322.92
    ],
    [
      1782297447,
      320.68
    ],
    [
      1782298348,
      322.91
    ],
    [
      1782299250,
      321.16
    ],
    [
      1782300151,
      320.86
    ],
    [
      1782301053,
      322.0
    ]
  ],
  "_alerts_sent": {}
}