{
  "bitcoin": [
    [
      1784266141,
      63259
    ],
    [
      1784267042,
      62947
    ],
    [
      1784267944,
      62777
    ],
    [
      1784268845,
      62754
    ],
    [
      1784269746,
      62841
    ],
    [
      1784270648,
      62833
    ],
    [
      1784271549,
      62866
    ],
    [
      1784272450,
      62842
    ]
  ],
  "ethereum": [
    [
      1784266141,
      1839.04
    ],
    [
      1784267042,
      1831.75
    ],
    [
      1784267944,
      1821.8
    ],
    [
      1784268845,
      1824.78
    ],
    [
      1784269746,
      1832.71
    ],
    [
      1784270648,
      1831.38
    ],
    [
      1784271549,
      1829.96
    ],
    [
      1784272450,
      1828.81
    ]
  ],
  "avalanche-2": [
    [
      1784266141,
      6.5
    ],
    [
      1784267042,
      6.48
    ],
    [
      1784267944,
      6.45
    ],
    [
      1784268845,
      6.47
    ],
    [
      1784269746,
      6.48
    ],
    [
      1784270648,
      6.49
    ],
    [
      1784271549,
      6.48
    ],
    [
      1784272450,
      6.48
    ]
  ],
  "ondo-finance": [
    [
      1784266141,
      0.36667
    ],
    [
      1784267042,
      0.36719
    ],
    [
      1784267944,
      0.361131
    ],
    [
      1784268845,
      0.364013
    ],
    [
      1784269746,
      0.363403
    ],
    [
      1784270648,
      0.366151
    ],
    [
      1784271549,
      0.366325
    ],
    [
      1784272450,
      0.364453
    ]
  ],
  "binancecoin": [
    [
      1784266141,
      570.51
    ],
    [
      1784267042,
      568.66
    ],
    [
      1784267944,
      566.96
    ],
    [
      1784268845,
      567.51
    ],
    [
      1784269746,
      568.44
    ],
    [
      1784270648,
      569.11
    ],
    [
      1784271549,
      569.21
    ],
    [
      1784272450,
      568.94
    ]
  ],
  "ripple": [
    [
      1784266141,
      1.086
    ],
    [
      1784267042,
      1.083
    ],
    [
      1784267944,
      1.08
    ],
    [
      1784268845,
      1.082
    ],
    [
      1784269746,
      1.084
    ],
    [
      1784270648,
      1.086
    ],
    [
      1784271549,
      1.085
    ],
    [
      1784272450,
      1.085
    ]
  ],
  "solana": [
    [
      1784266141,
      74.89
    ],
    [
      1784267042,
      74.7
    ],
    [
      1784267944,
      74.35
    ],
    [
      1784268845,
      74.46
    ],
    [
      1784269746,
      74.6
    ],
    [
      1784270648,
      74.59
    ],
    [
      1784271549,
      74.49
    ],
    [
      1784272450,
      74.48
    ]
  ],
  "dogecoin": [
    [
      1784266141,
      0.072026
    ],
    [
      1784267042,
      0.071799
    ],
    [
      1784267944,
      0.07154
    ],
    [
      1784268845,
      0.071565
    ],
    [
      1784269746,
      0.071781
    ],
    [
      1784270648,
      0.07184
    ],
    [
      1784271549,
      0.07172
    ],
    [
      1784272450,
      0.071731
    ]
  ],
  "cardano": [
    [
      1784266141,
      0.159636
    ],
    [
      1784267042,
      0.158818
    ],
    [
      1784267944,
      0.158194
    ],
    [
      1784268845,
      0.158424
    ],
    [
      1784269746,
      0.158854
    ],
    [
      1784270648,
      0.159048
    ],
    [
      1784271549,
      0.158749
    ],
    [
      1784272450,
      0.158968
    ]
  ],
  "tron": [
    [
      1784266141,
      0.321832
    ],
    [
      1784267042,
      0.32178
    ],
    [
      1784267944,
      0.321763
    ],
    [
      1784268845,
      0.321814
    ],
    [
      1784269746,
      0.321994
    ],
    [
      1784270648,
      0.322016
    ],
    [
      1784271549,
      0.321878
    ],
    [
      1784272450,
      0.321991
    ]
  ],
  "chainlink": [
    [
      1784266141,
      8.25
    ],
    [
      1784267042,
      8.23
    ],
    [
      1784267944,
      8.18
    ],
    [
      1784268845,
      8.18
    ],
    [
      1784269746,
      8.2
    ],
    [
      1784270648,
      8.19
    ],
    [
      1784271549,
      8.17
    ],
    [
      1784272450,
      8.17
    ]
  ],
  "the-open-network": [
    [
      1784266141,
      1.49
    ],
    [
      1784267042,
      1.42
    ],
    [
      1784267944,
      1.41
    ],
    [
      1784268845,
      1.41
    ],
    [
      1784269746,
      1.43
    ],
    [
      1784270648,
      1.44
    ],
    [
      1784271549,
      1.45
    ],
    [
      1784272450,
      1.45
    ]
  ],
  "stellar": [
    [
      1784266141,
      0.183591
    ],
    [
      1784267042,
      0.183178
    ],
    [
      1784267944,
      0.182649
    ],
    [
      1784268845,
      0.182988
    ],
    [
      1784269746,
      0.183468
    ],
    [
      1784270648,
      0.183255
    ],
    [
      1784271549,
      0.182959
    ],
    [
      1784272450,
      0.182936
    ]
  ],
  "hedera-hashgraph": [
    [
      1784266141,
      0.066297
    ],
    [
      1784267042,
      0.066207
    ],
    [
      1784267944,
      0.065917
    ],
    [
      1784268845,
      0.066017
    ],
    [
      1784269746,
      0.066083
    ],
    [
      1784270648,
      0.066127
    ],
    [
      1784271549,
      0.066067
    ],
    [
      1784272450,
      0.066156
    ]
  ],
  "sui": [
    [
      1784266141,
      0.739915
    ],
    [
      1784267042,
      0.73509
    ],
    [
      1784267944,
      0.731467
    ],
    [
      1784268845,
      0.732003
    ],
    [
      1784269746,
      0.734406
    ],
    [
      1784270648,
      0.734013
    ],
    [
      1784271549,
      0.732822
    ],
    [
      1784272450,
      0.733118
    ]
  ],
  "bitcoin-cash": [
    [
      1784266141,
      223.29
    ],
    [
      1784267042,
      222.81
    ],
    [
      1784267944,
      221.91
    ],
    [
      1784268845,
      222.47
    ],
    [
      1784269746,
      223.13
    ],
    [
      1784270648,
      222.48
    ],
    [
      1784271549,
      222.52
    ],
    [
      1784272450,
      222.76
    ]
  ],
  "litecoin": [
    [
      1784266141,
      45.46
    ],
    [
      1784267042,
      45.25
    ],
    [
      1784267944,
      45.12
    ],
    [
      1784268845,
      45.0
    ],
    [
      1784269746,
      45.07
    ],
    [
      1784270648,
      45.06
    ],
    [
      1784271549,
      44.94
    ],
    [
      1784272450,
      44.91
    ]
  ],
  "polkadot": [
    [
      1784266141,
      0.855371
    ],
    [
      1784267042,
      0.850253
    ],
    [
      1784267944,
      0.845577
    ],
    [
      1784268845,
      0.845841
    ],
    [
      1784269746,
      0.849848
    ],
    [
      1784270648,
      0.849425
    ],
    [
      1784271549,
      0.849771
    ],
    [
      1784272450,
      0.853098
    ]
  ],
  "hyperliquid": [
    [
      1784266141,
      59.04
    ],
    [
      1784267042,
      59.13
    ],
    [
      1784267944,
      59.21
    ],
    [
      1784268845,
      59.36
    ],
    [
      1784269746,
      59.25
    ],
    [
      1784270648,
      59.19
    ],
    [
      1784271549,
      58.98
    ],
    [
      1784272450,
      59.22
    ]
  ],
  "monero": [
    [
      1784266141,
      330.38
    ],
    [
      1784267042,
      330.4
    ],
    [
      1784267944,
      329.34
    ],
    [
      1784268845,
      329.84
    ],
    [
      1784269746,
      330.38
    ],
    [
      1784270648,
      330.55
    ],
    [
      1784271549,
      330.24
    ],
    [
      1784272450,
      329.49
    ]
  ],
  "_alerts_sent": {}
}