{
  "bitcoin": [
    [
      1783237160,
      62837
    ],
    [
      1783238061,
      62931.9
    ],
    [
      1783238963,
      62933
    ],
    [
      1783239864,
      62917
    ],
    [
      1783240765,
      62884
    ],
    [
      1783241667,
      62864.0
    ],
    [
      1783242568,
      62823
    ],
    [
      1783243469,
      62751
    ]
  ],
  "ethereum": [
    [
      1783237160,
      1765.5
    ],
    [
      1783238061,
      1767.58
    ],
    [
      1783238963,
      1767.42
    ],
    [
      1783239864,
      1767.01
    ],
    [
      1783240765,
      1766.13
    ],
    [
      1783241667,
      1766.05
    ],
    [
      1783242568,
      1765.45
    ],
    [
      1783243469,
      1763.04
    ]
  ],
  "avalanche-2": [
    [
      1783237160,
      6.79
    ],
    [
      1783238061,
      6.811
    ],
    [
      1783238963,
      6.81
    ],
    [
      1783239864,
      6.81
    ],
    [
      1783240765,
      6.82
    ],
    [
      1783241667,
      6.811
    ],
    [
      1783242568,
      6.81
    ],
    [
      1783243469,
      6.81
    ]
  ],
  "ondo-finance": [
    [
      1783237160,
      0.328029
    ],
    [
      1783238061,
      0.32892
    ],
    [
      1783238963,
      0.328946
    ],
    [
      1783239864,
      0.328277
    ],
    [
      1783240765,
      0.327825
    ],
    [
      1783241667,
      0.32766
    ],
    [
      1783242568,
      0.327379
    ],
    [
      1783243469,
      0.327542
    ]
  ],
  "binancecoin": [
    [
      1783237160,
      573.39
    ],
    [
      1783238963,
      575.11
    ],
    [
      1783239864,
      575.66
    ],
    [
      1783240765,
      576.82
    ],
    [
      1783242568,
      577.04
    ],
    [
      1783243469,
      575.95
    ]
  ],
  "ripple": [
    [
      1783237160,
      1.14
    ],
    [
      1783238963,
      1.14
    ],
    [
      1783239864,
      1.14
    ],
    [
      1783240765,
      1.14
    ],
    [
      1783242568,
      1.14
    ],
    [
      1783243469,
      1.14
    ]
  ],
  "solana": [
    [
      1783237160,
      80.48
    ],
    [
      1783238963,
      80.59
    ],
    [
      1783239864,
      80.47
    ],
    [
      1783240765,
      80.49
    ],
    [
      1783242568,
      80.41
    ],
    [
      1783243469,
      80.31
    ]
  ],
  "dogecoin": [
    [
      1783237160,
      0.075903
    ],
    [
      1783238963,
      0.076039
    ],
    [
      1783239864,
      0.076015
    ],
    [
      1783240765,
      0.075982
    ],
    [
      1783242568,
      0.075906
    ],
    [
      1783243469,
      0.075878
    ]
  ],
  "cardano": [
    [
      1783237160,
      0.192985
    ],
    [
      1783238963,
      0.192185
    ],
    [
      1783239864,
      0.192002
    ],
    [
      1783240765,
      0.192415
    ],
    [
      1783242568,
      0.191698
    ],
    [
      1783243469,
      0.191288
    ]
  ],
  "tron": [
    [
      1783237160,
      0.324716
    ],
    [
      1783238963,
      0.3248
    ],
    [
      1783239864,
      0.324697
    ],
    [
      1783240765,
      0.324618
    ],
    [
      1783242568,
      0.324844
    ],
    [
      1783243469,
      0.324717
    ]
  ],
  "chainlink": [
    [
      1783237160,
      7.9
    ],
    [
      1783238963,
      7.92
    ],
    [
      1783239864,
      7.92
    ],
    [
      1783240765,
      7.92
    ],
    [
      1783242568,
      7.92
    ],
    [
      1783243469,
      7.91
    ]
  ],
  "the-open-network": [
    [
      1783237160,
      1.77
    ],
    [
      1783238963,
      1.78
    ],
    [
      1783239864,
      1.77
    ],
    [
      1783240765,
      1.76
    ],
    [
      1783242568,
      1.76
    ],
    [
      1783243469,
      1.75
    ]
  ],
  "stellar": [
    [
      1783237160,
      0.198727
    ],
    [
      1783238963,
      0.198855
    ],
    [
      1783239864,
      0.199616
    ],
    [
      1783240765,
      0.19889
    ],
    [
      1783242568,
      0.199848
    ],
    [
      1783243469,
      0.199754
    ]
  ],
  "hedera-hashgraph": [
    [
      1783237160,
      0.074885
    ],
    [
      1783238963,
      0.07499
    ],
    [
      1783239864,
      0.074985
    ],
    [
      1783240765,
      0.074997
    ],
    [
      1783242568,
      0.07561
    ],
    [
      1783243469,
      0.07553
    ]
  ],
  "sui": [
    [
      1783237160,
      0.743301
    ],
    [
      1783238963,
      0.744643
    ],
    [
      1783239864,
      0.745556
    ],
    [
      1783240765,
      0.744759
    ],
    [
      1783242568,
      0.745636
    ],
    [
      1783243469,
      0.745648
    ]
  ],
  "bitcoin-cash": [
    [
      1783237160,
      239.62
    ],
    [
      1783238963,
      240.45
    ],
    [
      1783239864,
      241.58
    ],
    [
      1783240765,
      240.21
    ],
    [
      1783242568,
      241.26
    ],
    [
      1783243469,
      241.33
    ]
  ],
  "litecoin": [
    [
      1783237160,
      44.35
    ],
    [
      1783238963,
      44.41
    ],
    [
      1783239864,
      44.4
    ],
    [
      1783240765,
      44.4
    ],
    [
      1783242568,
      44.41
    ],
    [
      1783243469,
      44.39
    ]
  ],
  "polkadot": [
    [
      1783237160,
      0.869217
    ],
    [
      1783238963,
      0.871076
    ],
    [
      1783239864,
      0.870407
    ],
    [
      1783240765,
      0.869839
    ],
    [
      1783242568,
      0.870523
    ],
    [
      1783243469,
      0.868259
    ]
  ],
  "hyperliquid": [
    [
      1783237160,
      68.5
    ],
    [
      1783238963,
      68.64
    ],
    [
      1783239864,
      68.52
    ],
    [
      1783240765,
      68.62
    ],
    [
      1783242568,
      68.83
    ],
    [
      1783243469,
      68.61
    ]
  ],
  "monero": [
    [
      1783237160,
      329.6
    ],
    [
      1783238963,
      328.72
    ],
    [
      1783239864,
      327.9
    ],
    [
      1783240765,
      327.53
    ],
    [
      1783242568,
      326.94
    ],
    [
      1783243469,
      326.57
    ]
  ],
  "_alerts_sent": {}
}