{
  "bitcoin": [
    [
      1779915238,
      75145
    ],
    [
      1779916139,
      75087
    ],
    [
      1779917041,
      75051
    ],
    [
      1779917942,
      74824
    ],
    [
      1779918844,
      74287
    ],
    [
      1779919745,
      74554
    ],
    [
      1779920647,
      74450
    ],
    [
      1779921549,
      74502
    ]
  ],
  "ethereum": [
    [
      1779915238,
      2059.6
    ],
    [
      1779916139,
      2057.5
    ],
    [
      1779917041,
      2056.12
    ],
    [
      1779917942,
      2047.56
    ],
    [
      1779918844,
      2019.35
    ],
    [
      1779919745,
      2027.54
    ],
    [
      1779920647,
      2023.17
    ],
    [
      1779921549,
      2027.1
    ]
  ],
  "avalanche-2": [
    [
      1779915238,
      9.19
    ],
    [
      1779916139,
      9.18
    ],
    [
      1779917041,
      9.18
    ],
    [
      1779917942,
      9.13
    ],
    [
      1779918844,
      9.02
    ],
    [
      1779919745,
      9.05
    ],
    [
      1779920647,
      9.04
    ],
    [
      1779921549,
      9.04
    ]
  ],
  "ondo-finance": [
    [
      1779915238,
      0.399281
    ],
    [
      1779916139,
      0.399691
    ],
    [
      1779917041,
      0.399126
    ],
    [
      1779917942,
      0.395096
    ],
    [
      1779918844,
      0.392742
    ],
    [
      1779919745,
      0.39366
    ],
    [
      1779920647,
      0.39174
    ],
    [
      1779921549,
      0.390831
    ]
  ]
}