{
  "bitcoin": [
    [
      1781462472,
      63740
    ],
    [
      1781463373,
      63765
    ],
    [
      1781464275,
      63736
    ],
    [
      1781465176,
      63777
    ],
    [
      1781466077,
      63778
    ],
    [
      1781466978,
      63743
    ],
    [
      1781467880,
      63775
    ],
    [
      1781468781,
      63872
    ]
  ],
  "ethereum": [
    [
      1781462472,
      1660.2
    ],
    [
      1781463373,
      1660.75
    ],
    [
      1781464275,
      1662.0
    ],
    [
      1781465176,
      1665.75
    ],
    [
      1781466077,
      1665.97
    ],
    [
      1781466978,
      1664.41
    ],
    [
      1781467880,
      1662.77
    ],
    [
      1781468781,
      1665.92
    ]
  ],
  "avalanche-2": [
    [
      1781462472,
      6.39
    ],
    [
      1781463373,
      6.4
    ],
    [
      1781464275,
      6.41
    ],
    [
      1781465176,
      6.44
    ],
    [
      1781466077,
      6.46
    ],
    [
      1781466978,
      6.43
    ],
    [
      1781467880,
      6.42
    ],
    [
      1781468781,
      6.43
    ]
  ],
  "ondo-finance": [
    [
      1781462472,
      0.344724
    ],
    [
      1781463373,
      0.345761
    ],
    [
      1781464275,
      0.346626
    ],
    [
      1781465176,
      0.34631
    ],
    [
      1781466077,
      0.346093
    ],
    [
      1781466978,
      0.345159
    ],
    [
      1781467880,
      0.34518
    ],
    [
      1781468781,
      0.346384
    ]
  ],
  "binancecoin": [
    [
      1781462472,
      604.07
    ],
    [
      1781463373,
      604.31
    ],
    [
      1781464275,
      603.83
    ],
    [
      1781465176,
      604.21
    ],
    [
      1781466077,
      603.81
    ],
    [
      1781466978,
      602.95
    ],
    [
      1781467880,
      602.73
    ],
    [
      1781468781,
      603.23
    ]
  ],
  "ripple": [
    [
      1781462472,
      1.13
    ],
    [
      1781463373,
      1.13
    ],
    [
      1781464275,
      1.13
    ],
    [
      1781465176,
      1.13
    ],
    [
      1781466077,
      1.13
    ],
    [
      1781466978,
      1.13
    ],
    [
      1781467880,
      1.13
    ],
    [
      1781468781,
      1.13
    ]
  ],
  "solana": [
    [
      1781462472,
      67.34
    ],
    [
      1781463373,
      67.38
    ],
    [
      1781464275,
      67.42
    ],
    [
      1781465176,
      67.62
    ],
    [
      1781466077,
      67.62
    ],
    [
      1781466978,
      67.54
    ],
    [
      1781467880,
      67.49
    ],
    [
      1781468781,
      67.58
    ]
  ],
  "dogecoin": [
    [
      1781462472,
      0.08624
    ],
    [
      1781463373,
      0.086288
    ],
    [
      1781464275,
      0.086285
    ],
    [
      1781465176,
      0.086517
    ],
    [
      1781466077,
      0.086479
    ],
    [
      1781466978,
      0.086383
    ],
    [
      1781467880,
      0.086307
    ],
    [
      1781468781,
      0.086472
    ]
  ],
  "cardano": [
    [
      1781462472,
      0.166205
    ],
    [
      1781463373,
      0.166188
    ],
    [
      1781464275,
      0.166004
    ],
    [
      1781465176,
      0.166277
    ],
    [
      1781466077,
      0.166366
    ],
    [
      1781466978,
      0.16594
    ],
    [
      1781467880,
      0.165929
    ],
    [
      1781468781,
      0.166342
    ]
  ],
  "tron": [
    [
      1781462472,
      0.318709
    ],
    [
      1781463373,
      0.318718
    ],
    [
      1781464275,
      0.31882
    ],
    [
      1781465176,
      0.31842
    ],
    [
      1781466077,
      0.318269
    ],
    [
      1781466978,
      0.318406
    ],
    [
      1781467880,
      0.318551
    ],
    [
      1781468781,
      0.318498
    ]
  ],
  "chainlink": [
    [
      1781462472,
      7.8
    ],
    [
      1781463373,
      7.81
    ],
    [
      1781464275,
      7.81
    ],
    [
      1781465176,
      7.83
    ],
    [
      1781466077,
      7.83
    ],
    [
      1781466978,
      7.82
    ],
    [
      1781467880,
      7.81
    ],
    [
      1781468781,
      7.82
    ]
  ],
  "the-open-network": [
    [
      1781462472,
      1.7
    ],
    [
      1781463373,
      1.7
    ],
    [
      1781464275,
      1.7
    ],
    [
      1781465176,
      1.69
    ],
    [
      1781466077,
      1.7
    ],
    [
      1781466978,
      1.7
    ],
    [
      1781467880,
      1.7
    ],
    [
      1781468781,
      1.7
    ]
  ],
  "stellar": [
    [
      1781462472,
      0.181795
    ],
    [
      1781463373,
      0.181781
    ],
    [
      1781464275,
      0.181442
    ],
    [
      1781465176,
      0.181976
    ],
    [
      1781466077,
      0.181884
    ],
    [
      1781466978,
      0.181476
    ],
    [
      1781467880,
      0.181523
    ],
    [
      1781468781,
      0.181849
    ]
  ],
  "hedera-hashgraph": [
    [
      1781462472,
      0.076931
    ],
    [
      1781463373,
      0.076985
    ],
    [
      1781464275,
      0.077
    ],
    [
      1781465176,
      0.077408
    ],
    [
      1781466077,
      0.077531
    ],
    [
      1781466978,
      0.077382
    ],
    [
      1781467880,
      0.077331
    ],
    [
      1781468781,
      0.07734
    ]
  ],
  "sui": [
    [
      1781462472,
      0.747621
    ],
    [
      1781463373,
      0.748719
    ],
    [
      1781464275,
      0.748063
    ],
    [
      1781465176,
      0.75072
    ],
    [
      1781466077,
      0.750747
    ],
    [
      1781466978,
      0.749235
    ],
    [
      1781467880,
      0.748505
    ],
    [
      1781468781,
      0.749968
    ]
  ],
  "bitcoin-cash": [
    [
      1781462472,
      198.38
    ],
    [
      1781463373,
      198.59
    ],
    [
      1781464275,
      198.39
    ],
    [
      1781465176,
      199.34
    ],
    [
      1781466077,
      199.68
    ],
    [
      1781466978,
      198.87
    ],
    [
      1781467880,
      199.01
    ],
    [
      1781468781,
      199.12
    ]
  ],
  "litecoin": [
    [
      1781462472,
      43.95
    ],
    [
      1781463373,
      44.01
    ],
    [
      1781464275,
      44.06
    ],
    [
      1781465176,
      44.12
    ],
    [
      1781466077,
      44.18
    ],
    [
      1781466978,
      44.15
    ],
    [
      1781467880,
      44.17
    ],
    [
      1781468781,
      44.27
    ]
  ],
  "polkadot": [
    [
      1781462472,
      0.949917
    ],
    [
      1781463373,
      0.951515
    ],
    [
      1781464275,
      0.949767
    ],
    [
      1781465176,
      0.953867
    ],
    [
      1781466077,
      0.953919
    ],
    [
      1781466978,
      0.951803
    ],
    [
      1781467880,
      0.949699
    ],
    [
      1781468781,
      0.951686
    ]
  ],
  "hyperliquid": [
    [
      1781462472,
      60.06
    ],
    [
      1781463373,
      60.29
    ],
    [
      1781464275,
      60.32
    ],
    [
      1781465176,
      60.57
    ],
    [
      1781466077,
      60.5
    ],
    [
      1781466978,
      60.46
    ],
    [
      1781467880,
      60.45
    ],
    [
      1781468781,
      60.46
    ]
  ],
  "monero": [
    [
      1781462472,
      338.74
    ],
    [
      1781463373,
      339.81
    ],
    [
      1781464275,
      341.03
    ],
    [
      1781465176,
      340.87
    ],
    [
      1781466077,
      341.7
    ],
    [
      1781466978,
      340.07
    ],
    [
      1781467880,
      339.94
    ],
    [
      1781468781,
      338.84
    ]
  ],
  "_alerts_sent": {}
}