{
  "bitcoin": [
    [
      1782376647,
      61643.4
    ],
    [
      1782377548,
      61702
    ],
    [
      1782378449,
      61647.9
    ],
    [
      1782379355,
      61555.3
    ],
    [
      1782380256,
      61651.8
    ],
    [
      1782381157,
      61677
    ],
    [
      1782382059,
      61621
    ],
    [
      1782382960,
      61531
    ]
  ],
  "ethereum": [
    [
      1782376647,
      1649.54
    ],
    [
      1782377548,
      1651.55
    ],
    [
      1782378449,
      1651.97
    ],
    [
      1782379355,
      1646.24
    ],
    [
      1782380256,
      1646.8
    ],
    [
      1782381157,
      1646.27
    ],
    [
      1782382059,
      1645.79
    ],
    [
      1782382960,
      1642.96
    ]
  ],
  "avalanche-2": [
    [
      1782376647,
      6.483
    ],
    [
      1782377548,
      6.5
    ],
    [
      1782378449,
      6.499
    ],
    [
      1782379355,
      6.487
    ],
    [
      1782380256,
      6.49
    ],
    [
      1782381157,
      6.49
    ],
    [
      1782382059,
      6.49
    ],
    [
      1782382960,
      6.48
    ]
  ],
  "ondo-finance": [
    [
      1782376647,
      0.31649
    ],
    [
      1782377548,
      0.316541
    ],
    [
      1782378449,
      0.31579
    ],
    [
      1782379355,
      0.31473
    ],
    [
      1782380256,
      0.31566
    ],
    [
      1782381157,
      0.315856
    ],
    [
      1782382059,
      0.315529
    ],
    [
      1782382960,
      0.315153
    ]
  ],
  "binancecoin": [
    [
      1782377548,
      569.25
    ],
    [
      1782381157,
      568.14
    ],
    [
      1782382059,
      567.9
    ],
    [
      1782382960,
      567.18
    ]
  ],
  "ripple": [
    [
      1782377548,
      1.082
    ],
    [
      1782381157,
      1.079
    ],
    [
      1782382059,
      1.08
    ],
    [
      1782382960,
      1.079
    ]
  ],
  "solana": [
    [
      1782377548,
      69.04
    ],
    [
      1782381157,
      68.86
    ],
    [
      1782382059,
      68.73
    ],
    [
      1782382960,
      68.67
    ]
  ],
  "dogecoin": [
    [
      1782377548,
      0.077078
    ],
    [
      1782381157,
      0.076835
    ],
    [
      1782382059,
      0.076835
    ],
    [
      1782382960,
      0.076743
    ]
  ],
  "cardano": [
    [
      1782377548,
      0.149391
    ],
    [
      1782381157,
      0.149135
    ],
    [
      1782382059,
      0.1491
    ],
    [
      1782382960,
      0.148588
    ]
  ],
  "tron": [
    [
      1782377548,
      0.328755
    ],
    [
      1782381157,
      0.328798
    ],
    [
      1782382059,
      0.328833
    ],
    [
      1782382960,
      0.328915
    ]
  ],
  "chainlink": [
    [
      1782377548,
      7.5
    ],
    [
      1782381157,
      7.48
    ],
    [
      1782382059,
      7.48
    ],
    [
      1782382960,
      7.48
    ]
  ],
  "the-open-network": [
    [
      1782377548,
      1.59
    ],
    [
      1782381157,
      1.58
    ],
    [
      1782382059,
      1.58
    ],
    [
      1782382960,
      1.58
    ]
  ],
  "stellar": [
    [
      1782377548,
      0.185731
    ],
    [
      1782381157,
      0.184666
    ],
    [
      1782382059,
      0.184666
    ],
    [
      1782382960,
      0.184462
    ]
  ],
  "hedera-hashgraph": [
    [
      1782377548,
      0.07395
    ],
    [
      1782381157,
      0.073832
    ],
    [
      1782382059,
      0.073793
    ],
    [
      1782382960,
      0.073704
    ]
  ],
  "sui": [
    [
      1782377548,
      0.69686
    ],
    [
      1782381157,
      0.69574
    ],
    [
      1782382059,
      0.694502
    ],
    [
      1782382960,
      0.694457
    ]
  ],
  "bitcoin-cash": [
    [
      1782377548,
      196.08
    ],
    [
      1782381157,
      195.52
    ],
    [
      1782382059,
      194.88
    ],
    [
      1782382960,
      194.82
    ]
  ],
  "litecoin": [
    [
      1782377548,
      41.73
    ],
    [
      1782381157,
      41.83
    ],
    [
      1782382059,
      41.77
    ],
    [
      1782382960,
      41.76
    ]
  ],
  "polkadot": [
    [
      1782377548,
      0.888026
    ],
    [
      1782381157,
      0.88698
    ],
    [
      1782382059,
      0.88673
    ],
    [
      1782382960,
      0.885088
    ]
  ],
  "hyperliquid": [
    [
      1782377548,
      63.53
    ],
    [
      1782381157,
      63.45
    ],
    [
      1782382059,
      63.65
    ],
    [
      1782382960,
      63.66
    ]
  ],
  "monero": [
    [
      1782377548,
      315.35
    ],
    [
      1782381157,
      319.04
    ],
    [
      1782382059,
      318.37
    ],
    [
      1782382960,
      315.18
    ]
  ],
  "_alerts_sent": {}
}