{
  "bitcoin": [
    [
      1784816546,
      65054
    ],
    [
      1784817447,
      65083.8
    ],
    [
      1784818709,
      64836
    ],
    [
      1784819611,
      64762
    ],
    [
      1784820512,
      64869
    ],
    [
      1784821415,
      64916
    ],
    [
      1784822316,
      64934
    ],
    [
      1784823217,
      64819
    ]
  ],
  "ethereum": [
    [
      1784816546,
      1902.21
    ],
    [
      1784817447,
      1902.46
    ],
    [
      1784818709,
      1894.05
    ],
    [
      1784819611,
      1887.33
    ],
    [
      1784820512,
      1892.71
    ],
    [
      1784821415,
      1891.12
    ],
    [
      1784822316,
      1894.14
    ],
    [
      1784823217,
      1887.51
    ]
  ],
  "avalanche-2": [
    [
      1784816546,
      6.46
    ],
    [
      1784817447,
      6.48
    ],
    [
      1784818709,
      6.45
    ],
    [
      1784819611,
      6.42
    ],
    [
      1784820512,
      6.43
    ],
    [
      1784821415,
      6.42
    ],
    [
      1784822316,
      6.44
    ],
    [
      1784823217,
      6.42
    ]
  ],
  "ondo-finance": [
    [
      1784816546,
      0.404293
    ],
    [
      1784817447,
      0.404
    ],
    [
      1784818709,
      0.401287
    ],
    [
      1784819611,
      0.400445
    ],
    [
      1784820512,
      0.403281
    ],
    [
      1784821415,
      0.401379
    ],
    [
      1784822316,
      0.400539
    ],
    [
      1784823217,
      0.401011
    ]
  ],
  "binancecoin": [
    [
      1784816546,
      566.8
    ],
    [
      1784817808,
      567.35
    ],
    [
      1784818709,
      566.2
    ],
    [
      1784819611,
      564.93
    ],
    [
      1784820512,
      565.79
    ],
    [
      1784821415,
      566.25
    ],
    [
      1784822316,
      567.33
    ],
    [
      1784823217,
      566.94
    ]
  ],
  "ripple": [
    [
      1784816546,
      1.11
    ],
    [
      1784817808,
      1.11
    ],
    [
      1784818709,
      1.11
    ],
    [
      1784819611,
      1.1
    ],
    [
      1784820512,
      1.11
    ],
    [
      1784821415,
      1.11
    ],
    [
      1784822316,
      1.11
    ],
    [
      1784823217,
      1.11
    ]
  ],
  "solana": [
    [
      1784816546,
      76.69
    ],
    [
      1784817808,
      76.72
    ],
    [
      1784818709,
      76.35
    ],
    [
      1784819611,
      75.98
    ],
    [
      1784820512,
      76.24
    ],
    [
      1784821415,
      76.31
    ],
    [
      1784822316,
      76.37
    ],
    [
      1784823217,
      76.02
    ]
  ],
  "dogecoin": [
    [
      1784816546,
      0.07052
    ],
    [
      1784817808,
      0.070533
    ],
    [
      1784818709,
      0.070142
    ],
    [
      1784819611,
      0.068709
    ],
    [
      1784820512,
      0.069325
    ],
    [
      1784821415,
      0.069542
    ],
    [
      1784822316,
      0.069794
    ],
    [
      1784823217,
      0.069406
    ]
  ],
  "cardano": [
    [
      1784816546,
      0.171326
    ],
    [
      1784817808,
      0.171538
    ],
    [
      1784818709,
      0.169608
    ],
    [
      1784819611,
      0.168436
    ],
    [
      1784820512,
      0.169851
    ],
    [
      1784821415,
      0.169922
    ],
    [
      1784822316,
      0.170498
    ],
    [
      1784823217,
      0.169684
    ]
  ],
  "tron": [
    [
      1784816546,
      0.326477
    ],
    [
      1784817808,
      0.326481
    ],
    [
      1784818709,
      0.326397
    ],
    [
      1784819611,
      0.326424
    ],
    [
      1784820512,
      0.326586
    ],
    [
      1784821415,
      0.326523
    ],
    [
      1784822316,
      0.326442
    ],
    [
      1784823217,
      0.326456
    ]
  ],
  "chainlink": [
    [
      1784816546,
      8.51
    ],
    [
      1784817808,
      8.51
    ],
    [
      1784818709,
      8.47
    ],
    [
      1784819611,
      8.43
    ],
    [
      1784820512,
      8.47
    ],
    [
      1784821415,
      8.47
    ],
    [
      1784822316,
      8.49
    ],
    [
      1784823217,
      8.48
    ]
  ],
  "the-open-network": [
    [
      1784816546,
      1.49
    ],
    [
      1784817808,
      1.49
    ],
    [
      1784818709,
      1.48
    ],
    [
      1784819611,
      1.48
    ],
    [
      1784820512,
      1.48
    ],
    [
      1784821415,
      1.48
    ],
    [
      1784822316,
      1.48
    ],
    [
      1784823217,
      1.48
    ]
  ],
  "stellar": [
    [
      1784816546,
      0.182507
    ],
    [
      1784817808,
      0.18254
    ],
    [
      1784818709,
      0.181648
    ],
    [
      1784819611,
      0.180587
    ],
    [
      1784820512,
      0.182028
    ],
    [
      1784821415,
      0.1824
    ],
    [
      1784822316,
      0.182734
    ],
    [
      1784823217,
      0.182442
    ]
  ],
  "hedera-hashgraph": [
    [
      1784816546,
      0.072081
    ],
    [
      1784817808,
      0.071909
    ],
    [
      1784818709,
      0.071407
    ],
    [
      1784819611,
      0.07103
    ],
    [
      1784820512,
      0.071647
    ],
    [
      1784821415,
      0.071867
    ],
    [
      1784822316,
      0.072027
    ],
    [
      1784823217,
      0.071749
    ]
  ],
  "sui": [
    [
      1784816546,
      0.754034
    ],
    [
      1784817808,
      0.755184
    ],
    [
      1784818709,
      0.749589
    ],
    [
      1784819611,
      0.743764
    ],
    [
      1784820512,
      0.745278
    ],
    [
      1784821415,
      0.743473
    ],
    [
      1784822316,
      0.74885
    ],
    [
      1784823217,
      0.745921
    ]
  ],
  "bitcoin-cash": [
    [
      1784816546,
      214.84
    ],
    [
      1784817808,
      214.86
    ],
    [
      1784818709,
      214.36
    ],
    [
      1784819611,
      213.63
    ],
    [
      1784820512,
      214.14
    ],
    [
      1784821415,
      213.84
    ],
    [
      1784822316,
      214.27
    ],
    [
      1784823217,
      212.79
    ]
  ],
  "litecoin": [
    [
      1784816546,
      46.72
    ],
    [
      1784817808,
      46.73
    ],
    [
      1784818709,
      46.53
    ],
    [
      1784819611,
      46.33
    ],
    [
      1784820512,
      46.43
    ],
    [
      1784821415,
      46.37
    ],
    [
      1784822316,
      46.37
    ],
    [
      1784823217,
      46.4
    ]
  ],
  "polkadot": [
    [
      1784816546,
      0.817416
    ],
    [
      1784817808,
      0.818053
    ],
    [
      1784818709,
      0.814862
    ],
    [
      1784819611,
      0.811874
    ],
    [
      1784820512,
      0.813995
    ],
    [
      1784821415,
      0.813542
    ],
    [
      1784822316,
      0.814248
    ],
    [
      1784823217,
      0.812349
    ]
  ],
  "hyperliquid": [
    [
      1784816546,
      59.77
    ],
    [
      1784817808,
      59.87
    ],
    [
      1784818709,
      59.69
    ],
    [
      1784819611,
      59.67
    ],
    [
      1784820512,
      59.61
    ],
    [
      1784821415,
      59.67
    ],
    [
      1784822316,
      59.5
    ],
    [
      1784823217,
      59.14
    ]
  ],
  "monero": [
    [
      1784816546,
      349.19
    ],
    [
      1784817808,
      349.23
    ],
    [
      1784818709,
      350.45
    ],
    [
      1784819611,
      350.38
    ],
    [
      1784820512,
      350.59
    ],
    [
      1784821415,
      350.47
    ],
    [
      1784822316,
      350.5
    ],
    [
      1784823217,
      351.08
    ]
  ],
  "_alerts_sent": {}
}