{
  "bitcoin": [
    [
      1783214627,
      62812
    ],
    [
      1783215528,
      62779
    ],
    [
      1783216429,
      62820.0
    ],
    [
      1783217331,
      62751
    ],
    [
      1783218232,
      62710
    ],
    [
      1783219134,
      62722
    ],
    [
      1783220035,
      62566.4
    ],
    [
      1783220936,
      62707
    ]
  ],
  "ethereum": [
    [
      1783214627,
      1764.09
    ],
    [
      1783215528,
      1762.04
    ],
    [
      1783216429,
      1764.79
    ],
    [
      1783217331,
      1762.45
    ],
    [
      1783218232,
      1761.3
    ],
    [
      1783219134,
      1763.29
    ],
    [
      1783220035,
      1757.98
    ],
    [
      1783220936,
      1761.22
    ]
  ],
  "avalanche-2": [
    [
      1783214627,
      6.89
    ],
    [
      1783215528,
      6.89
    ],
    [
      1783216429,
      6.896
    ],
    [
      1783217331,
      6.88
    ],
    [
      1783218232,
      6.84
    ],
    [
      1783219134,
      6.84
    ],
    [
      1783220035,
      6.814
    ],
    [
      1783220936,
      6.81
    ]
  ],
  "ondo-finance": [
    [
      1783214627,
      0.330477
    ],
    [
      1783215528,
      0.330115
    ],
    [
      1783216429,
      0.33056
    ],
    [
      1783217331,
      0.330046
    ],
    [
      1783218232,
      0.328819
    ],
    [
      1783219134,
      0.328218
    ],
    [
      1783220035,
      0.32732
    ],
    [
      1783220936,
      0.327473
    ]
  ],
  "binancecoin": [
    [
      1783214627,
      570.86
    ],
    [
      1783215528,
      570.26
    ],
    [
      1783217331,
      570.68
    ],
    [
      1783218232,
      570.04
    ],
    [
      1783219134,
      569.74
    ],
    [
      1783220936,
      569.65
    ]
  ],
  "ripple": [
    [
      1783214627,
      1.14
    ],
    [
      1783215528,
      1.14
    ],
    [
      1783217331,
      1.14
    ],
    [
      1783218232,
      1.14
    ],
    [
      1783219134,
      1.14
    ],
    [
      1783220936,
      1.14
    ]
  ],
  "solana": [
    [
      1783214627,
      80.85
    ],
    [
      1783215528,
      80.73
    ],
    [
      1783217331,
      80.61
    ],
    [
      1783218232,
      80.53
    ],
    [
      1783219134,
      80.51
    ],
    [
      1783220936,
      80.42
    ]
  ],
  "dogecoin": [
    [
      1783214627,
      0.076912
    ],
    [
      1783215528,
      0.076803
    ],
    [
      1783217331,
      0.076548
    ],
    [
      1783218232,
      0.076346
    ],
    [
      1783219134,
      0.076331
    ],
    [
      1783220936,
      0.075917
    ]
  ],
  "cardano": [
    [
      1783214627,
      0.191703
    ],
    [
      1783215528,
      0.191367
    ],
    [
      1783217331,
      0.190423
    ],
    [
      1783218232,
      0.18998
    ],
    [
      1783219134,
      0.189961
    ],
    [
      1783220936,
      0.190892
    ]
  ],
  "tron": [
    [
      1783214627,
      0.324605
    ],
    [
      1783215528,
      0.324658
    ],
    [
      1783217331,
      0.324725
    ],
    [
      1783218232,
      0.324473
    ],
    [
      1783219134,
      0.324449
    ],
    [
      1783220936,
      0.324327
    ]
  ],
  "chainlink": [
    [
      1783214627,
      7.93
    ],
    [
      1783215528,
      7.92
    ],
    [
      1783217331,
      7.92
    ],
    [
      1783218232,
      7.9
    ],
    [
      1783219134,
      7.91
    ],
    [
      1783220936,
      7.9
    ]
  ],
  "the-open-network": [
    [
      1783214627,
      1.76
    ],
    [
      1783215528,
      1.76
    ],
    [
      1783217331,
      1.75
    ],
    [
      1783218232,
      1.74
    ],
    [
      1783219134,
      1.73
    ],
    [
      1783220936,
      1.74
    ]
  ],
  "stellar": [
    [
      1783214627,
      0.204098
    ],
    [
      1783215528,
      0.203798
    ],
    [
      1783217331,
      0.203611
    ],
    [
      1783218232,
      0.202726
    ],
    [
      1783219134,
      0.203162
    ],
    [
      1783220936,
      0.202263
    ]
  ],
  "hedera-hashgraph": [
    [
      1783214627,
      0.075518
    ],
    [
      1783215528,
      0.075436
    ],
    [
      1783217331,
      0.075358
    ],
    [
      1783218232,
      0.075007
    ],
    [
      1783219134,
      0.075257
    ],
    [
      1783220936,
      0.075309
    ]
  ],
  "sui": [
    [
      1783214627,
      0.746101
    ],
    [
      1783215528,
      0.743647
    ],
    [
      1783217331,
      0.740229
    ],
    [
      1783218232,
      0.739901
    ],
    [
      1783219134,
      0.742567
    ],
    [
      1783220936,
      0.741907
    ]
  ],
  "bitcoin-cash": [
    [
      1783214627,
      237.5
    ],
    [
      1783215528,
      237.62
    ],
    [
      1783217331,
      237.42
    ],
    [
      1783218232,
      236.2
    ],
    [
      1783219134,
      236.09
    ],
    [
      1783220936,
      234.7
    ]
  ],
  "litecoin": [
    [
      1783214627,
      44.26
    ],
    [
      1783215528,
      44.27
    ],
    [
      1783217331,
      44.26
    ],
    [
      1783218232,
      44.21
    ],
    [
      1783219134,
      44.28
    ],
    [
      1783220936,
      44.22
    ]
  ],
  "polkadot": [
    [
      1783214627,
      0.875556
    ],
    [
      1783215528,
      0.874907
    ],
    [
      1783217331,
      0.875323
    ],
    [
      1783218232,
      0.87174
    ],
    [
      1783219134,
      0.872758
    ],
    [
      1783220936,
      0.871206
    ]
  ],
  "hyperliquid": [
    [
      1783214627,
      68.73
    ],
    [
      1783215528,
      68.81
    ],
    [
      1783217331,
      68.74
    ],
    [
      1783218232,
      68.7
    ],
    [
      1783219134,
      68.45
    ],
    [
      1783220936,
      68.64
    ]
  ],
  "monero": [
    [
      1783214627,
      327.46
    ],
    [
      1783215528,
      326.91
    ],
    [
      1783217331,
      326.65
    ],
    [
      1783218232,
      326.61
    ],
    [
      1783219134,
      326.9
    ],
    [
      1783220936,
      327.73
    ]
  ],
  "_alerts_sent": {}
}