{
  "bitcoin": [
    [
      1780257053,
      73418
    ],
    [
      1780257955,
      73514
    ],
    [
      1780258856,
      73599
    ],
    [
      1780259758,
      73581
    ],
    [
      1780260659,
      73587
    ],
    [
      1780261846,
      73613
    ],
    [
      1780263157,
      73540
    ]
  ],
  "ethereum": [
    [
      1780257053,
      1995.7
    ],
    [
      1780257955,
      1999.14
    ],
    [
      1780258856,
      1999.6
    ],
    [
      1780259758,
      2000.77
    ],
    [
      1780260659,
      2000.82
    ],
    [
      1780261846,
      2002.41
    ],
    [
      1780263157,
      2004.1
    ]
  ],
  "avalanche-2": [
    [
      1780257053,
      8.82
    ],
    [
      1780257955,
      8.84
    ],
    [
      1780258856,
      8.85
    ],
    [
      1780259758,
      8.86
    ],
    [
      1780260659,
      8.86
    ],
    [
      1780261846,
      8.88
    ],
    [
      1780263157,
      8.88
    ]
  ],
  "ondo-finance": [
    [
      1780257053,
      0.357467
    ],
    [
      1780257955,
      0.358782
    ],
    [
      1780258856,
      0.360622
    ],
    [
      1780259758,
      0.36199
    ],
    [
      1780260659,
      0.361482
    ],
    [
      1780261846,
      0.361755
    ],
    [
      1780263157,
      0.361715
    ]
  ],
  "binancecoin": [
    [
      1780257053,
      707.93
    ],
    [
      1780257955,
      708.63
    ],
    [
      1780258856,
      709.28
    ],
    [
      1780259758,
      709.27
    ],
    [
      1780260659,
      708.87
    ],
    [
      1780261846,
      707.01
    ],
    [
      1780263157,
      706.55
    ]
  ],
  "ripple": [
    [
      1780257053,
      1.32
    ],
    [
      1780257955,
      1.33
    ],
    [
      1780258856,
      1.33
    ],
    [
      1780259758,
      1.33
    ],
    [
      1780260659,
      1.33
    ],
    [
      1780261846,
      1.33
    ],
    [
      1780263157,
      1.33
    ]
  ],
  "solana": [
    [
      1780257053,
      81.44
    ],
    [
      1780257955,
      81.59
    ],
    [
      1780258856,
      81.66
    ],
    [
      1780259758,
      81.7
    ],
    [
      1780260659,
      81.72
    ],
    [
      1780261846,
      81.8
    ],
    [
      1780263157,
      81.82
    ]
  ],
  "dogecoin": [
    [
      1780257053,
      0.099409
    ],
    [
      1780257955,
      0.099535
    ],
    [
      1780258856,
      0.099506
    ],
    [
      1780259758,
      0.099555
    ],
    [
      1780260659,
      0.099573
    ],
    [
      1780261846,
      0.099691
    ],
    [
      1780263157,
      0.099647
    ]
  ],
  "cardano": [
    [
      1780257053,
      0.232544
    ],
    [
      1780257955,
      0.232848
    ],
    [
      1780258856,
      0.233081
    ],
    [
      1780259758,
      0.233266
    ],
    [
      1780260659,
      0.23315
    ],
    [
      1780261846,
      0.233424
    ],
    [
      1780263157,
      0.233865
    ]
  ],
  "tron": [
    [
      1780257053,
      0.349496
    ],
    [
      1780257955,
      0.349748
    ],
    [
      1780258856,
      0.349545
    ],
    [
      1780259758,
      0.349613
    ],
    [
      1780260659,
      0.349741
    ],
    [
      1780261846,
      0.349691
    ],
    [
      1780263157,
      0.349799
    ]
  ],
  "chainlink": [
    [
      1780257053,
      9.02
    ],
    [
      1780257955,
      9.04
    ],
    [
      1780258856,
      9.05
    ],
    [
      1780259758,
      9.07
    ],
    [
      1780260659,
      9.06
    ],
    [
      1780261846,
      9.08
    ],
    [
      1780263157,
      9.08
    ]
  ],
  "the-open-network": [
    [
      1780257053,
      1.85
    ],
    [
      1780257955,
      1.87
    ],
    [
      1780258856,
      1.87
    ],
    [
      1780259758,
      1.86
    ],
    [
      1780260659,
      1.87
    ],
    [
      1780261846,
      1.87
    ],
    [
      1780263157,
      1.87
    ]
  ],
  "stellar": [
    [
      1780257053,
      0.245421
    ],
    [
      1780257955,
      0.243659
    ],
    [
      1780258856,
      0.244196
    ],
    [
      1780259758,
      0.245232
    ],
    [
      1780260659,
      0.246768
    ],
    [
      1780261846,
      0.2491
    ],
    [
      1780263157,
      0.247243
    ]
  ],
  "hedera-hashgraph": [
    [
      1780257053,
      0.095248
    ],
    [
      1780257955,
      0.095595
    ],
    [
      1780258856,
      0.095976
    ],
    [
      1780259758,
      0.096388
    ],
    [
      1780260659,
      0.09637
    ],
    [
      1780261846,
      0.096438
    ],
    [
      1780263157,
      0.095971
    ]
  ],
  "sui": [
    [
      1780257053,
      0.874406
    ],
    [
      1780257955,
      0.877303
    ],
    [
      1780258856,
      0.878475
    ],
    [
      1780259758,
      0.879377
    ],
    [
      1780260659,
      0.879528
    ],
    [
      1780261846,
      0.881223
    ],
    [
      1780263157,
      0.885254
    ]
  ],
  "bitcoin-cash": [
    [
      1780257053,
      300.39
    ],
    [
      1780257955,
      300.5
    ],
    [
      1780258856,
      301.12
    ],
    [
      1780259758,
      301.08
    ],
    [
      1780260659,
      300.95
    ],
    [
      1780261846,
      299.98
    ],
    [
      1780263157,
      300.14
    ]
  ],
  "litecoin": [
    [
      1780257053,
      51.54
    ],
    [
      1780257955,
      51.59
    ],
    [
      1780258856,
      51.65
    ],
    [
      1780259758,
      51.71
    ],
    [
      1780260659,
      51.74
    ],
    [
      1780261846,
      51.79
    ],
    [
      1780263157,
      51.81
    ]
  ],
  "polkadot": [
    [
      1780257053,
      1.16
    ],
    [
      1780257955,
      1.17
    ],
    [
      1780258856,
      1.17
    ],
    [
      1780259758,
      1.17
    ],
    [
      1780260659,
      1.17
    ],
    [
      1780261846,
      1.17
    ],
    [
      1780263157,
      1.17
    ]
  ],
  "hyperliquid": [
    [
      1780257053,
      68.97
    ],
    [
      1780257955,
      69.24
    ],
    [
      1780258856,
      69.16
    ],
    [
      1780259758,
      69.32
    ],
    [
      1780260659,
      69.64
    ],
    [
      1780261846,
      70.38
    ],
    [
      1780263157,
      70.98
    ]
  ],
  "monero": [
    [
      1780257053,
      361.77
    ],
    [
      1780257955,
      361.94
    ],
    [
      1780258856,
      362.78
    ],
    [
      1780259758,
      361.84
    ],
    [
      1780260659,
      361.88
    ],
    [
      1780261846,
      361.54
    ],
    [
      1780263157,
      363.39
    ]
  ],
  "_alerts_sent": {}
}