{
  "bitcoin": [
    [
      1782540430,
      60114
    ],
    [
      1782541332,
      60107
    ],
    [
      1782542233,
      60208
    ],
    [
      1782543134,
      60318
    ],
    [
      1782544036,
      60252
    ],
    [
      1782544937,
      60280
    ],
    [
      1782545838,
      60336
    ],
    [
      1782546740,
      60426
    ]
  ],
  "ethereum": [
    [
      1782540430,
      1575.16
    ],
    [
      1782541332,
      1575.97
    ],
    [
      1782542233,
      1578.08
    ],
    [
      1782543134,
      1580.9
    ],
    [
      1782544036,
      1579.73
    ],
    [
      1782544937,
      1580.05
    ],
    [
      1782545838,
      1580.14
    ],
    [
      1782546740,
      1582.66
    ]
  ],
  "avalanche-2": [
    [
      1782540430,
      6.56
    ],
    [
      1782541332,
      6.55
    ],
    [
      1782542233,
      6.56
    ],
    [
      1782543134,
      6.61
    ],
    [
      1782544036,
      6.58
    ],
    [
      1782544937,
      6.56
    ],
    [
      1782545838,
      6.56
    ],
    [
      1782546740,
      6.55
    ]
  ],
  "ondo-finance": [
    [
      1782540430,
      0.31948
    ],
    [
      1782541332,
      0.317927
    ],
    [
      1782542233,
      0.319647
    ],
    [
      1782543134,
      0.320603
    ],
    [
      1782544036,
      0.319025
    ],
    [
      1782544937,
      0.319084
    ],
    [
      1782545838,
      0.320096
    ],
    [
      1782546740,
      0.319706
    ]
  ],
  "binancecoin": [
    [
      1782540430,
      564.02
    ],
    [
      1782541332,
      564.16
    ],
    [
      1782542233,
      564.35
    ],
    [
      1782543134,
      565.32
    ],
    [
      1782544036,
      564.8
    ],
    [
      1782544937,
      564.51
    ],
    [
      1782545838,
      564.54
    ],
    [
      1782546740,
      564.71
    ]
  ],
  "ripple": [
    [
      1782540430,
      1.055
    ],
    [
      1782541332,
      1.054
    ],
    [
      1782542233,
      1.057
    ],
    [
      1782543134,
      1.058
    ],
    [
      1782544036,
      1.058
    ],
    [
      1782544937,
      1.059
    ],
    [
      1782545838,
      1.059
    ],
    [
      1782546740,
      1.059
    ]
  ],
  "solana": [
    [
      1782540430,
      71.69
    ],
    [
      1782541332,
      71.67
    ],
    [
      1782542233,
      71.95
    ],
    [
      1782543134,
      72.14
    ],
    [
      1782544036,
      72.0
    ],
    [
      1782544937,
      71.97
    ],
    [
      1782545838,
      71.96
    ],
    [
      1782546740,
      72.08
    ]
  ],
  "dogecoin": [
    [
      1782540430,
      0.075538
    ],
    [
      1782541332,
      0.075461
    ],
    [
      1782542233,
      0.075609
    ],
    [
      1782543134,
      0.075676
    ],
    [
      1782544036,
      0.075602
    ],
    [
      1782544937,
      0.075581
    ],
    [
      1782545838,
      0.075633
    ],
    [
      1782546740,
      0.075681
    ]
  ],
  "cardano": [
    [
      1782540430,
      0.147511
    ],
    [
      1782541332,
      0.147212
    ],
    [
      1782542233,
      0.147352
    ],
    [
      1782543134,
      0.147812
    ],
    [
      1782544036,
      0.147572
    ],
    [
      1782544937,
      0.147634
    ],
    [
      1782545838,
      0.147604
    ],
    [
      1782546740,
      0.147613
    ]
  ],
  "tron": [
    [
      1782540430,
      0.320416
    ],
    [
      1782541332,
      0.320319
    ],
    [
      1782542233,
      0.320247
    ],
    [
      1782543134,
      0.32044
    ],
    [
      1782544036,
      0.320411
    ],
    [
      1782544937,
      0.320417
    ],
    [
      1782545838,
      0.320596
    ],
    [
      1782546740,
      0.320725
    ]
  ],
  "chainlink": [
    [
      1782540430,
      7.36
    ],
    [
      1782541332,
      7.35
    ],
    [
      1782542233,
      7.36
    ],
    [
      1782543134,
      7.38
    ],
    [
      1782544036,
      7.37
    ],
    [
      1782544937,
      7.36
    ],
    [
      1782545838,
      7.37
    ],
    [
      1782546740,
      7.37
    ]
  ],
  "the-open-network": [
    [
      1782540430,
      1.55
    ],
    [
      1782541332,
      1.56
    ],
    [
      1782542233,
      1.57
    ],
    [
      1782543134,
      1.56
    ],
    [
      1782544036,
      1.56
    ],
    [
      1782544937,
      1.57
    ],
    [
      1782545838,
      1.57
    ],
    [
      1782546740,
      1.58
    ]
  ],
  "stellar": [
    [
      1782540430,
      0.174473
    ],
    [
      1782541332,
      0.174142
    ],
    [
      1782542233,
      0.174156
    ],
    [
      1782543134,
      0.174966
    ],
    [
      1782544036,
      0.174388
    ],
    [
      1782544937,
      0.174652
    ],
    [
      1782545838,
      0.175087
    ],
    [
      1782546740,
      0.175023
    ]
  ],
  "hedera-hashgraph": [
    [
      1782540430,
      0.072252
    ],
    [
      1782541332,
      0.072139
    ],
    [
      1782542233,
      0.072327
    ],
    [
      1782543134,
      0.072255
    ],
    [
      1782544036,
      0.072418
    ],
    [
      1782544937,
      0.072298
    ],
    [
      1782545838,
      0.072637
    ],
    [
      1782546740,
      0.072461
    ]
  ],
  "sui": [
    [
      1782540430,
      0.713858
    ],
    [
      1782541332,
      0.710729
    ],
    [
      1782542233,
      0.712934
    ],
    [
      1782543134,
      0.7159
    ],
    [
      1782544036,
      0.711004
    ],
    [
      1782544937,
      0.71292
    ],
    [
      1782545838,
      0.712437
    ],
    [
      1782546740,
      0.709152
    ]
  ],
  "bitcoin-cash": [
    [
      1782540430,
      197.23
    ],
    [
      1782541332,
      196.7
    ],
    [
      1782542233,
      196.82
    ],
    [
      1782543134,
      197.56
    ],
    [
      1782544036,
      196.89
    ],
    [
      1782544937,
      197.22
    ],
    [
      1782545838,
      197.1
    ],
    [
      1782546740,
      197.01
    ]
  ],
  "litecoin": [
    [
      1782540430,
      42.23
    ],
    [
      1782541332,
      42.15
    ],
    [
      1782542233,
      42.18
    ],
    [
      1782543134,
      42.24
    ],
    [
      1782544036,
      42.15
    ],
    [
      1782544937,
      42.16
    ],
    [
      1782545838,
      42.36
    ],
    [
      1782546740,
      42.35
    ]
  ],
  "polkadot": [
    [
      1782540430,
      0.848535
    ],
    [
      1782541332,
      0.845603
    ],
    [
      1782542233,
      0.845665
    ],
    [
      1782543134,
      0.847205
    ],
    [
      1782544036,
      0.845056
    ],
    [
      1782544937,
      0.844199
    ],
    [
      1782545838,
      0.84413
    ],
    [
      1782546740,
      0.844517
    ]
  ],
  "hyperliquid": [
    [
      1782540430,
      63.51
    ],
    [
      1782541332,
      63.36
    ],
    [
      1782542233,
      63.52
    ],
    [
      1782543134,
      63.74
    ],
    [
      1782544036,
      63.46
    ],
    [
      1782544937,
      63.46
    ],
    [
      1782545838,
      63.46
    ],
    [
      1782546740,
      63.49
    ]
  ],
  "monero": [
    [
      1782540430,
      317.18
    ],
    [
      1782541332,
      316.47
    ],
    [
      1782542233,
      317.47
    ],
    [
      1782543134,
      316.96
    ],
    [
      1782544036,
      316.22
    ],
    [
      1782544937,
      316.84
    ],
    [
      1782545838,
      316.5
    ],
    [
      1782546740,
      315.99
    ]
  ],
  "_alerts_sent": {}
}