{
  "bitcoin": [
    [
      1780010298,
      73489
    ],
    [
      1780011200,
      73579
    ],
    [
      1780012101,
      73465
    ],
    [
      1780013003,
      73586
    ],
    [
      1780013904,
      73678
    ],
    [
      1780014806,
      73671
    ],
    [
      1780015707,
      73683
    ],
    [
      1780016608,
      73678
    ]
  ],
  "ethereum": [
    [
      1780010298,
      2006.0
    ],
    [
      1780011200,
      2008.02
    ],
    [
      1780012101,
      2004.86
    ],
    [
      1780013003,
      2008.92
    ],
    [
      1780013904,
      2012.53
    ],
    [
      1780014806,
      2011.35
    ],
    [
      1780015707,
      2012.16
    ],
    [
      1780016608,
      2011.32
    ]
  ],
  "avalanche-2": [
    [
      1780010298,
      8.92
    ],
    [
      1780011200,
      8.92
    ],
    [
      1780012101,
      8.91
    ],
    [
      1780013003,
      8.92
    ],
    [
      1780013904,
      8.93
    ],
    [
      1780014806,
      8.94
    ],
    [
      1780015707,
      8.94
    ],
    [
      1780016608,
      8.94
    ]
  ],
  "ondo-finance": [
    [
      1780010298,
      0.368172
    ],
    [
      1780011200,
      0.368134
    ],
    [
      1780012101,
      0.367762
    ],
    [
      1780013003,
      0.368975
    ],
    [
      1780013904,
      0.369862
    ],
    [
      1780014806,
      0.370323
    ],
    [
      1780015707,
      0.371901
    ],
    [
      1780016608,
      0.370895
    ]
  ]
}