{
  "bitcoin": [
    [
      1783564382,
      61942
    ],
    [
      1783565283,
      61766
    ],
    [
      1783566185,
      61743
    ],
    [
      1783567086,
      61839
    ],
    [
      1783567987,
      61922
    ],
    [
      1783568888,
      61885
    ],
    [
      1783569790,
      61957
    ],
    [
      1783570691,
      62025
    ]
  ],
  "ethereum": [
    [
      1783564382,
      1732.89
    ],
    [
      1783565283,
      1726.22
    ],
    [
      1783566185,
      1725.06
    ],
    [
      1783567086,
      1727.78
    ],
    [
      1783567987,
      1729.28
    ],
    [
      1783568888,
      1728.06
    ],
    [
      1783569790,
      1730.1
    ],
    [
      1783570691,
      1731.03
    ]
  ],
  "avalanche-2": [
    [
      1783564382,
      6.49
    ],
    [
      1783565283,
      6.46
    ],
    [
      1783566185,
      6.44
    ],
    [
      1783567086,
      6.44
    ],
    [
      1783567987,
      6.45
    ],
    [
      1783568888,
      6.46
    ],
    [
      1783569790,
      6.46
    ],
    [
      1783570691,
      6.48
    ]
  ],
  "ondo-finance": [
    [
      1783564382,
      0.311956
    ],
    [
      1783565283,
      0.31015
    ],
    [
      1783566185,
      0.310739
    ],
    [
      1783567086,
      0.311278
    ],
    [
      1783567987,
      0.312063
    ],
    [
      1783568888,
      0.31289
    ],
    [
      1783569790,
      0.313189
    ],
    [
      1783570691,
      0.313777
    ]
  ],
  "binancecoin": [
    [
      1783564382,
      567.86
    ],
    [
      1783565283,
      566.48
    ],
    [
      1783566185,
      565.36
    ],
    [
      1783567086,
      566.34
    ],
    [
      1783567987,
      566.68
    ],
    [
      1783568888,
      567.41
    ],
    [
      1783569790,
      568.04
    ],
    [
      1783570691,
      567.73
    ]
  ],
  "ripple": [
    [
      1783564382,
      1.088
    ],
    [
      1783565283,
      1.085
    ],
    [
      1783566185,
      1.084
    ],
    [
      1783567086,
      1.084
    ],
    [
      1783567987,
      1.086
    ],
    [
      1783568888,
      1.087
    ],
    [
      1783569790,
      1.087
    ],
    [
      1783570691,
      1.086
    ]
  ],
  "solana": [
    [
      1783564382,
      77.58
    ],
    [
      1783565283,
      77.28
    ],
    [
      1783566185,
      76.99
    ],
    [
      1783567086,
      76.9
    ],
    [
      1783567987,
      77.02
    ],
    [
      1783568888,
      77.13
    ],
    [
      1783569790,
      77.26
    ],
    [
      1783570691,
      77.25
    ]
  ],
  "dogecoin": [
    [
      1783564382,
      0.0723
    ],
    [
      1783565283,
      0.072091
    ],
    [
      1783566185,
      0.072108
    ],
    [
      1783567086,
      0.072166
    ],
    [
      1783567987,
      0.072138
    ],
    [
      1783568888,
      0.072222
    ],
    [
      1783569790,
      0.072242
    ],
    [
      1783570691,
      0.072298
    ]
  ],
  "cardano": [
    [
      1783564382,
      0.166581
    ],
    [
      1783565283,
      0.166195
    ],
    [
      1783566185,
      0.166341
    ],
    [
      1783567086,
      0.166371
    ],
    [
      1783567987,
      0.166374
    ],
    [
      1783568888,
      0.166455
    ],
    [
      1783569790,
      0.166306
    ],
    [
      1783570691,
      0.16626
    ]
  ],
  "tron": [
    [
      1783564382,
      0.32812
    ],
    [
      1783565283,
      0.327943
    ],
    [
      1783566185,
      0.327763
    ],
    [
      1783567086,
      0.328477
    ],
    [
      1783567987,
      0.328605
    ],
    [
      1783568888,
      0.328611
    ],
    [
      1783569790,
      0.328881
    ],
    [
      1783570691,
      0.328934
    ]
  ],
  "chainlink": [
    [
      1783564382,
      7.62
    ],
    [
      1783565283,
      7.6
    ],
    [
      1783566185,
      7.58
    ],
    [
      1783567086,
      7.59
    ],
    [
      1783567987,
      7.6
    ],
    [
      1783568888,
      7.61
    ],
    [
      1783569790,
      7.62
    ],
    [
      1783570691,
      7.62
    ]
  ],
  "the-open-network": [
    [
      1783564382,
      1.58
    ],
    [
      1783565283,
      1.58
    ],
    [
      1783566185,
      1.57
    ],
    [
      1783567086,
      1.57
    ],
    [
      1783567987,
      1.57
    ],
    [
      1783568888,
      1.58
    ],
    [
      1783569790,
      1.58
    ],
    [
      1783570691,
      1.58
    ]
  ],
  "stellar": [
    [
      1783564382,
      0.181042
    ],
    [
      1783565283,
      0.180993
    ],
    [
      1783566185,
      0.180715
    ],
    [
      1783567086,
      0.180293
    ],
    [
      1783567987,
      0.180688
    ],
    [
      1783568888,
      0.181555
    ],
    [
      1783569790,
      0.181122
    ],
    [
      1783570691,
      0.18101
    ]
  ],
  "hedera-hashgraph": [
    [
      1783564382,
      0.069828
    ],
    [
      1783565283,
      0.069621
    ],
    [
      1783566185,
      0.069669
    ],
    [
      1783567086,
      0.06943
    ],
    [
      1783567987,
      0.06934
    ],
    [
      1783568888,
      0.069395
    ],
    [
      1783569790,
      0.069465
    ],
    [
      1783570691,
      0.0695
    ]
  ],
  "sui": [
    [
      1783564382,
      0.714733
    ],
    [
      1783565283,
      0.712235
    ],
    [
      1783566185,
      0.714455
    ],
    [
      1783567086,
      0.714238
    ],
    [
      1783567987,
      0.717322
    ],
    [
      1783568888,
      0.718066
    ],
    [
      1783569790,
      0.718514
    ],
    [
      1783570691,
      0.719296
    ]
  ],
  "bitcoin-cash": [
    [
      1783564382,
      234.17
    ],
    [
      1783565283,
      232.67
    ],
    [
      1783566185,
      232.09
    ],
    [
      1783567086,
      232.82
    ],
    [
      1783567987,
      232.89
    ],
    [
      1783568888,
      233.43
    ],
    [
      1783569790,
      233.8
    ],
    [
      1783570691,
      233.8
    ]
  ],
  "litecoin": [
    [
      1783564382,
      43.74
    ],
    [
      1783565283,
      43.53
    ],
    [
      1783566185,
      43.44
    ],
    [
      1783567086,
      43.47
    ],
    [
      1783567987,
      43.53
    ],
    [
      1783568888,
      43.62
    ],
    [
      1783569790,
      43.67
    ],
    [
      1783570691,
      43.72
    ]
  ],
  "polkadot": [
    [
      1783564382,
      0.828326
    ],
    [
      1783565283,
      0.825221
    ],
    [
      1783566185,
      0.823318
    ],
    [
      1783567086,
      0.821717
    ],
    [
      1783567987,
      0.824081
    ],
    [
      1783568888,
      0.824866
    ],
    [
      1783569790,
      0.826033
    ],
    [
      1783570691,
      0.82578
    ]
  ],
  "hyperliquid": [
    [
      1783564382,
      67.37
    ],
    [
      1783565283,
      67.14
    ],
    [
      1783566185,
      67.07
    ],
    [
      1783567086,
      67.13
    ],
    [
      1783567987,
      67.24
    ],
    [
      1783568888,
      67.21
    ],
    [
      1783569790,
      67.15
    ],
    [
      1783570691,
      67.08
    ]
  ],
  "monero": [
    [
      1783564382,
      319.61
    ],
    [
      1783565283,
      319.38
    ],
    [
      1783566185,
      319.41
    ],
    [
      1783567086,
      319.92
    ],
    [
      1783567987,
      319.48
    ],
    [
      1783568888,
      319.91
    ],
    [
      1783569790,
      319.78
    ],
    [
      1783570691,
      319.94
    ]
  ],
  "_alerts_sent": {}
}