{
  "bitcoin": [
    [
      1779648103,
      76607
    ],
    [
      1779649005,
      76563
    ],
    [
      1779649906,
      76592
    ],
    [
      1779650807,
      76592
    ],
    [
      1779651676,
      76588
    ],
    [
      1779652577,
      76665
    ],
    [
      1779653265,
      76590
    ],
    [
      1779654746,
      76594
    ]
  ],
  "ethereum": [
    [
      1779648103,
      2098.99
    ],
    [
      1779649005,
      2097.0
    ],
    [
      1779649906,
      2097.97
    ],
    [
      1779650807,
      2095.77
    ],
    [
      1779651676,
      2094.45
    ],
    [
      1779652577,
      2098.5
    ],
    [
      1779653265,
      2093.27
    ],
    [
      1779654746,
      2092.71
    ]
  ],
  "avalanche-2": [
    [
      1779648103,
      9.23
    ],
    [
      1779649005,
      9.21
    ],
    [
      1779649906,
      9.22
    ],
    [
      1779650807,
      9.22
    ],
    [
      1779651676,
      9.21
    ],
    [
      1779652577,
      9.23
    ],
    [
      1779653265,
      9.21
    ],
    [
      1779654746,
      9.21
    ]
  ],
  "ondo-finance": [
    [
      1779648103,
      0.445697
    ],
    [
      1779649005,
      0.441245
    ],
    [
      1779649906,
      0.44081
    ],
    [
      1779650807,
      0.440143
    ],
    [
      1779651676,
      0.439105
    ],
    [
      1779652577,
      0.437802
    ],
    [
      1779653265,
      0.436446
    ],
    [
      1779654746,
      0.438945
    ]
  ]
}