{
  "bitcoin": [
    [
      1782283924,
      62673
    ],
    [
      1782284825,
      62669
    ],
    [
      1782285727,
      62648
    ],
    [
      1782286628,
      62590
    ],
    [
      1782287530,
      62596
    ],
    [
      1782288431,
      62586
    ],
    [
      1782289333,
      62583
    ],
    [
      1782290234,
      62656
    ]
  ],
  "ethereum": [
    [
      1782283924,
      1672.17
    ],
    [
      1782284825,
      1671.9
    ],
    [
      1782285727,
      1673.51
    ],
    [
      1782286628,
      1671.06
    ],
    [
      1782287530,
      1670.18
    ],
    [
      1782288431,
      1671.26
    ],
    [
      1782289333,
      1668.12
    ],
    [
      1782290234,
      1670.51
    ]
  ],
  "avalanche-2": [
    [
      1782283924,
      6.41
    ],
    [
      1782284825,
      6.41
    ],
    [
      1782285727,
      6.41
    ],
    [
      1782286628,
      6.41
    ],
    [
      1782287530,
      6.39
    ],
    [
      1782288431,
      6.38
    ],
    [
      1782289333,
      6.38
    ],
    [
      1782290234,
      6.38
    ]
  ],
  "ondo-finance": [
    [
      1782283924,
      0.310124
    ],
    [
      1782284825,
      0.309529
    ],
    [
      1782285727,
      0.309361
    ],
    [
      1782286628,
      0.308763
    ],
    [
      1782287530,
      0.307506
    ],
    [
      1782288431,
      0.307717
    ],
    [
      1782289333,
      0.307654
    ],
    [
      1782290234,
      0.306745
    ]
  ],
  "binancecoin": [
    [
      1782283924,
      578.57
    ],
    [
      1782284825,
      577.49
    ],
    [
      1782285727,
      577.57
    ],
    [
      1782286628,
      576.72
    ],
    [
      1782287530,
      576.2
    ],
    [
      1782288431,
      576.36
    ],
    [
      1782289333,
      576.21
    ],
    [
      1782290234,
      576.53
    ]
  ],
  "ripple": [
    [
      1782283924,
      1.1
    ],
    [
      1782284825,
      1.1
    ],
    [
      1782285727,
      1.1
    ],
    [
      1782286628,
      1.098
    ],
    [
      1782287530,
      1.098
    ],
    [
      1782288431,
      1.098
    ],
    [
      1782289333,
      1.098
    ],
    [
      1782290234,
      1.1
    ]
  ],
  "solana": [
    [
      1782283924,
      69.69
    ],
    [
      1782284825,
      69.54
    ],
    [
      1782285727,
      69.55
    ],
    [
      1782286628,
      69.48
    ],
    [
      1782287530,
      69.36
    ],
    [
      1782288431,
      69.33
    ],
    [
      1782289333,
      69.24
    ],
    [
      1782290234,
      69.42
    ]
  ],
  "dogecoin": [
    [
      1782283924,
      0.078928
    ],
    [
      1782284825,
      0.078858
    ],
    [
      1782285727,
      0.078834
    ],
    [
      1782286628,
      0.07884
    ],
    [
      1782287530,
      0.078782
    ],
    [
      1782288431,
      0.078834
    ],
    [
      1782289333,
      0.078894
    ],
    [
      1782290234,
      0.078989
    ]
  ],
  "cardano": [
    [
      1782283924,
      0.151273
    ],
    [
      1782284825,
      0.151055
    ],
    [
      1782285727,
      0.150847
    ],
    [
      1782286628,
      0.150658
    ],
    [
      1782287530,
      0.150379
    ],
    [
      1782288431,
      0.15042
    ],
    [
      1782289333,
      0.150605
    ],
    [
      1782290234,
      0.150538
    ]
  ],
  "tron": [
    [
      1782283924,
      0.328484
    ],
    [
      1782284825,
      0.328643
    ],
    [
      1782285727,
      0.328748
    ],
    [
      1782286628,
      0.328667
    ],
    [
      1782287530,
      0.328722
    ],
    [
      1782288431,
      0.328783
    ],
    [
      1782289333,
      0.328795
    ],
    [
      1782290234,
      0.329175
    ]
  ],
  "chainlink": [
    [
      1782283924,
      7.63
    ],
    [
      1782284825,
      7.63
    ],
    [
      1782285727,
      7.63
    ],
    [
      1782286628,
      7.61
    ],
    [
      1782287530,
      7.6
    ],
    [
      1782288431,
      7.6
    ],
    [
      1782289333,
      7.6
    ],
    [
      1782290234,
      7.61
    ]
  ],
  "the-open-network": [
    [
      1782283924,
      1.55
    ],
    [
      1782284825,
      1.55
    ],
    [
      1782285727,
      1.55
    ],
    [
      1782286628,
      1.56
    ],
    [
      1782287530,
      1.58
    ],
    [
      1782288431,
      1.59
    ],
    [
      1782289333,
      1.57
    ],
    [
      1782290234,
      1.57
    ]
  ],
  "stellar": [
    [
      1782283924,
      0.192499
    ],
    [
      1782284825,
      0.192175
    ],
    [
      1782285727,
      0.191471
    ],
    [
      1782286628,
      0.191299
    ],
    [
      1782287530,
      0.191272
    ],
    [
      1782288431,
      0.191077
    ],
    [
      1782289333,
      0.191229
    ],
    [
      1782290234,
      0.191196
    ]
  ],
  "hedera-hashgraph": [
    [
      1782283924,
      0.077532
    ],
    [
      1782284825,
      0.07757
    ],
    [
      1782285727,
      0.077565
    ],
    [
      1782286628,
      0.077471
    ],
    [
      1782287530,
      0.077277
    ],
    [
      1782288431,
      0.077237
    ],
    [
      1782289333,
      0.077158
    ],
    [
      1782290234,
      0.077206
    ]
  ],
  "sui": [
    [
      1782283924,
      0.703932
    ],
    [
      1782284825,
      0.703268
    ],
    [
      1782285727,
      0.704556
    ],
    [
      1782286628,
      0.703944
    ],
    [
      1782287530,
      0.703283
    ],
    [
      1782288431,
      0.700656
    ],
    [
      1782289333,
      0.700166
    ],
    [
      1782290234,
      0.702328
    ]
  ],
  "bitcoin-cash": [
    [
      1782283924,
      194.48
    ],
    [
      1782284825,
      194.66
    ],
    [
      1782285727,
      194.34
    ],
    [
      1782286628,
      193.9
    ],
    [
      1782287530,
      193.88
    ],
    [
      1782288431,
      194.36
    ],
    [
      1782289333,
      194.2
    ],
    [
      1782290234,
      194.22
    ]
  ],
  "litecoin": [
    [
      1782283924,
      42.06
    ],
    [
      1782284825,
      42.06
    ],
    [
      1782285727,
      42.01
    ],
    [
      1782286628,
      41.99
    ],
    [
      1782287530,
      41.99
    ],
    [
      1782288431,
      41.99
    ],
    [
      1782289333,
      42.0
    ],
    [
      1782290234,
      42.09
    ]
  ],
  "polkadot": [
    [
      1782283924,
      0.906795
    ],
    [
      1782284825,
      0.906508
    ],
    [
      1782285727,
      0.906222
    ],
    [
      1782286628,
      0.904849
    ],
    [
      1782287530,
      0.904282
    ],
    [
      1782288431,
      0.904614
    ],
    [
      1782289333,
      0.905565
    ],
    [
      1782290234,
      0.905852
    ]
  ],
  "hyperliquid": [
    [
      1782283924,
      62.23
    ],
    [
      1782284825,
      62.11
    ],
    [
      1782285727,
      62.12
    ],
    [
      1782286628,
      62.02
    ],
    [
      1782287530,
      62.14
    ],
    [
      1782288431,
      62.04
    ],
    [
      1782289333,
      61.98
    ],
    [
      1782290234,
      62.21
    ]
  ],
  "monero": [
    [
      1782283924,
      325.4
    ],
    [
      1782284825,
      325.09
    ],
    [
      1782285727,
      325.12
    ],
    [
      1782286628,
      324.79
    ],
    [
      1782287530,
      323.11
    ],
    [
      1782288431,
      324.71
    ],
    [
      1782289333,
      325.22
    ],
    [
      1782290234,
      326.7
    ]
  ],
  "_alerts_sent": {}
}