{
  "bitcoin": [
    [
      1782266194,
      62926
    ],
    [
      1782267095,
      62800
    ],
    [
      1782267996,
      62642
    ],
    [
      1782268898,
      62637
    ],
    [
      1782269799,
      62597
    ],
    [
      1782270402,
      62527
    ],
    [
      1782271303,
      62417
    ],
    [
      1782272205,
      62708
    ],
    [
      1782273106,
      62702
    ]
  ],
  "ethereum": [
    [
      1782266194,
      1673.6
    ],
    [
      1782267095,
      1669.04
    ],
    [
      1782267996,
      1663.83
    ],
    [
      1782268898,
      1665.23
    ],
    [
      1782269799,
      1663.72
    ],
    [
      1782270402,
      1661.81
    ],
    [
      1782271303,
      1657.5
    ],
    [
      1782272205,
      1664.93
    ],
    [
      1782273106,
      1666.32
    ]
  ],
  "avalanche-2": [
    [
      1782266194,
      6.5
    ],
    [
      1782267095,
      6.43
    ],
    [
      1782267996,
      6.41
    ],
    [
      1782268898,
      6.44
    ],
    [
      1782269799,
      6.44
    ],
    [
      1782270402,
      6.43
    ],
    [
      1782271303,
      6.41
    ],
    [
      1782272205,
      6.43
    ],
    [
      1782273106,
      6.43
    ]
  ],
  "ondo-finance": [
    [
      1782266194,
      0.313265
    ],
    [
      1782267095,
      0.311441
    ],
    [
      1782267996,
      0.310581
    ],
    [
      1782268898,
      0.310281
    ],
    [
      1782269799,
      0.310747
    ],
    [
      1782270402,
      0.310114
    ],
    [
      1782271303,
      0.308544
    ],
    [
      1782272205,
      0.308907
    ],
    [
      1782273106,
      0.309277
    ]
  ],
  "binancecoin": [
    [
      1782266194,
      579.53
    ],
    [
      1782267095,
      578.21
    ],
    [
      1782267996,
      577.51
    ],
    [
      1782268898,
      577.58
    ],
    [
      1782269799,
      577.13
    ],
    [
      1782270402,
      576.4
    ],
    [
      1782271303,
      574.89
    ],
    [
      1782272205,
      577.08
    ],
    [
      1782273106,
      577.54
    ]
  ],
  "ripple": [
    [
      1782266194,
      1.11
    ],
    [
      1782267095,
      1.11
    ],
    [
      1782267996,
      1.1
    ],
    [
      1782268898,
      1.11
    ],
    [
      1782269799,
      1.11
    ],
    [
      1782270402,
      1.1
    ],
    [
      1782271303,
      1.099
    ],
    [
      1782272205,
      1.1
    ],
    [
      1782273106,
      1.1
    ]
  ],
  "solana": [
    [
      1782266194,
      70.17
    ],
    [
      1782267095,
      69.85
    ],
    [
      1782267996,
      69.52
    ],
    [
      1782268898,
      69.57
    ],
    [
      1782269799,
      69.45
    ],
    [
      1782270402,
      69.32
    ],
    [
      1782271303,
      69.12
    ],
    [
      1782272205,
      69.44
    ],
    [
      1782273106,
      69.61
    ]
  ],
  "dogecoin": [
    [
      1782266194,
      0.079605
    ],
    [
      1782267095,
      0.079339
    ],
    [
      1782267996,
      0.079047
    ],
    [
      1782268898,
      0.079129
    ],
    [
      1782269799,
      0.079111
    ],
    [
      1782270402,
      0.079019
    ],
    [
      1782271303,
      0.078797
    ],
    [
      1782272205,
      0.079089
    ],
    [
      1782273106,
      0.079177
    ]
  ],
  "cardano": [
    [
      1782266194,
      0.153342
    ],
    [
      1782267095,
      0.152503
    ],
    [
      1782267996,
      0.152197
    ],
    [
      1782268898,
      0.152532
    ],
    [
      1782269799,
      0.152624
    ],
    [
      1782270402,
      0.152306
    ],
    [
      1782271303,
      0.151679
    ],
    [
      1782272205,
      0.152164
    ],
    [
      1782273106,
      0.152158
    ]
  ],
  "tron": [
    [
      1782266194,
      0.328615
    ],
    [
      1782267095,
      0.32851
    ],
    [
      1782267996,
      0.328583
    ],
    [
      1782268898,
      0.32865
    ],
    [
      1782269799,
      0.328622
    ],
    [
      1782270402,
      0.328667
    ],
    [
      1782271303,
      0.329114
    ],
    [
      1782272205,
      0.329
    ],
    [
      1782273106,
      0.32899
    ]
  ],
  "chainlink": [
    [
      1782266194,
      7.64
    ],
    [
      1782267095,
      7.62
    ],
    [
      1782267996,
      7.6
    ],
    [
      1782268898,
      7.6
    ],
    [
      1782269799,
      7.59
    ],
    [
      1782270402,
      7.58
    ],
    [
      1782271303,
      7.56
    ],
    [
      1782272205,
      7.58
    ],
    [
      1782273106,
      7.59
    ]
  ],
  "the-open-network": [
    [
      1782266194,
      1.58
    ],
    [
      1782267095,
      1.56
    ],
    [
      1782267996,
      1.55
    ],
    [
      1782268898,
      1.55
    ],
    [
      1782269799,
      1.55
    ],
    [
      1782270402,
      1.56
    ],
    [
      1782271303,
      1.56
    ],
    [
      1782272205,
      1.56
    ],
    [
      1782273106,
      1.55
    ]
  ],
  "stellar": [
    [
      1782266194,
      0.195308
    ],
    [
      1782267095,
      0.194286
    ],
    [
      1782267996,
      0.193723
    ],
    [
      1782268898,
      0.192404
    ],
    [
      1782269799,
      0.1922
    ],
    [
      1782270402,
      0.19232
    ],
    [
      1782271303,
      0.191879
    ],
    [
      1782272205,
      0.191917
    ],
    [
      1782273106,
      0.192026
    ]
  ],
  "hedera-hashgraph": [
    [
      1782266194,
      0.077958
    ],
    [
      1782267095,
      0.077809
    ],
    [
      1782267996,
      0.077735
    ],
    [
      1782268898,
      0.077686
    ],
    [
      1782269799,
      0.077607
    ],
    [
      1782270402,
      0.077525
    ],
    [
      1782271303,
      0.077247
    ],
    [
      1782272205,
      0.077271
    ],
    [
      1782273106,
      0.077311
    ]
  ],
  "sui": [
    [
      1782266194,
      0.705874
    ],
    [
      1782267095,
      0.702531
    ],
    [
      1782267996,
      0.700809
    ],
    [
      1782268898,
      0.700378
    ],
    [
      1782269799,
      0.699122
    ],
    [
      1782270402,
      0.698104
    ],
    [
      1782271303,
      0.696104
    ],
    [
      1782272205,
      0.69768
    ],
    [
      1782273106,
      0.698813
    ]
  ],
  "bitcoin-cash": [
    [
      1782266194,
      196.06
    ],
    [
      1782267095,
      195.07
    ],
    [
      1782267996,
      194.67
    ],
    [
      1782268898,
      194.84
    ],
    [
      1782269799,
      195.17
    ],
    [
      1782270402,
      194.91
    ],
    [
      1782271303,
      194.38
    ],
    [
      1782272205,
      194.66
    ],
    [
      1782273106,
      194.74
    ]
  ],
  "litecoin": [
    [
      1782266194,
      42.24
    ],
    [
      1782267095,
      42.04
    ],
    [
      1782267996,
      41.96
    ],
    [
      1782268898,
      41.96
    ],
    [
      1782269799,
      41.96
    ],
    [
      1782270402,
      41.95
    ],
    [
      1782271303,
      41.82
    ],
    [
      1782272205,
      41.82
    ],
    [
      1782273106,
      41.83
    ]
  ],
  "polkadot": [
    [
      1782266194,
      0.916158
    ],
    [
      1782267095,
      0.912085
    ],
    [
      1782267996,
      0.90973
    ],
    [
      1782268898,
      0.908458
    ],
    [
      1782269799,
      0.908262
    ],
    [
      1782270402,
      0.906747
    ],
    [
      1782271303,
      0.904118
    ],
    [
      1782272205,
      0.905034
    ],
    [
      1782273106,
      0.905956
    ]
  ],
  "hyperliquid": [
    [
      1782266194,
      62.89
    ],
    [
      1782267095,
      62.41
    ],
    [
      1782267996,
      62.1
    ],
    [
      1782268898,
      62.1
    ],
    [
      1782269799,
      61.9
    ],
    [
      1782270402,
      61.17
    ],
    [
      1782271303,
      60.72
    ],
    [
      1782272205,
      60.93
    ],
    [
      1782273106,
      61.3
    ]
  ],