{
  "bitcoin": [
    [
      1782554810,
      60340
    ],
    [
      1782555712,
      60386
    ],
    [
      1782556613,
      60341
    ],
    [
      1782557514,
      60284.6
    ],
    [
      1782558416,
      60314
    ],
    [
      1782559317,
      60241
    ],
    [
      1782560218,
      60195
    ],
    [
      1782561120,
      60250
    ]
  ],
  "ethereum": [
    [
      1782554810,
      1580.65
    ],
    [
      1782555712,
      1581.86
    ],
    [
      1782556613,
      1580.8
    ],
    [
      1782557514,
      1580.85
    ],
    [
      1782558416,
      1581.38
    ],
    [
      1782559317,
      1579.33
    ],
    [
      1782560218,
      1578.73
    ],
    [
      1782561120,
      1581.23
    ]
  ],
  "avalanche-2": [
    [
      1782554810,
      6.52
    ],
    [
      1782555712,
      6.51
    ],
    [
      1782556613,
      6.5
    ],
    [
      1782557514,
      6.524
    ],
    [
      1782558416,
      6.51
    ],
    [
      1782559317,
      6.48
    ],
    [
      1782560218,
      6.45
    ],
    [
      1782561120,
      6.5
    ]
  ],
  "ondo-finance": [
    [
      1782554810,
      0.316061
    ],
    [
      1782555712,
      0.316293
    ],
    [
      1782556613,
      0.316509
    ],
    [
      1782557514,
      0.31673
    ],
    [
      1782558416,
      0.316604
    ],
    [
      1782559317,
      0.316068
    ],
    [
      1782560218,
      0.315574
    ],
    [
      1782561120,
      0.316861
    ]
  ],
  "binancecoin": [
    [
      1782554810,
      563.79
    ],
    [
      1782555712,
      563.86
    ],
    [
      1782556613,
      563.5
    ],
    [
      1782558416,
      563.27
    ],
    [
      1782559317,
      562.03
    ],
    [
      1782560218,
      562.08
    ],
    [
      1782561120,
      562.2
    ]
  ],
  "ripple": [
    [
      1782554810,
      1.056
    ],
    [
      1782555712,
      1.057
    ],
    [
      1782556613,
      1.056
    ],
    [
      1782558416,
      1.058
    ],
    [
      1782559317,
      1.056
    ],
    [
      1782560218,
      1.055
    ],
    [
      1782561120,
      1.057
    ]
  ],
  "solana": [
    [
      1782554810,
      71.76
    ],
    [
      1782555712,
      71.8
    ],
    [
      1782556613,
      71.82
    ],
    [
      1782558416,
      71.93
    ],
    [
      1782559317,
      71.63
    ],
    [
      1782560218,
      71.56
    ],
    [
      1782561120,
      71.71
    ]
  ],
  "dogecoin": [
    [
      1782554810,
      0.075261
    ],
    [
      1782555712,
      0.07529
    ],
    [
      1782556613,
      0.075242
    ],
    [
      1782558416,
      0.075227
    ],
    [
      1782559317,
      0.075003
    ],
    [
      1782560218,
      0.075016
    ],
    [
      1782561120,
      0.075156
    ]
  ],
  "cardano": [
    [
      1782554810,
      0.147009
    ],
    [
      1782555712,
      0.147055
    ],
    [
      1782556613,
      0.14695
    ],
    [
      1782558416,
      0.147176
    ],
    [
      1782559317,
      0.146837
    ],
    [
      1782560218,
      0.14659
    ],
    [
      1782561120,
      0.146886
    ]
  ],
  "tron": [
    [
      1782554810,
      0.320774
    ],
    [
      1782555712,
      0.321
    ],
    [
      1782556613,
      0.320912
    ],
    [
      1782558416,
      0.320596
    ],
    [
      1782559317,
      0.320571
    ],
    [
      1782560218,
      0.320809
    ],
    [
      1782561120,
      0.320651
    ]
  ],
  "chainlink": [
    [
      1782554810,
      7.37
    ],
    [
      1782555712,
      7.35
    ],
    [
      1782556613,
      7.35
    ],
    [
      1782558416,
      7.35
    ],
    [
      1782559317,
      7.33
    ],
    [
      1782560218,
      7.33
    ],
    [
      1782561120,
      7.34
    ]
  ],
  "the-open-network": [
    [
      1782554810,
      1.57
    ],
    [
      1782555712,
      1.57
    ],
    [
      1782556613,
      1.57
    ],
    [
      1782558416,
      1.58
    ],
    [
      1782559317,
      1.57
    ],
    [
      1782560218,
      1.57
    ],
    [
      1782561120,
      1.57
    ]
  ],
  "stellar": [
    [
      1782554810,
      0.173792
    ],
    [
      1782555712,
      0.174099
    ],
    [
      1782556613,
      0.174319
    ],
    [
      1782558416,
      0.175365
    ],
    [
      1782559317,
      0.174715
    ],
    [
      1782560218,
      0.176681
    ],
    [
      1782561120,
      0.176035
    ]
  ],
  "hedera-hashgraph": [
    [
      1782554810,
      0.072119
    ],
    [
      1782555712,
      0.07235
    ],
    [
      1782556613,
      0.072235
    ],
    [
      1782558416,
      0.072349
    ],
    [
      1782559317,
      0.072163
    ],
    [
      1782560218,
      0.07223
    ],
    [
      1782561120,
      0.072372
    ]
  ],
  "sui": [
    [
      1782554810,
      0.700731
    ],
    [
      1782555712,
      0.699794
    ],
    [
      1782556613,
      0.699884
    ],
    [
      1782558416,
      0.699626
    ],
    [
      1782559317,
      0.698206
    ],
    [
      1782560218,
      0.696972
    ],
    [
      1782561120,
      0.69861
    ]
  ],
  "bitcoin-cash": [
    [
      1782554810,
      196.36
    ],
    [
      1782555712,
      196.71
    ],
    [
      1782556613,
      196.88
    ],
    [
      1782558416,
      197.06
    ],
    [
      1782559317,
      196.35
    ],
    [
      1782560218,
      196.03
    ],
    [
      1782561120,
      196.05
    ]
  ],
  "litecoin": [
    [
      1782554810,
      42.54
    ],
    [
      1782555712,
      42.59
    ],
    [
      1782556613,
      42.57
    ],
    [
      1782558416,
      42.64
    ],
    [
      1782559317,
      42.54
    ],
    [
      1782560218,
      42.4
    ],
    [
      1782561120,
      42.42
    ]
  ],
  "polkadot": [
    [
      1782554810,
      0.844233
    ],
    [
      1782555712,
      0.843847
    ],
    [
      1782556613,
      0.841765
    ],
    [
      1782558416,
      0.842216
    ],
    [
      1782559317,
      0.838971
    ],
    [
      1782560218,
      0.838831
    ],
    [
      1782561120,
      0.839022
    ]
  ],
  "hyperliquid": [
    [
      1782554810,
      62.89
    ],
    [
      1782555712,
      62.98
    ],
    [
      1782556613,
      63.12
    ],
    [
      1782558416,
      63.2
    ],
    [
      1782559317,
      62.85
    ],
    [
      1782560218,
      62.95
    ],
    [
      1782561120,
      63.34
    ]
  ],
  "monero": [
    [
      1782554810,
      316.77
    ],
    [
      1782555712,
      317.11
    ],
    [
      1782556613,
      317.11
    ],
    [
      1782558416,
      318.15
    ],
    [
      1782559317,
      317.74
    ],
    [
      1782560218,
      316.4
    ],
    [
      1782561120,
      315.78
    ]
  ],
  "_alerts_sent": {}
}