{
  "bitcoin": [
    [
      1784891731,
      64964
    ],
    [
      1784892632,
      65016
    ],
    [
      1784893533,
      64921
    ],
    [
      1784894435,
      65012
    ],
    [
      1784895337,
      65021
    ],
    [
      1784896238,
      65004
    ],
    [
      1784897140,
      64890
    ],
    [
      1784898042,
      64742
    ]
  ],
  "ethereum": [
    [
      1784891731,
      1881.93
    ],
    [
      1784892632,
      1880.65
    ],
    [
      1784893533,
      1878.3
    ],
    [
      1784894435,
      1882.02
    ],
    [
      1784895337,
      1882.18
    ],
    [
      1784896238,
      1882.48
    ],
    [
      1784897140,
      1877.08
    ],
    [
      1784898042,
      1871.61
    ]
  ],
  "avalanche-2": [
    [
      1784891731,
      6.26
    ],
    [
      1784892632,
      6.25
    ],
    [
      1784893533,
      6.24
    ],
    [
      1784894435,
      6.25
    ],
    [
      1784895337,
      6.25
    ],
    [
      1784896238,
      6.25
    ],
    [
      1784897140,
      6.23
    ],
    [
      1784898042,
      6.21
    ]
  ],
  "ondo-finance": [
    [
      1784891731,
      0.392623
    ],
    [
      1784892632,
      0.392623
    ],
    [
      1784893533,
      0.392073
    ],
    [
      1784894435,
      0.392573
    ],
    [
      1784895337,
      0.394821
    ],
    [
      1784896238,
      0.395126
    ],
    [
      1784897140,
      0.393669
    ],
    [
      1784898042,
      0.391378
    ]
  ],
  "binancecoin": [
    [
      1784891731,
      565.82
    ],
    [
      1784892632,
      565.91
    ],
    [
      1784893533,
      565.47
    ],
    [
      1784894435,
      566.0
    ],
    [
      1784895337,
      565.84
    ],
    [
      1784896238,
      565.73
    ],
    [
      1784897140,
      565.06
    ],
    [
      1784898042,
      563.46
    ]
  ],
  "ripple": [
    [
      1784891731,
      1.1
    ],
    [
      1784892632,
      1.1
    ],
    [
      1784893533,
      1.1
    ],
    [
      1784894435,
      1.1
    ],
    [
      1784895337,
      1.1
    ],
    [
      1784896238,
      1.1
    ],
    [
      1784897140,
      1.1
    ],
    [
      1784898042,
      1.099
    ]
  ],
  "solana": [
    [
      1784891731,
      75.38
    ],
    [
      1784892632,
      75.28
    ],
    [
      1784893533,
      75.13
    ],
    [
      1784894435,
      75.11
    ],
    [
      1784895337,
      75.13
    ],
    [
      1784896238,
      75.13
    ],
    [
      1784897140,
      74.93
    ],
    [
      1784898042,
      74.8
    ]
  ],
  "dogecoin": [
    [
      1784891731,
      0.069796
    ],
    [
      1784892632,
      0.069625
    ],
    [
      1784893533,
      0.06938
    ],
    [
      1784894435,
      0.069368
    ],
    [
      1784895337,
      0.069445
    ],
    [
      1784896238,
      0.069553
    ],
    [
      1784897140,
      0.069323
    ],
    [
      1784898042,
      0.069089
    ]
  ],
  "cardano": [
    [
      1784891731,
      0.166343
    ],
    [
      1784892632,
      0.166201
    ],
    [
      1784893533,
      0.165822
    ],
    [
      1784894435,
      0.166106
    ],
    [
      1784895337,
      0.166263
    ],
    [
      1784896238,
      0.166258
    ],
    [
      1784897140,
      0.165677
    ],
    [
      1784898042,
      0.165501
    ]
  ],
  "tron": [
    [
      1784891731,
      0.331455
    ],
    [
      1784892632,
      0.331531
    ],
    [
      1784893533,
      0.331301
    ],
    [
      1784894435,
      0.33141
    ],
    [
      1784895337,
      0.331077
    ],
    [
      1784896238,
      0.330999
    ],
    [
      1784897140,
      0.330995
    ],
    [
      1784898042,
      0.330864
    ]
  ],
  "chainlink": [
    [
      1784891731,
      8.46
    ],
    [
      1784892632,
      8.46
    ],
    [
      1784893533,
      8.44
    ],
    [
      1784894435,
      8.45
    ],
    [
      1784895337,
      8.45
    ],
    [
      1784896238,
      8.47
    ],
    [
      1784897140,
      8.45
    ],
    [
      1784898042,
      8.42
    ]
  ],
  "the-open-network": [
    [
      1784891731,
      1.46
    ],
    [
      1784892632,
      1.47
    ],
    [
      1784893533,
      1.46
    ],
    [
      1784894435,
      1.46
    ],
    [
      1784895337,
      1.46
    ],
    [
      1784896238,
      1.47
    ],
    [
      1784897140,
      1.46
    ],
    [
      1784898042,
      1.46
    ]
  ],
  "stellar": [
    [
      1784891731,
      0.18247
    ],
    [
      1784892632,
      0.182469
    ],
    [
      1784893533,
      0.182327
    ],
    [
      1784894435,
      0.182366
    ],
    [
      1784895337,
      0.182507
    ],
    [
      1784896238,
      0.182267
    ],
    [
      1784897140,
      0.181727
    ],
    [
      1784898042,
      0.181128
    ]
  ],
  "hedera-hashgraph": [
    [
      1784891731,
      0.070673
    ],
    [
      1784892632,
      0.070629
    ],
    [
      1784893533,
      0.070402
    ],
    [
      1784894435,
      0.070399
    ],
    [
      1784895337,
      0.070514
    ],
    [
      1784896238,
      0.070606
    ],
    [
      1784897140,
      0.070534
    ],
    [
      1784898042,
      0.070469
    ]
  ],
  "sui": [
    [
      1784891731,
      0.732947
    ],
    [
      1784892632,
      0.732052
    ],
    [
      1784893533,
      0.730441
    ],
    [
      1784894435,
      0.730353
    ],
    [
      1784895337,
      0.730897
    ],
    [
      1784896238,
      0.731149
    ],
    [
      1784897140,
      0.729453
    ],
    [
      1784898042,
      0.726685
    ]
  ],
  "bitcoin-cash": [
    [
      1784891731,
      210.22
    ],
    [
      1784892632,
      210.48
    ],
    [
      1784893533,
      210.06
    ],
    [
      1784894435,
      209.92
    ],
    [
      1784895337,
      209.97
    ],
    [
      1784896238,
      210.4
    ],
    [
      1784897140,
      209.94
    ],
    [
      1784898042,
      209.43
    ]
  ],
  "litecoin": [
    [
      1784891731,
      46.24
    ],
    [
      1784892632,
      46.28
    ],
    [
      1784893533,
      46.22
    ],
    [
      1784894435,
      46.26
    ],
    [
      1784895337,
      46.34
    ],
    [
      1784896238,
      46.33
    ],
    [
      1784897140,
      46.28
    ],
    [
      1784898042,
      46.23
    ]
  ],
  "polkadot": [
    [
      1784891731,
      0.801943
    ],
    [
      1784892632,
      0.801659
    ],
    [
      1784893533,
      0.800634
    ],
    [
      1784894435,
      0.8025
    ],
    [
      1784895337,
      0.803141
    ],
    [
      1784896238,
      0.803825
    ],
    [
      1784897140,
      0.801369
    ],
    [
      1784898042,
      0.799172
    ]
  ],
  "hyperliquid": [
    [
      1784891731,
      58.46
    ],
    [
      1784892632,
      58.38
    ],
    [
      1784893533,
      58.44
    ],
    [
      1784894435,
      58.51
    ],
    [
      1784895337,
      58.36
    ],
    [
      1784896238,
      58.45
    ],
    [
      1784897140,
      58.29
    ],
    [
      1784898042,
      58.35
    ]
  ],
  "monero": [
    [
      1784891731,
      352.52
    ],
    [
      1784892632,
      352.49
    ],
    [
      1784893533,
      351.48
    ],
    [
      1784894435,
      352.28
    ],
    [
      1784895337,
      351.69
    ],
    [
      1784896238,
      353.92
    ],
    [
      1784897140,
      353.82
    ],
    [
      1784898042,
      353.3
    ]
  ],
  "_alerts_sent": {}
}