{
  "bitcoin": [
    [
      1779727067,
      77544
    ],
    [
      1779727968,
      77664
    ],
    [
      1779728870,
      77673
    ],
    [
      1779729771,
      77564
    ],
    [
      1779730673,
      77521
    ],
    [
      1779731574,
      77505
    ],
    [
      1779732476,
      77549
    ],
    [
      1779733377,
      77560
    ]
  ],
  "ethereum": [
    [
      1779727067,
      2126.67
    ],
    [
      1779727968,
      2133.82
    ],
    [
      1779728870,
      2134.89
    ],
    [
      1779729771,
      2129.96
    ],
    [
      1779730673,
      2131.02
    ],
    [
      1779731574,
      2129.14
    ],
    [
      1779732476,
      2129.65
    ],
    [
      1779733377,
      2129.2
    ]
  ],
  "avalanche-2": [
    [
      1779727067,
      9.43
    ],
    [
      1779727968,
      9.46
    ],
    [
      1779728870,
      9.46
    ],
    [
      1779729771,
      9.44
    ],
    [
      1779730673,
      9.43
    ],
    [
      1779731574,
      9.42
    ],
    [
      1779732476,
      9.44
    ],
    [
      1779733377,
      9.43
    ]
  ],
  "ondo-finance": [
    [
      1779727067,
      0.43168
    ],
    [
      1779727968,
      0.434624
    ],
    [
      1779728870,
      0.435161
    ],
    [
      1779729771,
      0.438092
    ],
    [
      1779730673,
      0.4367
    ],
    [
      1779731574,
      0.436871
    ],
    [
      1779732476,
      0.439874
    ],
    [
      1779733377,
      0.44073
    ]
  ]
}