{
  "bitcoin": [
    [
      1782818161,
      59293
    ],
    [
      1782819063,
      59135.4
    ],
    [
      1782819964,
      59194.8
    ],
    [
      1782820866,
      59087
    ],
    [
      1782821767,
      58936.4
    ],
    [
      1782823207,
      58739
    ],
    [
      1782824108,
      58566
    ],
    [
      1782825010,
      58496
    ]
  ],
  "ethereum": [
    [
      1782818161,
      1582.11
    ],
    [
      1782819063,
      1576.17
    ],
    [
      1782819964,
      1578.95
    ],
    [
      1782820866,
      1575.61
    ],
    [
      1782821767,
      1569.53
    ],
    [
      1782823207,
      1561.01
    ],
    [
      1782824108,
      1558.25
    ],
    [
      1782825010,
      1558.27
    ]
  ],
  "avalanche-2": [
    [
      1782818161,
      6.6
    ],
    [
      1782819063,
      6.56
    ],
    [
      1782819964,
      6.558
    ],
    [
      1782820866,
      6.52
    ],
    [
      1782821767,
      6.464
    ],
    [
      1782823207,
      6.41
    ],
    [
      1782824108,
      6.41
    ],
    [
      1782825010,
      6.4
    ]
  ],
  "ondo-finance": [
    [
      1782818161,
      0.31098
    ],
    [
      1782819063,
      0.30895
    ],
    [
      1782819964,
      0.30878
    ],
    [
      1782820866,
      0.308521
    ],
    [
      1782821767,
      0.30724
    ],
    [
      1782823207,
      0.305993
    ],
    [
      1782824108,
      0.305547
    ],
    [
      1782825010,
      0.305384
    ]
  ],
  "binancecoin": [
    [
      1782818161,
      548.62
    ],
    [
      1782820866,
      546.63
    ],
    [
      1782822305,
      545.61
    ],
    [
      1782823207,
      545.08
    ],
    [
      1782824108,
      544.67
    ],
    [
      1782825010,
      544.75
    ]
  ],
  "ripple": [
    [
      1782818161,
      1.041
    ],
    [
      1782820866,
      1.037
    ],
    [
      1782822305,
      1.031
    ],
    [
      1782823207,
      1.031
    ],
    [
      1782824108,
      1.028
    ],
    [
      1782825010,
      1.03
    ]
  ],
  "solana": [
    [
      1782818161,
      73.59
    ],
    [
      1782820866,
      73.29
    ],
    [
      1782822305,
      72.72
    ],
    [
      1782823207,
      72.41
    ],
    [
      1782824108,
      72.21
    ],
    [
      1782825010,
      72.21
    ]
  ],
  "dogecoin": [
    [
      1782818161,
      0.072394
    ],
    [
      1782820866,
      0.071389
    ],
    [
      1782822305,
      0.070353
    ],
    [
      1782823207,
      0.069837
    ],
    [
      1782824108,
      0.069696
    ],
    [
      1782825010,
      0.069962
    ]
  ],
  "cardano": [
    [
      1782818161,
      0.144555
    ],
    [
      1782820866,
      0.143796
    ],
    [
      1782822305,
      0.142798
    ],
    [
      1782823207,
      0.142381
    ],
    [
      1782824108,
      0.142079
    ],
    [
      1782825010,
      0.14251
    ]
  ],
  "tron": [
    [
      1782818161,
      0.317006
    ],
    [
      1782820866,
      0.317032
    ],
    [
      1782822305,
      0.316887
    ],
    [
      1782823207,
      0.31699
    ],
    [
      1782824108,
      0.316943
    ],
    [
      1782825010,
      0.316664
    ]
  ],
  "chainlink": [
    [
      1782818161,
      7.27
    ],
    [
      1782820866,
      7.25
    ],
    [
      1782822305,
      7.2
    ],
    [
      1782823207,
      7.17
    ],
    [
      1782824108,
      7.15
    ],
    [
      1782825010,
      7.14
    ]
  ],
  "the-open-network": [
    [
      1782818161,
      1.6
    ],
    [
      1782820866,
      1.6
    ],
    [
      1782822305,
      1.59
    ],
    [
      1782823207,
      1.57
    ],
    [
      1782824108,
      1.57
    ],
    [
      1782825010,
      1.57
    ]
  ],
  "stellar": [
    [
      1782818161,
      0.17904
    ],
    [
      1782820866,
      0.176745
    ],
    [
      1782822305,
      0.174599
    ],
    [
      1782823207,
      0.174367
    ],
    [
      1782824108,
      0.17414
    ],
    [
      1782825010,
      0.174369
    ]
  ],
  "hedera-hashgraph": [
    [
      1782818161,
      0.070466
    ],
    [
      1782820866,
      0.07018
    ],
    [
      1782822305,
      0.06993
    ],
    [
      1782823207,
      0.069832
    ],
    [
      1782824108,
      0.069812
    ],
    [
      1782825010,
      0.069791
    ]
  ],
  "sui": [
    [
      1782818161,
      0.69346
    ],
    [
      1782820866,
      0.687673
    ],
    [
      1782822305,
      0.683096
    ],
    [
      1782823207,
      0.68152
    ],
    [
      1782824108,
      0.680131
    ],
    [
      1782825010,
      0.680058
    ]
  ],
  "bitcoin-cash": [
    [
      1782818161,
      200.7
    ],
    [
      1782820866,
      199.22
    ],
    [
      1782822305,
      197.84
    ],
    [
      1782823207,
      197.27
    ],
    [
      1782824108,
      195.56
    ],
    [
      1782825010,
      194.7
    ]
  ],
  "litecoin": [
    [
      1782818161,
      42.36
    ],
    [
      1782820866,
      42.31
    ],
    [
      1782822305,
      42.16
    ],
    [
      1782823207,
      42.05
    ],
    [
      1782824108,
      41.98
    ],
    [
      1782825010,
      41.98
    ]
  ],
  "polkadot": [
    [
      1782818161,
      0.812163
    ],
    [
      1782820866,
      0.810285
    ],
    [
      1782822305,
      0.805676
    ],
    [
      1782823207,
      0.803969
    ],
    [
      1782824108,
      0.803557
    ],
    [
      1782825010,
      0.802808
    ]
  ],
  "hyperliquid": [
    [
      1782818161,
      66.18
    ],
    [
      1782820866,
      65.63
    ],
    [
      1782822305,
      65.14
    ],
    [
      1782823207,
      64.8
    ],
    [
      1782824108,
      64.6
    ],
    [
      1782825010,
      64.69
    ]
  ],
  "monero": [
    [
      1782818161,
      311.04
    ],
    [
      1782820866,
      308.58
    ],
    [
      1782822305,
      307.7
    ],
    [
      1782823207,
      307.46
    ],
    [
      1782824108,
      308.64
    ],
    [
      1782825010,
      309.84
    ]
  ],
  "_alerts_sent": {}
}