{
  "bitcoin": [
    [
      1784058439,
      64540.9
    ],
    [
      1784059341,
      64520
    ],
    [
      1784060242,
      64435
    ],
    [
      1784061144,
      64408
    ],
    [
      1784062045,
      64469.4
    ],
    [
      1784062946,
      64536
    ],
    [
      1784063848,
      64580
    ],
    [
      1784064749,
      64631
    ]
  ],
  "ethereum": [
    [
      1784058439,
      1879.51
    ],
    [
      1784059341,
      1876.1
    ],
    [
      1784060242,
      1874.29
    ],
    [
      1784061144,
      1875.3
    ],
    [
      1784062045,
      1874.33
    ],
    [
      1784062946,
      1874.53
    ],
    [
      1784063848,
      1877.05
    ],
    [
      1784064749,
      1876.69
    ]
  ],
  "avalanche-2": [
    [
      1784058439,
      6.657
    ],
    [
      1784059341,
      6.67
    ],
    [
      1784060242,
      6.66
    ],
    [
      1784061144,
      6.65
    ],
    [
      1784062045,
      6.635
    ],
    [
      1784062946,
      6.64
    ],
    [
      1784063848,
      6.64
    ],
    [
      1784064749,
      6.63
    ]
  ],
  "ondo-finance": [
    [
      1784058439,
      0.31561
    ],
    [
      1784059341,
      0.315358
    ],
    [
      1784060242,
      0.314621
    ],
    [
      1784061144,
      0.314603
    ],
    [
      1784062045,
      0.31399
    ],
    [
      1784062946,
      0.31405
    ],
    [
      1784063848,
      0.314588
    ],
    [
      1784064749,
      0.314981
    ]
  ],
  "binancecoin": [
    [
      1784059341,
      580.38
    ],
    [
      1784060242,
      580.01
    ],
    [
      1784061144,
      579.82
    ],
    [
      1784062946,
      579.57
    ],
    [
      1784063848,
      580.12
    ],
    [
      1784064749,
      580.0
    ]
  ],
  "ripple": [
    [
      1784059341,
      1.11
    ],
    [
      1784060242,
      1.11
    ],
    [
      1784061144,
      1.11
    ],
    [
      1784062946,
      1.11
    ],
    [
      1784063848,
      1.11
    ],
    [
      1784064749,
      1.11
    ]
  ],
  "solana": [
    [
      1784059341,
      77.13
    ],
    [
      1784060242,
      76.96
    ],
    [
      1784061144,
      76.93
    ],
    [
      1784062946,
      77.11
    ],
    [
      1784063848,
      77.26
    ],
    [
      1784064749,
      77.22
    ]
  ],
  "dogecoin": [
    [
      1784059341,
      0.074218
    ],
    [
      1784060242,
      0.074142
    ],
    [
      1784061144,
      0.07407
    ],
    [
      1784062946,
      0.074077
    ],
    [
      1784063848,
      0.074229
    ],
    [
      1784064749,
      0.074407
    ]
  ],
  "cardano": [
    [
      1784059341,
      0.163391
    ],
    [
      1784060242,
      0.16302
    ],
    [
      1784061144,
      0.163157
    ],
    [
      1784062946,
      0.163206
    ],
    [
      1784063848,
      0.163911
    ],
    [
      1784064749,
      0.164204
    ]
  ],
  "tron": [
    [
      1784059341,
      0.325241
    ],
    [
      1784060242,
      0.32504
    ],
    [
      1784061144,
      0.324952
    ],
    [
      1784062946,
      0.32515
    ],
    [
      1784063848,
      0.325139
    ],
    [
      1784064749,
      0.325081
    ]
  ],
  "chainlink": [
    [
      1784059341,
      8.29
    ],
    [
      1784060242,
      8.28
    ],
    [
      1784061144,
      8.29
    ],
    [
      1784062946,
      8.28
    ],
    [
      1784063848,
      8.29
    ],
    [
      1784064749,
      8.29
    ]
  ],
  "the-open-network": [
    [
      1784059341,
      1.62
    ],
    [
      1784060242,
      1.61
    ],
    [
      1784061144,
      1.62
    ],
    [
      1784062946,
      1.62
    ],
    [
      1784063848,
      1.62
    ],
    [
      1784064749,
      1.61
    ]
  ],
  "stellar": [
    [
      1784059341,
      0.185107
    ],
    [
      1784060242,
      0.184406
    ],
    [
      1784061144,
      0.184388
    ],
    [
      1784062946,
      0.184737
    ],
    [
      1784063848,
      0.184298
    ],
    [
      1784064749,
      0.184025
    ]
  ],
  "hedera-hashgraph": [
    [
      1784059341,
      0.066567
    ],
    [
      1784060242,
      0.066354
    ],
    [
      1784061144,
      0.066404
    ],
    [
      1784062946,
      0.066646
    ],
    [
      1784063848,
      0.066652
    ],
    [
      1784064749,
      0.066648
    ]
  ],
  "sui": [
    [
      1784059341,
      0.762033
    ],
    [
      1784060242,
      0.759326
    ],
    [
      1784061144,
      0.758932
    ],
    [
      1784062946,
      0.759006
    ],
    [
      1784063848,
      0.75908
    ],
    [
      1784064749,
      0.75951
    ]
  ],
  "bitcoin-cash": [
    [
      1784059341,
      236.02
    ],
    [
      1784060242,
      235.68
    ],
    [
      1784061144,
      236.09
    ],
    [
      1784062946,
      236.14
    ],
    [
      1784063848,
      236.29
    ],
    [
      1784064749,
      236.75
    ]
  ],
  "litecoin": [
    [
      1784059341,
      44.95
    ],
    [
      1784060242,
      44.89
    ],
    [
      1784061144,
      44.89
    ],
    [
      1784062946,
      44.96
    ],
    [
      1784063848,
      44.98
    ],
    [
      1784064749,
      45.0
    ]
  ],
  "polkadot": [
    [
      1784059341,
      0.849196
    ],
    [
      1784060242,
      0.847011
    ],
    [
      1784061144,
      0.846196
    ],
    [
      1784062946,
      0.845879
    ],
    [
      1784063848,
      0.847033
    ],
    [
      1784064749,
      0.848399
    ]
  ],
  "hyperliquid": [
    [
      1784059341,
      65.23
    ],
    [
      1784060242,
      65.11
    ],
    [
      1784061144,
      65.33
    ],
    [
      1784062946,
      65.67
    ],
    [
      1784063848,
      65.79
    ],
    [
      1784064749,
      65.93
    ]
  ],
  "monero": [
    [
      1784059341,
      327.16
    ],
    [
      1784060242,
      327.47
    ],
    [
      1784061144,
      327.45
    ],
    [
      1784062946,
      326.68
    ],
    [
      1784063848,
      327.75
    ],
    [
      1784064749,
      329.3
    ]
  ],
  "_alerts_sent": {}
}