{
  "bitcoin": [
    [
      1780744827,
      60696
    ],
    [
      1780745750,
      60797
    ],
    [
      1780746651,
      60859
    ],
    [
      1780747553,
      60895
    ],
    [
      1780748454,
      60940
    ],
    [
      1780749355,
      60760
    ],
    [
      1780750256,
      60961
    ],
    [
      1780751158,
      61022
    ]
  ],
  "ethereum": [
    [
      1780744827,
      1557.55
    ],
    [
      1780745750,
      1563.89
    ],
    [
      1780746651,
      1562.27
    ],
    [
      1780747553,
      1560.27
    ],
    [
      1780748454,
      1560.82
    ],
    [
      1780749355,
      1556.98
    ],
    [
      1780750256,
      1566.78
    ],
    [
      1780751158,
      1570.57
    ]
  ],
  "avalanche-2": [
    [
      1780744827,
      6.63
    ],
    [
      1780745750,
      6.66
    ],
    [
      1780746651,
      6.67
    ],
    [
      1780747553,
      6.7
    ],
    [
      1780748454,
      6.7
    ],
    [
      1780749355,
      6.68
    ],
    [
      1780750256,
      6.75
    ],
    [
      1780751158,
      6.78
    ]
  ],
  "ondo-finance": [
    [
      1780744827,
      0.322915
    ],
    [
      1780745750,
      0.324528
    ],
    [
      1780746651,
      0.32511
    ],
    [
      1780747553,
      0.324245
    ],
    [
      1780748454,
      0.324915
    ],
    [
      1780749355,
      0.323368
    ],
    [
      1780750256,
      0.3244
    ],
    [
      1780751158,
      0.32724
    ]
  ],
  "binancecoin": [
    [
      1780744827,
      574.52
    ],
    [
      1780745750,
      576.11
    ],
    [
      1780746651,
      574.69
    ],
    [
      1780747553,
      574.64
    ],
    [
      1780748454,
      573.93
    ],
    [
      1780749355,
      572.59
    ],
    [
      1780750256,
      575.19
    ],
    [
      1780751158,
      576.23
    ]
  ],
  "ripple": [
    [
      1780744827,
      1.082
    ],
    [
      1780745750,
      1.084
    ],
    [
      1780746651,
      1.087
    ],
    [
      1780747553,
      1.09
    ],
    [
      1780748454,
      1.087
    ],
    [
      1780749355,
      1.083
    ],
    [
      1780750256,
      1.089
    ],
    [
      1780751158,
      1.097
    ]
  ],
  "solana": [
    [
      1780744827,
      62.08
    ],
    [
      1780745750,
      62.3
    ],
    [
      1780746651,
      62.48
    ],
    [
      1780747553,
      62.63
    ],
    [
      1780748454,
      62.45
    ],
    [
      1780749355,
      62.25
    ],
    [
      1780750256,
      62.67
    ],
    [
      1780751158,
      62.95
    ]
  ],
  "dogecoin": [
    [
      1780744827,
      0.080807
    ],
    [
      1780745750,
      0.081093
    ],
    [
      1780746651,
      0.081346
    ],
    [
      1780747553,
      0.0815
    ],
    [
      1780748454,
      0.081379
    ],
    [
      1780749355,
      0.081131
    ],
    [
      1780750256,
      0.081556
    ],
    [
      1780751158,
      0.081969
    ]
  ],
  "cardano": [
    [
      1780744827,
      0.155022
    ],
    [
      1780745750,
      0.155579
    ],
    [
      1780746651,
      0.156124
    ],
    [
      1780747553,
      0.156345
    ],
    [
      1780748454,
      0.155697
    ],
    [
      1780749355,
      0.15542
    ],
    [
      1780750256,
      0.156925
    ],
    [
      1780751158,
      0.158508
    ]
  ],
  "tron": [
    [
      1780744827,
      0.318831
    ],
    [
      1780745750,
      0.319349
    ],
    [
      1780746651,
      0.320009
    ],
    [
      1780747553,
      0.320141
    ],
    [
      1780748454,
      0.319484
    ],
    [
      1780749355,
      0.319088
    ],
    [
      1780750256,
      0.319748
    ],
    [
      1780751158,
      0.320645
    ]
  ],
  "chainlink": [
    [
      1780744827,
      7.28
    ],
    [
      1780745750,
      7.3
    ],
    [
      1780746651,
      7.32
    ],
    [
      1780747553,
      7.33
    ],
    [
      1780748454,
      7.32
    ],
    [
      1780749355,
      7.3
    ],
    [
      1780750256,
      7.35
    ],
    [
      1780751158,
      7.39
    ]
  ],
  "the-open-network": [
    [
      1780744827,
      1.55
    ],
    [
      1780745750,
      1.55
    ],
    [
      1780746651,
      1.55
    ],
    [
      1780747553,
      1.55
    ],
    [
      1780748454,
      1.55
    ],
    [
      1780749355,
      1.54
    ],
    [
      1780750256,
      1.55
    ],
    [
      1780751158,
      1.56
    ]
  ],
  "stellar": [
    [
      1780744827,
      0.196186
    ],
    [
      1780745750,
      0.197054
    ],
    [
      1780746651,
      0.197603
    ],
    [
      1780747553,
      0.198848
    ],
    [
      1780748454,
      0.199018
    ],
    [
      1780749355,
      0.198994
    ],
    [
      1780750256,
      0.200377
    ],
    [
      1780751158,
      0.201986
    ]
  ],
  "hedera-hashgraph": [
    [
      1780744827,
      0.078335
    ],
    [
      1780745750,
      0.078543
    ],
    [
      1780746651,
      0.078716
    ],
    [
      1780747553,
      0.078787
    ],
    [
      1780748454,
      0.078618
    ],
    [
      1780749355,
      0.078519
    ],
    [
      1780750256,
      0.078917
    ],
    [
      1780751158,
      0.079146
    ]
  ],
  "sui": [
    [
      1780744827,
      0.69759
    ],
    [
      1780745750,
      0.69881
    ],
    [
      1780746651,
      0.700921
    ],
    [
      1780747553,
      0.703708
    ],
    [
      1780748454,
      0.701308
    ],
    [
      1780749355,
      0.699644
    ],
    [
      1780750256,
      0.705976
    ],
    [
      1780751158,
      0.718037
    ]
  ],
  "bitcoin-cash": [
    [
      1780744827,
      217.55
    ],
    [
      1780745750,
      218.17
    ],
    [
      1780746651,
      219.09
    ],
    [
      1780747553,
      219.63
    ],
    [
      1780748454,
      217.82
    ],
    [
      1780749355,
      216.14
    ],
    [
      1780750256,
      216.88
    ],
    [
      1780751158,
      217.45
    ]
  ],
  "litecoin": [
    [
      1780744827,
      42.64
    ],
    [
      1780745750,
      42.72
    ],
    [
      1780746651,
      42.82
    ],
    [
      1780747553,
      42.84
    ],
    [
      1780748454,
      42.76
    ],
    [
      1780749355,
      42.66
    ],
    [
      1780750256,
      42.7
    ],
    [
      1780751158,
      42.89
    ]
  ],
  "polkadot": [
    [
      1780744827,
      0.937614
    ],
    [
      1780745750,
      0.94242
    ],
    [
      1780746651,
      0.944827
    ],
    [
      1780747553,
      0.946854
    ],
    [
      1780748454,
      0.94384
    ],
    [
      1780749355,
      0.943711
    ],
    [
      1780750256,
      0.950435
    ],
    [
      1780751158,
      0.953548
    ]
  ],
  "hyperliquid": [
    [
      1780744827,
      58.95
    ],
    [
      1780745750,
      59.06
    ],
    [
      1780746651,
      59.63
    ],
    [
      1780747553,
      59.77
    ],
    [
      1780748454,
      59.33
    ],
    [
      1780749355,
      59.17
    ],
    [
      1780750256,
      59.24
    ],
    [
      1780751158,
      59.14
    ]
  ],
  "monero": [
    [
      1780744827,
      302.38
    ],
    [
      1780745750,
      302.5
    ],
    [
      1780746651,
      302.58
    ],
    [
      1780747553,
      300.69
    ],
    [
      1780748454,
      300.02
    ],
    [
      1780749355,
      297.51
    ],
    [
      1780750256,
      298.29
    ],
    [
      1780751158,
      299.42
    ]
  ],
  "_alerts_sent": {
    "bitcoin-cash_2026-06-06 09": true
  }
}