{
  "bitcoin": [
    [
      1780489076,
      66768
    ],
    [
      1780489977,
      67002
    ],
    [
      1780490879,
      66906
    ],
    [
      1780491780,
      67064
    ],
    [
      1780492682,
      67081
    ],
    [
      1780493583,
      66935
    ],
    [
      1780494485,
      66607
    ],
    [
      1780495386,
      66701
    ]
  ],
  "ethereum": [
    [
      1780489076,
      1867.87
    ],
    [
      1780489977,
      1873.43
    ],
    [
      1780490879,
      1871.18
    ],
    [
      1780491780,
      1874.76
    ],
    [
      1780492682,
      1873.28
    ],
    [
      1780493583,
      1869.72
    ],
    [
      1780494485,
      1861.41
    ],
    [
      1780495386,
      1861.21
    ]
  ],
  "avalanche-2": [
    [
      1780489076,
      8.26
    ],
    [
      1780489977,
      8.27
    ],
    [
      1780490879,
      8.28
    ],
    [
      1780491780,
      8.29
    ],
    [
      1780492682,
      8.29
    ],
    [
      1780493583,
      8.29
    ],
    [
      1780494485,
      8.27
    ],
    [
      1780495386,
      8.29
    ]
  ],
  "ondo-finance": [
    [
      1780489076,
      0.415396
    ],
    [
      1780489977,
      0.417983
    ],
    [
      1780490879,
      0.420721
    ],
    [
      1780491780,
      0.423592
    ],
    [
      1780492682,
      0.427737
    ],
    [
      1780493583,
      0.425451
    ],
    [
      1780494485,
      0.425452
    ],
    [
      1780495386,
      0.421978
    ]
  ],
  "binancecoin": [
    [
      1780489076,
      633.27
    ],
    [
      1780489977,
      634.83
    ],
    [
      1780490879,
      634.36
    ],
    [
      1780491780,
      635.31
    ],
    [
      1780492682,
      634.94
    ],
    [
      1780493583,
      632.94
    ],
    [
      1780494485,
      630.08
    ],
    [
      1780495386,
      632.02
    ]
  ],
  "ripple": [
    [
      1780489076,
      1.23
    ],
    [
      1780489977,
      1.24
    ],
    [
      1780490879,
      1.23
    ],
    [
      1780491780,
      1.23
    ],
    [
      1780492682,
      1.23
    ],
    [
      1780493583,
      1.23
    ],
    [
      1780494485,
      1.23
    ],
    [
      1780495386,
      1.23
    ]
  ],
  "solana": [
    [
      1780489076,
      74.78
    ],
    [
      1780489977,
      75.0
    ],
    [
      1780490879,
      74.92
    ],
    [
      1780491780,
      75.11
    ],
    [
      1780492682,
      75.08
    ],
    [
      1780493583,
      74.8
    ],
    [
      1780494485,
      74.45
    ],
    [
      1780495386,
      74.43
    ]
  ],
  "dogecoin": [
    [
      1780489076,
      0.093804
    ],
    [
      1780489977,
      0.094039
    ],
    [
      1780490879,
      0.093936
    ],
    [
      1780491780,
      0.094037
    ],
    [
      1780492682,
      0.094058
    ],
    [
      1780493583,
      0.093954
    ],
    [
      1780494485,
      0.093803
    ],
    [
      1780495386,
      0.094005
    ]
  ],
  "cardano": [
    [
      1780489076,
      0.215384
    ],
    [
      1780489977,
      0.215589
    ],
    [
      1780490879,
      0.215295
    ],
    [
      1780491780,
      0.215454
    ],
    [
      1780492682,
      0.215608
    ],
    [
      1780493583,
      0.215126
    ],
    [
      1780494485,
      0.214604
    ],
    [
      1780495386,
      0.214774
    ]
  ],
  "tron": [
    [
      1780489076,
      0.331691
    ],
    [
      1780489977,
      0.331798
    ],
    [
      1780490879,
      0.332062
    ],
    [
      1780491780,
      0.332243
    ],
    [
      1780492682,
      0.333503
    ],
    [
      1780493583,
      0.333429
    ],
    [
      1780494485,
      0.33327
    ],
    [
      1780495386,
      0.333301
    ]
  ],
  "chainlink": [
    [
      1780489076,
      8.49
    ],
    [
      1780489977,
      8.5
    ],
    [
      1780490879,
      8.5
    ],
    [
      1780491780,
      8.52
    ],
    [
      1780492682,
      8.52
    ],
    [
      1780493583,
      8.51
    ],
    [
      1780494485,
      8.48
    ],
    [
      1780495386,
      8.49
    ]
  ],
  "the-open-network": [
    [
      1780489076,
      2.0
    ],
    [
      1780489977,
      2.0
    ],
    [
      1780490879,
      2.0
    ],
    [
      1780491780,
      2.0
    ],
    [
      1780492682,
      2.02
    ],
    [
      1780493583,
      2.02
    ],
    [
      1780494485,
      2.02
    ],
    [
      1780495386,
      2.05
    ]
  ],
  "stellar": [
    [
      1780489076,
      0.226632
    ],
    [
      1780489977,
      0.229663
    ],
    [
      1780490879,
      0.231168
    ],
    [
      1780491780,
      0.230672
    ],
    [
      1780492682,
      0.229852
    ],
    [
      1780493583,
      0.227405
    ],
    [
      1780494485,
      0.22515
    ],
    [
      1780495386,
      0.227953
    ]
  ],
  "hedera-hashgraph": [
    [
      1780489076,
      0.087524
    ],
    [
      1780489977,
      0.087629
    ],
    [
      1780490879,
      0.087431
    ],
    [
      1780491780,
      0.087622
    ],
    [
      1780492682,
      0.087665
    ],
    [
      1780493583,
      0.087351
    ],
    [
      1780494485,
      0.087328
    ],
    [
      1780495386,
      0.087293
    ]
  ],
  "sui": [
    [
      1780489076,
      0.825497
    ],
    [
      1780489977,
      0.827088
    ],
    [
      1780490879,
      0.828065
    ],
    [
      1780491780,
      0.830412
    ],
    [
      1780492682,
      0.832183
    ],
    [
      1780493583,
      0.832988
    ],
    [
      1780494485,
      0.829852
    ],
    [
      1780495386,
      0.830425
    ]
  ],
  "bitcoin-cash": [
    [
      1780489076,
      248.86
    ],
    [
      1780489977,
      248.41
    ],
    [
      1780490879,
      248.75
    ],
    [
      1780491780,
      249.94
    ],
    [
      1780492682,
      249.63
    ],
    [
      1780493583,
      248.62
    ],
    [
      1780494485,
      248.42
    ],
    [
      1780495386,
      247.99
    ]
  ],
  "litecoin": [
    [
      1780489076,
      47.99
    ],
    [
      1780489977,
      48.08
    ],
    [
      1780490879,
      48.1
    ],
    [
      1780491780,
      48.18
    ],
    [
      1780492682,
      48.09
    ],
    [
      1780493583,
      48.06
    ],
    [
      1780494485,
      47.93
    ],
    [
      1780495386,
      47.91
    ]
  ],
  "polkadot": [
    [
      1780489076,
      1.11
    ],
    [
      1780489977,
      1.11
    ],
    [
      1780490879,
      1.12
    ],
    [
      1780491780,
      1.12
    ],
    [
      1780492682,
      1.12
    ],
    [
      1780493583,
      1.12
    ],
    [
      1780494485,
      1.12
    ],
    [
      1780495386,
      1.12
    ]
  ],
  "hyperliquid": [
    [
      1780489076,
      72.49
    ],
    [
      1780489977,
      72.97
    ],
    [
      1780490879,
      72.83
    ],
    [
      1780491780,
      73.26
    ],
    [
      1780492682,
      73.49
    ],
    [
      1780493583,
      73.21
    ],
    [
      1780494485,
      72.36
    ],
    [
      1780495386,
      72.63
    ]
  ],
  "monero": [
    [
      1780489076,
      342.86
    ],
    [
      1780489977,
      348.82
    ],
    [
      1780490879,
      350.99
    ],
    [
      1780491780,
      348.63
    ],
    [
      1780492682,
      351.2
    ],
    [
      1780493583,
      351.03
    ],
    [
      1780494485,
      351.16
    ],
    [
      1780495386,
      356.09
    ]
  ],
  "_alerts_sent": {}
}