{
  "bitcoin": [
    [
      1782280318,
      62826
    ],
    [
      1782281219,
      62723
    ],
    [
      1782282121,
      62716
    ],
    [
      1782283022,
      62776
    ],
    [
      1782283924,
      62673
    ],
    [
      1782284825,
      62669
    ],
    [
      1782285727,
      62648
    ],
    [
      1782286628,
      62590
    ]
  ],
  "ethereum": [
    [
      1782280318,
      1671.91
    ],
    [
      1782281219,
      1669.91
    ],
    [
      1782282121,
      1670.93
    ],
    [
      1782283022,
      1674.1
    ],
    [
      1782283924,
      1672.17
    ],
    [
      1782284825,
      1671.9
    ],
    [
      1782285727,
      1673.51
    ],
    [
      1782286628,
      1671.06
    ]
  ],
  "avalanche-2": [
    [
      1782280318,
      6.43
    ],
    [
      1782281219,
      6.43
    ],
    [
      1782282121,
      6.43
    ],
    [
      1782283022,
      6.42
    ],
    [
      1782283924,
      6.41
    ],
    [
      1782284825,
      6.41
    ],
    [
      1782285727,
      6.41
    ],
    [
      1782286628,
      6.41
    ]
  ],
  "ondo-finance": [
    [
      1782280318,
      0.31079
    ],
    [
      1782281219,
      0.310134
    ],
    [
      1782282121,
      0.31026
    ],
    [
      1782283022,
      0.310206
    ],
    [
      1782283924,
      0.310124
    ],
    [
      1782284825,
      0.309529
    ],
    [
      1782285727,
      0.309361
    ],
    [
      1782286628,
      0.308763
    ]
  ],
  "binancecoin": [
    [
      1782280318,
      579.33
    ],
    [
      1782281219,
      578.53
    ],
    [
      1782282121,
      578.85
    ],
    [
      1782283022,
      579.44
    ],
    [
      1782283924,
      578.57
    ],
    [
      1782284825,
      577.49
    ],
    [
      1782285727,
      577.57
    ],
    [
      1782286628,
      576.72
    ]
  ],
  "ripple": [
    [
      1782280318,
      1.1
    ],
    [
      1782281219,
      1.1
    ],
    [
      1782282121,
      1.1
    ],
    [
      1782283022,
      1.1
    ],
    [
      1782283924,
      1.1
    ],
    [
      1782284825,
      1.1
    ],
    [
      1782285727,
      1.1
    ],
    [
      1782286628,
      1.098
    ]
  ],
  "solana": [
    [
      1782280318,
      69.91
    ],
    [
      1782281219,
      69.76
    ],
    [
      1782282121,
      69.79
    ],
    [
      1782283022,
      69.86
    ],
    [
      1782283924,
      69.69
    ],
    [
      1782284825,
      69.54
    ],
    [
      1782285727,
      69.55
    ],
    [
      1782286628,
      69.48
    ]
  ],
  "dogecoin": [
    [
      1782280318,
      0.079181
    ],
    [
      1782281219,
      0.07901
    ],
    [
      1782282121,
      0.078974
    ],
    [
      1782283022,
      0.078953
    ],
    [
      1782283924,
      0.078928
    ],
    [
      1782284825,
      0.078858
    ],
    [
      1782285727,
      0.078834
    ],
    [
      1782286628,
      0.07884
    ]
  ],
  "cardano": [
    [
      1782280318,
      0.152357
    ],
    [
      1782281219,
      0.151769
    ],
    [
      1782282121,
      0.151215
    ],
    [
      1782283022,
      0.151233
    ],
    [
      1782283924,
      0.151273
    ],
    [
      1782284825,
      0.151055
    ],
    [
      1782285727,
      0.150847
    ],
    [
      1782286628,
      0.150658
    ]
  ],
  "tron": [
    [
      1782280318,
      0.328922
    ],
    [
      1782281219,
      0.328845
    ],
    [
      1782282121,
      0.328621
    ],
    [
      1782283022,
      0.328572
    ],
    [
      1782283924,
      0.328484
    ],
    [
      1782284825,
      0.328643
    ],
    [
      1782285727,
      0.328748
    ],
    [
      1782286628,
      0.328667
    ]
  ],
  "chainlink": [
    [
      1782280318,
      7.64
    ],
    [
      1782281219,
      7.63
    ],
    [
      1782282121,
      7.63
    ],
    [
      1782283022,
      7.64
    ],
    [
      1782283924,
      7.63
    ],
    [
      1782284825,
      7.63
    ],
    [
      1782285727,
      7.63
    ],
    [
      1782286628,
      7.61
    ]
  ],
  "the-open-network": [
    [
      1782280318,
      1.56
    ],
    [
      1782281219,
      1.56
    ],
    [
      1782282121,
      1.55
    ],
    [
      1782283022,
      1.55
    ],
    [
      1782283924,
      1.55
    ],
    [
      1782284825,
      1.55
    ],
    [
      1782285727,
      1.55
    ],
    [
      1782286628,
      1.56
    ]
  ],
  "stellar": [
    [
      1782280318,
      0.192791
    ],
    [
      1782281219,
      0.192405
    ],
    [
      1782282121,
      0.192839
    ],
    [
      1782283022,
      0.192548
    ],
    [
      1782283924,
      0.192499
    ],
    [
      1782284825,
      0.192175
    ],
    [
      1782285727,
      0.191471
    ],
    [
      1782286628,
      0.191299
    ]
  ],
  "hedera-hashgraph": [
    [
      1782280318,
      0.077483
    ],
    [
      1782281219,
      0.07744
    ],
    [
      1782282121,
      0.07746
    ],
    [
      1782283022,
      0.077465
    ],
    [
      1782283924,
      0.077532
    ],
    [
      1782284825,
      0.07757
    ],
    [
      1782285727,
      0.077565
    ],
    [
      1782286628,
      0.077471
    ]
  ],
  "sui": [
    [
      1782280318,
      0.706148
    ],
    [
      1782281219,
      0.704171
    ],
    [
      1782282121,
      0.702553
    ],
    [
      1782283022,
      0.702831
    ],
    [
      1782283924,
      0.703932
    ],
    [
      1782284825,
      0.703268
    ],
    [
      1782285727,
      0.704556
    ],
    [
      1782286628,
      0.703944
    ]
  ],
  "bitcoin-cash": [
    [
      1782280318,
      194.95
    ],
    [
      1782281219,
      194.53
    ],
    [
      1782282121,
      194.55
    ],
    [
      1782283022,
      194.41
    ],
    [
      1782283924,
      194.48
    ],
    [
      1782284825,
      194.66
    ],
    [
      1782285727,
      194.34
    ],
    [
      1782286628,
      193.9
    ]
  ],
  "litecoin": [
    [
      1782280318,
      42.01
    ],
    [
      1782281219,
      41.95
    ],
    [
      1782282121,
      41.97
    ],
    [
      1782283022,
      42.06
    ],
    [
      1782283924,
      42.06
    ],
    [
      1782284825,
      42.06
    ],
    [
      1782285727,
      42.01
    ],
    [
      1782286628,
      41.99
    ]
  ],
  "polkadot": [
    [
      1782280318,
      0.90922
    ],
    [
      1782281219,
      0.907742
    ],
    [
      1782282121,
      0.907304
    ],
    [
      1782283022,
      0.90756
    ],
    [
      1782283924,
      0.906795
    ],
    [
      1782284825,
      0.906508
    ],
    [
      1782285727,
      0.906222
    ],
    [
      1782286628,
      0.904849
    ]
  ],
  "hyperliquid": [
    [
      1782280318,
      62.22
    ],
    [
      1782281219,
      61.93
    ],
    [
      1782282121,
      62.23
    ],
    [
      1782283022,
      62.32
    ],
    [
      1782283924,
      62.23
    ],
    [
      1782284825,
      62.11
    ],
    [
      1782285727,
      62.12
    ],
    [
      1782286628,
      62.02
    ]
  ],
  "monero": [
    [
      1782280318,
      323.77
    ],
    [
      1782281219,
      324.28
    ],
    [
      1782282121,
      323.59
    ],
    [
      1782283022,
      323.53
    ],
    [
      1782283924,
      325.4
    ],
    [
      1782284825,
      325.09
    ],
    [
      1782285727,
      325.12
    ],
    [
      1782286628,
      324.79
    ]
  ],
  "_alerts_sent": {}
}