{
  "bitcoin": [
    [
      1783909142,
      63459
    ],
    [
      1783910049,
      63426
    ],
    [
      1783910952,
      63367
    ],
    [
      1783911854,
      63252.2
    ],
    [
      1783912756,
      63009
    ],
    [
      1783913660,
      62859
    ],
    [
      1783914562,
      62802
    ],
    [
      1783915468,
      62736
    ]
  ],
  "ethereum": [
    [
      1783909142,
      1806.61
    ],
    [
      1783910049,
      1808.78
    ],
    [
      1783910952,
      1808.42
    ],
    [
      1783911854,
      1801.99
    ],
    [
      1783912756,
      1790.93
    ],
    [
      1783913660,
      1784.82
    ],
    [
      1783914562,
      1779.16
    ],
    [
      1783915468,
      1778.33
    ]
  ],
  "avalanche-2": [
    [
      1783909142,
      6.44
    ],
    [
      1783910049,
      6.47
    ],
    [
      1783910952,
      6.48
    ],
    [
      1783911854,
      6.477
    ],
    [
      1783912756,
      6.45
    ],
    [
      1783913660,
      6.46
    ],
    [
      1783914562,
      6.46
    ],
    [
      1783915468,
      6.48
    ]
  ],
  "ondo-finance": [
    [
      1783909142,
      0.31908
    ],
    [
      1783910049,
      0.319881
    ],
    [
      1783910952,
      0.319878
    ],
    [
      1783911854,
      0.31866
    ],
    [
      1783912756,
      0.316853
    ],
    [
      1783913660,
      0.316861
    ],
    [
      1783914562,
      0.315814
    ],
    [
      1783915468,
      0.316216
    ]
  ],
  "binancecoin": [
    [
      1783909142,
      572.63
    ],
    [
      1783910049,
      572.56
    ],
    [
      1783910952,
      571.98
    ],
    [
      1783912756,
      568.41
    ],
    [
      1783913660,
      568.28
    ],
    [
      1783914562,
      568.09
    ],
    [
      1783915468,
      568.1
    ]
  ],
  "ripple": [
    [
      1783909142,
      1.08
    ],
    [
      1783910049,
      1.081
    ],
    [
      1783910952,
      1.08
    ],
    [
      1783912756,
      1.072
    ],
    [
      1783913660,
      1.072
    ],
    [
      1783914562,
      1.072
    ],
    [
      1783915468,
      1.071
    ]
  ],
  "solana": [
    [
      1783909142,
      76.39
    ],
    [
      1783910049,
      76.51
    ],
    [
      1783910952,
      76.49
    ],
    [
      1783912756,
      75.91
    ],
    [
      1783913660,
      75.82
    ],
    [
      1783914562,
      75.74
    ],
    [
      1783915468,
      75.79
    ]
  ],
  "dogecoin": [
    [
      1783909142,
      0.072688
    ],
    [
      1783910049,
      0.072748
    ],
    [
      1783910952,
      0.072747
    ],
    [
      1783912756,
      0.072057
    ],
    [
      1783913660,
      0.071989
    ],
    [
      1783914562,
      0.071907
    ],
    [
      1783915468,
      0.07198
    ]
  ],
  "cardano": [
    [
      1783909142,
      0.160173
    ],
    [
      1783910049,
      0.160563
    ],
    [
      1783910952,
      0.160295
    ],
    [
      1783912756,
      0.158144
    ],
    [
      1783913660,
      0.158052
    ],
    [
      1783914562,
      0.158125
    ],
    [
      1783915468,
      0.158622
    ]
  ],
  "tron": [
    [
      1783909142,
      0.331081
    ],
    [
      1783910049,
      0.331435
    ],
    [
      1783910952,
      0.331299
    ],
    [
      1783912756,
      0.330825
    ],
    [
      1783913660,
      0.330794
    ],
    [
      1783914562,
      0.330347
    ],
    [
      1783915468,
      0.330312
    ]
  ],
  "chainlink": [
    [
      1783909142,
      7.99
    ],
    [
      1783910049,
      8.0
    ],
    [
      1783910952,
      7.99
    ],
    [
      1783912756,
      7.92
    ],
    [
      1783913660,
      7.91
    ],
    [
      1783914562,
      7.9
    ],
    [
      1783915468,
      7.91
    ]
  ],
  "the-open-network": [
    [
      1783909142,
      1.62
    ],
    [
      1783910049,
      1.62
    ],
    [
      1783910952,
      1.62
    ],
    [
      1783912756,
      1.61
    ],
    [
      1783913660,
      1.61
    ],
    [
      1783914562,
      1.6
    ],
    [
      1783915468,
      1.6
    ]
  ],
  "stellar": [
    [
      1783909142,
      0.184408
    ],
    [
      1783910049,
      0.184675
    ],
    [
      1783910952,
      0.184245
    ],
    [
      1783912756,
      0.182504
    ],
    [
      1783913660,
      0.182507
    ],
    [
      1783914562,
      0.182459
    ],
    [
      1783915468,
      0.18256
    ]
  ],
  "hedera-hashgraph": [
    [
      1783909142,
      0.067632
    ],
    [
      1783910049,
      0.067559
    ],
    [
      1783910952,
      0.067435
    ],
    [
      1783912756,
      0.066945
    ],
    [
      1783913660,
      0.067007
    ],
    [
      1783914562,
      0.066942
    ],
    [
      1783915468,
      0.067096
    ]
  ],
  "sui": [
    [
      1783909142,
      0.729815
    ],
    [
      1783910049,
      0.730542
    ],
    [
      1783910952,
      0.731405
    ],
    [
      1783912756,
      0.725312
    ],
    [
      1783913660,
      0.725492
    ],
    [
      1783914562,
      0.72508
    ],
    [
      1783915468,
      0.726039
    ]
  ],
  "bitcoin-cash": [
    [
      1783909142,
      240.22
    ],
    [
      1783910049,
      240.05
    ],
    [
      1783910952,
      239.9
    ],
    [
      1783912756,
      236.87
    ],
    [
      1783913660,
      236.35
    ],
    [
      1783914562,
      235.74
    ],
    [
      1783915468,
      236.05
    ]
  ],
  "litecoin": [
    [
      1783909142,
      43.94
    ],
    [
      1783910049,
      43.9
    ],
    [
      1783910952,
      43.84
    ],
    [
      1783912756,
      43.6
    ],
    [
      1783913660,
      43.54
    ],
    [
      1783914562,
      43.48
    ],
    [
      1783915468,
      43.48
    ]
  ],
  "polkadot": [
    [
      1783909142,
      0.833882
    ],
    [
      1783910049,
      0.835683
    ],
    [
      1783910952,
      0.833937
    ],
    [
      1783912756,
      0.829759
    ],
    [
      1783913660,
      0.830461
    ],
    [
      1783914562,
      0.827918
    ],
    [
      1783915468,
      0.827963
    ]
  ],
  "hyperliquid": [
    [
      1783909142,
      66.97
    ],
    [
      1783910049,
      67.07
    ],
    [
      1783910952,
      67.08
    ],
    [
      1783912756,
      66.68
    ],
    [
      1783913660,
      66.66
    ],
    [
      1783914562,
      66.63
    ],
    [
      1783915468,
      66.55
    ]
  ],
  "monero": [
    [
      1783909142,
      323.93
    ],
    [
      1783910049,
      324.42
    ],
    [
      1783910952,
      324.94
    ],
    [
      1783912756,
      326.38
    ],
    [
      1783913660,
      327.11
    ],
    [
      1783914562,
      327.62
    ],
    [
      1783915468,
      328.5
    ]
  ],
  "_alerts_sent": {}
}