{
  "bitcoin": [
    [
      1780180675,
      73784
    ],
    [
      1780181576,
      73754
    ],
    [
      1780182477,
      73869
    ],
    [
      1780183380,
      73729
    ],
    [
      1780184281,
      73702
    ],
    [
      1780185182,
      73735
    ],
    [
      1780186084,
      73752
    ],
    [
      1780186985,
      73801
    ]
  ],
  "ethereum": [
    [
      1780180675,
      2021.59
    ],
    [
      1780181576,
      2019.91
    ],
    [
      1780182477,
      2022.46
    ],
    [
      1780183380,
      2018.48
    ],
    [
      1780184281,
      2018.09
    ],
    [
      1780185182,
      2019.3
    ],
    [
      1780186084,
      2018.32
    ],
    [
      1780186985,
      2021.0
    ]
  ],
  "avalanche-2": [
    [
      1780180675,
      8.94
    ],
    [
      1780181576,
      8.91
    ],
    [
      1780182477,
      8.94
    ],
    [
      1780183380,
      8.92
    ],
    [
      1780184281,
      8.91
    ],
    [
      1780185182,
      8.91
    ],
    [
      1780186084,
      8.94
    ],
    [
      1780186985,
      8.95
    ]
  ],
  "ondo-finance": [
    [
      1780180675,
      0.372944
    ],
    [
      1780181576,
      0.370806
    ],
    [
      1780182477,
      0.371789
    ],
    [
      1780183380,
      0.372646
    ],
    [
      1780184281,
      0.373454
    ],
    [
      1780185182,
      0.375255
    ],
    [
      1780186084,
      0.371951
    ],
    [
      1780186985,
      0.37863
    ]
  ],
  "binancecoin": [
    [
      1780180675,
      712.78
    ],
    [
      1780181576,
      714.6
    ],
    [
      1780182477,
      717.99
    ],
    [
      1780183380,
      716.85
    ],
    [
      1780184281,
      717.56
    ],
    [
      1780185182,
      717.65
    ],
    [
      1780186084,
      720.28
    ],
    [
      1780186985,
      724.54
    ]
  ],
  "ripple": [
    [
      1780180675,
      1.34
    ],
    [
      1780181576,
      1.34
    ],
    [
      1780182477,
      1.34
    ],
    [
      1780183380,
      1.34
    ],
    [
      1780184281,
      1.34
    ],
    [
      1780185182,
      1.34
    ],
    [
      1780186084,
      1.34
    ],
    [
      1780186985,
      1.34
    ]
  ],
  "solana": [
    [
      1780180675,
      82.59
    ],
    [
      1780181576,
      82.46
    ],
    [
      1780182477,
      82.64
    ],
    [
      1780183380,
      82.45
    ],
    [
      1780184281,
      82.45
    ],
    [
      1780185182,
      82.53
    ],
    [
      1780186084,
      82.57
    ],
    [
      1780186985,
      82.68
    ]
  ],
  "dogecoin": [
    [
      1780180675,
      0.100575
    ],
    [
      1780181576,
      0.100465
    ],
    [
      1780182477,
      0.100609
    ],
    [
      1780183380,
      0.100414
    ],
    [
      1780184281,
      0.100305
    ],
    [
      1780185182,
      0.100339
    ],
    [
      1780186084,
      0.100428
    ],
    [
      1780186985,
      0.100427
    ]
  ],
  "cardano": [
    [
      1780180675,
      0.235911
    ],
    [
      1780181576,
      0.235602
    ],
    [
      1780182477,
      0.235916
    ],
    [
      1780183380,
      0.235606
    ],
    [
      1780184281,
      0.235297
    ],
    [
      1780185182,
      0.235313
    ],
    [
      1780186084,
      0.235523
    ],
    [
      1780186985,
      0.235879
    ]
  ],
  "tron": [
    [
      1780180675,
      0.347018
    ],
    [
      1780181576,
      0.346991
    ],
    [
      1780182477,
      0.347126
    ],
    [
      1780183380,
      0.347413
    ],
    [
      1780184281,
      0.347495
    ],
    [
      1780185182,
      0.347566
    ],
    [
      1780186084,
      0.347592
    ],
    [
      1780186985,
      0.347202
    ]
  ],
  "chainlink": [
    [
      1780180675,
      9.19
    ],
    [
      1780181576,
      9.17
    ],
    [
      1780182477,
      9.19
    ],
    [
      1780183380,
      9.17
    ],
    [
      1780184281,
      9.16
    ],
    [
      1780185182,
      9.16
    ],
    [
      1780186084,
      9.18
    ],
    [
      1780186985,
      9.2
    ]
  ],
  "the-open-network": [
    [
      1780180675,
      1.81
    ],
    [
      1780181576,
      1.81
    ],
    [
      1780182477,
      1.82
    ],
    [
      1780183380,
      1.81
    ],
    [
      1780184281,
      1.81
    ],
    [
      1780185182,
      1.81
    ],
    [
      1780186084,
      1.81
    ],
    [
      1780186985,
      1.82
    ]
  ],
  "stellar": [
    [
      1780180675,
      0.230488
    ],
    [
      1780181576,
      0.229243
    ],
    [
      1780182477,
      0.229439
    ],
    [
      1780183380,
      0.22997
    ],
    [
      1780184281,
      0.227461
    ],
    [
      1780185182,
      0.228397
    ],
    [
      1780186084,
      0.2277
    ],
    [
      1780186985,
      0.226661
    ]
  ],
  "hedera-hashgraph": [
    [
      1780180675,
      0.094943
    ],
    [
      1780181576,
      0.094965
    ],
    [
      1780182477,
      0.09546
    ],
    [
      1780183380,
      0.095025
    ],
    [
      1780184281,
      0.094927
    ],
    [
      1780185182,
      0.094917
    ],
    [
      1780186084,
      0.094741
    ],
    [
      1780186985,
      0.09413
    ]
  ],
  "sui": [
    [
      1780180675,
      0.905208
    ],
    [
      1780181576,
      0.902095
    ],
    [
      1780182477,
      0.905427
    ],
    [
      1780183380,
      0.902793
    ],
    [
      1780184281,
      0.903045
    ],
    [
      1780185182,
      0.904243
    ],
    [
      1780186084,
      0.90894
    ],
    [
      1780186985,
      0.911604
    ]
  ],
  "bitcoin-cash": [
    [
      1780180675,
      302.83
    ],
    [
      1780181576,
      302.2
    ],
    [
      1780182477,
      302.71
    ],
    [
      1780183380,
      303.14
    ],
    [
      1780184281,
      302.84
    ],
    [
      1780185182,
      302.46
    ],
    [
      1780186084,
      303.1
    ],
    [
      1780186985,
      303.23
    ]
  ],
  "litecoin": [
    [
      1780180675,
      52.36
    ],
    [
      1780181576,
      52.3
    ],
    [
      1780182477,
      52.41
    ],
    [
      1780183380,
      52.38
    ],
    [
      1780184281,
      52.37
    ],
    [
      1780185182,
      52.33
    ],
    [
      1780186084,
      52.36
    ],
    [
      1780186985,
      52.39
    ]
  ],
  "polkadot": [
    [
      1780180675,
      1.19
    ],
    [
      1780181576,
      1.18
    ],
    [
      1780182477,
      1.19
    ],
    [
      1780183380,
      1.19
    ],
    [
      1780184281,
      1.18
    ],
    [
      1780185182,
      1.19
    ],
    [
      1780186084,
      1.19
    ],
    [
      1780186985,
      1.19
    ]
  ],
  "hyperliquid": [
    [
      1780180675,
      67.68
    ],
    [
      1780181576,
      67.47
    ],
    [
      1780182477,
      67.66
    ],
    [
      1780183380,
      67.37
    ],
    [
      1780184281,
      67.57
    ],
    [
      1780185182,
      67.87
    ],
    [
      1780186084,
      68.14
    ],
    [
      1780186985,
      68.72
    ]
  ],
  "monero": [
    [
      1780180675,
      368.95
    ],
    [
      1780181576,
      367.72
    ],
    [
      1780182477,
      369.67
    ],
    [
      1780183380,
      367.17
    ],
    [
      1780184281,
      368.03
    ],
    [
      1780185182,
      370.64
    ],
    [
      1780186084,
      369.61
    ],
    [
      1780186985,
      367.99
    ]
  ]
}