{
  "bitcoin": [
    [
      1779689205,
      77286
    ],
    [
      1779690106,
      77192
    ],
    [
      1779691008,
      77271
    ],
    [
      1779691909,
      77358
    ],
    [
      1779692811,
      77385
    ],
    [
      1779693712,
      77139
    ],
    [
      1779694613,
      77186
    ],
    [
      1779695515,
      77229
    ]
  ],
  "ethereum": [
    [
      1779689205,
      2104.1
    ],
    [
      1779690106,
      2099.9
    ],
    [
      1779691008,
      2103.3
    ],
    [
      1779691909,
      2106.49
    ],
    [
      1779692811,
      2112.67
    ],
    [
      1779693712,
      2105.86
    ],
    [
      1779694613,
      2107.72
    ],
    [
      1779695515,
      2109.14
    ]
  ],
  "avalanche-2": [
    [
      1779689205,
      9.28
    ],
    [
      1779690106,
      9.27
    ],
    [
      1779691008,
      9.3
    ],
    [
      1779691909,
      9.31
    ],
    [
      1779692811,
      9.32
    ],
    [
      1779693712,
      9.31
    ],
    [
      1779694613,
      9.3
    ],
    [
      1779695515,
      9.31
    ]
  ],
  "ondo-finance": [
    [
      1779689205,
      0.442476
    ],
    [
      1779690106,
      0.439171
    ],
    [
      1779691008,
      0.436539
    ],
    [
      1779691909,
      0.438714
    ],
    [
      1779692811,
      0.438827
    ],
    [
      1779693712,
      0.436208
    ],
    [
      1779694613,
      0.438583
    ],
    [
      1779695515,
      0.441497
    ]
  ]
}