{
  "bitcoin": [
    [
      1780782273,
      60810
    ],
    [
      1780783174,
      60749
    ],
    [
      1780784075,
      60607
    ],
    [
      1780784978,
      60438
    ],
    [
      1780785879,
      60540
    ],
    [
      1780786781,
      60585
    ],
    [
      1780787682,
      60703
    ],
    [
      1780788583,
      60656
    ]
  ],
  "ethereum": [
    [
      1780782273,
      1560.87
    ],
    [
      1780783174,
      1558.68
    ],
    [
      1780784075,
      1555.8
    ],
    [
      1780784978,
      1552.3
    ],
    [
      1780785879,
      1555.82
    ],
    [
      1780786781,
      1558.89
    ],
    [
      1780787682,
      1562.5
    ],
    [
      1780788583,
      1559.15
    ]
  ],
  "avalanche-2": [
    [
      1780782273,
      6.65
    ],
    [
      1780783174,
      6.64
    ],
    [
      1780784075,
      6.6
    ],
    [
      1780784978,
      6.61
    ],
    [
      1780785879,
      6.61
    ],
    [
      1780786781,
      6.64
    ],
    [
      1780787682,
      6.66
    ],
    [
      1780788583,
      6.64
    ]
  ],
  "ondo-finance": [
    [
      1780782273,
      0.325109
    ],
    [
      1780783174,
      0.323501
    ],
    [
      1780784075,
      0.322185
    ],
    [
      1780784978,
      0.32187
    ],
    [
      1780785879,
      0.321956
    ],
    [
      1780786781,
      0.323175
    ],
    [
      1780787682,
      0.324444
    ],
    [
      1780788583,
      0.322184
    ]
  ],
  "binancecoin": [
    [
      1780782273,
      575.24
    ],
    [
      1780783174,
      575.05
    ],
    [
      1780784075,
      571.88
    ],
    [
      1780784978,
      571.52
    ],
    [
      1780785879,
      571.85
    ],
    [
      1780786781,
      573.06
    ],
    [
      1780787682,
      573.95
    ],
    [
      1780788583,
      573.35
    ]
  ],
  "ripple": [
    [
      1780782273,
      1.09
    ],
    [
      1780783174,
      1.089
    ],
    [
      1780784075,
      1.085
    ],
    [
      1780784978,
      1.082
    ],
    [
      1780785879,
      1.085
    ],
    [
      1780786781,
      1.088
    ],
    [
      1780787682,
      1.09
    ],
    [
      1780788583,
      1.088
    ]
  ],
  "solana": [
    [
      1780782273,
      62.11
    ],
    [
      1780783174,
      62.0
    ],
    [
      1780784075,
      61.65
    ],
    [
      1780784978,
      61.5
    ],
    [
      1780785879,
      61.63
    ],
    [
      1780786781,
      61.79
    ],
    [
      1780787682,
      62.04
    ],
    [
      1780788583,
      61.91
    ]
  ],
  "dogecoin": [
    [
      1780782273,
      0.081462
    ],
    [
      1780783174,
      0.081269
    ],
    [
      1780784075,
      0.081286
    ],
    [
      1780784978,
      0.081184
    ],
    [
      1780785879,
      0.081237
    ],
    [
      1780786781,
      0.081455
    ],
    [
      1780787682,
      0.08155
    ],
    [
      1780788583,
      0.081339
    ]
  ],
  "cardano": [
    [
      1780782273,
      0.157979
    ],
    [
      1780783174,
      0.157471
    ],
    [
      1780784075,
      0.155956
    ],
    [
      1780784978,
      0.156232
    ],
    [
      1780785879,
      0.156298
    ],
    [
      1780786781,
      0.156392
    ],
    [
      1780787682,
      0.156414
    ],
    [
      1780788583,
      0.156016
    ]
  ],
  "tron": [
    [
      1780782273,
      0.322935
    ],
    [
      1780783174,
      0.323128
    ],
    [
      1780784075,
      0.323333
    ],
    [
      1780784978,
      0.323192
    ],
    [
      1780785879,
      0.323066
    ],
    [
      1780786781,
      0.323382
    ],
    [
      1780787682,
      0.323707
    ],
    [
      1780788583,
      0.323629
    ]
  ],
  "chainlink": [
    [
      1780782273,
      7.37
    ],
    [
      1780783174,
      7.35
    ],
    [
      1780784075,
      7.33
    ],
    [
      1780784978,
      7.34
    ],
    [
      1780785879,
      7.36
    ],
    [
      1780786781,
      7.36
    ],
    [
      1780787682,
      7.37
    ],
    [
      1780788583,
      7.35
    ]
  ],
  "the-open-network": [
    [
      1780782273,
      1.63
    ],
    [
      1780783174,
      1.64
    ],
    [
      1780784075,
      1.65
    ],
    [
      1780784978,
      1.65
    ],
    [
      1780785879,
      1.65
    ],
    [
      1780786781,
      1.63
    ],
    [
      1780787682,
      1.64
    ],
    [
      1780788583,
      1.63
    ]
  ],
  "stellar": [
    [
      1780782273,
      0.210812
    ],
    [
      1780783174,
      0.20947
    ],
    [
      1780784075,
      0.20981
    ],
    [
      1780784978,
      0.20978
    ],
    [
      1780785879,
      0.210171
    ],
    [
      1780786781,
      0.211392
    ],
    [
      1780787682,
      0.213115
    ],
    [
      1780788583,
      0.212417
    ]
  ],
  "hedera-hashgraph": [
    [
      1780782273,
      0.079385
    ],
    [
      1780783174,
      0.079258
    ],
    [
      1780784075,
      0.079297
    ],
    [
      1780784978,
      0.079245
    ],
    [
      1780785879,
      0.079386
    ],
    [
      1780786781,
      0.079637
    ],
    [
      1780787682,
      0.079784
    ],
    [
      1780788583,
      0.079436
    ]
  ],
  "sui": [
    [
      1780782273,
      0.712087
    ],
    [
      1780783174,
      0.710567
    ],
    [
      1780784075,
      0.708092
    ],
    [
      1780784978,
      0.709408
    ],
    [
      1780785879,
      0.711112
    ],
    [
      1780786781,
      0.712855
    ],
    [
      1780787682,
      0.714462
    ],
    [
      1780788583,
      0.713981
    ]
  ],
  "bitcoin-cash": [
    [
      1780782273,
      216.82
    ],
    [
      1780783174,
      216.93
    ],
    [
      1780784075,
      215.54
    ],
    [
      1780784978,
      215.09
    ],
    [
      1780785879,
      215.34
    ],
    [
      1780786781,
      216.37
    ],
    [
      1780787682,
      216.92
    ],
    [
      1780788583,
      216.39
    ]
  ],
  "litecoin": [
    [
      1780782273,
      41.73
    ],
    [
      1780783174,
      41.71
    ],
    [
      1780784075,
      41.29
    ],
    [
      1780784978,
      40.99
    ],
    [
      1780785879,
      40.97
    ],
    [
      1780786781,
      41.07
    ],
    [
      1780787682,
      41.19
    ],
    [
      1780788583,
      41.08
    ]
  ],
  "polkadot": [
    [
      1780782273,
      0.940446
    ],
    [
      1780783174,
      0.939278
    ],
    [
      1780784075,
      0.936
    ],
    [
      1780784978,
      0.934378
    ],
    [
      1780785879,
      0.935116
    ],
    [
      1780786781,
      0.937082
    ],
    [
      1780787682,
      0.939712
    ],
    [
      1780788583,
      0.938381
    ]
  ],
  "hyperliquid": [
    [
      1780782273,
      56.8
    ],
    [
      1780783174,
      56.69
    ],
    [
      1780784075,
      56.56
    ],
    [
      1780784978,
      56.38
    ],
    [
      1780785879,
      56.18
    ],
    [
      1780786781,
      56.57
    ],
    [
      1780787682,
      56.65
    ],
    [
      1780788583,
      56.29
    ]
  ],
  "monero": [
    [
      1780782273,
      295.33
    ],
    [
      1780783174,
      294.83
    ],
    [
      1780784075,
      293.62
    ],
    [
      1780784978,
      293.07
    ],
    [
      1780785879,
      293.74
    ],
    [
      1780786781,
      293.49
    ],
    [
      1780787682,
      295.07
    ],
    [
      1780788583,
      293.65
    ]
  ],
  "_alerts_sent": {}
}