{
  "bitcoin": [
    [
      1783912756,
      63009
    ],
    [
      1783913660,
      62859
    ],
    [
      1783914562,
      62802
    ],
    [
      1783915468,
      62736
    ],
    [
      1783916377,
      62840
    ],
    [
      1783917280,
      62727
    ],
    [
      1783918187,
      62701
    ],
    [
      1783919088,
      62680
    ]
  ],
  "ethereum": [
    [
      1783912756,
      1790.93
    ],
    [
      1783913660,
      1784.82
    ],
    [
      1783914562,
      1779.16
    ],
    [
      1783915468,
      1778.33
    ],
    [
      1783916377,
      1780.19
    ],
    [
      1783917280,
      1780.93
    ],
    [
      1783918187,
      1780.19
    ],
    [
      1783919088,
      1781.56
    ]
  ],
  "avalanche-2": [
    [
      1783912756,
      6.45
    ],
    [
      1783913660,
      6.46
    ],
    [
      1783914562,
      6.46
    ],
    [
      1783915468,
      6.48
    ],
    [
      1783916377,
      6.5
    ],
    [
      1783917280,
      6.48
    ],
    [
      1783918187,
      6.48
    ],
    [
      1783919088,
      6.48
    ]
  ],
  "ondo-finance": [
    [
      1783912756,
      0.316853
    ],
    [
      1783913660,
      0.316861
    ],
    [
      1783914562,
      0.315814
    ],
    [
      1783915468,
      0.316216
    ],
    [
      1783916377,
      0.317054
    ],
    [
      1783917280,
      0.317036
    ],
    [
      1783918187,
      0.31704
    ],
    [
      1783919088,
      0.31685
    ]
  ],
  "binancecoin": [
    [
      1783912756,
      568.41
    ],
    [
      1783913660,
      568.28
    ],
    [
      1783914562,
      568.09
    ],
    [
      1783915468,
      568.1
    ],
    [
      1783916377,
      568.45
    ],
    [
      1783917280,
      568.33
    ],
    [
      1783918187,
      568.05
    ],
    [
      1783919088,
      567.81
    ]
  ],
  "ripple": [
    [
      1783912756,
      1.072
    ],
    [
      1783913660,
      1.072
    ],
    [
      1783914562,
      1.072
    ],
    [
      1783915468,
      1.071
    ],
    [
      1783916377,
      1.073
    ],
    [
      1783917280,
      1.074
    ],
    [
      1783918187,
      1.073
    ],
    [
      1783919088,
      1.074
    ]
  ],
  "solana": [
    [
      1783912756,
      75.91
    ],
    [
      1783913660,
      75.82
    ],
    [
      1783914562,
      75.74
    ],
    [
      1783915468,
      75.79
    ],
    [
      1783916377,
      75.93
    ],
    [
      1783917280,
      75.99
    ],
    [
      1783918187,
      75.96
    ],
    [
      1783919088,
      75.96
    ]
  ],
  "dogecoin": [
    [
      1783912756,
      0.072057
    ],
    [
      1783913660,
      0.071989
    ],
    [
      1783914562,
      0.071907
    ],
    [
      1783915468,
      0.07198
    ],
    [
      1783916377,
      0.072092
    ],
    [
      1783917280,
      0.072151
    ],
    [
      1783918187,
      0.072094
    ],
    [
      1783919088,
      0.072104
    ]
  ],
  "cardano": [
    [
      1783912756,
      0.158144
    ],
    [
      1783913660,
      0.158052
    ],
    [
      1783914562,
      0.158125
    ],
    [
      1783915468,
      0.158622
    ],
    [
      1783916377,
      0.159124
    ],
    [
      1783917280,
      0.159042
    ],
    [
      1783918187,
      0.15885
    ],
    [
      1783919088,
      0.159068
    ]
  ],
  "tron": [
    [
      1783912756,
      0.330825
    ],
    [
      1783913660,
      0.330794
    ],
    [
      1783914562,
      0.330347
    ],
    [
      1783915468,
      0.330312
    ],
    [
      1783916377,
      0.330317
    ],
    [
      1783917280,
      0.330282
    ],
    [
      1783918187,
      0.33016
    ],
    [
      1783919088,
      0.330284
    ]
  ],
  "chainlink": [
    [
      1783912756,
      7.92
    ],
    [
      1783913660,
      7.91
    ],
    [
      1783914562,
      7.9
    ],
    [
      1783915468,
      7.91
    ],
    [
      1783916377,
      7.92
    ],
    [
      1783917280,
      7.92
    ],
    [
      1783918187,
      7.91
    ],
    [
      1783919088,
      7.91
    ]
  ],
  "the-open-network": [
    [
      1783912756,
      1.61
    ],
    [
      1783913660,
      1.61
    ],
    [
      1783914562,
      1.6
    ],
    [
      1783915468,
      1.6
    ],
    [
      1783916377,
      1.6
    ],
    [
      1783917280,
      1.6
    ],
    [
      1783918187,
      1.6
    ],
    [
      1783919088,
      1.6
    ]
  ],
  "stellar": [
    [
      1783912756,
      0.182504
    ],
    [
      1783913660,
      0.182507
    ],
    [
      1783914562,
      0.182459
    ],
    [
      1783915468,
      0.18256
    ],
    [
      1783916377,
      0.183177
    ],
    [
      1783917280,
      0.183124
    ],
    [
      1783918187,
      0.182686
    ],
    [
      1783919088,
      0.182602
    ]
  ],
  "hedera-hashgraph": [
    [
      1783912756,
      0.066945
    ],
    [
      1783913660,
      0.067007
    ],
    [
      1783914562,
      0.066942
    ],
    [
      1783915468,
      0.067096
    ],
    [
      1783916377,
      0.067155
    ],
    [
      1783917280,
      0.067091
    ],
    [
      1783918187,
      0.067129
    ],
    [
      1783919088,
      0.067214
    ]
  ],
  "sui": [
    [
      1783912756,
      0.725312
    ],
    [
      1783913660,
      0.725492
    ],
    [
      1783914562,
      0.72508
    ],
    [
      1783915468,
      0.726039
    ],
    [
      1783916377,
      0.727979
    ],
    [
      1783917280,
      0.729204
    ],
    [
      1783918187,
      0.728663
    ],
    [
      1783919088,
      0.728234
    ]
  ],
  "bitcoin-cash": [
    [
      1783912756,
      236.87
    ],
    [
      1783913660,
      236.35
    ],
    [
      1783914562,
      235.74
    ],
    [
      1783915468,
      236.05
    ],
    [
      1783916377,
      236.27
    ],
    [
      1783917280,
      236.18
    ],
    [
      1783918187,
      236.07
    ],
    [
      1783919088,
      235.98
    ]
  ],
  "litecoin": [
    [
      1783912756,
      43.6
    ],
    [
      1783913660,
      43.54
    ],
    [
      1783914562,
      43.48
    ],
    [
      1783915468,
      43.48
    ],
    [
      1783916377,
      43.54
    ],
    [
      1783917280,
      43.61
    ],
    [
      1783918187,
      43.56
    ],
    [
      1783919088,
      43.51
    ]
  ],
  "polkadot": [
    [
      1783912756,
      0.829759
    ],
    [
      1783913660,
      0.830461
    ],
    [
      1783914562,
      0.827918
    ],
    [
      1783915468,
      0.827963
    ],
    [
      1783916377,
      0.828595
    ],
    [
      1783917280,
      0.830312
    ],
    [
      1783918187,
      0.829938
    ],
    [
      1783919088,
      0.830388
    ]
  ],
  "hyperliquid": [
    [
      1783912756,
      66.68
    ],
    [
      1783913660,
      66.66
    ],
    [
      1783914562,
      66.63
    ],
    [
      1783915468,
      66.55
    ],
    [
      1783916377,
      66.45
    ],
    [
      1783917280,
      66.58
    ],
    [
      1783918187,
      65.66
    ],
    [
      1783919088,
      65.14
    ]
  ],
  "monero": [
    [
      1783912756,
      326.38
    ],
    [
      1783913660,
      327.11
    ],
    [
      1783914562,
      327.62
    ],
    [
      1783915468,
      328.5
    ],
    [
      1783916377,
      328.87
    ],
    [
      1783917280,
      329.62
    ],
    [
      1783918187,
      328.97
    ],
    [
      1783919088,
      330.2
    ]
  ],
  "_alerts_sent": {}
}