{
  "bitcoin": [
    [
      1782402791,
      59262.8
    ],
    [
      1782403693,
      59521
    ],
    [
      1782404594,
      59697.6
    ],
    [
      1782405495,
      59368
    ],
    [
      1782406397,
      59226.1
    ],
    [
      1782407298,
      59090
    ],
    [
      1782408199,
      59423
    ],
    [
      1782409101,
      59518
    ]
  ],
  "ethereum": [
    [
      1782402791,
      1561.74
    ],
    [
      1782403693,
      1572.37
    ],
    [
      1782404594,
      1573.51
    ],
    [
      1782405495,
      1564.4
    ],
    [
      1782406397,
      1559.41
    ],
    [
      1782407298,
      1556.78
    ],
    [
      1782408199,
      1566.7
    ],
    [
      1782409101,
      1569.61
    ]
  ],
  "avalanche-2": [
    [
      1782402791,
      6.101
    ],
    [
      1782403693,
      6.12
    ],
    [
      1782404594,
      6.13
    ],
    [
      1782405495,
      6.1
    ],
    [
      1782406397,
      6.085
    ],
    [
      1782407298,
      6.11
    ],
    [
      1782408199,
      6.2
    ],
    [
      1782409101,
      6.2
    ]
  ],
  "ondo-finance": [
    [
      1782402791,
      0.3075
    ],
    [
      1782403693,
      0.309355
    ],
    [
      1782404594,
      0.31117
    ],
    [
      1782405495,
      0.309754
    ],
    [
      1782406397,
      0.30839
    ],
    [
      1782407298,
      0.307819
    ],
    [
      1782408199,
      0.310892
    ],
    [
      1782409101,
      0.311411
    ]
  ],
  "binancecoin": [
    [
      1782403693,
      553.88
    ],
    [
      1782405495,
      553.66
    ],
    [
      1782407298,
      552.74
    ],
    [
      1782408199,
      556.19
    ],
    [
      1782409101,
      558.01
    ]
  ],
  "ripple": [
    [
      1782403693,
      1.036
    ],
    [
      1782405495,
      1.034
    ],
    [
      1782407298,
      1.029
    ],
    [
      1782408199,
      1.039
    ],
    [
      1782409101,
      1.042
    ]
  ],
  "solana": [
    [
      1782403693,
      66.37
    ],
    [
      1782405495,
      66.23
    ],
    [
      1782407298,
      65.8
    ],
    [
      1782408199,
      66.61
    ],
    [
      1782409101,
      66.98
    ]
  ],
  "dogecoin": [
    [
      1782403693,
      0.073527
    ],
    [
      1782405495,
      0.073413
    ],
    [
      1782407298,
      0.073381
    ],
    [
      1782408199,
      0.074636
    ],
    [
      1782409101,
      0.074793
    ]
  ],
  "cardano": [
    [
      1782403693,
      0.143138
    ],
    [
      1782405495,
      0.142729
    ],
    [
      1782407298,
      0.142317
    ],
    [
      1782408199,
      0.143833
    ],
    [
      1782409101,
      0.144094
    ]
  ],
  "tron": [
    [
      1782403693,
      0.322675
    ],
    [
      1782405495,
      0.32273
    ],
    [
      1782407298,
      0.323502
    ],
    [
      1782408199,
      0.324011
    ],
    [
      1782409101,
      0.323834
    ]
  ],
  "chainlink": [
    [
      1782403693,
      7.21
    ],
    [
      1782405495,
      7.2
    ],
    [
      1782407298,
      7.18
    ],
    [
      1782408199,
      7.25
    ],
    [
      1782409101,
      7.25
    ]
  ],
  "the-open-network": [
    [
      1782403693,
      1.55
    ],
    [
      1782405495,
      1.56
    ],
    [
      1782407298,
      1.56
    ],
    [
      1782408199,
      1.56
    ],
    [
      1782409101,
      1.56
    ]
  ],
  "stellar": [
    [
      1782403693,
      0.178081
    ],
    [
      1782405495,
      0.176893
    ],
    [
      1782407298,
      0.176217
    ],
    [
      1782408199,
      0.17745
    ],
    [
      1782409101,
      0.17801
    ]
  ],
  "hedera-hashgraph": [
    [
      1782403693,
      0.073148
    ],
    [
      1782405495,
      0.072473
    ],
    [
      1782407298,
      0.07216
    ],
    [
      1782408199,
      0.073126
    ],
    [
      1782409101,
      0.073124
    ]
  ],
  "sui": [
    [
      1782403693,
      0.677989
    ],
    [
      1782405495,
      0.678286
    ],
    [
      1782407298,
      0.678414
    ],
    [
      1782408199,
      0.686437
    ],
    [
      1782409101,
      0.687522
    ]
  ],
  "bitcoin-cash": [
    [
      1782403693,
      189.11
    ],
    [
      1782405495,
      189.05
    ],
    [
      1782407298,
      188.71
    ],
    [
      1782408199,
      190.63
    ],
    [
      1782409101,
      190.29
    ]
  ],
  "litecoin": [
    [
      1782403693,
      40.44
    ],
    [
      1782405495,
      40.45
    ],
    [
      1782407298,
      40.42
    ],
    [
      1782408199,
      40.84
    ],
    [
      1782409101,
      40.9
    ]
  ],
  "polkadot": [
    [
      1782403693,
      0.852093
    ],
    [
      1782405495,
      0.848808
    ],
    [
      1782407298,
      0.849631
    ],
    [
      1782408199,
      0.856955
    ],
    [
      1782409101,
      0.858648
    ]
  ],
  "hyperliquid": [
    [
      1782403693,
      61.75
    ],
    [
      1782405495,
      61.9
    ],
    [
      1782407298,
      61.26
    ],
    [
      1782408199,
      62.06
    ],
    [
      1782409101,
      62.64
    ]
  ],
  "monero": [
    [
      1782403693,
      305.28
    ],
    [
      1782405495,
      306.97
    ],
    [
      1782407298,
      307.06
    ],
    [
      1782408199,
      309.25
    ],
    [
      1782409101,
      311.68
    ]
  ],
  "_alerts_sent": {}
}