{
  "bitcoin": [
    [
      1779934170,
      74199
    ],
    [
      1779935072,
      74099
    ],
    [
      1779935973,
      74090
    ],
    [
      1779936875,
      74214
    ],
    [
      1779937776,
      74217
    ],
    [
      1779938678,
      73725
    ],
    [
      1779939579,
      73347
    ],
    [
      1779940480,
      73190
    ]
  ],
  "ethereum": [
    [
      1779934170,
      2016.67
    ],
    [
      1779935072,
      2014.06
    ],
    [
      1779935973,
      2013.74
    ],
    [
      1779936875,
      2016.08
    ],
    [
      1779937776,
      2015.73
    ],
    [
      1779938678,
      1990.05
    ],
    [
      1779939579,
      1983.22
    ],
    [
      1779940480,
      1980.09
    ]
  ],
  "avalanche-2": [
    [
      1779934170,
      9.04
    ],
    [
      1779935072,
      9.04
    ],
    [
      1779935973,
      9.03
    ],
    [
      1779936875,
      9.04
    ],
    [
      1779937776,
      9.04
    ],
    [
      1779938678,
      8.96
    ],
    [
      1779939579,
      8.93
    ],
    [
      1779940480,
      8.9
    ]
  ],
  "ondo-finance": [
    [
      1779934170,
      0.376447
    ],
    [
      1779935072,
      0.374701
    ],
    [
      1779935973,
      0.372923
    ],
    [
      1779936875,
      0.373806
    ],
    [
      1779937776,
      0.372478
    ],
    [
      1779938678,
      0.370738
    ],
    [
      1779939579,
      0.368254
    ],
    [
      1779940480,
      0.363729
    ]
  ]
}