{
  "bitcoin": [
    [
      1784282368,
      62937
    ],
    [
      1784283269,
      62987
    ],
    [
      1784284170,
      63042
    ],
    [
      1784285072,
      63112
    ],
    [
      1784285973,
      63122
    ],
    [
      1784286874,
      63048
    ],
    [
      1784287776,
      63063
    ],
    [
      1784288677,
      63220
    ]
  ],
  "ethereum": [
    [
      1784282368,
      1833.1
    ],
    [
      1784283269,
      1834.33
    ],
    [
      1784284170,
      1836.62
    ],
    [
      1784285072,
      1837.1
    ],
    [
      1784285973,
      1835.67
    ],
    [
      1784286874,
      1833.91
    ],
    [
      1784287776,
      1834.87
    ],
    [
      1784288677,
      1838.96
    ]
  ],
  "avalanche-2": [
    [
      1784282368,
      6.49
    ],
    [
      1784283269,
      6.5
    ],
    [
      1784284170,
      6.49
    ],
    [
      1784285072,
      6.49
    ],
    [
      1784285973,
      6.49
    ],
    [
      1784286874,
      6.48
    ],
    [
      1784287776,
      6.48
    ],
    [
      1784288677,
      6.49
    ]
  ],
  "ondo-finance": [
    [
      1784282368,
      0.368327
    ],
    [
      1784283269,
      0.369282
    ],
    [
      1784284170,
      0.371839
    ],
    [
      1784285072,
      0.374407
    ],
    [
      1784285973,
      0.378526
    ],
    [
      1784286874,
      0.379074
    ],
    [
      1784287776,
      0.382016
    ],
    [
      1784288677,
      0.379901
    ]
  ],
  "binancecoin": [
    [
      1784282368,
      563.82
    ],
    [
      1784283269,
      564.43
    ],
    [
      1784284170,
      563.85
    ],
    [
      1784285072,
      564.46
    ],
    [
      1784285973,
      564.16
    ],
    [
      1784286874,
      563.13
    ],
    [
      1784287776,
      562.83
    ],
    [
      1784288677,
      563.51
    ]
  ],
  "ripple": [
    [
      1784282368,
      1.084
    ],
    [
      1784283269,
      1.085
    ],
    [
      1784284170,
      1.085
    ],
    [
      1784285072,
      1.086
    ],
    [
      1784285973,
      1.086
    ],
    [
      1784286874,
      1.084
    ],
    [
      1784287776,
      1.083
    ],
    [
      1784288677,
      1.084
    ]
  ],
  "solana": [
    [
      1784282368,
      74.61
    ],
    [
      1784283269,
      74.67
    ],
    [
      1784284170,
      74.67
    ],
    [
      1784285072,
      74.73
    ],
    [
      1784285973,
      74.75
    ],
    [
      1784286874,
      74.67
    ],
    [
      1784287776,
      74.72
    ],
    [
      1784288677,
      74.86
    ]
  ],
  "dogecoin": [
    [
      1784282368,
      0.07163
    ],
    [
      1784283269,
      0.071771
    ],
    [
      1784284170,
      0.071796
    ],
    [
      1784285072,
      0.071856
    ],
    [
      1784285973,
      0.071934
    ],
    [
      1784286874,
      0.07186
    ],
    [
      1784287776,
      0.071903
    ],
    [
      1784288677,
      0.071994
    ]
  ],
  "cardano": [
    [
      1784282368,
      0.160678
    ],
    [
      1784283269,
      0.16102
    ],
    [
      1784284170,
      0.160973
    ],
    [
      1784285072,
      0.161367
    ],
    [
      1784285973,
      0.160897
    ],
    [
      1784286874,
      0.160547
    ],
    [
      1784287776,
      0.160393
    ],
    [
      1784288677,
      0.160776
    ]
  ],
  "tron": [
    [
      1784282368,
      0.321903
    ],
    [
      1784283269,
      0.321918
    ],
    [
      1784284170,
      0.321878
    ],
    [
      1784285072,
      0.321907
    ],
    [
      1784285973,
      0.322045
    ],
    [
      1784286874,
      0.322447
    ],
    [
      1784287776,
      0.322525
    ],
    [
      1784288677,
      0.322357
    ]
  ],
  "chainlink": [
    [
      1784282368,
      8.19
    ],
    [
      1784283269,
      8.2
    ],
    [
      1784284170,
      8.2
    ],
    [
      1784285072,
      8.2
    ],
    [
      1784285973,
      8.19
    ],
    [
      1784286874,
      8.17
    ],
    [
      1784287776,
      8.18
    ],
    [
      1784288677,
      8.19
    ]
  ],
  "the-open-network": [
    [
      1784282368,
      1.5
    ],
    [
      1784283269,
      1.51
    ],
    [
      1784284170,
      1.51
    ],
    [
      1784285072,
      1.52
    ],
    [
      1784285973,
      1.53
    ],
    [
      1784286874,
      1.54
    ],
    [
      1784287776,
      1.53
    ],
    [
      1784288677,
      1.53
    ]
  ],
  "stellar": [
    [
      1784282368,
      0.183489
    ],
    [
      1784283269,
      0.183824
    ],
    [
      1784284170,
      0.183667
    ],
    [
      1784285072,
      0.18402
    ],
    [
      1784285973,
      0.183819
    ],
    [
      1784286874,
      0.183754
    ],
    [
      1784287776,
      0.183639
    ],
    [
      1784288677,
      0.184096
    ]
  ],
  "hedera-hashgraph": [
    [
      1784282368,
      0.06617
    ],
    [
      1784283269,
      0.066361
    ],
    [
      1784284170,
      0.066315
    ],
    [
      1784285072,
      0.066274
    ],
    [
      1784285973,
      0.066211
    ],
    [
      1784286874,
      0.066184
    ],
    [
      1784287776,
      0.066047
    ],
    [
      1784288677,
      0.06609
    ]
  ],
  "sui": [
    [
      1784282368,
      0.733935
    ],
    [
      1784283269,
      0.734519
    ],
    [
      1784284170,
      0.734237
    ],
    [
      1784285072,
      0.735163
    ],
    [
      1784285973,
      0.734981
    ],
    [
      1784286874,
      0.734532
    ],
    [
      1784287776,
      0.734419
    ],
    [
      1784288677,
      0.736868
    ]
  ],
  "bitcoin-cash": [
    [
      1784282368,
      222.9
    ],
    [
      1784283269,
      222.94
    ],
    [
      1784284170,
      222.18
    ],
    [
      1784285072,
      222.32
    ],
    [
      1784285973,
      222.48
    ],
    [
      1784286874,
      222.15
    ],
    [
      1784287776,
      221.82
    ],
    [
      1784288677,
      218.73
    ]
  ],
  "litecoin": [
    [
      1784282368,
      44.59
    ],
    [
      1784283269,
      44.78
    ],
    [
      1784284170,
      44.77
    ],
    [
      1784285072,
      44.83
    ],
    [
      1784285973,
      44.54
    ],
    [
      1784286874,
      44.2
    ],
    [
      1784287776,
      44.28
    ],
    [
      1784288677,
      44.33
    ]
  ],
  "polkadot": [
    [
      1784282368,
      0.855076
    ],
    [
      1784283269,
      0.855626
    ],
    [
      1784284170,
      0.855114
    ],
    [
      1784285072,
      0.857355
    ],
    [
      1784285973,
      0.857938
    ],
    [
      1784286874,
      0.855117
    ],
    [
      1784287776,
      0.854827
    ],
    [
      1784288677,
      0.853866
    ]
  ],
  "hyperliquid": [
    [
      1784282368,
      60.56
    ],
    [
      1784283269,
      60.46
    ],
    [
      1784284170,
      60.46
    ],
    [
      1784285072,
      60.51
    ],
    [
      1784285973,
      60.21
    ],
    [
      1784286874,
      60.36
    ],
    [
      1784287776,
      60.25
    ],
    [
      1784288677,
      60.3
    ]
  ],
  "monero": [
    [
      1784282368,
      324.2
    ],
    [
      1784283269,
      324.12
    ],
    [
      1784284170,
      324.69
    ],
    [
      1784285072,
      324.48
    ],
    [
      1784285973,
      324.97
    ],
    [
      1784286874,
      322.93
    ],
    [
      1784287776,
      323.83
    ],
    [
      1784288677,
      324.72
    ]
  ],
  "_alerts_sent": {}
}