{
  "bitcoin": [
    [
      1779951298,
      73003
    ],
    [
      1779952200,
      73082
    ],
    [
      1779953102,
      73187
    ],
    [
      1779954003,
      73314
    ],
    [
      1779954905,
      73286
    ],
    [
      1779955807,
      73301
    ],
    [
      1779956708,
      73200
    ],
    [
      1779957610,
      73161
    ]
  ],
  "ethereum": [
    [
      1779951298,
      1978.3
    ],
    [
      1779952200,
      1982.15
    ],
    [
      1779953102,
      1987.58
    ],
    [
      1779954003,
      1991.81
    ],
    [
      1779954905,
      1990.23
    ],
    [
      1779955807,
      1989.0
    ],
    [
      1779956708,
      1985.47
    ],
    [
      1779957610,
      1986.42
    ]
  ],
  "avalanche-2": [
    [
      1779951298,
      8.79
    ],
    [
      1779952200,
      8.79
    ],
    [
      1779953102,
      8.81
    ],
    [
      1779954003,
      8.82
    ],
    [
      1779954905,
      8.82
    ],
    [
      1779955807,
      8.82
    ],
    [
      1779956708,
      8.82
    ],
    [
      1779957610,
      8.8
    ]
  ],
  "ondo-finance": [
    [
      1779951298,
      0.358157
    ],
    [
      1779952200,
      0.357887
    ],
    [
      1779953102,
      0.360292
    ],
    [
      1779954003,
      0.360129
    ],
    [
      1779954905,
      0.360428
    ],
    [
      1779955807,
      0.361173
    ],
    [
      1779956708,
      0.36129
    ],
    [
      1779957610,
      0.362106
    ]
  ]
}