{
  "bitcoin": [
    [
      1781816842,
      63027
    ],
    [
      1781817744,
      62956
    ],
    [
      1781818645,
      62913
    ],
    [
      1781819546,
      62868
    ],
    [
      1781820448,
      62871
    ],
    [
      1781821349,
      62738
    ],
    [
      1781822250,
      62721
    ],
    [
      1781823151,
      62793
    ]
  ],
  "ethereum": [
    [
      1781816842,
      1709.03
    ],
    [
      1781817744,
      1703.88
    ],
    [
      1781818645,
      1707.38
    ],
    [
      1781819546,
      1705.33
    ],
    [
      1781820448,
      1704.87
    ],
    [
      1781821349,
      1701.48
    ],
    [
      1781822250,
      1699.32
    ],
    [
      1781823151,
      1705.06
    ]
  ],
  "avalanche-2": [
    [
      1781816842,
      6.34
    ],
    [
      1781817744,
      6.3
    ],
    [
      1781818645,
      6.32
    ],
    [
      1781819546,
      6.29
    ],
    [
      1781820448,
      6.29
    ],
    [
      1781821349,
      6.29
    ],
    [
      1781822250,
      6.28
    ],
    [
      1781823151,
      6.29
    ]
  ],
  "ondo-finance": [
    [
      1781816842,
      0.359981
    ],
    [
      1781817744,
      0.358941
    ],
    [
      1781818645,
      0.361407
    ],
    [
      1781819546,
      0.360303
    ],
    [
      1781820448,
      0.361257
    ],
    [
      1781821349,
      0.360615
    ],
    [
      1781822250,
      0.35964
    ],
    [
      1781823151,
      0.360854
    ]
  ],
  "binancecoin": [
    [
      1781816842,
      579.03
    ],
    [
      1781817744,
      578.9
    ],
    [
      1781818645,
      579.44
    ],
    [
      1781819546,
      578.84
    ],
    [
      1781820448,
      578.92
    ],
    [
      1781821349,
      578.36
    ],
    [
      1781822250,
      578.16
    ],
    [
      1781823151,
      578.13
    ]
  ],
  "ripple": [
    [
      1781816842,
      1.15
    ],
    [
      1781817744,
      1.15
    ],
    [
      1781818645,
      1.15
    ],
    [
      1781819546,
      1.14
    ],
    [
      1781820448,
      1.14
    ],
    [
      1781821349,
      1.14
    ],
    [
      1781822250,
      1.15
    ],
    [
      1781823151,
      1.15
    ]
  ],
  "solana": [
    [
      1781816842,
      69.76
    ],
    [
      1781817744,
      69.52
    ],
    [
      1781818645,
      69.63
    ],
    [
      1781819546,
      69.47
    ],
    [
      1781820448,
      69.46
    ],
    [
      1781821349,
      69.43
    ],
    [
      1781822250,
      69.28
    ],
    [
      1781823151,
      69.44
    ]
  ],
  "dogecoin": [
    [
      1781816842,
      0.083378
    ],
    [
      1781817744,
      0.083188
    ],
    [
      1781818645,
      0.08334
    ],
    [
      1781819546,
      0.083287
    ],
    [
      1781820448,
      0.083245
    ],
    [
      1781821349,
      0.083163
    ],
    [
      1781822250,
      0.083054
    ],
    [
      1781823151,
      0.083242
    ]
  ],
  "cardano": [
    [
      1781816842,
      0.163283
    ],
    [
      1781817744,
      0.16274
    ],
    [
      1781818645,
      0.162973
    ],
    [
      1781819546,
      0.162723
    ],
    [
      1781820448,
      0.162944
    ],
    [
      1781821349,
      0.162614
    ],
    [
      1781822250,
      0.162509
    ],
    [
      1781823151,
      0.162962
    ]
  ],
  "tron": [
    [
      1781816842,
      0.319858
    ],
    [
      1781817744,
      0.320038
    ],
    [
      1781818645,
      0.320035
    ],
    [
      1781819546,
      0.320159
    ],
    [
      1781820448,
      0.320178
    ],
    [
      1781821349,
      0.320241
    ],
    [
      1781822250,
      0.320258
    ],
    [
      1781823151,
      0.320225
    ]
  ],
  "chainlink": [
    [
      1781816842,
      7.98
    ],
    [
      1781817744,
      7.95
    ],
    [
      1781818645,
      7.98
    ],
    [
      1781819546,
      7.98
    ],
    [
      1781820448,
      7.98
    ],
    [
      1781821349,
      7.97
    ],
    [
      1781822250,
      7.95
    ],
    [
      1781823151,
      7.97
    ]
  ],
  "the-open-network": [
    [
      1781816842,
      1.65
    ],
    [
      1781817744,
      1.65
    ],
    [
      1781818645,
      1.65
    ],
    [
      1781819546,
      1.65
    ],
    [
      1781820448,
      1.65
    ],
    [
      1781821349,
      1.65
    ],
    [
      1781822250,
      1.65
    ],
    [
      1781823151,
      1.65
    ]
  ],
  "stellar": [
    [
      1781816842,
      0.237492
    ],
    [
      1781817744,
      0.236356
    ],
    [
      1781818645,
      0.233593
    ],
    [
      1781819546,
      0.231522
    ],
    [
      1781820448,
      0.233523
    ],
    [
      1781821349,
      0.235244
    ],
    [
      1781822250,
      0.234631
    ],
    [
      1781823151,
      0.234136
    ]
  ],
  "hedera-hashgraph": [
    [
      1781816842,
      0.080379
    ],
    [
      1781817744,
      0.080184
    ],
    [
      1781818645,
      0.080257
    ],
    [
      1781819546,
      0.080188
    ],
    [
      1781820448,
      0.08007
    ],
    [
      1781821349,
      0.080192
    ],
    [
      1781822250,
      0.080157
    ],
    [
      1781823151,
      0.08026
    ]
  ],
  "sui": [
    [
      1781816842,
      0.724031
    ],
    [
      1781817744,
      0.721431
    ],
    [
      1781818645,
      0.722554
    ],
    [
      1781819546,
      0.721871
    ],
    [
      1781820448,
      0.722282
    ],
    [
      1781821349,
      0.722145
    ],
    [
      1781822250,
      0.721216
    ],
    [
      1781823151,
      0.723758
    ]
  ],
  "bitcoin-cash": [
    [
      1781816842,
      199.39
    ],
    [
      1781817744,
      198.83
    ],
    [
      1781818645,
      199.46
    ],
    [
      1781819546,
      199.02
    ],
    [
      1781820448,
      198.57
    ],
    [
      1781821349,
      197.29
    ],
    [
      1781822250,
      197.18
    ],
    [
      1781823151,
      197.81
    ]
  ],
  "litecoin": [
    [
      1781816842,
      43.62
    ],
    [
      1781817744,
      43.6
    ],
    [
      1781818645,
      43.65
    ],
    [
      1781819546,
      43.66
    ],
    [
      1781820448,
      43.68
    ],
    [
      1781821349,
      43.65
    ],
    [
      1781822250,
      43.65
    ],
    [
      1781823151,
      43.73
    ]
  ],
  "polkadot": [
    [
      1781816842,
      0.971779
    ],
    [
      1781817744,
      0.967317
    ],
    [
      1781818645,
      0.970166
    ],
    [
      1781819546,
      0.968472
    ],
    [
      1781820448,
      0.968244
    ],
    [
      1781821349,
      0.967882
    ],
    [
      1781822250,
      0.967091
    ],
    [
      1781823151,
      0.968325
    ]
  ],
  "hyperliquid": [
    [
      1781816842,
      68.74
    ],
    [
      1781817744,
      67.94
    ],
    [
      1781818645,
      67.93
    ],
    [
      1781819546,
      67.83
    ],
    [
      1781820448,
      67.8
    ],
    [
      1781821349,
      67.8
    ],
    [
      1781822250,
      67.82
    ],
    [
      1781823151,
      67.87
    ]
  ],
  "monero": [
    [
      1781816842,
      325.07
    ],
    [
      1781817744,
      325.46
    ],
    [
      1781818645,
      325.23
    ],
    [
      1781819546,
      327.53
    ],
    [
      1781820448,
      326.24
    ],
    [
      1781821349,
      325.31
    ],
    [
      1781822250,
      322.95
    ],
    [
      1781823151,
      322.85
    ]
  ],
  "_alerts_sent": {}
}