{
  "bitcoin": [
    [
      1781012873,
      62361
    ],
    [
      1781013775,
      62333
    ],
    [
      1781014676,
      61891
    ],
    [
      1781015578,
      61523
    ],
    [
      1781016479,
      61265
    ],
    [
      1781017469,
      61391
    ],
    [
      1781018419,
      61558
    ],
    [
      1781019321,
      61285
    ]
  ],
  "ethereum": [
    [
      1781012873,
      1671.6
    ],
    [
      1781013775,
      1669.18
    ],
    [
      1781014676,
      1651.69
    ],
    [
      1781015578,
      1641.56
    ],
    [
      1781016479,
      1636.67
    ],
    [
      1781017469,
      1642.15
    ],
    [
      1781018419,
      1648.78
    ],
    [
      1781019321,
      1639.67
    ]
  ],
  "avalanche-2": [
    [
      1781012873,
      6.69
    ],
    [
      1781013775,
      6.69
    ],
    [
      1781014676,
      6.64
    ],
    [
      1781015578,
      6.57
    ],
    [
      1781016479,
      6.56
    ],
    [
      1781017469,
      6.59
    ],
    [
      1781018419,
      6.62
    ],
    [
      1781019321,
      6.56
    ]
  ],
  "ondo-finance": [
    [
      1781012873,
      0.362604
    ],
    [
      1781013775,
      0.366358
    ],
    [
      1781014676,
      0.361606
    ],
    [
      1781015578,
      0.357696
    ],
    [
      1781016479,
      0.357594
    ],
    [
      1781017469,
      0.358969
    ],
    [
      1781018419,
      0.364633
    ],
    [
      1781019321,
      0.359229
    ]
  ],
  "binancecoin": [
    [
      1781012873,
      595.52
    ],
    [
      1781013775,
      595.01
    ],
    [
      1781014676,
      590.43
    ],
    [
      1781015578,
      586.54
    ],
    [
      1781016479,
      585.46
    ],
    [
      1781017469,
      588.29
    ],
    [
      1781018419,
      589.78
    ],
    [
      1781019321,
      587.44
    ]
  ],
  "ripple": [
    [
      1781012873,
      1.16
    ],
    [
      1781013775,
      1.16
    ],
    [
      1781014676,
      1.15
    ],
    [
      1781015578,
      1.14
    ],
    [
      1781016479,
      1.14
    ],
    [
      1781017469,
      1.14
    ],
    [
      1781018419,
      1.14
    ],
    [
      1781019321,
      1.13
    ]
  ],
  "solana": [
    [
      1781012873,
      65.98
    ],
    [
      1781013775,
      65.92
    ],
    [
      1781014676,
      65.14
    ],
    [
      1781015578,
      64.91
    ],
    [
      1781016479,
      64.62
    ],
    [
      1781017469,
      64.91
    ],
    [
      1781018419,
      65.1
    ],
    [
      1781019321,
      64.57
    ]
  ],
  "dogecoin": [
    [
      1781012873,
      0.085638
    ],
    [
      1781013775,
      0.085692
    ],
    [
      1781014676,
      0.085321
    ],
    [
      1781015578,
      0.084689
    ],
    [
      1781016479,
      0.084649
    ],
    [
      1781017469,
      0.084862
    ],
    [
      1781018419,
      0.085067
    ],
    [
      1781019321,
      0.084375
    ]
  ],
  "cardano": [
    [
      1781012873,
      0.168314
    ],
    [
      1781013775,
      0.168656
    ],
    [
      1781014676,
      0.167285
    ],
    [
      1781015578,
      0.165332
    ],
    [
      1781016479,
      0.165138
    ],
    [
      1781017469,
      0.16594
    ],
    [
      1781018419,
      0.16615
    ],
    [
      1781019321,
      0.163982
    ]
  ],
  "tron": [
    [
      1781012873,
      0.322318
    ],
    [
      1781013775,
      0.323125
    ],
    [
      1781014676,
      0.322319
    ],
    [
      1781015578,
      0.32149
    ],
    [
      1781016479,
      0.321405
    ],
    [
      1781017469,
      0.32144
    ],
    [
      1781018419,
      0.322434
    ],
    [
      1781019321,
      0.3219
    ]
  ],
  "chainlink": [
    [
      1781012873,
      7.92
    ],
    [
      1781013775,
      7.9
    ],
    [
      1781014676,
      7.84
    ],
    [
      1781015578,
      7.77
    ],
    [
      1781016479,
      7.77
    ],
    [
      1781017469,
      7.79
    ],
    [
      1781018419,
      7.82
    ],
    [
      1781019321,
      7.76
    ]
  ],
  "the-open-network": [
    [
      1781012873,
      1.74
    ],
    [
      1781013775,
      1.75
    ],
    [
      1781014676,
      1.73
    ],
    [
      1781015578,
      1.72
    ],
    [
      1781016479,
      1.71
    ],
    [
      1781017469,
      1.72
    ],
    [
      1781018419,
      1.73
    ],
    [
      1781019321,
      1.7
    ]
  ],
  "stellar": [
    [
      1781012873,
      0.200076
    ],
    [
      1781013775,
      0.201347
    ],
    [
      1781014676,
      0.199701
    ],
    [
      1781015578,
      0.197835
    ],
    [
      1781016479,
      0.19812
    ],
    [
      1781017469,
      0.197802
    ],
    [
      1781018419,
      0.19794
    ],
    [
      1781019321,
      0.195231
    ]
  ],
  "hedera-hashgraph": [
    [
      1781012873,
      0.080519
    ],
    [
      1781013775,
      0.080548
    ],
    [
      1781014676,
      0.080239
    ],
    [
      1781015578,
      0.079598
    ],
    [
      1781016479,
      0.079434
    ],
    [
      1781017469,
      0.079617
    ],
    [
      1781018419,
      0.079872
    ],
    [
      1781019321,
      0.079565
    ]
  ],
  "sui": [
    [
      1781012873,
      0.753153
    ],
    [
      1781013775,
      0.752781
    ],
    [
      1781014676,
      0.74646
    ],
    [
      1781015578,
      0.740398
    ],
    [
      1781016479,
      0.737882
    ],
    [
      1781017469,
      0.741445
    ],
    [
      1781018419,
      0.742674
    ],
    [
      1781019321,
      0.73539
    ]
  ],
  "bitcoin-cash": [
    [
      1781012873,
      205.43
    ],
    [
      1781013775,
      205.94
    ],
    [
      1781014676,
      204.57
    ],
    [
      1781015578,
      202.66
    ],
    [
      1781016479,
      202.86
    ],
    [
      1781017469,
      203.04
    ],
    [
      1781018419,
      203.73
    ],
    [
      1781019321,
      202.51
    ]
  ],
  "litecoin": [
    [
      1781012873,
      42.59
    ],
    [
      1781013775,
      42.66
    ],
    [
      1781014676,
      42.51
    ],
    [
      1781015578,
      42.21
    ],
    [
      1781016479,
      42.23
    ],
    [
      1781017469,
      42.3
    ],
    [
      1781018419,
      42.47
    ],
    [
      1781019321,
      42.19
    ]
  ],
  "polkadot": [
    [
      1781012873,
      0.968846
    ],
    [
      1781013775,
      0.969419
    ],
    [
      1781014676,
      0.960764
    ],
    [
      1781015578,
      0.949757
    ],
    [
      1781016479,
      0.948967
    ],
    [
      1781017469,
      0.951381
    ],
    [
      1781018419,
      0.955202
    ],
    [
      1781019321,
      0.946211
    ]
  ],
  "hyperliquid": [
    [
      1781012873,
      61.09
    ],
    [
      1781013775,
      60.81
    ],
    [
      1781014676,
      59.94
    ],
    [
      1781015578,
      59.79
    ],
    [
      1781016479,
      59.56
    ],
    [
      1781017469,
      59.81
    ],
    [
      1781018419,
      59.98
    ],
    [
      1781019321,
      59.18
    ]
  ],
  "monero": [
    [
      1781012873,
      319.45
    ],
    [
      1781013775,
      322.34
    ],
    [
      1781014676,
      321.77
    ],
    [
      1781015578,
      320.63
    ],
    [
      1781016479,
      319.14
    ],
    [
      1781017469,
      317.71
    ],
    [
      1781018419,
      317.53
    ],
    [
      1781019321,
      313.5
    ]
  ],
  "_alerts_sent": {}
}