{
  "bitcoin": [
    [
      1784179612,
      64861
    ],
    [
      1784180513,
      64861
    ],
    [
      1784181414,
      64851
    ],
    [
      1784182315,
      64855
    ],
    [
      1784183216,
      64804
    ],
    [
      1784184118,
      64650
    ],
    [
      1784185019,
      64720
    ],
    [
      1784185921,
      64642
    ]
  ],
  "ethereum": [
    [
      1784179612,
      1923.66
    ],
    [
      1784180513,
      1923.02
    ],
    [
      1784181414,
      1923.98
    ],
    [
      1784182315,
      1924.93
    ],
    [
      1784183216,
      1923.07
    ],
    [
      1784184118,
      1917.03
    ],
    [
      1784185019,
      1920.74
    ],
    [
      1784185921,
      1919.33
    ]
  ],
  "avalanche-2": [
    [
      1784179612,
      6.72
    ],
    [
      1784180513,
      6.71
    ],
    [
      1784181414,
      6.71
    ],
    [
      1784182315,
      6.7
    ],
    [
      1784183216,
      6.69
    ],
    [
      1784184118,
      6.67
    ],
    [
      1784185019,
      6.67
    ],
    [
      1784185921,
      6.67
    ]
  ],
  "ondo-finance": [
    [
      1784179612,
      0.373574
    ],
    [
      1784180513,
      0.374224
    ],
    [
      1784181414,
      0.371176
    ],
    [
      1784182315,
      0.369886
    ],
    [
      1784183216,
      0.370693
    ],
    [
      1784184118,
      0.368531
    ],
    [
      1784185019,
      0.371931
    ],
    [
      1784185921,
      0.374284
    ]
  ],
  "binancecoin": [
    [
      1784179612,
      583.92
    ],
    [
      1784180513,
      583.77
    ],
    [
      1784181414,
      583.29
    ],
    [
      1784182315,
      583.17
    ],
    [
      1784183216,
      582.37
    ],
    [
      1784184118,
      581.58
    ],
    [
      1784185019,
      582.49
    ],
    [
      1784185921,
      582.19
    ]
  ],
  "ripple": [
    [
      1784179612,
      1.12
    ],
    [
      1784180513,
      1.12
    ],
    [
      1784181414,
      1.12
    ],
    [
      1784182315,
      1.12
    ],
    [
      1784183216,
      1.11
    ],
    [
      1784184118,
      1.11
    ],
    [
      1784185019,
      1.11
    ],
    [
      1784185921,
      1.11
    ]
  ],
  "solana": [
    [
      1784179612,
      77.13
    ],
    [
      1784180513,
      77.26
    ],
    [
      1784181414,
      77.36
    ],
    [
      1784182315,
      77.38
    ],
    [
      1784183216,
      77.33
    ],
    [
      1784184118,
      77.14
    ],
    [
      1784185019,
      77.29
    ],
    [
      1784185921,
      77.22
    ]
  ],
  "dogecoin": [
    [
      1784179612,
      0.07412
    ],
    [
      1784180513,
      0.074142
    ],
    [
      1784181414,
      0.074154
    ],
    [
      1784182315,
      0.074167
    ],
    [
      1784183216,
      0.074077
    ],
    [
      1784184118,
      0.073922
    ],
    [
      1784185019,
      0.074077
    ],
    [
      1784185921,
      0.074059
    ]
  ],
  "cardano": [
    [
      1784179612,
      0.164713
    ],
    [
      1784180513,
      0.16459
    ],
    [
      1784181414,
      0.164441
    ],
    [
      1784182315,
      0.164322
    ],
    [
      1784183216,
      0.163991
    ],
    [
      1784184118,
      0.163485
    ],
    [
      1784185019,
      0.164014
    ],
    [
      1784185921,
      0.163943
    ]
  ],
  "tron": [
    [
      1784179612,
      0.324012
    ],
    [
      1784180513,
      0.324001
    ],
    [
      1784181414,
      0.324
    ],
    [
      1784182315,
      0.324065
    ],
    [
      1784183216,
      0.324006
    ],
    [
      1784184118,
      0.32422
    ],
    [
      1784185019,
      0.324358
    ],
    [
      1784185921,
      0.324416
    ]
  ],
  "chainlink": [
    [
      1784179612,
      8.55
    ],
    [
      1784180513,
      8.54
    ],
    [
      1784181414,
      8.54
    ],
    [
      1784182315,
      8.52
    ],
    [
      1784183216,
      8.51
    ],
    [
      1784184118,
      8.49
    ],
    [
      1784185019,
      8.51
    ],
    [
      1784185921,
      8.52
    ]
  ],
  "the-open-network": [
    [
      1784179612,
      1.58
    ],
    [
      1784180513,
      1.57
    ],
    [
      1784181414,
      1.57
    ],
    [
      1784182315,
      1.57
    ],
    [
      1784183216,
      1.57
    ],
    [
      1784184118,
      1.57
    ],
    [
      1784185019,
      1.57
    ],
    [
      1784185921,
      1.57
    ]
  ],
  "stellar": [
    [
      1784179612,
      0.189269
    ],
    [
      1784180513,
      0.18798
    ],
    [
      1784181414,
      0.188099
    ],
    [
      1784182315,
      0.188563
    ],
    [
      1784183216,
      0.187775
    ],
    [
      1784184118,
      0.187532
    ],
    [
      1784185019,
      0.189087
    ],
    [
      1784185921,
      0.188866
    ]
  ],
  "hedera-hashgraph": [
    [
      1784179612,
      0.067536
    ],
    [
      1784180513,
      0.067537
    ],
    [
      1784181414,
      0.067543
    ],
    [
      1784182315,
      0.067576
    ],
    [
      1784183216,
      0.067439
    ],
    [
      1784184118,
      0.067371
    ],
    [
      1784185019,
      0.06745
    ],
    [
      1784185921,
      0.067353
    ]
  ],
  "sui": [
    [
      1784179612,
      0.757032
    ],
    [
      1784180513,
      0.75706
    ],
    [
      1784181414,
      0.756872
    ],
    [
      1784182315,
      0.756672
    ],
    [
      1784183216,
      0.754934
    ],
    [
      1784184118,
      0.752437
    ],
    [
      1784185019,
      0.753926
    ],
    [
      1784185921,
      0.753016
    ]
  ],
  "bitcoin-cash": [
    [
      1784179612,
      222.59
    ],
    [
      1784180513,
      223.92
    ],
    [
      1784181414,
      223.89
    ],
    [
      1784182315,
      223.69
    ],
    [
      1784183216,
      223.91
    ],
    [
      1784184118,
      223.65
    ],
    [
      1784185019,
      224.24
    ],
    [
      1784185921,
      223.55
    ]
  ],
  "litecoin": [
    [
      1784179612,
      45.36
    ],
    [
      1784180513,
      45.26
    ],
    [
      1784181414,
      45.27
    ],
    [
      1784182315,
      45.28
    ],
    [
      1784183216,
      45.23
    ],
    [
      1784184118,
      45.06
    ],
    [
      1784185019,
      45.12
    ],
    [
      1784185921,
      45.09
    ]
  ],
  "polkadot": [
    [
      1784179612,
      0.844878
    ],
    [
      1784180513,
      0.843861
    ],
    [
      1784181414,
      0.843648
    ],
    [
      1784182315,
      0.84264
    ],
    [
      1784183216,
      0.840963
    ],
    [
      1784184118,
      0.838863
    ],
    [
      1784185019,
      0.840012
    ],
    [
      1784185921,
      0.839621
    ]
  ],
  "hyperliquid": [
    [
      1784179612,
      66.67
    ],
    [
      1784180513,
      66.68
    ],
    [
      1784181414,
      66.69
    ],
    [
      1784182315,
      66.8
    ],
    [
      1784183216,
      66.67
    ],
    [
      1784184118,
      66.62
    ],
    [
      1784185019,
      66.79
    ],
    [
      1784185921,
      66.79
    ]
  ],
  "monero": [
    [
      1784179612,
      331.07
    ],
    [
      1784180513,
      331.12
    ],
    [
      1784181414,
      331.0
    ],
    [
      1784182315,
      330.19
    ],
    [
      1784183216,
      330.75
    ],
    [
      1784184118,
      330.82
    ],
    [
      1784185019,
      332.05
    ],
    [
      1784185921,
      333.43
    ]
  ],
  "_alerts_sent": {}
}