{
  "bitcoin": [
    [
      1781137959,
      61810
    ],
    [
      1781138861,
      61821
    ],
    [
      1781139762,
      61829
    ],
    [
      1781140663,
      62059
    ],
    [
      1781141565,
      62106
    ],
    [
      1781142466,
      62215
    ],
    [
      1781143368,
      62191
    ],
    [
      1781144269,
      62148
    ]
  ],
  "ethereum": [
    [
      1781137959,
      1629.02
    ],
    [
      1781138861,
      1628.79
    ],
    [
      1781139762,
      1629.17
    ],
    [
      1781140663,
      1637.18
    ],
    [
      1781141565,
      1639.07
    ],
    [
      1781142466,
      1642.87
    ],
    [
      1781143368,
      1642.25
    ],
    [
      1781144269,
      1639.27
    ]
  ],
  "avalanche-2": [
    [
      1781137959,
      6.42
    ],
    [
      1781138861,
      6.42
    ],
    [
      1781139762,
      6.43
    ],
    [
      1781140663,
      6.46
    ],
    [
      1781141565,
      6.47
    ],
    [
      1781142466,
      6.5
    ],
    [
      1781143368,
      6.5
    ],
    [
      1781144269,
      6.47
    ]
  ],
  "ondo-finance": [
    [
      1781137959,
      0.335628
    ],
    [
      1781138861,
      0.334269
    ],
    [
      1781139762,
      0.335337
    ],
    [
      1781140663,
      0.337623
    ],
    [
      1781141565,
      0.338718
    ],
    [
      1781142466,
      0.339252
    ],
    [
      1781143368,
      0.339853
    ],
    [
      1781144269,
      0.338393
    ]
  ],
  "binancecoin": [
    [
      1781137959,
      588.91
    ],
    [
      1781138861,
      588.6
    ],
    [
      1781139762,
      588.92
    ],
    [
      1781140663,
      590.97
    ],
    [
      1781141565,
      591.69
    ],
    [
      1781142466,
      593.1
    ],
    [
      1781143368,
      592.55
    ],
    [
      1781144269,
      590.58
    ]
  ],
  "ripple": [
    [
      1781137959,
      1.1
    ],
    [
      1781138861,
      1.1
    ],
    [
      1781139762,
      1.1
    ],
    [
      1781140663,
      1.11
    ],
    [
      1781141565,
      1.11
    ],
    [
      1781142466,
      1.12
    ],
    [
      1781143368,
      1.12
    ],
    [
      1781144269,
      1.11
    ]
  ],
  "solana": [
    [
      1781137959,
      63.59
    ],
    [
      1781138861,
      63.6
    ],
    [
      1781139762,
      63.64
    ],
    [
      1781140663,
      64.08
    ],
    [
      1781141565,
      64.22
    ],
    [
      1781142466,
      64.81
    ],
    [
      1781143368,
      64.87
    ],
    [
      1781144269,
      64.72
    ]
  ],
  "dogecoin": [
    [
      1781137959,
      0.083383
    ],
    [
      1781138861,
      0.083415
    ],
    [
      1781139762,
      0.08335
    ],
    [
      1781140663,
      0.083697
    ],
    [
      1781141565,
      0.083958
    ],
    [
      1781142466,
      0.084248
    ],
    [
      1781143368,
      0.084204
    ],
    [
      1781144269,
      0.083921
    ]
  ],
  "cardano": [
    [
      1781137959,
      0.161427
    ],
    [
      1781138861,
      0.161118
    ],
    [
      1781139762,
      0.161268
    ],
    [
      1781140663,
      0.161747
    ],
    [
      1781141565,
      0.161778
    ],
    [
      1781142466,
      0.163197
    ],
    [
      1781143368,
      0.163306
    ],
    [
      1781144269,
      0.162706
    ]
  ],
  "tron": [
    [
      1781137959,
      0.320815
    ],
    [
      1781138861,
      0.320849
    ],
    [
      1781139762,
      0.320639
    ],
    [
      1781140663,
      0.320977
    ],
    [
      1781141565,
      0.321056
    ],
    [
      1781142466,
      0.321249
    ],
    [
      1781143368,
      0.321378
    ],
    [
      1781144269,
      0.321494
    ]
  ],
  "chainlink": [
    [
      1781137959,
      7.6
    ],
    [
      1781138861,
      7.6
    ],
    [
      1781139762,
      7.61
    ],
    [
      1781140663,
      7.65
    ],
    [
      1781141565,
      7.67
    ],
    [
      1781142466,
      7.7
    ],
    [
      1781143368,
      7.7
    ],
    [
      1781144269,
      7.67
    ]
  ],
  "the-open-network": [
    [
      1781137959,
      1.61
    ],
    [
      1781138861,
      1.61
    ],
    [
      1781139762,
      1.61
    ],
    [
      1781140663,
      1.63
    ],
    [
      1781141565,
      1.63
    ],
    [
      1781142466,
      1.63
    ],
    [
      1781143368,
      1.63
    ],
    [
      1781144269,
      1.63
    ]
  ],
  "stellar": [
    [
      1781137959,
      0.183893
    ],
    [
      1781138861,
      0.18399
    ],
    [
      1781139762,
      0.184025
    ],
    [
      1781140663,
      0.18465
    ],
    [
      1781141565,
      0.185212
    ],
    [
      1781142466,
      0.185485
    ],
    [
      1781143368,
      0.185567
    ],
    [
      1781144269,
      0.186055
    ]
  ],
  "hedera-hashgraph": [
    [
      1781137959,
      0.078022
    ],
    [
      1781138861,
      0.078145
    ],
    [
      1781139762,
      0.078101
    ],
    [
      1781140663,
      0.078454
    ],
    [
      1781141565,
      0.078529
    ],
    [
      1781142466,
      0.078621
    ],
    [
      1781143368,
      0.078625
    ],
    [
      1781144269,
      0.078385
    ]
  ],
  "sui": [
    [
      1781137959,
      0.732387
    ],
    [
      1781138861,
      0.732588
    ],
    [
      1781139762,
      0.732651
    ],
    [
      1781140663,
      0.737202
    ],
    [
      1781141565,
      0.738217
    ],
    [
      1781142466,
      0.740107
    ],
    [
      1781143368,
      0.740062
    ],
    [
      1781144269,
      0.738722
    ]
  ],
  "bitcoin-cash": [
    [
      1781137959,
      195.03
    ],
    [
      1781138861,
      195.89
    ],
    [
      1781139762,
      197.19
    ],
    [
      1781140663,
      198.2
    ],
    [
      1781141565,
      198.02
    ],
    [
      1781142466,
      198.17
    ],
    [
      1781143368,
      198.1
    ],
    [
      1781144269,
      197.62
    ]
  ],
  "litecoin": [
    [
      1781137959,
      41.93
    ],
    [
      1781138861,
      41.87
    ],
    [
      1781139762,
      41.88
    ],
    [
      1781140663,
      42.06
    ],
    [
      1781141565,
      42.12
    ],
    [
      1781142466,
      42.24
    ],
    [
      1781143368,
      42.26
    ],
    [
      1781144269,
      42.19
    ]
  ],
  "polkadot": [
    [
      1781137959,
      0.922287
    ],
    [
      1781138861,
      0.922417
    ],
    [
      1781139762,
      0.923887
    ],
    [
      1781140663,
      0.928895
    ],
    [
      1781141565,
      0.929549
    ],
    [
      1781142466,
      0.933904
    ],
    [
      1781143368,
      0.933763
    ],
    [
      1781144269,
      0.930075
    ]
  ],
  "hyperliquid": [
    [
      1781137959,
      53.53
    ],
    [
      1781138861,
      53.07
    ],
    [
      1781139762,
      53.19
    ],
    [
      1781140663,
      53.88
    ],
    [
      1781141565,
      54.3
    ],
    [
      1781142466,
      54.24
    ],
    [
      1781143368,
      54.41
    ],
    [
      1781144269,
      54.12
    ]
  ],
  "monero": [
    [
      1781137959,
      337.44
    ],
    [
      1781138861,
      336.39
    ],
    [
      1781139762,
      338.68
    ],
    [
      1781140663,
      339.65
    ],
    [
      1781141565,
      341.17
    ],
    [
      1781142466,
      337.21
    ],
    [
      1781143368,
      338.39
    ],
    [
      1781144269,
      340.04
    ]
  ],
  "_alerts_sent": {}
}