{
  "bitcoin": [
    [
      1781455262,
      64121
    ],
    [
      1781456163,
      63926
    ],
    [
      1781457064,
      63902
    ],
    [
      1781457965,
      63897
    ],
    [
      1781458867,
      63749
    ],
    [
      1781459768,
      63730
    ],
    [
      1781460669,
      63696
    ],
    [
      1781461571,
      63686
    ]
  ],
  "ethereum": [
    [
      1781455262,
      1666.17
    ],
    [
      1781456163,
      1660.58
    ],
    [
      1781457064,
      1662.29
    ],
    [
      1781457965,
      1664.24
    ],
    [
      1781458867,
      1661.33
    ],
    [
      1781459768,
      1661.48
    ],
    [
      1781460669,
      1660.83
    ],
    [
      1781461571,
      1659.17
    ]
  ],
  "avalanche-2": [
    [
      1781455262,
      6.54
    ],
    [
      1781456163,
      6.53
    ],
    [
      1781457064,
      6.52
    ],
    [
      1781457965,
      6.51
    ],
    [
      1781458867,
      6.5
    ],
    [
      1781459768,
      6.48
    ],
    [
      1781460669,
      6.46
    ],
    [
      1781461571,
      6.42
    ]
  ],
  "ondo-finance": [
    [
      1781455262,
      0.348272
    ],
    [
      1781456163,
      0.348527
    ],
    [
      1781457064,
      0.348483
    ],
    [
      1781457965,
      0.348311
    ],
    [
      1781458867,
      0.347319
    ],
    [
      1781459768,
      0.345902
    ],
    [
      1781460669,
      0.34596
    ],
    [
      1781461571,
      0.345224
    ]
  ],
  "binancecoin": [
    [
      1781455262,
      607.5
    ],
    [
      1781456163,
      606.21
    ],
    [
      1781457064,
      606.3
    ],
    [
      1781457965,
      606.2
    ],
    [
      1781458867,
      604.64
    ],
    [
      1781459768,
      603.88
    ],
    [
      1781460669,
      604.29
    ],
    [
      1781461571,
      603.93
    ]
  ],
  "ripple": [
    [
      1781455262,
      1.14
    ],
    [
      1781456163,
      1.14
    ],
    [
      1781457064,
      1.14
    ],
    [
      1781457965,
      1.14
    ],
    [
      1781458867,
      1.14
    ],
    [
      1781459768,
      1.13
    ],
    [
      1781460669,
      1.13
    ],
    [
      1781461571,
      1.13
    ]
  ],
  "solana": [
    [
      1781455262,
      67.59
    ],
    [
      1781456163,
      67.52
    ],
    [
      1781457064,
      67.53
    ],
    [
      1781457965,
      67.6
    ],
    [
      1781458867,
      67.51
    ],
    [
      1781459768,
      67.38
    ],
    [
      1781460669,
      67.36
    ],
    [
      1781461571,
      67.25
    ]
  ],
  "dogecoin": [
    [
      1781455262,
      0.086527
    ],
    [
      1781456163,
      0.086417
    ],
    [
      1781457064,
      0.08649
    ],
    [
      1781457965,
      0.086439
    ],
    [
      1781458867,
      0.086338
    ],
    [
      1781459768,
      0.086267
    ],
    [
      1781460669,
      0.086288
    ],
    [
      1781461571,
      0.086232
    ]
  ],
  "cardano": [
    [
      1781455262,
      0.167353
    ],
    [
      1781456163,
      0.16707
    ],
    [
      1781457064,
      0.166913
    ],
    [
      1781457965,
      0.167204
    ],
    [
      1781458867,
      0.166767
    ],
    [
      1781459768,
      0.166451
    ],
    [
      1781460669,
      0.166473
    ],
    [
      1781461571,
      0.166294
    ]
  ],
  "tron": [
    [
      1781455262,
      0.318298
    ],
    [
      1781456163,
      0.318136
    ],
    [
      1781457064,
      0.318298
    ],
    [
      1781457965,
      0.318477
    ],
    [
      1781458867,
      0.318581
    ],
    [
      1781459768,
      0.318631
    ],
    [
      1781460669,
      0.318638
    ],
    [
      1781461571,
      0.318552
    ]
  ],
  "chainlink": [
    [
      1781455262,
      7.86
    ],
    [
      1781456163,
      7.84
    ],
    [
      1781457064,
      7.84
    ],
    [
      1781457965,
      7.84
    ],
    [
      1781458867,
      7.83
    ],
    [
      1781459768,
      7.81
    ],
    [
      1781460669,
      7.82
    ],
    [
      1781461571,
      7.8
    ]
  ],
  "the-open-network": [
    [
      1781455262,
      1.72
    ],
    [
      1781456163,
      1.72
    ],
    [
      1781457064,
      1.72
    ],
    [
      1781457965,
      1.72
    ],
    [
      1781458867,
      1.72
    ],
    [
      1781459768,
      1.7
    ],
    [
      1781460669,
      1.69
    ],
    [
      1781461571,
      1.69
    ]
  ],
  "stellar": [
    [
      1781455262,
      0.183118
    ],
    [
      1781456163,
      0.182803
    ],
    [
      1781457064,
      0.182753
    ],
    [
      1781457965,
      0.182656
    ],
    [
      1781458867,
      0.182228
    ],
    [
      1781459768,
      0.181776
    ],
    [
      1781460669,
      0.182137
    ],
    [
      1781461571,
      0.181657
    ]
  ],
  "hedera-hashgraph": [
    [
      1781455262,
      0.077562
    ],
    [
      1781456163,
      0.077503
    ],
    [
      1781457064,
      0.077407
    ],
    [
      1781457965,
      0.077396
    ],
    [
      1781458867,
      0.07713
    ],
    [
      1781459768,
      0.077041
    ],
    [
      1781460669,
      0.077018
    ],
    [
      1781461571,
      0.076941
    ]
  ],
  "sui": [
    [
      1781455262,
      0.750547
    ],
    [
      1781456163,
      0.749745
    ],
    [
      1781457064,
      0.750639
    ],
    [
      1781457965,
      0.751507
    ],
    [
      1781458867,
      0.750478
    ],
    [
      1781459768,
      0.74819
    ],
    [
      1781460669,
      0.748089
    ],
    [
      1781461571,
      0.747477
    ]
  ],
  "bitcoin-cash": [
    [
      1781455262,
      202.27
    ],
    [
      1781456163,
      202.01
    ],
    [
      1781457064,
      202.06
    ],
    [
      1781457965,
      201.88
    ],
    [
      1781458867,
      201.57
    ],
    [
      1781459768,
      201.25
    ],
    [
      1781460669,
      201.04
    ],
    [
      1781461571,
      198.49
    ]
  ],
  "litecoin": [
    [
      1781455262,
      44.13
    ],
    [
      1781456163,
      44.12
    ],
    [
      1781457064,
      44.11
    ],
    [
      1781457965,
      44.13
    ],
    [
      1781458867,
      43.96
    ],
    [
      1781459768,
      43.94
    ],
    [
      1781460669,
      43.94
    ],
    [
      1781461571,
      43.95
    ]
  ],
  "polkadot": [
    [
      1781455262,
      0.959575
    ],
    [
      1781456163,
      0.957493
    ],
    [
      1781457064,
      0.956347
    ],
    [
      1781457965,
      0.955685
    ],
    [
      1781458867,
      0.953847
    ],
    [
      1781459768,
      0.950899
    ],
    [
      1781460669,
      0.951191
    ],
    [
      1781461571,
      0.950011
    ]
  ],
  "hyperliquid": [
    [
      1781455262,
      60.09
    ],
    [
      1781456163,
      60.03
    ],
    [
      1781457064,
      60.02
    ],
    [
      1781457965,
      60.18
    ],
    [
      1781458867,
      60.13
    ],
    [
      1781459768,
      60.0
    ],
    [
      1781460669,
      59.89
    ],
    [
      1781461571,
      59.74
    ]
  ],
  "monero": [
    [
      1781455262,
      340.56
    ],
    [
      1781456163,
      342.34
    ],
    [
      1781457064,
      341.77
    ],
    [
      1781457965,
      339.8
    ],
    [
      1781458867,
      339.45
    ],
    [
      1781459768,
      339.54
    ],
    [
      1781460669,
      338.59
    ],
    [
      1781461571,
      339.32
    ]
  ],
  "_alerts_sent": {}
}