{
  "bitcoin": [
    [
      1782271303,
      62417
    ],
    [
      1782272205,
      62708
    ],
    [
      1782273106,
      62702
    ],
    [
      1782274008,
      62595
    ],
    [
      1782274909,
      62552
    ],
    [
      1782275811,
      62603
    ],
    [
      1782276712,
      62698
    ],
    [
      1782277614,
      62652
    ]
  ],
  "ethereum": [
    [
      1782271303,
      1657.5
    ],
    [
      1782272205,
      1664.93
    ],
    [
      1782273106,
      1666.32
    ],
    [
      1782274008,
      1663.45
    ],
    [
      1782274909,
      1661.25
    ],
    [
      1782275811,
      1661.39
    ],
    [
      1782276712,
      1667.68
    ],
    [
      1782277614,
      1666.75
    ]
  ],
  "avalanche-2": [
    [
      1782271303,
      6.41
    ],
    [
      1782272205,
      6.43
    ],
    [
      1782273106,
      6.43
    ],
    [
      1782274008,
      6.41
    ],
    [
      1782274909,
      6.39
    ],
    [
      1782275811,
      6.38
    ],
    [
      1782276712,
      6.42
    ],
    [
      1782277614,
      6.43
    ]
  ],
  "ondo-finance": [
    [
      1782271303,
      0.308544
    ],
    [
      1782272205,
      0.308907
    ],
    [
      1782273106,
      0.309277
    ],
    [
      1782274008,
      0.308692
    ],
    [
      1782274909,
      0.308029
    ],
    [
      1782275811,
      0.307346
    ],
    [
      1782276712,
      0.308671
    ],
    [
      1782277614,
      0.308542
    ]
  ],
  "binancecoin": [
    [
      1782271303,
      574.89
    ],
    [
      1782272205,
      577.08
    ],
    [
      1782273106,
      577.54
    ],
    [
      1782274008,
      576.6
    ],
    [
      1782274909,
      575.5
    ],
    [
      1782275811,
      575.62
    ],
    [
      1782276712,
      577.83
    ],
    [
      1782277614,
      576.73
    ]
  ],
  "ripple": [
    [
      1782271303,
      1.099
    ],
    [
      1782272205,
      1.1
    ],
    [
      1782273106,
      1.1
    ],
    [
      1782274008,
      1.1
    ],
    [
      1782274909,
      1.1
    ],
    [
      1782275811,
      1.098
    ],
    [
      1782276712,
      1.1
    ],
    [
      1782277614,
      1.1
    ]
  ],
  "solana": [
    [
      1782271303,
      69.12
    ],
    [
      1782272205,
      69.44
    ],
    [
      1782273106,
      69.61
    ],
    [
      1782274008,
      69.44
    ],
    [
      1782274909,
      69.39
    ],
    [
      1782275811,
      69.19
    ],
    [
      1782276712,
      69.47
    ],
    [
      1782277614,
      69.51
    ]
  ],
  "dogecoin": [
    [
      1782271303,
      0.078797
    ],
    [
      1782272205,
      0.079089
    ],
    [
      1782273106,
      0.079177
    ],
    [
      1782274008,
      0.078985
    ],
    [
      1782274909,
      0.078939
    ],
    [
      1782275811,
      0.078687
    ],
    [
      1782276712,
      0.078959
    ],
    [
      1782277614,
      0.079094
    ]
  ],
  "cardano": [
    [
      1782271303,
      0.151679
    ],
    [
      1782272205,
      0.152164
    ],
    [
      1782273106,
      0.152158
    ],
    [
      1782274008,
      0.151894
    ],
    [
      1782274909,
      0.151575
    ],
    [
      1782275811,
      0.1511
    ],
    [
      1782276712,
      0.151973
    ],
    [
      1782277614,
      0.152296
    ]
  ],
  "tron": [
    [
      1782271303,
      0.329114
    ],
    [
      1782272205,
      0.329
    ],
    [
      1782273106,
      0.32899
    ],
    [
      1782274008,
      0.32898
    ],
    [
      1782274909,
      0.328853
    ],
    [
      1782275811,
      0.32895
    ],
    [
      1782276712,
      0.329001
    ],
    [
      1782277614,
      0.329117
    ]
  ],
  "chainlink": [
    [
      1782271303,
      7.56
    ],
    [
      1782272205,
      7.58
    ],
    [
      1782273106,
      7.59
    ],
    [
      1782274008,
      7.57
    ],
    [
      1782274909,
      7.57
    ],
    [
      1782275811,
      7.55
    ],
    [
      1782276712,
      7.58
    ],
    [
      1782277614,
      7.59
    ]
  ],
  "the-open-network": [
    [
      1782271303,
      1.56
    ],
    [
      1782272205,
      1.56
    ],
    [
      1782273106,
      1.55
    ],
    [
      1782274008,
      1.55
    ],
    [
      1782274909,
      1.54
    ],
    [
      1782275811,
      1.55
    ],
    [
      1782276712,
      1.55
    ],
    [
      1782277614,
      1.56
    ]
  ],
  "stellar": [
    [
      1782271303,
      0.191879
    ],
    [
      1782272205,
      0.191917
    ],
    [
      1782273106,
      0.192026
    ],
    [
      1782274008,
      0.191631
    ],
    [
      1782274909,
      0.19077
    ],
    [
      1782275811,
      0.190508
    ],
    [
      1782276712,
      0.191599
    ],
    [
      1782277614,
      0.191663
    ]
  ],
  "hedera-hashgraph": [
    [
      1782271303,
      0.077247
    ],
    [
      1782272205,
      0.077271
    ],
    [
      1782273106,
      0.077311
    ],
    [
      1782274008,
      0.077126
    ],
    [
      1782274909,
      0.077082
    ],
    [
      1782275811,
      0.076906
    ],
    [
      1782276712,
      0.07715
    ],
    [
      1782277614,
      0.07726
    ]
  ],
  "sui": [
    [
      1782271303,
      0.696104
    ],
    [
      1782272205,
      0.69768
    ],
    [
      1782273106,
      0.698813
    ],
    [
      1782274008,
      0.697289
    ],
    [
      1782274909,
      0.696084
    ],
    [
      1782275811,
      0.695374
    ],
    [
      1782276712,
      0.699198
    ],
    [
      1782277614,
      0.699538
    ]
  ],
  "bitcoin-cash": [
    [
      1782271303,
      194.38
    ],
    [
      1782272205,
      194.66
    ],
    [
      1782273106,
      194.74
    ],
    [
      1782274008,
      193.92
    ],
    [
      1782274909,
      193.59
    ],
    [
      1782275811,
      193.71
    ],
    [
      1782276712,
      194.6
    ],
    [
      1782277614,
      194.77
    ]
  ],
  "litecoin": [
    [
      1782271303,
      41.82
    ],
    [
      1782272205,
      41.82
    ],
    [
      1782273106,
      41.83
    ],
    [
      1782274008,
      41.69
    ],
    [
      1782274909,
      41.63
    ],
    [
      1782275811,
      41.59
    ],
    [
      1782276712,
      41.72
    ],
    [
      1782277614,
      41.75
    ]
  ],
  "polkadot": [
    [
      1782271303,
      0.904118
    ],
    [
      1782272205,
      0.905034
    ],
    [
      1782273106,
      0.905956
    ],
    [
      1782274008,
      0.904335
    ],
    [
      1782274909,
      0.900894
    ],
    [
      1782275811,
      0.898954
    ],
    [
      1782276712,
      0.902986
    ],
    [
      1782277614,
      0.904942
    ]
  ],
  "hyperliquid": [
    [
      1782271303,
      60.72
    ],
    [
      1782272205,
      60.93
    ],
    [
      1782273106,
      61.3
    ],
    [
      1782274008,
      61.13
    ],
    [
      1782274909,
      60.77
    ],
    [
      1782275811,
      61.04
    ],
    [
      1782276712,
      61.43
    ],
    [
      1782277614,
      61.48
    ]
  ],
  "monero": [
    [
      1782271303,
      317.61
    ],
    [
      1782272205,
      319.29
    ],
    [
      1782273106,
      318.54
    ],
    [
      1782274008,
      318.83
    ],
    [
      1782274909,
      319.69
    ],
    [
      1782275811,
      320.28
    ],
    [
      1782276712,
      320.89
    ],
    [
      1782277614,
      321.94
    ]
  ],
  "_alerts_sent": {}
}