{
  "bitcoin": [
    [
      1780211323,
      73888
    ],
    [
      1780212224,
      73829
    ],
    [
      1780213126,
      73779
    ],
    [
      1780214027,
      73760
    ],
    [
      1780214929,
      73817
    ],
    [
      1780215830,
      73846
    ],
    [
      1780216732,
      73795
    ],
    [
      1780217633,
      73764
    ]
  ],
  "ethereum": [
    [
      1780211323,
      2025.21
    ],
    [
      1780212224,
      2023.46
    ],
    [
      1780213126,
      2021.33
    ],
    [
      1780214027,
      2021.33
    ],
    [
      1780214929,
      2023.81
    ],
    [
      1780215830,
      2024.08
    ],
    [
      1780216732,
      2021.89
    ],
    [
      1780217633,
      2021.84
    ]
  ],
  "avalanche-2": [
    [
      1780211323,
      9.01
    ],
    [
      1780212224,
      9.0
    ],
    [
      1780213126,
      8.97
    ],
    [
      1780214027,
      8.98
    ],
    [
      1780214929,
      9.0
    ],
    [
      1780215830,
      8.99
    ],
    [
      1780216732,
      9.0
    ],
    [
      1780217633,
      8.98
    ]
  ],
  "ondo-finance": [
    [
      1780211323,
      0.366268
    ],
    [
      1780212224,
      0.364654
    ],
    [
      1780213126,
      0.361865
    ],
    [
      1780214027,
      0.360928
    ],
    [
      1780214929,
      0.362009
    ],
    [
      1780215830,
      0.363869
    ],
    [
      1780216732,
      0.36348
    ],
    [
      1780217633,
      0.360006
    ]
  ],
  "binancecoin": [
    [
      1780211323,
      732.83
    ],
    [
      1780212224,
      725.13
    ],
    [
      1780213126,
      719.97
    ],
    [
      1780214027,
      719.54
    ],
    [
      1780214929,
      720.53
    ],
    [
      1780215830,
      723.34
    ],
    [
      1780216732,
      721.96
    ],
    [
      1780217633,
      722.47
    ]
  ],
  "ripple": [
    [
      1780211323,
      1.34
    ],
    [
      1780212224,
      1.34
    ],
    [
      1780213126,
      1.33
    ],
    [
      1780214027,
      1.33
    ],
    [
      1780214929,
      1.33
    ],
    [
      1780215830,
      1.34
    ],
    [
      1780216732,
      1.34
    ],
    [
      1780217633,
      1.34
    ]
  ],
  "solana": [
    [
      1780211323,
      82.77
    ],
    [
      1780212224,
      82.66
    ],
    [
      1780213126,
      82.51
    ],
    [
      1780214027,
      82.52
    ],
    [
      1780214929,
      82.64
    ],
    [
      1780215830,
      82.66
    ],
    [
      1780216732,
      82.66
    ],
    [
      1780217633,
      82.55
    ]
  ],
  "dogecoin": [
    [
      1780211323,
      0.100582
    ],
    [
      1780212224,
      0.100458
    ],
    [
      1780213126,
      0.100272
    ],
    [
      1780214027,
      0.100422
    ],
    [
      1780214929,
      0.10054
    ],
    [
      1780215830,
      0.100494
    ],
    [
      1780216732,
      0.100476
    ],
    [
      1780217633,
      0.100369
    ]
  ],
  "cardano": [
    [
      1780211323,
      0.2372
    ],
    [
      1780212224,
      0.236959
    ],
    [
      1780213126,
      0.236262
    ],
    [
      1780214027,
      0.236189
    ],
    [
      1780214929,
      0.236841
    ],
    [
      1780215830,
      0.237065
    ],
    [
      1780216732,
      0.236735
    ],
    [
      1780217633,
      0.236525
    ]
  ],
  "tron": [
    [
      1780211323,
      0.346768
    ],
    [
      1780212224,
      0.346659
    ],
    [
      1780213126,
      0.346774
    ],
    [
      1780214027,
      0.34679
    ],
    [
      1780214929,
      0.346993
    ],
    [
      1780215830,
      0.347031
    ],
    [
      1780216732,
      0.347626
    ],
    [
      1780217633,
      0.347747
    ]
  ],
  "chainlink": [
    [
      1780211323,
      9.21
    ],
    [
      1780212224,
      9.19
    ],
    [
      1780213126,
      9.17
    ],
    [
      1780214027,
      9.19
    ],
    [
      1780214929,
      9.21
    ],
    [
      1780215830,
      9.22
    ],
    [
      1780216732,
      9.23
    ],
    [
      1780217633,
      9.22
    ]
  ],
  "the-open-network": [
    [
      1780211323,
      1.87
    ],
    [
      1780212224,
      1.85
    ],
    [
      1780213126,
      1.85
    ],
    [
      1780214027,
      1.85
    ],
    [
      1780214929,
      1.86
    ],
    [
      1780215830,
      1.87
    ],
    [
      1780216732,
      1.87
    ],
    [
      1780217633,
      1.85
    ]
  ],
  "stellar": [
    [
      1780211323,
      0.231392
    ],
    [
      1780212224,
      0.232083
    ],
    [
      1780213126,
      0.232622
    ],
    [
      1780214027,
      0.230455
    ],
    [
      1780214929,
      0.230841
    ],
    [
      1780215830,
      0.230429
    ],
    [
      1780216732,
      0.233894
    ],
    [
      1780217633,
      0.236427
    ]
  ],
  "hedera-hashgraph": [
    [
      1780211323,
      0.095549
    ],
    [
      1780212224,
      0.095434
    ],
    [
      1780213126,
      0.095681
    ],
    [
      1780214027,
      0.096435
    ],
    [
      1780214929,
      0.096536
    ],
    [
      1780215830,
      0.09651
    ],
    [
      1780216732,
      0.09732
    ],
    [
      1780217633,
      0.097319
    ]
  ],
  "sui": [
    [
      1780211323,
      0.906781
    ],
    [
      1780212224,
      0.903645
    ],
    [
      1780213126,
      0.901324
    ],
    [
      1780214027,
      0.901669
    ],
    [
      1780214929,
      0.903131
    ],
    [
      1780215830,
      0.903417
    ],
    [
      1780216732,
      0.902266
    ],
    [
      1780217633,
      0.900924
    ]
  ],
  "bitcoin-cash": [
    [
      1780211323,
      304.89
    ],
    [
      1780212224,
      305.37
    ],
    [
      1780213126,
      304.41
    ],
    [
      1780214027,
      304.99
    ],
    [
      1780214929,
      305.83
    ],
    [
      1780215830,
      306.28
    ],
    [
      1780216732,
      306.4
    ],
    [
      1780217633,
      305.41
    ]
  ],
  "litecoin": [
    [
      1780211323,
      52.37
    ],
    [
      1780212224,
      52.31
    ],
    [
      1780213126,
      52.23
    ],
    [
      1780214027,
      52.22
    ],
    [
      1780214929,
      52.3
    ],
    [
      1780215830,
      52.34
    ],
    [
      1780216732,
      52.32
    ],
    [
      1780217633,
      52.34
    ]
  ],
  "polkadot": [
    [
      1780211323,
      1.19
    ],
    [
      1780212224,
      1.19
    ],
    [
      1780213126,
      1.19
    ],
    [
      1780214027,
      1.19
    ],
    [
      1780214929,
      1.19
    ],
    [
      1780215830,
      1.19
    ],
    [
      1780216732,
      1.19
    ],
    [
      1780217633,
      1.19
    ]
  ],
  "hyperliquid": [
    [
      1780211323,
      69.06
    ],
    [
      1780212224,
      69.18
    ],
    [
      1780213126,
      69.06
    ],
    [
      1780214027,
      69.27
    ],
    [
      1780214929,
      69.42
    ],
    [
      1780215830,
      69.41
    ],
    [
      1780216732,
      69.25
    ],
    [
      1780217633,
      68.96
    ]
  ],
  "monero": [
    [
      1780211323,
      371.62
    ],
    [
      1780212224,
      369.0
    ],
    [
      1780213126,
      369.69
    ],
    [
      1780214027,
      371.67
    ],
    [
      1780214929,
      371.73
    ],
    [
      1780215830,
      369.81
    ],
    [
      1780216732,
      367.45
    ],
    [
      1780217633,
      366.53
    ]
  ],
  "_alerts_sent": {
    "stellar_2026-05-31 04": true
  }
}