{
  "bitcoin": [
    [
      1783266002,
      62766
    ],
    [
      1783266904,
      62696.8
    ],
    [
      1783267805,
      62662
    ],
    [
      1783268707,
      62636
    ],
    [
      1783269608,
      62575
    ],
    [
      1783270509,
      62570.5
    ],
    [
      1783271411,
      62659
    ],
    [
      1783272312,
      62729
    ]
  ],
  "ethereum": [
    [
      1783266002,
      1773.47
    ],
    [
      1783266904,
      1772.49
    ],
    [
      1783267805,
      1772.35
    ],
    [
      1783268707,
      1771.85
    ],
    [
      1783269608,
      1770.53
    ],
    [
      1783270509,
      1771.0
    ],
    [
      1783271411,
      1775.07
    ],
    [
      1783272312,
      1781.3
    ]
  ],
  "avalanche-2": [
    [
      1783266002,
      6.91
    ],
    [
      1783266904,
      6.917
    ],
    [
      1783267805,
      6.93
    ],
    [
      1783268707,
      6.92
    ],
    [
      1783269608,
      6.92
    ],
    [
      1783270509,
      6.923
    ],
    [
      1783271411,
      6.93
    ],
    [
      1783272312,
      6.95
    ]
  ],
  "ondo-finance": [
    [
      1783266002,
      0.330866
    ],
    [
      1783266904,
      0.33032
    ],
    [
      1783267805,
      0.329761
    ],
    [
      1783268707,
      0.327951
    ],
    [
      1783269608,
      0.327173
    ],
    [
      1783270509,
      0.327
    ],
    [
      1783271411,
      0.327431
    ],
    [
      1783272312,
      0.327963
    ]
  ],
  "binancecoin": [
    [
      1783266002,
      587.61
    ],
    [
      1783267805,
      587.3
    ],
    [
      1783268707,
      584.63
    ],
    [
      1783269608,
      585.25
    ],
    [
      1783271411,
      585.36
    ],
    [
      1783272312,
      586.09
    ]
  ],
  "ripple": [
    [
      1783266002,
      1.14
    ],
    [
      1783267805,
      1.14
    ],
    [
      1783268707,
      1.14
    ],
    [
      1783269608,
      1.13
    ],
    [
      1783271411,
      1.14
    ],
    [
      1783272312,
      1.14
    ]
  ],
  "solana": [
    [
      1783266002,
      81.34
    ],
    [
      1783267805,
      81.31
    ],
    [
      1783268707,
      81.09
    ],
    [
      1783269608,
      81.06
    ],
    [
      1783271411,
      81.08
    ],
    [
      1783272312,
      81.13
    ]
  ],
  "dogecoin": [
    [
      1783266002,
      0.076975
    ],
    [
      1783267805,
      0.077274
    ],
    [
      1783268707,
      0.077084
    ],
    [
      1783269608,
      0.076956
    ],
    [
      1783271411,
      0.077109
    ],
    [
      1783272312,
      0.077433
    ]
  ],
  "cardano": [
    [
      1783266002,
      0.188695
    ],
    [
      1783267805,
      0.189063
    ],
    [
      1783268707,
      0.189093
    ],
    [
      1783269608,
      0.189602
    ],
    [
      1783271411,
      0.189839
    ],
    [
      1783272312,
      0.190439
    ]
  ],
  "tron": [
    [
      1783266002,
      0.329064
    ],
    [
      1783267805,
      0.329394
    ],
    [
      1783268707,
      0.329175
    ],
    [
      1783269608,
      0.329048
    ],
    [
      1783271411,
      0.328011
    ],
    [
      1783272312,
      0.328001
    ]
  ],
  "chainlink": [
    [
      1783266002,
      7.96
    ],
    [
      1783267805,
      7.96
    ],
    [
      1783268707,
      7.95
    ],
    [
      1783269608,
      7.94
    ],
    [
      1783271411,
      7.97
    ],
    [
      1783272312,
      7.98
    ]
  ],
  "the-open-network": [
    [
      1783266002,
      1.78
    ],
    [
      1783267805,
      1.78
    ],
    [
      1783268707,
      1.78
    ],
    [
      1783269608,
      1.78
    ],
    [
      1783271411,
      1.77
    ],
    [
      1783272312,
      1.77
    ]
  ],
  "stellar": [
    [
      1783266002,
      0.200124
    ],
    [
      1783267805,
      0.19977
    ],
    [
      1783268707,
      0.199316
    ],
    [
      1783269608,
      0.199374
    ],
    [
      1783271411,
      0.199795
    ],
    [
      1783272312,
      0.19955
    ]
  ],
  "hedera-hashgraph": [
    [
      1783266002,
      0.075322
    ],
    [
      1783267805,
      0.075165
    ],
    [
      1783268707,
      0.074927
    ],
    [
      1783269608,
      0.074951
    ],
    [
      1783271411,
      0.075189
    ],
    [
      1783272312,
      0.075207
    ]
  ],
  "sui": [
    [
      1783266002,
      0.755141
    ],
    [
      1783267805,
      0.752724
    ],
    [
      1783268707,
      0.751839
    ],
    [
      1783269608,
      0.754178
    ],
    [
      1783271411,
      0.753786
    ],
    [
      1783272312,
      0.756684
    ]
  ],
  "bitcoin-cash": [
    [
      1783266002,
      237.8
    ],
    [
      1783267805,
      237.27
    ],
    [
      1783268707,
      237.44
    ],
    [
      1783269608,
      239.06
    ],
    [
      1783271411,
      239.81
    ],
    [
      1783272312,
      239.53
    ]
  ],
  "litecoin": [
    [
      1783266002,
      45.34
    ],
    [
      1783267805,
      45.46
    ],
    [
      1783268707,
      45.46
    ],
    [
      1783269608,
      45.11
    ],
    [
      1783271411,
      45.08
    ],
    [
      1783272312,
      45.33
    ]
  ],
  "polkadot": [
    [
      1783266002,
      0.876601
    ],
    [
      1783267805,
      0.877076
    ],
    [
      1783268707,
      0.875872
    ],
    [
      1783269608,
      0.875214
    ],
    [
      1783271411,
      0.877689
    ],
    [
      1783272312,
      0.879488
    ]
  ],
  "hyperliquid": [
    [
      1783266002,
      69.52
    ],
    [
      1783267805,
      69.39
    ],
    [
      1783268707,
      69.32
    ],
    [
      1783269608,
      69.32
    ],
    [
      1783271411,
      69.3
    ],
    [
      1783272312,
      69.31
    ]
  ],
  "monero": [
    [
      1783266002,
      327.1
    ],
    [
      1783267805,
      328.69
    ],
    [
      1783268707,
      330.79
    ],
    [
      1783269608,
      330.19
    ],
    [
      1783271411,
      331.56
    ],
    [
      1783272312,
      332.1
    ]
  ],
  "_alerts_sent": {}
}