{
  "bitcoin": [
    [
      1783108095,
      62153
    ],
    [
      1783108996,
      62144
    ],
    [
      1783109898,
      62368
    ],
    [
      1783110799,
      62584
    ],
    [
      1783111700,
      62726.3
    ],
    [
      1783112602,
      62739
    ],
    [
      1783113503,
      62635
    ],
    [
      1783114404,
      62517
    ]
  ],
  "ethereum": [
    [
      1783108095,
      1744.99
    ],
    [
      1783108996,
      1743.13
    ],
    [
      1783109898,
      1745.81
    ],
    [
      1783110799,
      1752.01
    ],
    [
      1783111700,
      1768.73
    ],
    [
      1783112602,
      1765.88
    ],
    [
      1783113503,
      1764.24
    ],
    [
      1783114404,
      1760.43
    ]
  ],
  "avalanche-2": [
    [
      1783108095,
      6.9
    ],
    [
      1783108996,
      6.91
    ],
    [
      1783109898,
      6.93
    ],
    [
      1783110799,
      6.95
    ],
    [
      1783111700,
      6.979
    ],
    [
      1783112602,
      6.98
    ],
    [
      1783113503,
      6.99
    ],
    [
      1783114404,
      6.97
    ]
  ],
  "ondo-finance": [
    [
      1783108095,
      0.335713
    ],
    [
      1783108996,
      0.335049
    ],
    [
      1783109898,
      0.335756
    ],
    [
      1783110799,
      0.336976
    ],
    [
      1783111700,
      0.33804
    ],
    [
      1783112602,
      0.337169
    ],
    [
      1783113503,
      0.336221
    ],
    [
      1783114404,
      0.334875
    ]
  ],
  "binancecoin": [
    [
      1783108095,
      569.89
    ],
    [
      1783108996,
      569.31
    ],
    [
      1783109898,
      570.11
    ],
    [
      1783110799,
      571.59
    ],
    [
      1783112602,
      573.66
    ],
    [
      1783113503,
      573.03
    ],
    [
      1783114404,
      571.75
    ]
  ],
  "ripple": [
    [
      1783108095,
      1.13
    ],
    [
      1783108996,
      1.13
    ],
    [
      1783109898,
      1.13
    ],
    [
      1783110799,
      1.14
    ],
    [
      1783112602,
      1.14
    ],
    [
      1783113503,
      1.13
    ],
    [
      1783114404,
      1.13
    ]
  ],
  "solana": [
    [
      1783108095,
      82.68
    ],
    [
      1783108996,
      82.39
    ],
    [
      1783109898,
      82.34
    ],
    [
      1783110799,
      82.46
    ],
    [
      1783112602,
      82.66
    ],
    [
      1783113503,
      82.63
    ],
    [
      1783114404,
      82.31
    ]
  ],
  "dogecoin": [
    [
      1783108095,
      0.077277
    ],
    [
      1783108996,
      0.077149
    ],
    [
      1783109898,
      0.077388
    ],
    [
      1783110799,
      0.077726
    ],
    [
      1783112602,
      0.077932
    ],
    [
      1783113503,
      0.077901
    ],
    [
      1783114404,
      0.077672
    ]
  ],
  "cardano": [
    [
      1783108095,
      0.180416
    ],
    [
      1783108996,
      0.181071
    ],
    [
      1783109898,
      0.181833
    ],
    [
      1783110799,
      0.18113
    ],
    [
      1783112602,
      0.182165
    ],
    [
      1783113503,
      0.180341
    ],
    [
      1783114404,
      0.17935
    ]
  ],
  "tron": [
    [
      1783108095,
      0.320778
    ],
    [
      1783108996,
      0.320905
    ],
    [
      1783109898,
      0.32105
    ],
    [
      1783110799,
      0.321315
    ],
    [
      1783112602,
      0.321806
    ],
    [
      1783113503,
      0.322081
    ],
    [
      1783114404,
      0.322537
    ]
  ],
  "chainlink": [
    [
      1783108095,
      7.94
    ],
    [
      1783108996,
      7.94
    ],
    [
      1783109898,
      7.96
    ],
    [
      1783110799,
      7.98
    ],
    [
      1783112602,
      8.0
    ],
    [
      1783113503,
      8.0
    ],
    [
      1783114404,
      7.98
    ]
  ],
  "the-open-network": [
    [
      1783108095,
      1.7
    ],
    [
      1783108996,
      1.7
    ],
    [
      1783109898,
      1.71
    ],
    [
      1783110799,
      1.72
    ],
    [
      1783112602,
      1.71
    ],
    [
      1783113503,
      1.71
    ],
    [
      1783114404,
      1.7
    ]
  ],
  "stellar": [
    [
      1783108095,
      0.203611
    ],
    [
      1783108996,
      0.203611
    ],
    [
      1783109898,
      0.205222
    ],
    [
      1783110799,
      0.205117
    ],
    [
      1783112602,
      0.205569
    ],
    [
      1783113503,
      0.205294
    ],
    [
      1783114404,
      0.204615
    ]
  ],
  "hedera-hashgraph": [
    [
      1783108095,
      0.072869
    ],
    [
      1783108996,
      0.072733
    ],
    [
      1783109898,
      0.073448
    ],
    [
      1783110799,
      0.074195
    ],
    [
      1783112602,
      0.073898
    ],
    [
      1783113503,
      0.073644
    ],
    [
      1783114404,
      0.073273
    ]
  ],
  "sui": [
    [
      1783108095,
      0.768389
    ],
    [
      1783108996,
      0.768562
    ],
    [
      1783109898,
      0.770928
    ],
    [
      1783110799,
      0.774503
    ],
    [
      1783112602,
      0.773621
    ],
    [
      1783113503,
      0.773915
    ],
    [
      1783114404,
      0.771179
    ]
  ],
  "bitcoin-cash": [
    [
      1783108095,
      227.93
    ],
    [
      1783108996,
      227.44
    ],
    [
      1783109898,
      228.14
    ],
    [
      1783110799,
      228.94
    ],
    [
      1783112602,
      228.9
    ],
    [
      1783113503,
      228.71
    ],
    [
      1783114404,
      228.3
    ]
  ],
  "litecoin": [
    [
      1783108095,
      44.25
    ],
    [
      1783108996,
      44.25
    ],
    [
      1783109898,
      44.4
    ],
    [
      1783110799,
      44.77
    ],
    [
      1783112602,
      45.17
    ],
    [
      1783113503,
      45.17
    ],
    [
      1783114404,
      44.98
    ]
  ],
  "polkadot": [
    [
      1783108095,
      0.884331
    ],
    [
      1783108996,
      0.88266
    ],
    [
      1783109898,
      0.884002
    ],
    [
      1783110799,
      0.886121
    ],
    [
      1783112602,
      0.885581
    ],
    [
      1783113503,
      0.885442
    ],
    [
      1783114404,
      0.883746
    ]
  ],
  "hyperliquid": [
    [
      1783108095,
      70.23
    ],
    [
      1783108996,
      70.25
    ],
    [
      1783109898,
      70.23
    ],
    [
      1783110799,
      70.65
    ],
    [
      1783112602,
      70.65
    ],
    [
      1783113503,
      70.47
    ],
    [
      1783114404,
      70.53
    ]
  ],
  "monero": [
    [
      1783108095,
      325.33
    ],
    [
      1783108996,
      325.01
    ],
    [
      1783109898,
      325.43
    ],
    [
      1783110799,
      324.64
    ],
    [
      1783112602,
      325.51
    ],
    [
      1783113503,
      324.53
    ],
    [
      1783114404,
      324.62
    ]
  ],
  "_alerts_sent": {}
}