{
  "bitcoin": [
    [
      1782204680,
      62267
    ],
    [
      1782205581,
      62352
    ],
    [
      1782206482,
      62393
    ],
    [
      1782207384,
      62413
    ],
    [
      1782208285,
      62312
    ],
    [
      1782209186,
      62469
    ],
    [
      1782210088,
      62361
    ],
    [
      1782210989,
      62243
    ]
  ],
  "ethereum": [
    [
      1782204680,
      1645.17
    ],
    [
      1782205581,
      1648.8
    ],
    [
      1782206482,
      1649.38
    ],
    [
      1782207384,
      1650.6
    ],
    [
      1782208285,
      1649.4
    ],
    [
      1782209186,
      1655.76
    ],
    [
      1782210088,
      1653.09
    ],
    [
      1782210989,
      1650.08
    ]
  ],
  "avalanche-2": [
    [
      1782204680,
      6.1
    ],
    [
      1782205581,
      6.13
    ],
    [
      1782206482,
      6.16
    ],
    [
      1782207384,
      6.2
    ],
    [
      1782208285,
      6.17
    ],
    [
      1782209186,
      6.22
    ],
    [
      1782210088,
      6.2
    ],
    [
      1782210989,
      6.18
    ]
  ],
  "ondo-finance": [
    [
      1782204680,
      0.313739
    ],
    [
      1782205581,
      0.314512
    ],
    [
      1782206482,
      0.313269
    ],
    [
      1782207384,
      0.3127
    ],
    [
      1782208285,
      0.313054
    ],
    [
      1782209186,
      0.313657
    ],
    [
      1782210088,
      0.313305
    ],
    [
      1782210989,
      0.313013
    ]
  ],
  "binancecoin": [
    [
      1782204680,
      573.33
    ],
    [
      1782205581,
      573.73
    ],
    [
      1782206482,
      572.54
    ],
    [
      1782207384,
      572.34
    ],
    [
      1782208285,
      571.55
    ],
    [
      1782209186,
      572.46
    ],
    [
      1782210088,
      571.94
    ],
    [
      1782210989,
      571.14
    ]
  ],
  "ripple": [
    [
      1782204680,
      1.099
    ],
    [
      1782205581,
      1.1
    ],
    [
      1782206482,
      1.1
    ],
    [
      1782207384,
      1.1
    ],
    [
      1782208285,
      1.1
    ],
    [
      1782209186,
      1.1
    ],
    [
      1782210088,
      1.1
    ],
    [
      1782210989,
      1.1
    ]
  ],
  "solana": [
    [
      1782204680,
      68.6
    ],
    [
      1782205581,
      68.78
    ],
    [
      1782206482,
      68.79
    ],
    [
      1782207384,
      68.85
    ],
    [
      1782208285,
      68.82
    ],
    [
      1782209186,
      68.99
    ],
    [
      1782210088,
      68.9
    ],
    [
      1782210989,
      68.81
    ]
  ],
  "dogecoin": [
    [
      1782204680,
      0.079053
    ],
    [
      1782205581,
      0.079125
    ],
    [
      1782206482,
      0.079099
    ],
    [
      1782207384,
      0.079096
    ],
    [
      1782208285,
      0.078932
    ],
    [
      1782209186,
      0.079092
    ],
    [
      1782210088,
      0.079106
    ],
    [
      1782210989,
      0.079023
    ]
  ],
  "cardano": [
    [
      1782204680,
      0.152291
    ],
    [
      1782205581,
      0.152593
    ],
    [
      1782206482,
      0.152702
    ],
    [
      1782207384,
      0.152816
    ],
    [
      1782208285,
      0.15218
    ],
    [
      1782209186,
      0.152855
    ],
    [
      1782210088,
      0.152716
    ],
    [
      1782210989,
      0.152469
    ]
  ],
  "tron": [
    [
      1782204680,
      0.330464
    ],
    [
      1782205581,
      0.329893
    ],
    [
      1782206482,
      0.330001
    ],
    [
      1782207384,
      0.329986
    ],
    [
      1782208285,
      0.329344
    ],
    [
      1782209186,
      0.329469
    ],
    [
      1782210088,
      0.329357
    ],
    [
      1782210989,
      0.329291
    ]
  ],
  "chainlink": [
    [
      1782204680,
      7.54
    ],
    [
      1782205581,
      7.53
    ],
    [
      1782206482,
      7.53
    ],
    [
      1782207384,
      7.54
    ],
    [
      1782208285,
      7.53
    ],
    [
      1782209186,
      7.55
    ],
    [
      1782210088,
      7.54
    ],
    [
      1782210989,
      7.53
    ]
  ],
  "the-open-network": [
    [
      1782204680,
      1.57
    ],
    [
      1782205581,
      1.59
    ],
    [
      1782206482,
      1.59
    ],
    [
      1782207384,
      1.61
    ],
    [
      1782208285,
      1.59
    ],
    [
      1782209186,
      1.59
    ],
    [
      1782210088,
      1.55
    ],
    [
      1782210989,
      1.54
    ]
  ],
  "stellar": [
    [
      1782204680,
      0.192759
    ],
    [
      1782205581,
      0.192452
    ],
    [
      1782206482,
      0.192175
    ],
    [
      1782207384,
      0.192173
    ],
    [
      1782208285,
      0.192141
    ],
    [
      1782209186,
      0.192976
    ],
    [
      1782210088,
      0.192132
    ],
    [
      1782210989,
      0.191714
    ]
  ],
  "hedera-hashgraph": [
    [
      1782204680,
      0.077099
    ],
    [
      1782205581,
      0.077257
    ],
    [
      1782206482,
      0.077296
    ],
    [
      1782207384,
      0.077249
    ],
    [
      1782208285,
      0.077259
    ],
    [
      1782209186,
      0.077288
    ],
    [
      1782210088,
      0.077266
    ],
    [
      1782210989,
      0.077204
    ]
  ],
  "sui": [
    [
      1782204680,
      0.681565
    ],
    [
      1782205581,
      0.683175
    ],
    [
      1782206482,
      0.682948
    ],
    [
      1782207384,
      0.685278
    ],
    [
      1782208285,
      0.685078
    ],
    [
      1782209186,
      0.687381
    ],
    [
      1782210088,
      0.691167
    ],
    [
      1782210989,
      0.691971
    ]
  ],
  "bitcoin-cash": [
    [
      1782204680,
      188.64
    ],
    [
      1782205581,
      188.91
    ],
    [
      1782206482,
      189.07
    ],
    [
      1782207384,
      189.55
    ],
    [
      1782208285,
      189.2
    ],
    [
      1782209186,
      190.26
    ],
    [
      1782210088,
      190.15
    ],
    [
      1782210989,
      189.9
    ]
  ],
  "litecoin": [
    [
      1782204680,
      43.3
    ],
    [
      1782205581,
      43.3
    ],
    [
      1782206482,
      43.33
    ],
    [
      1782207384,
      43.45
    ],
    [
      1782208285,
      43.35
    ],
    [
      1782209186,
      43.4
    ],
    [
      1782210088,
      43.42
    ],
    [
      1782210989,
      43.36
    ]
  ],
  "polkadot": [
    [
      1782204680,
      0.889918
    ],
    [
      1782205581,
      0.891816
    ],
    [
      1782206482,
      0.89207
    ],
    [
      1782207384,
      0.894633
    ],
    [
      1782208285,
      0.893568
    ],
    [
      1782209186,
      0.896001
    ],
    [
      1782210088,
      0.896461
    ],
    [
      1782210989,
      0.894205
    ]
  ],
  "hyperliquid": [
    [
      1782204680,
      63.01
    ],
    [
      1782205581,
      62.92
    ],
    [
      1782206482,
      63.0
    ],
    [
      1782207384,
      62.73
    ],
    [
      1782208285,
      62.94
    ],
    [
      1782209186,
      63.11
    ],
    [
      1782210088,
      62.6
    ],
    [
      1782210989,
      62.58
    ]
  ],
  "monero": [
    [
      1782204680,
      314.19
    ],
    [
      1782205581,
      316.03
    ],
    [
      1782206482,
      317.19
    ],
    [
      1782207384,
      316.5
    ],
    [
      1782208285,
      310.97
    ],
    [
      1782209186,
      314.2
    ],
    [
      1782210088,
      313.35
    ],
    [
      1782210989,
      314.89
    ]
  ],
  "_alerts_sent": {}
}