{
  "bitcoin": [
    [
      1783224542,
      62703
    ],
    [
      1783225443,
      62784
    ],
    [
      1783226344,
      62854
    ],
    [
      1783227245,
      62766.5
    ],
    [
      1783228147,
      62690
    ],
    [
      1783229048,
      62699
    ],
    [
      1783229949,
      62710
    ],
    [
      1783230851,
      62700.6
    ]
  ],
  "ethereum": [
    [
      1783224542,
      1760.8
    ],
    [
      1783225443,
      1766.08
    ],
    [
      1783226344,
      1768.24
    ],
    [
      1783227245,
      1766.56
    ],
    [
      1783228147,
      1764.11
    ],
    [
      1783229048,
      1763.23
    ],
    [
      1783229949,
      1763.28
    ],
    [
      1783230851,
      1763.88
    ]
  ],
  "avalanche-2": [
    [
      1783224542,
      6.78
    ],
    [
      1783225443,
      6.79
    ],
    [
      1783226344,
      6.8
    ],
    [
      1783227245,
      6.797
    ],
    [
      1783228147,
      6.78
    ],
    [
      1783229048,
      6.8
    ],
    [
      1783229949,
      6.79
    ],
    [
      1783230851,
      6.77
    ]
  ],
  "ondo-finance": [
    [
      1783224542,
      0.327102
    ],
    [
      1783225443,
      0.328296
    ],
    [
      1783226344,
      0.328839
    ],
    [
      1783227245,
      0.32796
    ],
    [
      1783228147,
      0.327895
    ],
    [
      1783229048,
      0.328376
    ],
    [
      1783229949,
      0.328785
    ],
    [
      1783230851,
      0.32812
    ]
  ],
  "binancecoin": [
    [
      1783224542,
      570.11
    ],
    [
      1783225443,
      570.72
    ],
    [
      1783226344,
      571.24
    ],
    [
      1783228147,
      570.96
    ],
    [
      1783229048,
      571.07
    ],
    [
      1783229949,
      570.75
    ]
  ],
  "ripple": [
    [
      1783224542,
      1.14
    ],
    [
      1783225443,
      1.14
    ],
    [
      1783226344,
      1.14
    ],
    [
      1783228147,
      1.14
    ],
    [
      1783229048,
      1.14
    ],
    [
      1783229949,
      1.14
    ]
  ],
  "solana": [
    [
      1783224542,
      80.42
    ],
    [
      1783225443,
      80.54
    ],
    [
      1783226344,
      80.67
    ],
    [
      1783228147,
      80.43
    ],
    [
      1783229048,
      80.43
    ],
    [
      1783229949,
      80.46
    ]
  ],
  "dogecoin": [
    [
      1783224542,
      0.075866
    ],
    [
      1783225443,
      0.075979
    ],
    [
      1783226344,
      0.076182
    ],
    [
      1783228147,
      0.075922
    ],
    [
      1783229048,
      0.075895
    ],
    [
      1783229949,
      0.075886
    ]
  ],
  "cardano": [
    [
      1783224542,
      0.190443
    ],
    [
      1783225443,
      0.190234
    ],
    [
      1783226344,
      0.191859
    ],
    [
      1783228147,
      0.189923
    ],
    [
      1783229048,
      0.189964
    ],
    [
      1783229949,
      0.189205
    ]
  ],
  "tron": [
    [
      1783224542,
      0.32417
    ],
    [
      1783225443,
      0.324286
    ],
    [
      1783226344,
      0.324455
    ],
    [
      1783228147,
      0.324514
    ],
    [
      1783229048,
      0.324565
    ],
    [
      1783229949,
      0.324773
    ]
  ],
  "chainlink": [
    [
      1783224542,
      7.88
    ],
    [
      1783225443,
      7.9
    ],
    [
      1783226344,
      7.91
    ],
    [
      1783228147,
      7.89
    ],
    [
      1783229048,
      7.89
    ],
    [
      1783229949,
      7.88
    ]
  ],
  "the-open-network": [
    [
      1783224542,
      1.75
    ],
    [
      1783225443,
      1.76
    ],
    [
      1783226344,
      1.78
    ],
    [
      1783228147,
      1.77
    ],
    [
      1783229048,
      1.76
    ],
    [
      1783229949,
      1.78
    ]
  ],
  "stellar": [
    [
      1783224542,
      0.201082
    ],
    [
      1783225443,
      0.201465
    ],
    [
      1783226344,
      0.202055
    ],
    [
      1783228147,
      0.201477
    ],
    [
      1783229048,
      0.201512
    ],
    [
      1783229949,
      0.201749
    ]
  ],
  "hedera-hashgraph": [
    [
      1783224542,
      0.075285
    ],
    [
      1783225443,
      0.075309
    ],
    [
      1783226344,
      0.075371
    ],
    [
      1783228147,
      0.075049
    ],
    [
      1783229048,
      0.075041
    ],
    [
      1783229949,
      0.07506
    ]
  ],
  "sui": [
    [
      1783224542,
      0.741317
    ],
    [
      1783225443,
      0.743077
    ],
    [
      1783226344,
      0.744304
    ],
    [
      1783228147,
      0.742345
    ],
    [
      1783229048,
      0.742861
    ],
    [
      1783229949,
      0.743721
    ]
  ],
  "bitcoin-cash": [
    [
      1783224542,
      236.68
    ],
    [
      1783225443,
      238.42
    ],
    [
      1783226344,
      239.04
    ],
    [
      1783228147,
      238.94
    ],
    [
      1783229048,
      239.58
    ],
    [
      1783229949,
      239.32
    ]
  ],
  "litecoin": [
    [
      1783224542,
      44.24
    ],
    [
      1783225443,
      44.3
    ],
    [
      1783226344,
      44.34
    ],
    [
      1783228147,
      44.2
    ],
    [
      1783229048,
      44.2
    ],
    [
      1783229949,
      44.19
    ]
  ],
  "polkadot": [
    [
      1783224542,
      0.868633
    ],
    [
      1783225443,
      0.870427
    ],
    [
      1783226344,
      0.872027
    ],
    [
      1783228147,
      0.869959
    ],
    [
      1783229048,
      0.870177
    ],
    [
      1783229949,
      0.867365
    ]
  ],
  "hyperliquid": [
    [
      1783224542,
      68.72
    ],
    [
      1783225443,
      69.06
    ],
    [
      1783226344,
      68.96
    ],
    [
      1783228147,
      68.6
    ],
    [
      1783229048,
      68.4
    ],
    [
      1783229949,
      68.31
    ]
  ],
  "monero": [
    [
      1783224542,
      328.18
    ],
    [
      1783225443,
      329.16
    ],
    [
      1783226344,
      329.79
    ],
    [
      1783228147,
      330.69
    ],
    [
      1783229048,
      330.85
    ],
    [
      1783229949,
      331.06
    ]
  ],
  "_alerts_sent": {}
}