{
  "bitcoin": [
    [
      1780019313,
      73468
    ],
    [
      1780020214,
      73499
    ],
    [
      1780021116,
      73514
    ],
    [
      1780022017,
      73323.5
    ],
    [
      1780022925,
      73284
    ],
    [
      1780023826,
      73164
    ],
    [
      1780024727,
      73319
    ],
    [
      1780025629,
      73314
    ]
  ],
  "ethereum": [
    [
      1780019313,
      2006.68
    ],
    [
      1780020214,
      2006.07
    ],
    [
      1780021116,
      2006.24
    ],
    [
      1780022017,
      2001.99
    ],
    [
      1780022925,
      1999.07
    ],
    [
      1780023826,
      1998.11
    ],
    [
      1780024727,
      2003.13
    ],
    [
      1780025629,
      2001.9
    ]
  ],
  "avalanche-2": [
    [
      1780019313,
      8.93
    ],
    [
      1780020214,
      8.93
    ],
    [
      1780021116,
      8.93
    ],
    [
      1780022017,
      8.9
    ],
    [
      1780022925,
      8.89
    ],
    [
      1780023826,
      8.87
    ],
    [
      1780024727,
      8.92
    ],
    [
      1780025629,
      8.89
    ]
  ],
  "ondo-finance": [
    [
      1780019313,
      0.369913
    ],
    [
      1780020214,
      0.371191
    ],
    [
      1780021116,
      0.371361
    ],
    [
      1780022017,
      0.36851
    ],
    [
      1780022925,
      0.368082
    ],
    [
      1780023826,
      0.368349
    ],
    [
      1780024727,
      0.368848
    ],
    [
      1780025629,
      0.367049
    ]
  ]
}