{
  "bitcoin": [
    [
      1784822316,
      64934
    ],
    [
      1784823217,
      64819
    ],
    [
      1784824119,
      64755
    ],
    [
      1784825020,
      64690
    ],
    [
      1784825921,
      64737
    ],
    [
      1784826823,
      64711
    ],
    [
      1784827724,
      64790
    ],
    [
      1784828625,
      64767
    ]
  ],
  "ethereum": [
    [
      1784822316,
      1894.14
    ],
    [
      1784823217,
      1887.51
    ],
    [
      1784824119,
      1887.0
    ],
    [
      1784825020,
      1886.57
    ],
    [
      1784825921,
      1888.19
    ],
    [
      1784826823,
      1886.08
    ],
    [
      1784827724,
      1889.62
    ],
    [
      1784828625,
      1886.99
    ]
  ],
  "avalanche-2": [
    [
      1784822316,
      6.44
    ],
    [
      1784823217,
      6.42
    ],
    [
      1784824119,
      6.43
    ],
    [
      1784825020,
      6.43
    ],
    [
      1784825921,
      6.43
    ],
    [
      1784826823,
      6.43
    ],
    [
      1784827724,
      6.43
    ],
    [
      1784828625,
      6.42
    ]
  ],
  "ondo-finance": [
    [
      1784822316,
      0.400539
    ],
    [
      1784823217,
      0.401011
    ],
    [
      1784824119,
      0.402309
    ],
    [
      1784825020,
      0.403235
    ],
    [
      1784825921,
      0.404568
    ],
    [
      1784826823,
      0.401157
    ],
    [
      1784827724,
      0.401554
    ],
    [
      1784828625,
      0.400415
    ]
  ],
  "binancecoin": [
    [
      1784822316,
      567.33
    ],
    [
      1784823217,
      566.94
    ],
    [
      1784824119,
      566.15
    ],
    [
      1784825020,
      566.18
    ],
    [
      1784825921,
      566.13
    ],
    [
      1784826823,
      566.39
    ],
    [
      1784827724,
      567.04
    ],
    [
      1784828625,
      566.45
    ]
  ],
  "ripple": [
    [
      1784822316,
      1.11
    ],
    [
      1784823217,
      1.11
    ],
    [
      1784824119,
      1.11
    ],
    [
      1784825020,
      1.11
    ],
    [
      1784825921,
      1.11
    ],
    [
      1784826823,
      1.11
    ],
    [
      1784827724,
      1.11
    ],
    [
      1784828625,
      1.11
    ]
  ],
  "solana": [
    [
      1784822316,
      76.37
    ],
    [
      1784823217,
      76.02
    ],
    [
      1784824119,
      75.98
    ],
    [
      1784825020,
      75.99
    ],
    [
      1784825921,
      75.99
    ],
    [
      1784826823,
      75.88
    ],
    [
      1784827724,
      76.05
    ],
    [
      1784828625,
      75.93
    ]
  ],
  "dogecoin": [
    [
      1784822316,
      0.069794
    ],
    [
      1784823217,
      0.069406
    ],
    [
      1784824119,
      0.069625
    ],
    [
      1784825020,
      0.069709
    ],
    [
      1784825921,
      0.069656
    ],
    [
      1784826823,
      0.069571
    ],
    [
      1784827724,
      0.069752
    ],
    [
      1784828625,
      0.069632
    ]
  ],
  "cardano": [
    [
      1784822316,
      0.170498
    ],
    [
      1784823217,
      0.169684
    ],
    [
      1784824119,
      0.169647
    ],
    [
      1784825020,
      0.169385
    ],
    [
      1784825921,
      0.169309
    ],
    [
      1784826823,
      0.1692
    ],
    [
      1784827724,
      0.169848
    ],
    [
      1784828625,
      0.169391
    ]
  ],
  "tron": [
    [
      1784822316,
      0.326442
    ],
    [
      1784823217,
      0.326456
    ],
    [
      1784824119,
      0.326482
    ],
    [
      1784825020,
      0.326284
    ],
    [
      1784825921,
      0.326448
    ],
    [
      1784826823,
      0.326598
    ],
    [
      1784827724,
      0.32674
    ],
    [
      1784828625,
      0.326743
    ]
  ],
  "chainlink": [
    [
      1784822316,
      8.49
    ],
    [
      1784823217,
      8.48
    ],
    [
      1784824119,
      8.48
    ],
    [
      1784825020,
      8.47
    ],
    [
      1784825921,
      8.49
    ],
    [
      1784826823,
      8.48
    ],
    [
      1784827724,
      8.5
    ],
    [
      1784828625,
      8.49
    ]
  ],
  "the-open-network": [
    [
      1784822316,
      1.48
    ],
    [
      1784823217,
      1.48
    ],
    [
      1784824119,
      1.48
    ],
    [
      1784825020,
      1.47
    ],
    [
      1784825921,
      1.47
    ],
    [
      1784826823,
      1.47
    ],
    [
      1784827724,
      1.48
    ],
    [
      1784828625,
      1.48
    ]
  ],
  "stellar": [
    [
      1784822316,
      0.182734
    ],
    [
      1784823217,
      0.182442
    ],
    [
      1784824119,
      0.182473
    ],
    [
      1784825020,
      0.182584
    ],
    [
      1784825921,
      0.182503
    ],
    [
      1784826823,
      0.182365
    ],
    [
      1784827724,
      0.182296
    ],
    [
      1784828625,
      0.181846
    ]
  ],
  "hedera-hashgraph": [
    [
      1784822316,
      0.072027
    ],
    [
      1784823217,
      0.071749
    ],
    [
      1784824119,
      0.07188
    ],
    [
      1784825020,
      0.071927
    ],
    [
      1784825921,
      0.072284
    ],
    [
      1784826823,
      0.072281
    ],
    [
      1784827724,
      0.072137
    ],
    [
      1784828625,
      0.072184
    ]
  ],
  "sui": [
    [
      1784822316,
      0.74885
    ],
    [
      1784823217,
      0.745921
    ],
    [
      1784824119,
      0.746403
    ],
    [
      1784825020,
      0.746009
    ],
    [
      1784825921,
      0.745576
    ],
    [
      1784826823,
      0.745245
    ],
    [
      1784827724,
      0.746218
    ],
    [
      1784828625,
      0.744827
    ]
  ],
  "bitcoin-cash": [
    [
      1784822316,
      214.27
    ],
    [
      1784823217,
      212.79
    ],
    [
      1784824119,
      212.26
    ],
    [
      1784825020,
      212.57
    ],
    [
      1784825921,
      212.64
    ],
    [
      1784826823,
      212.34
    ],
    [
      1784827724,
      212.29
    ],
    [
      1784828625,
      212.02
    ]
  ],
  "litecoin": [
    [
      1784822316,
      46.37
    ],
    [
      1784823217,
      46.4
    ],
    [
      1784824119,
      46.47
    ],
    [
      1784825020,
      46.55
    ],
    [
      1784825921,
      46.52
    ],
    [
      1784826823,
      46.53
    ],
    [
      1784827724,
      46.62
    ],
    [
      1784828625,
      46.6
    ]
  ],
  "polkadot": [
    [
      1784822316,
      0.814248
    ],
    [
      1784823217,
      0.812349
    ],
    [
      1784824119,
      0.810985
    ],
    [
      1784825020,
      0.810996
    ],
    [
      1784825921,
      0.810202
    ],
    [
      1784826823,
      0.809891
    ],
    [
      1784827724,
      0.811598
    ],
    [
      1784828625,
      0.811033
    ]
  ],
  "hyperliquid": [
    [
      1784822316,
      59.5
    ],
    [
      1784823217,
      59.14
    ],
    [
      1784824119,
      59.03
    ],
    [
      1784825020,
      58.49
    ],
    [
      1784825921,
      58.68
    ],
    [
      1784826823,
      58.71
    ],
    [
      1784827724,
      58.65
    ],
    [
      1784828625,
      58.34
    ]
  ],
  "monero": [
    [
      1784822316,
      350.5
    ],
    [
      1784823217,
      351.08
    ],
    [
      1784824119,
      351.21
    ],
    [
      1784825020,
      351.37
    ],
    [
      1784825921,
      350.51
    ],
    [
      1784826823,
      352.3
    ],
    [
      1784827724,
      352.85
    ],
    [
      1784828625,
      353.22
    ]
  ],
  "_alerts_sent": {}
}