{
  "bitcoin": [
    [
      1780739443,
      60911
    ],
    [
      1780740344,
      60803
    ],
    [
      1780741255,
      60514
    ],
    [
      1780742085,
      60328
    ],
    [
      1780742712,
      60378
    ],
    [
      1780743442,
      60504
    ],
    [
      1780744827,
      60696
    ],
    [
      1780745750,
      60797
    ]
  ],
  "ethereum": [
    [
      1780739443,
      1569.24
    ],
    [
      1780740344,
      1561.72
    ],
    [
      1780741255,
      1554.59
    ],
    [
      1780742085,
      1546.17
    ],
    [
      1780742712,
      1543.47
    ],
    [
      1780743442,
      1544.61
    ],
    [
      1780744827,
      1557.55
    ],
    [
      1780745750,
      1563.89
    ]
  ],
  "avalanche-2": [
    [
      1780739443,
      6.75
    ],
    [
      1780740344,
      6.67
    ],
    [
      1780741255,
      6.64
    ],
    [
      1780742085,
      6.61
    ],
    [
      1780742712,
      6.59
    ],
    [
      1780743442,
      6.59
    ],
    [
      1780744827,
      6.63
    ],
    [
      1780745750,
      6.66
    ]
  ],
  "ondo-finance": [
    [
      1780739443,
      0.329578
    ],
    [
      1780740344,
      0.324564
    ],
    [
      1780741255,
      0.323108
    ],
    [
      1780742085,
      0.322592
    ],
    [
      1780742712,
      0.321502
    ],
    [
      1780743442,
      0.322197
    ],
    [
      1780744827,
      0.322915
    ],
    [
      1780745750,
      0.324528
    ]
  ],
  "binancecoin": [
    [
      1780739443,
      576.58
    ],
    [
      1780740344,
      574.27
    ],
    [
      1780741255,
      574.07
    ],
    [
      1780742085,
      572.52
    ],
    [
      1780742712,
      572.55
    ],
    [
      1780743442,
      573.48
    ],
    [
      1780744827,
      574.52
    ],
    [
      1780745750,
      576.11
    ]
  ],
  "ripple": [
    [
      1780739443,
      1.092
    ],
    [
      1780740344,
      1.086
    ],
    [
      1780741255,
      1.081
    ],
    [
      1780742085,
      1.078
    ],
    [
      1780742712,
      1.075
    ],
    [
      1780743442,
      1.078
    ],
    [
      1780744827,
      1.082
    ],
    [
      1780745750,
      1.084
    ]
  ],
  "solana": [
    [
      1780739443,
      62.81
    ],
    [
      1780740344,
      62.3
    ],
    [
      1780741255,
      61.93
    ],
    [
      1780742085,
      61.62
    ],
    [
      1780742712,
      61.42
    ],
    [
      1780743442,
      61.61
    ],
    [
      1780744827,
      62.08
    ],
    [
      1780745750,
      62.3
    ]
  ],
  "dogecoin": [
    [
      1780739443,
      0.081549
    ],
    [
      1780740344,
      0.080813
    ],
    [
      1780741255,
      0.080423
    ],
    [
      1780742085,
      0.08026
    ],
    [
      1780742712,
      0.080161
    ],
    [
      1780743442,
      0.080332
    ],
    [
      1780744827,
      0.080807
    ],
    [
      1780745750,
      0.081093
    ]
  ],
  "cardano": [
    [
      1780739443,
      0.157101
    ],
    [
      1780740344,
      0.155464
    ],
    [
      1780741255,
      0.154978
    ],
    [
      1780742085,
      0.154783
    ],
    [
      1780742712,
      0.154261
    ],
    [
      1780743442,
      0.154107
    ],
    [
      1780744827,
      0.155022
    ],
    [
      1780745750,
      0.155579
    ]
  ],
  "tron": [
    [
      1780739443,
      0.319802
    ],
    [
      1780740344,
      0.319305
    ],
    [
      1780741255,
      0.318949
    ],
    [
      1780742085,
      0.318797
    ],
    [
      1780742712,
      0.318568
    ],
    [
      1780743442,
      0.318469
    ],
    [
      1780744827,
      0.318831
    ],
    [
      1780745750,
      0.319349
    ]
  ],
  "chainlink": [
    [
      1780739443,
      7.37
    ],
    [
      1780740344,
      7.3
    ],
    [
      1780741255,
      7.27
    ],
    [
      1780742085,
      7.24
    ],
    [
      1780742712,
      7.23
    ],
    [
      1780743442,
      7.24
    ],
    [
      1780744827,
      7.28
    ],
    [
      1780745750,
      7.3
    ]
  ],
  "the-open-network": [
    [
      1780739443,
      1.57
    ],
    [
      1780740344,
      1.56
    ],
    [
      1780741255,
      1.55
    ],
    [
      1780742085,
      1.55
    ],
    [
      1780742712,
      1.55
    ],
    [
      1780743442,
      1.55
    ],
    [
      1780744827,
      1.55
    ],
    [
      1780745750,
      1.55
    ]
  ],
  "stellar": [
    [
      1780739443,
      0.19983
    ],
    [
      1780740344,
      0.196883
    ],
    [
      1780741255,
      0.195377
    ],
    [
      1780742085,
      0.195035
    ],
    [
      1780742712,
      0.194583
    ],
    [
      1780743442,
      0.195054
    ],
    [
      1780744827,
      0.196186
    ],
    [
      1780745750,
      0.197054
    ]
  ],
  "hedera-hashgraph": [
    [
      1780739443,
      0.079231
    ],
    [
      1780740344,
      0.078801
    ],
    [
      1780741255,
      0.078216
    ],
    [
      1780742085,
      0.077966
    ],
    [
      1780742712,
      0.077986
    ],
    [
      1780743442,
      0.078086
    ],
    [
      1780744827,
      0.078335
    ],
    [
      1780745750,
      0.078543
    ]
  ],
  "sui": [
    [
      1780739443,
      0.705446
    ],
    [
      1780740344,
      0.698199
    ],
    [
      1780741255,
      0.693631
    ],
    [
      1780742085,
      0.691514
    ],
    [
      1780742712,
      0.689689
    ],
    [
      1780743442,
      0.691079
    ],
    [
      1780744827,
      0.69759
    ],
    [
      1780745750,
      0.69881
    ]
  ],
  "bitcoin-cash": [
    [
      1780739443,
      223.24
    ],
    [
      1780740344,
      219.68
    ],
    [
      1780741255,
      220.35
    ],
    [
      1780742085,
      218.81
    ],
    [
      1780742712,
      218.53
    ],
    [
      1780743442,
      218.35
    ],
    [
      1780744827,
      217.55
    ],
    [
      1780745750,
      218.17
    ]
  ],
  "litecoin": [
    [
      1780739443,
      43.09
    ],
    [
      1780740344,
      42.67
    ],
    [
      1780741255,
      42.46
    ],
    [
      1780742085,
      42.36
    ],
    [
      1780742712,
      42.34
    ],
    [
      1780743442,
      42.47
    ],
    [
      1780744827,
      42.64
    ],
    [
      1780745750,
      42.72
    ]
  ],
  "polkadot": [
    [
      1780739443,
      0.946545
    ],
    [
      1780740344,
      0.936915
    ],
    [
      1780741255,
      0.933502
    ],
    [
      1780742085,
      0.933069
    ],
    [
      1780742712,
      0.930642
    ],
    [
      1780743442,
      0.932457
    ],
    [
      1780744827,
      0.937614
    ],
    [
      1780745750,
      0.94242
    ]
  ],
  "hyperliquid": [
    [
      1780739443,
      59.61
    ],
    [
      1780740344,
      59.06
    ],
    [
      1780741255,
      58.87
    ],
    [
      1780742085,
      58.57
    ],
    [
      1780742712,
      58.54
    ],
    [
      1780743442,
      58.48
    ],
    [
      1780744827,
      58.95
    ],
    [
      1780745750,
      59.06
    ]
  ],
  "monero": [
    [
      1780739443,
      301.57
    ],
    [
      1780740344,
      299.08
    ],
    [
      1780741255,
      298.63
    ],
    [
      1780742085,
      299.03
    ],
    [
      1780742712,
      299.54
    ],
    [
      1780743442,
      301.01
    ],
    [
      1780744827,
      302.38
    ],
    [
      1780745750,
      302.5
    ]
  ],
  "_alerts_sent": {
    "bitcoin-cash_2026-06-06 09": true
  }
}