{
  "bitcoin": [
    [
      1782100925,
      63843
    ],
    [
      1782101826,
      63904
    ],
    [
      1782102728,
      63927
    ],
    [
      1782103629,
      63917
    ],
    [
      1782104530,
      64025
    ],
    [
      1782105432,
      64173
    ],
    [
      1782106333,
      64129
    ],
    [
      1782107234,
      64170
    ]
  ],
  "ethereum": [
    [
      1782100925,
      1726.85
    ],
    [
      1782101826,
      1730.73
    ],
    [
      1782102728,
      1733.03
    ],
    [
      1782103629,
      1730.75
    ],
    [
      1782104530,
      1732.96
    ],
    [
      1782105432,
      1734.41
    ],
    [
      1782106333,
      1735.26
    ],
    [
      1782107234,
      1734.96
    ]
  ],
  "avalanche-2": [
    [
      1782100925,
      6.22
    ],
    [
      1782101826,
      6.24
    ],
    [
      1782102728,
      6.25
    ],
    [
      1782103629,
      6.24
    ],
    [
      1782104530,
      6.27
    ],
    [
      1782105432,
      6.28
    ],
    [
      1782106333,
      6.29
    ],
    [
      1782107234,
      6.3
    ]
  ],
  "ondo-finance": [
    [
      1782100925,
      0.33306
    ],
    [
      1782101826,
      0.334286
    ],
    [
      1782102728,
      0.333788
    ],
    [
      1782103629,
      0.332896
    ],
    [
      1782104530,
      0.33476
    ],
    [
      1782105432,
      0.336322
    ],
    [
      1782106333,
      0.337106
    ],
    [
      1782107234,
      0.336964
    ]
  ],
  "binancecoin": [
    [
      1782100925,
      589.21
    ],
    [
      1782101826,
      589.24
    ],
    [
      1782102728,
      589.36
    ],
    [
      1782103629,
      589.24
    ],
    [
      1782104530,
      589.65
    ],
    [
      1782105432,
      590.09
    ],
    [
      1782106333,
      590.4
    ],
    [
      1782107234,
      591.44
    ]
  ],
  "ripple": [
    [
      1782100925,
      1.13
    ],
    [
      1782101826,
      1.13
    ],
    [
      1782102728,
      1.13
    ],
    [
      1782103629,
      1.13
    ],
    [
      1782104530,
      1.13
    ],
    [
      1782105432,
      1.14
    ],
    [
      1782106333,
      1.14
    ],
    [
      1782107234,
      1.14
    ]
  ],
  "solana": [
    [
      1782100925,
      73.39
    ],
    [
      1782101826,
      73.5
    ],
    [
      1782102728,
      73.56
    ],
    [
      1782103629,
      73.44
    ],
    [
      1782104530,
      73.77
    ],
    [
      1782105432,
      74.0
    ],
    [
      1782106333,
      73.98
    ],
    [
      1782107234,
      73.92
    ]
  ],
  "dogecoin": [
    [
      1782100925,
      0.082834
    ],
    [
      1782101826,
      0.082995
    ],
    [
      1782102728,
      0.082999
    ],
    [
      1782103629,
      0.082935
    ],
    [
      1782104530,
      0.083113
    ],
    [
      1782105432,
      0.083329
    ],
    [
      1782106333,
      0.083296
    ],
    [
      1782107234,
      0.083276
    ]
  ],
  "cardano": [
    [
      1782100925,
      0.158004
    ],
    [
      1782101826,
      0.158464
    ],
    [
      1782102728,
      0.158699
    ],
    [
      1782103629,
      0.158432
    ],
    [
      1782104530,
      0.159059
    ],
    [
      1782105432,
      0.159663
    ],
    [
      1782106333,
      0.159779
    ],
    [
      1782107234,
      0.160096
    ]
  ],
  "tron": [
    [
      1782100925,
      0.327722
    ],
    [
      1782101826,
      0.32788
    ],
    [
      1782102728,
      0.327794
    ],
    [
      1782103629,
      0.327753
    ],
    [
      1782104530,
      0.327889
    ],
    [
      1782105432,
      0.328
    ],
    [
      1782106333,
      0.327969
    ],
    [
      1782107234,
      0.328053
    ]
  ],
  "chainlink": [
    [
      1782100925,
      7.86
    ],
    [
      1782101826,
      7.87
    ],
    [
      1782102728,
      7.88
    ],
    [
      1782103629,
      7.87
    ],
    [
      1782104530,
      7.89
    ],
    [
      1782105432,
      7.92
    ],
    [
      1782106333,
      7.93
    ],
    [
      1782107234,
      7.93
    ]
  ],
  "the-open-network": [
    [
      1782100925,
      1.62
    ],
    [
      1782101826,
      1.62
    ],
    [
      1782102728,
      1.63
    ],
    [
      1782103629,
      1.62
    ],
    [
      1782104530,
      1.63
    ],
    [
      1782105432,
      1.63
    ],
    [
      1782106333,
      1.63
    ],
    [
      1782107234,
      1.63
    ]
  ],
  "stellar": [
    [
      1782100925,
      0.210121
    ],
    [
      1782101826,
      0.210679
    ],
    [
      1782102728,
      0.210596
    ],
    [
      1782103629,
      0.210577
    ],
    [
      1782104530,
      0.211512
    ],
    [
      1782105432,
      0.212524
    ],
    [
      1782106333,
      0.212298
    ],
    [
      1782107234,
      0.212135
    ]
  ],
  "hedera-hashgraph": [
    [
      1782100925,
      0.078612
    ],
    [
      1782101826,
      0.078756
    ],
    [
      1782102728,
      0.078808
    ],
    [
      1782103629,
      0.078896
    ],
    [
      1782104530,
      0.079063
    ],
    [
      1782105432,
      0.07928
    ],
    [
      1782106333,
      0.079266
    ],
    [
      1782107234,
      0.079267
    ]
  ],
  "sui": [
    [
      1782100925,
      0.69894
    ],
    [
      1782101826,
      0.701135
    ],
    [
      1782102728,
      0.701637
    ],
    [
      1782103629,
      0.70113
    ],
    [
      1782104530,
      0.703911
    ],
    [
      1782105432,
      0.706224
    ],
    [
      1782106333,
      0.706378
    ],
    [
      1782107234,
      0.705879
    ]
  ],
  "bitcoin-cash": [
    [
      1782100925,
      198.44
    ],
    [
      1782101826,
      198.6
    ],
    [
      1782102728,
      198.41
    ],
    [
      1782103629,
      198.1
    ],
    [
      1782104530,
      199.14
    ],
    [
      1782105432,
      199.84
    ],
    [
      1782106333,
      199.81
    ],
    [
      1782107234,
      199.31
    ]
  ],
  "litecoin": [
    [
      1782100925,
      44.89
    ],
    [
      1782101826,
      44.9
    ],
    [
      1782102728,
      44.88
    ],
    [
      1782103629,
      44.87
    ],
    [
      1782104530,
      44.9
    ],
    [
      1782105432,
      45.02
    ],
    [
      1782106333,
      45.0
    ],
    [
      1782107234,
      44.97
    ]
  ],
  "polkadot": [
    [
      1782100925,
      0.949757
    ],
    [
      1782101826,
      0.951011
    ],
    [
      1782102728,
      0.950283
    ],
    [
      1782103629,
      0.949669
    ],
    [
      1782104530,
      0.953034
    ],
    [
      1782105432,
      0.955324
    ],
    [
      1782106333,
      0.956403
    ],
    [
      1782107234,
      0.957007
    ]
  ],
  "hyperliquid": [
    [
      1782100925,
      65.44
    ],
    [
      1782101826,
      65.7
    ],
    [
      1782102728,
      65.83
    ],
    [
      1782103629,
      65.71
    ],
    [
      1782104530,
      65.98
    ],
    [
      1782105432,
      66.07
    ],
    [
      1782106333,
      66.26
    ],
    [
      1782107234,
      66.22
    ]
  ],
  "monero": [
    [
      1782100925,
      320.96
    ],
    [
      1782101826,
      320.92
    ],
    [
      1782102728,
      321.21
    ],
    [
      1782103629,
      320.79
    ],
    [
      1782104530,
      320.37
    ],
    [
      1782105432,
      320.47
    ],
    [
      1782106333,
      320.6
    ],
    [
      1782107234,
      320.87
    ]
  ],
  "_alerts_sent": {}
}