{
  "bitcoin": [
    [
      1783532543,
      62276
    ],
    [
      1783533445,
      62021
    ],
    [
      1783534347,
      62195
    ],
    [
      1783535248,
      62165.7
    ],
    [
      1783536150,
      62024
    ],
    [
      1783537052,
      62123
    ],
    [
      1783537953,
      62066
    ],
    [
      1783538622,
      62135
    ]
  ],
  "ethereum": [
    [
      1783532543,
      1741.77
    ],
    [
      1783533445,
      1730.49
    ],
    [
      1783534347,
      1737.57
    ],
    [
      1783535248,
      1735.08
    ],
    [
      1783536150,
      1729.89
    ],
    [
      1783537052,
      1735.54
    ],
    [
      1783537953,
      1733.47
    ],
    [
      1783538622,
      1734.9
    ]
  ],
  "avalanche-2": [
    [
      1783532543,
      6.46
    ],
    [
      1783533445,
      6.43
    ],
    [
      1783534347,
      6.44
    ],
    [
      1783535248,
      6.44
    ],
    [
      1783536150,
      6.43
    ],
    [
      1783537052,
      6.46
    ],
    [
      1783537953,
      6.44
    ],
    [
      1783538622,
      6.44
    ]
  ],
  "ondo-finance": [
    [
      1783532543,
      0.317747
    ],
    [
      1783533445,
      0.315575
    ],
    [
      1783534347,
      0.315973
    ],
    [
      1783535248,
      0.31563
    ],
    [
      1783536150,
      0.314706
    ],
    [
      1783537052,
      0.315876
    ],
    [
      1783537953,
      0.314772
    ],
    [
      1783538622,
      0.314699
    ]
  ],
  "binancecoin": [
    [
      1783532543,
      566.98
    ],
    [
      1783533445,
      564.36
    ],
    [
      1783534347,
      564.7
    ],
    [
      1783536150,
      564.05
    ],
    [
      1783537052,
      565.59
    ],
    [
      1783537953,
      565.56
    ],
    [
      1783538622,
      565.73
    ]
  ],
  "ripple": [
    [
      1783532543,
      1.092
    ],
    [
      1783533445,
      1.086
    ],
    [
      1783534347,
      1.088
    ],
    [
      1783536150,
      1.083
    ],
    [
      1783537052,
      1.087
    ],
    [
      1783537953,
      1.085
    ],
    [
      1783538622,
      1.086
    ]
  ],
  "solana": [
    [
      1783532543,
      77.49
    ],
    [
      1783533445,
      77.13
    ],
    [
      1783534347,
      77.17
    ],
    [
      1783536150,
      76.85
    ],
    [
      1783537052,
      77.1
    ],
    [
      1783537953,
      76.99
    ],
    [
      1783538622,
      76.96
    ]
  ],
  "dogecoin": [
    [
      1783532543,
      0.07275
    ],
    [
      1783533445,
      0.07252
    ],
    [
      1783534347,
      0.072581
    ],
    [
      1783536150,
      0.072224
    ],
    [
      1783537052,
      0.072385
    ],
    [
      1783537953,
      0.072329
    ],
    [
      1783538622,
      0.072321
    ]
  ],
  "cardano": [
    [
      1783532543,
      0.166785
    ],
    [
      1783533445,
      0.165929
    ],
    [
      1783534347,
      0.166013
    ],
    [
      1783536150,
      0.165983
    ],
    [
      1783537052,
      0.166647
    ],
    [
      1783537953,
      0.166489
    ],
    [
      1783538622,
      0.16667
    ]
  ],
  "tron": [
    [
      1783532543,
      0.329483
    ],
    [
      1783533445,
      0.329281
    ],
    [
      1783534347,
      0.329332
    ],
    [
      1783536150,
      0.329514
    ],
    [
      1783537052,
      0.329988
    ],
    [
      1783537953,
      0.330091
    ],
    [
      1783538622,
      0.329786
    ]
  ],
  "chainlink": [
    [
      1783532543,
      7.65
    ],
    [
      1783533445,
      7.61
    ],
    [
      1783534347,
      7.62
    ],
    [
      1783536150,
      7.6
    ],
    [
      1783537052,
      7.62
    ],
    [
      1783537953,
      7.62
    ],
    [
      1783538622,
      7.61
    ]
  ],
  "the-open-network": [
    [
      1783532543,
      1.59
    ],
    [
      1783533445,
      1.59
    ],
    [
      1783534347,
      1.59
    ],
    [
      1783536150,
      1.59
    ],
    [
      1783537052,
      1.59
    ],
    [
      1783537953,
      1.58
    ],
    [
      1783538622,
      1.59
    ]
  ],
  "stellar": [
    [
      1783532543,
      0.181741
    ],
    [
      1783533445,
      0.181212
    ],
    [
      1783534347,
      0.181266
    ],
    [
      1783536150,
      0.18101
    ],
    [
      1783537052,
      0.181225
    ],
    [
      1783537953,
      0.181197
    ],
    [
      1783538622,
      0.181237
    ]
  ],
  "hedera-hashgraph": [
    [
      1783532543,
      0.069746
    ],
    [
      1783533445,
      0.069371
    ],
    [
      1783534347,
      0.069471
    ],
    [
      1783536150,
      0.069364
    ],
    [
      1783537052,
      0.069483
    ],
    [
      1783537953,
      0.069331
    ],
    [
      1783538622,
      0.069473
    ]
  ],
  "sui": [
    [
      1783532543,
      0.710513
    ],
    [
      1783533445,
      0.707599
    ],
    [
      1783534347,
      0.708182
    ],
    [
      1783536150,
      0.708373
    ],
    [
      1783537052,
      0.709993
    ],
    [
      1783537953,
      0.710028
    ],
    [
      1783538622,
      0.709773
    ]
  ],
  "bitcoin-cash": [
    [
      1783532543,
      235.96
    ],
    [
      1783533445,
      234.44
    ],
    [
      1783534347,
      234.28
    ],
    [
      1783536150,
      233.2
    ],
    [
      1783537052,
      233.9
    ],
    [
      1783537953,
      233.79
    ],
    [
      1783538622,
      233.9
    ]
  ],
  "litecoin": [
    [
      1783532543,
      43.65
    ],
    [
      1783533445,
      43.5
    ],
    [
      1783534347,
      43.51
    ],
    [
      1783536150,
      43.43
    ],
    [
      1783537052,
      43.53
    ],
    [
      1783537953,
      43.47
    ],
    [
      1783538622,
      43.36
    ]
  ],
  "polkadot": [
    [
      1783532543,
      0.828978
    ],
    [
      1783533445,
      0.824449
    ],
    [
      1783534347,
      0.825417
    ],
    [
      1783536150,
      0.82275
    ],
    [
      1783537052,
      0.82642
    ],
    [
      1783537953,
      0.825434
    ],
    [
      1783538622,
      0.824848
    ]
  ],
  "hyperliquid": [
    [
      1783532543,
      67.8
    ],
    [
      1783533445,
      67.46
    ],
    [
      1783534347,
      67.47
    ],
    [
      1783536150,
      66.75
    ],
    [
      1783537052,
      66.78
    ],
    [
      1783537953,
      66.73
    ],
    [
      1783538622,
      66.89
    ]
  ],
  "monero": [
    [
      1783532543,
      320.83
    ],
    [
      1783533445,
      319.35
    ],
    [
      1783534347,
      318.85
    ],
    [
      1783536150,
      320.39
    ],
    [
      1783537052,
      320.79
    ],
    [
      1783537953,
      321.77
    ],
    [
      1783538622,
      321.39
    ]
  ],
  "_alerts_sent": {}
}