{
  "bitcoin": [
    [
      1783279524,
      62741
    ],
    [
      1783280425,
      62746
    ],
    [
      1783281326,
      62718.1
    ],
    [
      1783282228,
      62757
    ],
    [
      1783283129,
      62709
    ],
    [
      1783284031,
      62682
    ],
    [
      1783284932,
      62690.9
    ],
    [
      1783285833,
      62575
    ]
  ],
  "ethereum": [
    [
      1783279524,
      1780.15
    ],
    [
      1783280425,
      1779.68
    ],
    [
      1783281326,
      1779.07
    ],
    [
      1783282228,
      1780.49
    ],
    [
      1783283129,
      1777.66
    ],
    [
      1783284031,
      1775.88
    ],
    [
      1783284932,
      1775.73
    ],
    [
      1783285833,
      1769.67
    ]
  ],
  "avalanche-2": [
    [
      1783279524,
      6.91
    ],
    [
      1783280425,
      6.92
    ],
    [
      1783281326,
      6.913
    ],
    [
      1783282228,
      6.9
    ],
    [
      1783283129,
      6.9
    ],
    [
      1783284031,
      6.9
    ],
    [
      1783284932,
      6.897
    ],
    [
      1783285833,
      6.89
    ]
  ],
  "ondo-finance": [
    [
      1783279524,
      0.32938
    ],
    [
      1783280425,
      0.329997
    ],
    [
      1783281326,
      0.32932
    ],
    [
      1783282228,
      0.329894
    ],
    [
      1783283129,
      0.329715
    ],
    [
      1783284031,
      0.329763
    ],
    [
      1783284932,
      0.32998
    ],
    [
      1783285833,
      0.328728
    ]
  ],
  "binancecoin": [
    [
      1783279524,
      589.2
    ],
    [
      1783280425,
      590.03
    ],
    [
      1783282228,
      589.54
    ],
    [
      1783283129,
      588.39
    ],
    [
      1783284031,
      587.57
    ],
    [
      1783285833,
      586.09
    ]
  ],
  "ripple": [
    [
      1783279524,
      1.14
    ],
    [
      1783280425,
      1.13
    ],
    [
      1783282228,
      1.14
    ],
    [
      1783283129,
      1.14
    ],
    [
      1783284031,
      1.13
    ],
    [
      1783285833,
      1.14
    ]
  ],
  "solana": [
    [
      1783279524,
      80.9
    ],
    [
      1783280425,
      80.94
    ],
    [
      1783282228,
      81.0
    ],
    [
      1783283129,
      80.99
    ],
    [
      1783284031,
      80.92
    ],
    [
      1783285833,
      80.89
    ]
  ],
  "dogecoin": [
    [
      1783279524,
      0.077392
    ],
    [
      1783280425,
      0.077298
    ],
    [
      1783282228,
      0.077268
    ],
    [
      1783283129,
      0.077298
    ],
    [
      1783284031,
      0.077127
    ],
    [
      1783285833,
      0.076931
    ]
  ],
  "cardano": [
    [
      1783279524,
      0.189685
    ],
    [
      1783280425,
      0.189121
    ],
    [
      1783282228,
      0.188838
    ],
    [
      1783283129,
      0.188466
    ],
    [
      1783284031,
      0.18803
    ],
    [
      1783285833,
      0.18802
    ]
  ],
  "tron": [
    [
      1783279524,
      0.327861
    ],
    [
      1783280425,
      0.327919
    ],
    [
      1783282228,
      0.328036
    ],
    [
      1783283129,
      0.32784
    ],
    [
      1783284031,
      0.327684
    ],
    [
      1783285833,
      0.327925
    ]
  ],
  "chainlink": [
    [
      1783279524,
      8.01
    ],
    [
      1783280425,
      8.01
    ],
    [
      1783282228,
      8.01
    ],
    [
      1783283129,
      8.01
    ],
    [
      1783284031,
      7.99
    ],
    [
      1783285833,
      7.98
    ]
  ],
  "the-open-network": [
    [
      1783279524,
      1.78
    ],
    [
      1783280425,
      1.8
    ],
    [
      1783282228,
      1.8
    ],
    [
      1783283129,
      1.78
    ],
    [
      1783284031,
      1.77
    ],
    [
      1783285833,
      1.77
    ]
  ],
  "stellar": [
    [
      1783279524,
      0.200469
    ],
    [
      1783280425,
      0.201051
    ],
    [
      1783282228,
      0.200738
    ],
    [
      1783283129,
      0.201387
    ],
    [
      1783284031,
      0.201266
    ],
    [
      1783285833,
      0.200349
    ]
  ],
  "hedera-hashgraph": [
    [
      1783279524,
      0.075362
    ],
    [
      1783280425,
      0.075358
    ],
    [
      1783282228,
      0.075377
    ],
    [
      1783283129,
      0.075255
    ],
    [
      1783284031,
      0.07518
    ],
    [
      1783285833,
      0.074971
    ]
  ],
  "sui": [
    [
      1783279524,
      0.755117
    ],
    [
      1783280425,
      0.755025
    ],
    [
      1783282228,
      0.755148
    ],
    [
      1783283129,
      0.755007
    ],
    [
      1783284031,
      0.755185
    ],
    [
      1783285833,
      0.752207
    ]
  ],
  "bitcoin-cash": [
    [
      1783279524,
      244.94
    ],
    [
      1783280425,
      247.75
    ],
    [
      1783282228,
      245.61
    ],
    [
      1783283129,
      245.34
    ],
    [
      1783284031,
      245.13
    ],
    [
      1783285833,
      243.36
    ]
  ],
  "litecoin": [
    [
      1783279524,
      45.73
    ],
    [
      1783280425,
      45.64
    ],
    [
      1783282228,
      45.66
    ],
    [
      1783283129,
      45.64
    ],
    [
      1783284031,
      45.63
    ],
    [
      1783285833,
      45.49
    ]
  ],
  "polkadot": [
    [
      1783279524,
      0.88179
    ],
    [
      1783280425,
      0.881653
    ],
    [
      1783282228,
      0.881258
    ],
    [
      1783283129,
      0.88142
    ],
    [
      1783284031,
      0.880274
    ],
    [
      1783285833,
      0.877501
    ]
  ],
  "hyperliquid": [
    [
      1783279524,
      69.6
    ],
    [
      1783280425,
      69.78
    ],
    [
      1783282228,
      70.04
    ],
    [
      1783283129,
      70.25
    ],
    [
      1783284031,
      70.38
    ],
    [
      1783285833,
      70.62
    ]
  ],
  "monero": [
    [
      1783279524,
      329.04
    ],
    [
      1783280425,
      328.24
    ],
    [
      1783282228,
      327.67
    ],
    [
      1783283129,
      326.85
    ],
    [
      1783284031,
      327.26
    ],
    [
      1783285833,
      327.5
    ]
  ],
  "_alerts_sent": {}
}