{
  "bitcoin": [
    [
      1783613071,
      62868
    ],
    [
      1783613973,
      62755
    ],
    [
      1783614874,
      62662
    ],
    [
      1783615776,
      62616
    ],
    [
      1783616679,
      62696
    ],
    [
      1783617581,
      62735
    ],
    [
      1783618482,
      62760
    ],
    [
      1783619385,
      63011
    ]
  ],
  "ethereum": [
    [
      1783613071,
      1739.24
    ],
    [
      1783613973,
      1736.06
    ],
    [
      1783614874,
      1734.83
    ],
    [
      1783615776,
      1735.43
    ],
    [
      1783616679,
      1739.09
    ],
    [
      1783617581,
      1740.38
    ],
    [
      1783618482,
      1740.4
    ],
    [
      1783619385,
      1747.78
    ]
  ],
  "avalanche-2": [
    [
      1783613071,
      6.75
    ],
    [
      1783613973,
      6.72
    ],
    [
      1783614874,
      6.71
    ],
    [
      1783615776,
      6.7
    ],
    [
      1783616679,
      6.71
    ],
    [
      1783617581,
      6.7
    ],
    [
      1783618482,
      6.71
    ],
    [
      1783619385,
      6.74
    ]
  ],
  "ondo-finance": [
    [
      1783613071,
      0.316985
    ],
    [
      1783613973,
      0.316301
    ],
    [
      1783614874,
      0.31549
    ],
    [
      1783615776,
      0.315683
    ],
    [
      1783616679,
      0.314581
    ],
    [
      1783617581,
      0.315332
    ],
    [
      1783618482,
      0.315888
    ],
    [
      1783619385,
      0.317635
    ]
  ],
  "binancecoin": [
    [
      1783613071,
      570.61
    ],
    [
      1783613973,
      569.86
    ],
    [
      1783614874,
      570.04
    ],
    [
      1783615776,
      569.4
    ],
    [
      1783616679,
      569.66
    ],
    [
      1783617581,
      569.76
    ],
    [
      1783618482,
      569.73
    ],
    [
      1783619385,
      571.74
    ]
  ],
  "ripple": [
    [
      1783613071,
      1.089
    ],
    [
      1783613973,
      1.088
    ],
    [
      1783614874,
      1.087
    ],
    [
      1783615776,
      1.088
    ],
    [
      1783616679,
      1.088
    ],
    [
      1783617581,
      1.091
    ],
    [
      1783618482,
      1.092
    ],
    [
      1783619385,
      1.095
    ]
  ],
  "solana": [
    [
      1783613071,
      77.6
    ],
    [
      1783613973,
      77.47
    ],
    [
      1783614874,
      77.41
    ],
    [
      1783615776,
      77.57
    ],
    [
      1783616679,
      77.66
    ],
    [
      1783617581,
      77.74
    ],
    [
      1783618482,
      77.68
    ],
    [
      1783619385,
      78.02
    ]
  ],
  "dogecoin": [
    [
      1783613071,
      0.072616
    ],
    [
      1783613973,
      0.072437
    ],
    [
      1783614874,
      0.07252
    ],
    [
      1783615776,
      0.072604
    ],
    [
      1783616679,
      0.07266
    ],
    [
      1783617581,
      0.072722
    ],
    [
      1783618482,
      0.072675
    ],
    [
      1783619385,
      0.072982
    ]
  ],
  "cardano": [
    [
      1783613071,
      0.166467
    ],
    [
      1783613973,
      0.166427
    ],
    [
      1783614874,
      0.165612
    ],
    [
      1783615776,
      0.165389
    ],
    [
      1783616679,
      0.165298
    ],
    [
      1783617581,
      0.165247
    ],
    [
      1783618482,
      0.165557
    ],
    [
      1783619385,
      0.1666
    ]
  ],
  "tron": [
    [
      1783613071,
      0.331345
    ],
    [
      1783613973,
      0.331252
    ],
    [
      1783614874,
      0.331518
    ],
    [
      1783615776,
      0.331678
    ],
    [
      1783616679,
      0.331859
    ],
    [
      1783617581,
      0.331975
    ],
    [
      1783618482,
      0.331692
    ],
    [
      1783619385,
      0.331813
    ]
  ],
  "chainlink": [
    [
      1783613071,
      7.7
    ],
    [
      1783613973,
      7.69
    ],
    [
      1783614874,
      7.69
    ],
    [
      1783615776,
      7.69
    ],
    [
      1783616679,
      7.7
    ],
    [
      1783617581,
      7.7
    ],
    [
      1783618482,
      7.71
    ],
    [
      1783619385,
      7.75
    ]
  ],
  "the-open-network": [
    [
      1783613071,
      1.62
    ],
    [
      1783613973,
      1.62
    ],
    [
      1783614874,
      1.62
    ],
    [
      1783615776,
      1.61
    ],
    [
      1783616679,
      1.62
    ],
    [
      1783617581,
      1.62
    ],
    [
      1783618482,
      1.62
    ],
    [
      1783619385,
      1.63
    ]
  ],
  "stellar": [
    [
      1783613071,
      0.181303
    ],
    [
      1783613973,
      0.181403
    ],
    [
      1783614874,
      0.180839
    ],
    [
      1783615776,
      0.180986
    ],
    [
      1783616679,
      0.181051
    ],
    [
      1783617581,
      0.181238
    ],
    [
      1783618482,
      0.181606
    ],
    [
      1783619385,
      0.182262
    ]
  ],
  "hedera-hashgraph": [
    [
      1783613071,
      0.069914
    ],
    [
      1783613973,
      0.069995
    ],
    [
      1783614874,
      0.069844
    ],
    [
      1783615776,
      0.069703
    ],
    [
      1783616679,
      0.069749
    ],
    [
      1783617581,
      0.069901
    ],
    [
      1783618482,
      0.070101
    ],
    [
      1783619385,
      0.070262
    ]
  ],
  "sui": [
    [
      1783613071,
      0.71712
    ],
    [
      1783613973,
      0.716814
    ],
    [
      1783614874,
      0.716147
    ],
    [
      1783615776,
      0.716635
    ],
    [
      1783616679,
      0.71709
    ],
    [
      1783617581,
      0.7151
    ],
    [
      1783618482,
      0.716227
    ],
    [
      1783619385,
      0.719117
    ]
  ],
  "bitcoin-cash": [
    [
      1783613071,
      236.96
    ],
    [
      1783613973,
      236.39
    ],
    [
      1783614874,
      235.45
    ],
    [
      1783615776,
      235.74
    ],
    [
      1783616679,
      235.86
    ],
    [
      1783617581,
      236.18
    ],
    [
      1783618482,
      236.64
    ],
    [
      1783619385,
      237.01
    ]
  ],
  "litecoin": [
    [
      1783613071,
      43.93
    ],
    [
      1783613973,
      43.96
    ],
    [
      1783614874,
      43.86
    ],
    [
      1783615776,
      43.88
    ],
    [
      1783616679,
      43.86
    ],
    [
      1783617581,
      43.9
    ],
    [
      1783618482,
      43.92
    ],
    [
      1783619385,
      44.0
    ]
  ],
  "polkadot": [
    [
      1783613071,
      0.828357
    ],
    [
      1783613973,
      0.82835
    ],
    [
      1783614874,
      0.826281
    ],
    [
      1783615776,
      0.825887
    ],
    [
      1783616679,
      0.825487
    ],
    [
      1783617581,
      0.825078
    ],
    [
      1783618482,
      0.825735
    ],
    [
      1783619385,
      0.828602
    ]
  ],
  "hyperliquid": [
    [
      1783613071,
      67.48
    ],
    [
      1783613973,
      67.57
    ],
    [
      1783614874,
      67.42
    ],
    [
      1783615776,
      67.27
    ],
    [
      1783616679,
      67.24
    ],
    [
      1783617581,
      67.25
    ],
    [
      1783618482,
      67.14
    ],
    [
      1783619385,
      67.28
    ]
  ],
  "monero": [
    [
      1783613071,
      317.71
    ],
    [
      1783613973,
      316.88
    ],
    [
      1783614874,
      316.08
    ],
    [
      1783615776,
      315.99
    ],
    [
      1783616679,
      315.58
    ],
    [
      1783617581,
      314.63
    ],
    [
      1783618482,
      316.43
    ],
    [
      1783619385,
      318.51
    ]
  ],
  "_alerts_sent": {}
}