{
  "bitcoin": [
    [
      1781064026,
      61499
    ],
    [
      1781064928,
      61452
    ],
    [
      1781065829,
      61426
    ],
    [
      1781066731,
      61183
    ],
    [
      1781067632,
      61233
    ],
    [
      1781068534,
      61120
    ],
    [
      1781069437,
      61190
    ],
    [
      1781070337,
      61233
    ]
  ],
  "ethereum": [
    [
      1781064026,
      1629.27
    ],
    [
      1781064928,
      1628.44
    ],
    [
      1781065829,
      1629.49
    ],
    [
      1781066731,
      1623.45
    ],
    [
      1781067632,
      1624.6
    ],
    [
      1781068534,
      1621.6
    ],
    [
      1781069437,
      1623.36
    ],
    [
      1781070337,
      1623.54
    ]
  ],
  "avalanche-2": [
    [
      1781064026,
      6.58
    ],
    [
      1781064928,
      6.58
    ],
    [
      1781065829,
      6.58
    ],
    [
      1781066731,
      6.54
    ],
    [
      1781067632,
      6.54
    ],
    [
      1781068534,
      6.54
    ],
    [
      1781069437,
      6.5
    ],
    [
      1781070337,
      6.5
    ]
  ],
  "ondo-finance": [
    [
      1781064026,
      0.35186
    ],
    [
      1781064928,
      0.350984
    ],
    [
      1781065829,
      0.34968
    ],
    [
      1781066731,
      0.346282
    ],
    [
      1781067632,
      0.347983
    ],
    [
      1781068534,
      0.347773
    ],
    [
      1781069437,
      0.347456
    ],
    [
      1781070337,
      0.346682
    ]
  ],
  "binancecoin": [
    [
      1781064026,
      587.56
    ],
    [
      1781064928,
      587.22
    ],
    [
      1781065829,
      587.11
    ],
    [
      1781066731,
      584.36
    ],
    [
      1781067632,
      584.91
    ],
    [
      1781068534,
      584.57
    ],
    [
      1781069437,
      585.58
    ],
    [
      1781070337,
      585.05
    ]
  ],
  "ripple": [
    [
      1781064026,
      1.12
    ],
    [
      1781064928,
      1.12
    ],
    [
      1781065829,
      1.12
    ],
    [
      1781066731,
      1.11
    ],
    [
      1781067632,
      1.11
    ],
    [
      1781068534,
      1.11
    ],
    [
      1781069437,
      1.11
    ],
    [
      1781070337,
      1.11
    ]
  ],
  "solana": [
    [
      1781064026,
      64.48
    ],
    [
      1781064928,
      64.45
    ],
    [
      1781065829,
      64.5
    ],
    [
      1781066731,
      64.19
    ],
    [
      1781067632,
      64.2
    ],
    [
      1781068534,
      64.17
    ],
    [
      1781069437,
      64.09
    ],
    [
      1781070337,
      64.06
    ]
  ],
  "dogecoin": [
    [
      1781064026,
      0.083892
    ],
    [
      1781064928,
      0.083911
    ],
    [
      1781065829,
      0.083948
    ],
    [
      1781066731,
      0.083506
    ],
    [
      1781067632,
      0.083527
    ],
    [
      1781068534,
      0.083494
    ],
    [
      1781069437,
      0.083508
    ],
    [
      1781070337,
      0.083515
    ]
  ],
  "cardano": [
    [
      1781064026,
      0.162165
    ],
    [
      1781064928,
      0.162417
    ],
    [
      1781065829,
      0.162291
    ],
    [
      1781066731,
      0.161392
    ],
    [
      1781067632,
      0.161388
    ],
    [
      1781068534,
      0.161224
    ],
    [
      1781069437,
      0.161062
    ],
    [
      1781070337,
      0.160574
    ]
  ],
  "tron": [
    [
      1781064026,
      0.321434
    ],
    [
      1781064928,
      0.321339
    ],
    [
      1781065829,
      0.321289
    ],
    [
      1781066731,
      0.321274
    ],
    [
      1781067632,
      0.32114
    ],
    [
      1781068534,
      0.322043
    ],
    [
      1781069437,
      0.322234
    ],
    [
      1781070337,
      0.322216
    ]
  ],
  "chainlink": [
    [
      1781064026,
      7.74
    ],
    [
      1781064928,
      7.74
    ],
    [
      1781065829,
      7.73
    ],
    [
      1781066731,
      7.7
    ],
    [
      1781067632,
      7.7
    ],
    [
      1781068534,
      7.7
    ],
    [
      1781069437,
      7.68
    ],
    [
      1781070337,
      7.69
    ]
  ],
  "the-open-network": [
    [
      1781064026,
      1.68
    ],
    [
      1781064928,
      1.68
    ],
    [
      1781065829,
      1.67
    ],
    [
      1781066731,
      1.66
    ],
    [
      1781067632,
      1.66
    ],
    [
      1781068534,
      1.66
    ],
    [
      1781069437,
      1.66
    ],
    [
      1781070337,
      1.65
    ]
  ],
  "stellar": [
    [
      1781064026,
      0.187617
    ],
    [
      1781064928,
      0.18752
    ],
    [
      1781065829,
      0.18735
    ],
    [
      1781066731,
      0.186525
    ],
    [
      1781067632,
      0.186772
    ],
    [
      1781068534,
      0.18623
    ],
    [
      1781069437,
      0.186293
    ],
    [
      1781070337,
      0.185725
    ]
  ],
  "hedera-hashgraph": [
    [
      1781064026,
      0.078567
    ],
    [
      1781064928,
      0.078589
    ],
    [
      1781065829,
      0.078586
    ],
    [
      1781066731,
      0.078395
    ],
    [
      1781067632,
      0.078329
    ],
    [
      1781068534,
      0.078317
    ],
    [
      1781069437,
      0.078308
    ],
    [
      1781070337,
      0.078198
    ]
  ],
  "sui": [
    [
      1781064026,
      0.743449
    ],
    [
      1781064928,
      0.743322
    ],
    [
      1781065829,
      0.74478
    ],
    [
      1781066731,
      0.738504
    ],
    [
      1781067632,
      0.738191
    ],
    [
      1781068534,
      0.738601
    ],
    [
      1781069437,
      0.737939
    ],
    [
      1781070337,
      0.739062
    ]
  ],
  "bitcoin-cash": [
    [
      1781064026,
      202.06
    ],
    [
      1781064928,
      200.66
    ],
    [
      1781065829,
      201.25
    ],
    [
      1781066731,
      199.99
    ],
    [
      1781067632,
      200.01
    ],
    [
      1781068534,
      199.8
    ],
    [
      1781069437,
      198.88
    ],
    [
      1781070337,
      200.02
    ]
  ],
  "litecoin": [
    [
      1781064026,
      42.62
    ],
    [
      1781064928,
      42.7
    ],
    [
      1781065829,
      42.62
    ],
    [
      1781066731,
      42.4
    ],
    [
      1781067632,
      42.35
    ],
    [
      1781068534,
      42.35
    ],
    [
      1781069437,
      42.38
    ],
    [
      1781070337,
      42.39
    ]
  ],
  "polkadot": [
    [
      1781064026,
      0.95037
    ],
    [
      1781064928,
      0.948274
    ],
    [
      1781065829,
      0.948509
    ],
    [
      1781066731,
      0.942653
    ],
    [
      1781067632,
      0.94252
    ],
    [
      1781068534,
      0.942106
    ],
    [
      1781069437,
      0.941592
    ],
    [
      1781070337,
      0.941075
    ]
  ],
  "hyperliquid": [
    [
      1781064026,
      56.65
    ],
    [
      1781064928,
      56.18
    ],
    [
      1781065829,
      55.88
    ],
    [
      1781066731,
      55.65
    ],
    [
      1781067632,
      55.47
    ],
    [
      1781068534,
      55.45
    ],
    [
      1781069437,
      55.3
    ],
    [
      1781070337,
      55.23
    ]
  ],
  "monero": [
    [
      1781064026,
      312.65
    ],
    [
      1781064928,
      311.83
    ],
    [
      1781065829,
      311.4
    ],
    [
      1781066731,
      307.97
    ],
    [
      1781067632,
      309.16
    ],
    [
      1781068534,
      309.06
    ],
    [
      1781069437,
      308.88
    ],
    [
      1781070337,
      308.3
    ]
  ],
  "_alerts_sent": {}
}