{
  "bitcoin": [
    [
      1784173302,
      64646
    ],
    [
      1784174204,
      64552
    ],
    [
      1784175105,
      64556
    ],
    [
      1784176006,
      64551
    ],
    [
      1784176907,
      64545
    ],
    [
      1784177809,
      64565
    ],
    [
      1784178710,
      64614
    ],
    [
      1784179612,
      64861
    ]
  ],
  "ethereum": [
    [
      1784173302,
      1923.0
    ],
    [
      1784174204,
      1916.88
    ],
    [
      1784175105,
      1916.62
    ],
    [
      1784176006,
      1915.19
    ],
    [
      1784176907,
      1917.05
    ],
    [
      1784177809,
      1917.46
    ],
    [
      1784178710,
      1916.73
    ],
    [
      1784179612,
      1923.66
    ]
  ],
  "avalanche-2": [
    [
      1784173302,
      6.71
    ],
    [
      1784174204,
      6.7
    ],
    [
      1784175105,
      6.71
    ],
    [
      1784176006,
      6.69
    ],
    [
      1784176907,
      6.69
    ],
    [
      1784177809,
      6.69
    ],
    [
      1784178710,
      6.7
    ],
    [
      1784179612,
      6.72
    ]
  ],
  "ondo-finance": [
    [
      1784173302,
      0.365241
    ],
    [
      1784174204,
      0.366259
    ],
    [
      1784175105,
      0.364089
    ],
    [
      1784176006,
      0.362787
    ],
    [
      1784176907,
      0.360378
    ],
    [
      1784177809,
      0.362075
    ],
    [
      1784178710,
      0.370962
    ],
    [
      1784179612,
      0.373574
    ]
  ],
  "binancecoin": [
    [
      1784173302,
      580.57
    ],
    [
      1784174204,
      580.65
    ],
    [
      1784175105,
      581.22
    ],
    [
      1784176006,
      580.6
    ],
    [
      1784176907,
      580.49
    ],
    [
      1784177809,
      580.37
    ],
    [
      1784178710,
      580.95
    ],
    [
      1784179612,
      583.92
    ]
  ],
  "ripple": [
    [
      1784173302,
      1.11
    ],
    [
      1784174204,
      1.11
    ],
    [
      1784175105,
      1.11
    ],
    [
      1784176006,
      1.11
    ],
    [
      1784176907,
      1.11
    ],
    [
      1784177809,
      1.11
    ],
    [
      1784178710,
      1.11
    ],
    [
      1784179612,
      1.12
    ]
  ],
  "solana": [
    [
      1784173302,
      76.96
    ],
    [
      1784174204,
      76.83
    ],
    [
      1784175105,
      76.83
    ],
    [
      1784176006,
      76.75
    ],
    [
      1784176907,
      76.8
    ],
    [
      1784177809,
      76.72
    ],
    [
      1784178710,
      76.74
    ],
    [
      1784179612,
      77.13
    ]
  ],
  "dogecoin": [
    [
      1784173302,
      0.074177
    ],
    [
      1784174204,
      0.073949
    ],
    [
      1784175105,
      0.073871
    ],
    [
      1784176006,
      0.073883
    ],
    [
      1784176907,
      0.073891
    ],
    [
      1784177809,
      0.073799
    ],
    [
      1784178710,
      0.073843
    ],
    [
      1784179612,
      0.07412
    ]
  ],
  "cardano": [
    [
      1784173302,
      0.16518
    ],
    [
      1784174204,
      0.164668
    ],
    [
      1784175105,
      0.164712
    ],
    [
      1784176006,
      0.164733
    ],
    [
      1784176907,
      0.164697
    ],
    [
      1784177809,
      0.164465
    ],
    [
      1784178710,
      0.164635
    ],
    [
      1784179612,
      0.164713
    ]
  ],
  "tron": [
    [
      1784173302,
      0.323776
    ],
    [
      1784174204,
      0.323409
    ],
    [
      1784175105,
      0.323746
    ],
    [
      1784176006,
      0.323824
    ],
    [
      1784176907,
      0.323854
    ],
    [
      1784177809,
      0.323906
    ],
    [
      1784178710,
      0.323799
    ],
    [
      1784179612,
      0.324012
    ]
  ],
  "chainlink": [
    [
      1784173302,
      8.53
    ],
    [
      1784174204,
      8.52
    ],
    [
      1784175105,
      8.53
    ],
    [
      1784176006,
      8.52
    ],
    [
      1784176907,
      8.54
    ],
    [
      1784177809,
      8.55
    ],
    [
      1784178710,
      8.54
    ],
    [
      1784179612,
      8.55
    ]
  ],
  "the-open-network": [
    [
      1784173302,
      1.57
    ],
    [
      1784174204,
      1.57
    ],
    [
      1784175105,
      1.57
    ],
    [
      1784176006,
      1.56
    ],
    [
      1784176907,
      1.56
    ],
    [
      1784177809,
      1.57
    ],
    [
      1784178710,
      1.57
    ],
    [
      1784179612,
      1.58
    ]
  ],
  "stellar": [
    [
      1784173302,
      0.187779
    ],
    [
      1784174204,
      0.187498
    ],
    [
      1784175105,
      0.187374
    ],
    [
      1784176006,
      0.186925
    ],
    [
      1784176907,
      0.187178
    ],
    [
      1784177809,
      0.188475
    ],
    [
      1784178710,
      0.189016
    ],
    [
      1784179612,
      0.189269
    ]
  ],
  "hedera-hashgraph": [
    [
      1784173302,
      0.06771
    ],
    [
      1784174204,
      0.067504
    ],
    [
      1784175105,
      0.067465
    ],
    [
      1784176006,
      0.067396
    ],
    [
      1784176907,
      0.067381
    ],
    [
      1784177809,
      0.067415
    ],
    [
      1784178710,
      0.067456
    ],
    [
      1784179612,
      0.067536
    ]
  ],
  "sui": [
    [
      1784173302,
      0.760662
    ],
    [
      1784174204,
      0.759078
    ],
    [
      1784175105,
      0.758153
    ],
    [
      1784176006,
      0.755954
    ],
    [
      1784176907,
      0.757593
    ],
    [
      1784177809,
      0.754485
    ],
    [
      1784178710,
      0.756573
    ],
    [
      1784179612,
      0.757032
    ]
  ],
  "bitcoin-cash": [
    [
      1784173302,
      221.19
    ],
    [
      1784174204,
      220.83
    ],
    [
      1784175105,
      221.35
    ],
    [
      1784176006,
      221.66
    ],
    [
      1784176907,
      221.73
    ],
    [
      1784177809,
      222.35
    ],
    [
      1784178710,
      222.29
    ],
    [
      1784179612,
      222.59
    ]
  ],
  "litecoin": [
    [
      1784173302,
      45.21
    ],
    [
      1784174204,
      45.13
    ],
    [
      1784175105,
      45.18
    ],
    [
      1784176006,
      45.18
    ],
    [
      1784176907,
      45.22
    ],
    [
      1784177809,
      45.19
    ],
    [
      1784178710,
      45.28
    ],
    [
      1784179612,
      45.36
    ]
  ],
  "polkadot": [
    [
      1784173302,
      0.849381
    ],
    [
      1784174204,
      0.848377
    ],
    [
      1784175105,
      0.844826
    ],
    [
      1784176006,
      0.842348
    ],
    [
      1784176907,
      0.842197
    ],
    [
      1784177809,
      0.841693
    ],
    [
      1784178710,
      0.841989
    ],
    [
      1784179612,
      0.844878
    ]
  ],
  "hyperliquid": [
    [
      1784173302,
      66.12
    ],
    [
      1784174204,
      66.0
    ],
    [
      1784175105,
      65.98
    ],
    [
      1784176006,
      66.18
    ],
    [
      1784176907,
      66.3
    ],
    [
      1784177809,
      66.34
    ],
    [
      1784178710,
      66.47
    ],
    [
      1784179612,
      66.67
    ]
  ],
  "monero": [
    [
      1784173302,
      330.72
    ],
    [
      1784174204,
      331.05
    ],
    [
      1784175105,
      331.22
    ],
    [
      1784176006,
      331.01
    ],
    [
      1784176907,
      331.17
    ],
    [
      1784177809,
      331.34
    ],
    [
      1784178710,
      331.2
    ],
    [
      1784179612,
      331.07
    ]
  ],
  "_alerts_sent": {}
}