{
  "bitcoin": [
    [
      1783050414,
      61318
    ],
    [
      1783051315,
      61376.7
    ],
    [
      1783052217,
      61313
    ],
    [
      1783053118,
      61353
    ],
    [
      1783054019,
      61384
    ],
    [
      1783054921,
      61382
    ],
    [
      1783055822,
      61458
    ],
    [
      1783056723,
      61568
    ]
  ],
  "ethereum": [
    [
      1783050414,
      1702.44
    ],
    [
      1783051315,
      1705.21
    ],
    [
      1783052217,
      1702.94
    ],
    [
      1783053118,
      1702.2
    ],
    [
      1783054019,
      1704.19
    ],
    [
      1783054921,
      1701.65
    ],
    [
      1783055822,
      1704.11
    ],
    [
      1783056723,
      1708.74
    ]
  ],
  "avalanche-2": [
    [
      1783050414,
      6.84
    ],
    [
      1783051315,
      6.846
    ],
    [
      1783052217,
      6.82
    ],
    [
      1783053118,
      6.81
    ],
    [
      1783054019,
      6.82
    ],
    [
      1783054921,
      6.81
    ],
    [
      1783055822,
      6.82
    ],
    [
      1783056723,
      6.83
    ]
  ],
  "ondo-finance": [
    [
      1783050414,
      0.331121
    ],
    [
      1783051315,
      0.33209
    ],
    [
      1783052217,
      0.330483
    ],
    [
      1783053118,
      0.329736
    ],
    [
      1783054019,
      0.329771
    ],
    [
      1783054921,
      0.329103
    ],
    [
      1783055822,
      0.329037
    ],
    [
      1783056723,
      0.32965
    ]
  ],
  "binancecoin": [
    [
      1783050414,
      559.54
    ],
    [
      1783052217,
      560.26
    ],
    [
      1783053118,
      560.15
    ],
    [
      1783054019,
      560.54
    ],
    [
      1783054921,
      560.15
    ],
    [
      1783055822,
      560.28
    ],
    [
      1783056723,
      561.16
    ]
  ],
  "ripple": [
    [
      1783050414,
      1.088
    ],
    [
      1783052217,
      1.089
    ],
    [
      1783053118,
      1.09
    ],
    [
      1783054019,
      1.092
    ],
    [
      1783054921,
      1.092
    ],
    [
      1783055822,
      1.093
    ],
    [
      1783056723,
      1.095
    ]
  ],
  "solana": [
    [
      1783050414,
      80.6
    ],
    [
      1783052217,
      80.49
    ],
    [
      1783053118,
      80.51
    ],
    [
      1783054019,
      80.67
    ],
    [
      1783054921,
      80.45
    ],
    [
      1783055822,
      80.59
    ],
    [
      1783056723,
      80.76
    ]
  ],
  "dogecoin": [
    [
      1783050414,
      0.07455
    ],
    [
      1783052217,
      0.074594
    ],
    [
      1783053118,
      0.074485
    ],
    [
      1783054019,
      0.074551
    ],
    [
      1783054921,
      0.074458
    ],
    [
      1783055822,
      0.074494
    ],
    [
      1783056723,
      0.074607
    ]
  ],
  "cardano": [
    [
      1783050414,
      0.166386
    ],
    [
      1783052217,
      0.165274
    ],
    [
      1783053118,
      0.164363
    ],
    [
      1783054019,
      0.164495
    ],
    [
      1783054921,
      0.163969
    ],
    [
      1783055822,
      0.163471
    ],
    [
      1783056723,
      0.163427
    ]
  ],
  "tron": [
    [
      1783050414,
      0.317131
    ],
    [
      1783052217,
      0.317094
    ],
    [
      1783053118,
      0.317114
    ],
    [
      1783054019,
      0.317058
    ],
    [
      1783054921,
      0.316977
    ],
    [
      1783055822,
      0.316961
    ],
    [
      1783056723,
      0.317018
    ]
  ],
  "chainlink": [
    [
      1783050414,
      7.76
    ],
    [
      1783052217,
      7.73
    ],
    [
      1783053118,
      7.73
    ],
    [
      1783054019,
      7.74
    ],
    [
      1783054921,
      7.73
    ],
    [
      1783055822,
      7.73
    ],
    [
      1783056723,
      7.74
    ]
  ],
  "the-open-network": [
    [
      1783050414,
      1.65
    ],
    [
      1783052217,
      1.64
    ],
    [
      1783053118,
      1.64
    ],
    [
      1783054019,
      1.64
    ],
    [
      1783054921,
      1.63
    ],
    [
      1783055822,
      1.64
    ],
    [
      1783056723,
      1.65
    ]
  ],
  "stellar": [
    [
      1783050414,
      0.196988
    ],
    [
      1783052217,
      0.197502
    ],
    [
      1783053118,
      0.197944
    ],
    [
      1783054019,
      0.198109
    ],
    [
      1783054921,
      0.197612
    ],
    [
      1783055822,
      0.19822
    ],
    [
      1783056723,
      0.198564
    ]
  ],
  "hedera-hashgraph": [
    [
      1783050414,
      0.071014
    ],
    [
      1783052217,
      0.071124
    ],
    [
      1783053118,
      0.071099
    ],
    [
      1783054019,
      0.070987
    ],
    [
      1783054921,
      0.071008
    ],
    [
      1783055822,
      0.071046
    ],
    [
      1783056723,
      0.071061
    ]
  ],
  "sui": [
    [
      1783050414,
      0.742293
    ],
    [
      1783052217,
      0.740189
    ],
    [
      1783053118,
      0.739569
    ],
    [
      1783054019,
      0.740351
    ],
    [
      1783054921,
      0.73833
    ],
    [
      1783055822,
      0.738234
    ],
    [
      1783056723,
      0.738189
    ]
  ],
  "bitcoin-cash": [
    [
      1783050414,
      221.88
    ],
    [
      1783052217,
      220.37
    ],
    [
      1783053118,
      220.53
    ],
    [
      1783054019,
      220.75
    ],
    [
      1783054921,
      220.48
    ],
    [
      1783055822,
      221.05
    ],
    [
      1783056723,
      222.46
    ]
  ],
  "litecoin": [
    [
      1783050414,
      43.36
    ],
    [
      1783052217,
      43.16
    ],
    [
      1783053118,
      43.15
    ],
    [
      1783054019,
      43.18
    ],
    [
      1783054921,
      43.14
    ],
    [
      1783055822,
      43.18
    ],
    [
      1783056723,
      43.17
    ]
  ],
  "polkadot": [
    [
      1783050414,
      0.852396
    ],
    [
      1783052217,
      0.847791
    ],
    [
      1783053118,
      0.846657
    ],
    [
      1783054019,
      0.848603
    ],
    [
      1783054921,
      0.848129
    ],
    [
      1783055822,
      0.847581
    ],
    [
      1783056723,
      0.849071
    ]
  ],
  "hyperliquid": [
    [
      1783050414,
      66.53
    ],
    [
      1783052217,
      66.38
    ],
    [
      1783053118,
      66.36
    ],
    [
      1783054019,
      66.61
    ],
    [
      1783054921,
      66.5
    ],
    [
      1783055822,
      66.9
    ],
    [
      1783056723,
      67.31
    ]
  ],
  "monero": [
    [
      1783050414,
      318.5
    ],
    [
      1783052217,
      316.57
    ],
    [
      1783053118,
      316.8
    ],
    [
      1783054019,
      317.21
    ],
    [
      1783054921,
      316.3
    ],
    [
      1783055822,
      316.02
    ],
    [
      1783056723,
      316.42
    ]
  ],
  "_alerts_sent": {}
}