{
  "bitcoin": [
    [
      1780456459,
      66359
    ],
    [
      1780457361,
      66110
    ],
    [
      1780458262,
      65850
    ],
    [
      1780459165,
      65765
    ],
    [
      1780460066,
      66275
    ],
    [
      1780460968,
      66507
    ],
    [
      1780461869,
      66322
    ],
    [
      1780462771,
      66362
    ]
  ],
  "ethereum": [
    [
      1780456459,
      1845.28
    ],
    [
      1780457361,
      1841.42
    ],
    [
      1780458262,
      1828.5
    ],
    [
      1780459165,
      1825.67
    ],
    [
      1780460066,
      1837.89
    ],
    [
      1780460968,
      1843.51
    ],
    [
      1780461869,
      1839.94
    ],
    [
      1780462771,
      1847.38
    ]
  ],
  "avalanche-2": [
    [
      1780456459,
      8.18
    ],
    [
      1780457361,
      8.15
    ],
    [
      1780458262,
      8.07
    ],
    [
      1780459165,
      8.04
    ],
    [
      1780460066,
      8.1
    ],
    [
      1780460968,
      8.13
    ],
    [
      1780461869,
      8.13
    ],
    [
      1780462771,
      8.15
    ]
  ],
  "ondo-finance": [
    [
      1780456459,
      0.382839
    ],
    [
      1780457361,
      0.384764
    ],
    [
      1780458262,
      0.380715
    ],
    [
      1780459165,
      0.380311
    ],
    [
      1780460066,
      0.383651
    ],
    [
      1780460968,
      0.385358
    ],
    [
      1780461869,
      0.390795
    ],
    [
      1780462771,
      0.392476
    ]
  ],
  "binancecoin": [
    [
      1780456459,
      644.29
    ],
    [
      1780457361,
      638.51
    ],
    [
      1780458262,
      634.3
    ],
    [
      1780459165,
      633.0
    ],
    [
      1780460066,
      636.52
    ],
    [
      1780460968,
      636.72
    ],
    [
      1780461869,
      634.41
    ],
    [
      1780462771,
      635.4
    ]
  ],
  "ripple": [
    [
      1780456459,
      1.22
    ],
    [
      1780457361,
      1.21
    ],
    [
      1780458262,
      1.2
    ],
    [
      1780459165,
      1.2
    ],
    [
      1780460066,
      1.21
    ],
    [
      1780460968,
      1.21
    ],
    [
      1780461869,
      1.21
    ],
    [
      1780462771,
      1.21
    ]
  ],
  "solana": [
    [
      1780456459,
      74.23
    ],
    [
      1780457361,
      73.89
    ],
    [
      1780458262,
      73.15
    ],
    [
      1780459165,
      72.74
    ],
    [
      1780460066,
      73.25
    ],
    [
      1780460968,
      73.53
    ],
    [
      1780461869,
      73.56
    ],
    [
      1780462771,
      73.85
    ]
  ],
  "dogecoin": [
    [
      1780456459,
      0.092556
    ],
    [
      1780457361,
      0.092148
    ],
    [
      1780458262,
      0.091361
    ],
    [
      1780459165,
      0.091453
    ],
    [
      1780460066,
      0.092103
    ],
    [
      1780460968,
      0.092352
    ],
    [
      1780461869,
      0.092318
    ],
    [
      1780462771,
      0.092503
    ]
  ],
  "cardano": [
    [
      1780456459,
      0.211863
    ],
    [
      1780457361,
      0.211037
    ],
    [
      1780458262,
      0.209021
    ],
    [
      1780459165,
      0.208786
    ],
    [
      1780460066,
      0.210203
    ],
    [
      1780460968,
      0.210551
    ],
    [
      1780461869,
      0.210903
    ],
    [
      1780462771,
      0.211447
    ]
  ],
  "tron": [
    [
      1780456459,
      0.332418
    ],
    [
      1780457361,
      0.331885
    ],
    [
      1780458262,
      0.330681
    ],
    [
      1780459165,
      0.329652
    ],
    [
      1780460066,
      0.329727
    ],
    [
      1780460968,
      0.329918
    ],
    [
      1780461869,
      0.330282
    ],
    [
      1780462771,
      0.331211
    ]
  ],
  "chainlink": [
    [
      1780456459,
      8.35
    ],
    [
      1780457361,
      8.33
    ],
    [
      1780458262,
      8.25
    ],
    [
      1780459165,
      8.23
    ],
    [
      1780460066,
      8.29
    ],
    [
      1780460968,
      8.32
    ],
    [
      1780461869,
      8.32
    ],
    [
      1780462771,
      8.34
    ]
  ],
  "the-open-network": [
    [
      1780456459,
      2.01
    ],
    [
      1780457361,
      2.01
    ],
    [
      1780458262,
      1.97
    ],
    [
      1780459165,
      1.97
    ],
    [
      1780460066,
      1.98
    ],
    [
      1780460968,
      2.0
    ],
    [
      1780461869,
      2.0
    ],
    [
      1780462771,
      2.01
    ]
  ],
  "stellar": [
    [
      1780456459,
      0.221186
    ],
    [
      1780457361,
      0.220313
    ],
    [
      1780458262,
      0.219168
    ],
    [
      1780459165,
      0.219053
    ],
    [
      1780460066,
      0.220832
    ],
    [
      1780460968,
      0.220358
    ],
    [
      1780461869,
      0.220571
    ],
    [
      1780462771,
      0.219988
    ]
  ],
  "hedera-hashgraph": [
    [
      1780456459,
      0.086221
    ],
    [
      1780457361,
      0.086209
    ],
    [
      1780458262,
      0.085312
    ],
    [
      1780459165,
      0.085466
    ],
    [
      1780460066,
      0.085659
    ],
    [
      1780460968,
      0.085917
    ],
    [
      1780461869,
      0.086308
    ],
    [
      1780462771,
      0.086406
    ]
  ],
  "sui": [
    [
      1780456459,
      0.809823
    ],
    [
      1780457361,
      0.805293
    ],
    [
      1780458262,
      0.797809
    ],
    [
      1780459165,
      0.796585
    ],
    [
      1780460066,
      0.804874
    ],
    [
      1780460968,
      0.809595
    ],
    [
      1780461869,
      0.810594
    ],
    [
      1780462771,
      0.814801
    ]
  ],
  "bitcoin-cash": [
    [
      1780456459,
      262.24
    ],
    [
      1780457361,
      261.15
    ],
    [
      1780458262,
      248.59
    ],
    [
      1780459165,
      246.98
    ],
    [
      1780460066,
      246.33
    ],
    [
      1780460968,
      246.43
    ],
    [
      1780461869,
      246.34
    ],
    [
      1780462771,
      247.51
    ]
  ],
  "litecoin": [
    [
      1780456459,
      47.37
    ],
    [
      1780457361,
      47.46
    ],
    [
      1780458262,
      47.21
    ],
    [
      1780459165,
      47.01
    ],
    [
      1780460066,
      47.38
    ],
    [
      1780460968,
      47.49
    ],
    [
      1780461869,
      47.51
    ],
    [
      1780462771,
      47.64
    ]
  ],
  "polkadot": [
    [
      1780456459,
      1.085
    ],
    [
      1780457361,
      1.082
    ],
    [
      1780458262,
      1.068
    ],
    [
      1780459165,
      1.062
    ],
    [
      1780460066,
      1.075
    ],
    [
      1780460968,
      1.081
    ],
    [
      1780461869,
      1.08
    ],
    [
      1780462771,
      1.085
    ]
  ],
  "hyperliquid": [
    [
      1780456459,
      70.36
    ],
    [
      1780457361,
      70.22
    ],
    [
      1780458262,
      69.56
    ],
    [
      1780459165,
      70.49
    ],
    [
      1780460066,
      71.59
    ],
    [
      1780460968,
      71.72
    ],
    [
      1780461869,
      72.0
    ],
    [
      1780462771,
      72.5
    ]
  ],
  "monero": [
    [
      1780456459,
      332.97
    ],
    [
      1780457361,
      332.73
    ],
    [
      1780458262,
      327.74
    ],
    [
      1780459165,
      328.83
    ],
    [
      1780460066,
      330.81
    ],
    [
      1780460968,
      332.08
    ],
    [
      1780461869,
      331.59
    ],
    [
      1780462771,
      334.74
    ]
  ],
  "_alerts_sent": {
    "bitcoin-cash_2026-06-03 05": true,
    "bitcoin-cash_2026-06-03 06": true
  }
}