{
  "bitcoin": [
    [
      1783023371,
      61401
    ],
    [
      1783024272,
      61344
    ],
    [
      1783025173,
      61318
    ],
    [
      1783026075,
      61518.0
    ],
    [
      1783026976,
      61472
    ],
    [
      1783027878,
      61470
    ],
    [
      1783028779,
      61460
    ],
    [
      1783029680,
      61503
    ]
  ],
  "ethereum": [
    [
      1783023371,
      1699.53
    ],
    [
      1783024272,
      1695.2
    ],
    [
      1783025173,
      1696.58
    ],
    [
      1783026075,
      1702.88
    ],
    [
      1783026976,
      1702.21
    ],
    [
      1783027878,
      1701.9
    ],
    [
      1783028779,
      1696.89
    ],
    [
      1783029680,
      1697.4
    ]
  ],
  "avalanche-2": [
    [
      1783023371,
      6.73
    ],
    [
      1783024272,
      6.72
    ],
    [
      1783025173,
      6.73
    ],
    [
      1783026075,
      6.747
    ],
    [
      1783026976,
      6.75
    ],
    [
      1783027878,
      6.78
    ],
    [
      1783028779,
      6.77
    ],
    [
      1783029680,
      6.77
    ]
  ],
  "ondo-finance": [
    [
      1783023371,
      0.330973
    ],
    [
      1783024272,
      0.330204
    ],
    [
      1783025173,
      0.329951
    ],
    [
      1783026075,
      0.32999
    ],
    [
      1783026976,
      0.329941
    ],
    [
      1783027878,
      0.329243
    ],
    [
      1783028779,
      0.328174
    ],
    [
      1783029680,
      0.327446
    ]
  ],
  "binancecoin": [
    [
      1783023371,
      558.09
    ],
    [
      1783024272,
      557.42
    ],
    [
      1783025173,
      557.03
    ],
    [
      1783026976,
      557.55
    ],
    [
      1783027878,
      557.5
    ],
    [
      1783028779,
      557.01
    ],
    [
      1783029680,
      557.02
    ]
  ],
  "ripple": [
    [
      1783023371,
      1.083
    ],
    [
      1783024272,
      1.081
    ],
    [
      1783025173,
      1.081
    ],
    [
      1783026976,
      1.082
    ],
    [
      1783027878,
      1.081
    ],
    [
      1783028779,
      1.08
    ],
    [
      1783029680,
      1.08
    ]
  ],
  "solana": [
    [
      1783023371,
      80.66
    ],
    [
      1783024272,
      80.58
    ],
    [
      1783025173,
      80.7
    ],
    [
      1783026976,
      80.97
    ],
    [
      1783027878,
      80.88
    ],
    [
      1783028779,
      80.72
    ],
    [
      1783029680,
      80.65
    ]
  ],
  "dogecoin": [
    [
      1783023371,
      0.074141
    ],
    [
      1783024272,
      0.073969
    ],
    [
      1783025173,
      0.073988
    ],
    [
      1783026976,
      0.074026
    ],
    [
      1783027878,
      0.073986
    ],
    [
      1783028779,
      0.073851
    ],
    [
      1783029680,
      0.073953
    ]
  ],
  "cardano": [
    [
      1783023371,
      0.159962
    ],
    [
      1783024272,
      0.160484
    ],
    [
      1783025173,
      0.16153
    ],
    [
      1783026976,
      0.16126
    ],
    [
      1783027878,
      0.161537
    ],
    [
      1783028779,
      0.160841
    ],
    [
      1783029680,
      0.160788
    ]
  ],
  "tron": [
    [
      1783023371,
      0.317479
    ],
    [
      1783024272,
      0.317348
    ],
    [
      1783025173,
      0.317332
    ],
    [
      1783026976,
      0.317238
    ],
    [
      1783027878,
      0.317105
    ],
    [
      1783028779,
      0.31723
    ],
    [
      1783029680,
      0.317135
    ]
  ],
  "chainlink": [
    [
      1783023371,
      7.73
    ],
    [
      1783024272,
      7.72
    ],
    [
      1783025173,
      7.72
    ],
    [
      1783026976,
      7.74
    ],
    [
      1783027878,
      7.73
    ],
    [
      1783028779,
      7.73
    ],
    [
      1783029680,
      7.73
    ]
  ],
  "the-open-network": [
    [
      1783023371,
      1.7
    ],
    [
      1783024272,
      1.68
    ],
    [
      1783025173,
      1.67
    ],
    [
      1783026976,
      1.69
    ],
    [
      1783027878,
      1.69
    ],
    [
      1783028779,
      1.69
    ],
    [
      1783029680,
      1.7
    ]
  ],
  "stellar": [
    [
      1783023371,
      0.19647
    ],
    [
      1783024272,
      0.196272
    ],
    [
      1783025173,
      0.196532
    ],
    [
      1783026976,
      0.196887
    ],
    [
      1783027878,
      0.196499
    ],
    [
      1783028779,
      0.19653
    ],
    [
      1783029680,
      0.196207
    ]
  ],
  "hedera-hashgraph": [
    [
      1783023371,
      0.07239
    ],
    [
      1783024272,
      0.071935
    ],
    [
      1783025173,
      0.071707
    ],
    [
      1783026976,
      0.071651
    ],
    [
      1783027878,
      0.071504
    ],
    [
      1783028779,
      0.071301
    ],
    [
      1783029680,
      0.071404
    ]
  ],
  "sui": [
    [
      1783023371,
      0.735725
    ],
    [
      1783024272,
      0.733941
    ],
    [
      1783025173,
      0.734395
    ],
    [
      1783026976,
      0.735669
    ],
    [
      1783027878,
      0.734821
    ],
    [
      1783028779,
      0.733871
    ],
    [
      1783029680,
      0.734332
    ]
  ],
  "bitcoin-cash": [
    [
      1783023371,
      219.79
    ],
    [
      1783024272,
      219.48
    ],
    [
      1783025173,
      220.89
    ],
    [
      1783026976,
      219.41
    ],
    [
      1783027878,
      219.35
    ],
    [
      1783028779,
      219.25
    ],
    [
      1783029680,
      220.6
    ]
  ],
  "litecoin": [
    [
      1783023371,
      43.44
    ],
    [
      1783024272,
      43.33
    ],
    [
      1783025173,
      43.36
    ],
    [
      1783026976,
      43.41
    ],
    [
      1783027878,
      43.44
    ],
    [
      1783028779,
      43.37
    ],
    [
      1783029680,
      43.37
    ]
  ],
  "polkadot": [
    [
      1783023371,
      0.843446
    ],
    [
      1783024272,
      0.84227
    ],
    [
      1783025173,
      0.842299
    ],
    [
      1783026976,
      0.841829
    ],
    [
      1783027878,
      0.841768
    ],
    [
      1783028779,
      0.839577
    ],
    [
      1783029680,
      0.840019
    ]
  ],
  "hyperliquid": [
    [
      1783023371,
      66.38
    ],
    [
      1783024272,
      66.21
    ],
    [
      1783025173,
      66.27
    ],
    [
      1783026976,
      66.18
    ],
    [
      1783027878,
      65.92
    ],
    [
      1783028779,
      65.76
    ],
    [
      1783029680,
      65.85
    ]
  ],
  "monero": [
    [
      1783023371,
      314.83
    ],
    [
      1783024272,
      314.69
    ],
    [
      1783025173,
      314.52
    ],
    [
      1783026976,
      316.59
    ],
    [
      1783027878,
      316.57
    ],
    [
      1783028779,
      316.45
    ],
    [
      1783029680,
      316.62
    ]
  ],
  "_alerts_sent": {}
}