{
  "bitcoin": [
    [
      1781311906,
      63542
    ],
    [
      1781312807,
      63598
    ],
    [
      1781313708,
      63596
    ],
    [
      1781314610,
      63623
    ],
    [
      1781315511,
      63768
    ],
    [
      1781316412,
      63756
    ],
    [
      1781317313,
      63737
    ],
    [
      1781318215,
      63666
    ]
  ],
  "ethereum": [
    [
      1781311906,
      1665.49
    ],
    [
      1781312807,
      1667.15
    ],
    [
      1781313708,
      1666.61
    ],
    [
      1781314610,
      1667.2
    ],
    [
      1781315511,
      1672.79
    ],
    [
      1781316412,
      1671.95
    ],
    [
      1781317313,
      1670.85
    ],
    [
      1781318215,
      1668.71
    ]
  ],
  "avalanche-2": [
    [
      1781311906,
      6.57
    ],
    [
      1781312807,
      6.59
    ],
    [
      1781313708,
      6.6
    ],
    [
      1781314610,
      6.6
    ],
    [
      1781315511,
      6.62
    ],
    [
      1781316412,
      6.61
    ],
    [
      1781317313,
      6.61
    ],
    [
      1781318215,
      6.6
    ]
  ],
  "ondo-finance": [
    [
      1781311906,
      0.354503
    ],
    [
      1781312807,
      0.35561
    ],
    [
      1781313708,
      0.357041
    ],
    [
      1781314610,
      0.358332
    ],
    [
      1781315511,
      0.358269
    ],
    [
      1781316412,
      0.357316
    ],
    [
      1781317313,
      0.356596
    ],
    [
      1781318215,
      0.355959
    ]
  ],
  "binancecoin": [
    [
      1781311906,
      604.28
    ],
    [
      1781312807,
      604.84
    ],
    [
      1781313708,
      603.79
    ],
    [
      1781314610,
      604.47
    ],
    [
      1781315511,
      605.39
    ],
    [
      1781316412,
      605.18
    ],
    [
      1781317313,
      604.35
    ],
    [
      1781318215,
      604.7
    ]
  ],
  "ripple": [
    [
      1781311906,
      1.13
    ],
    [
      1781312807,
      1.14
    ],
    [
      1781313708,
      1.14
    ],
    [
      1781314610,
      1.14
    ],
    [
      1781315511,
      1.14
    ],
    [
      1781316412,
      1.14
    ],
    [
      1781317313,
      1.14
    ],
    [
      1781318215,
      1.13
    ]
  ],
  "solana": [
    [
      1781311906,
      66.92
    ],
    [
      1781312807,
      67.01
    ],
    [
      1781313708,
      67.07
    ],
    [
      1781314610,
      67.14
    ],
    [
      1781315511,
      67.39
    ],
    [
      1781316412,
      67.36
    ],
    [
      1781317313,
      67.2
    ],
    [
      1781318215,
      67.08
    ]
  ],
  "dogecoin": [
    [
      1781311906,
      0.085963
    ],
    [
      1781312807,
      0.086091
    ],
    [
      1781313708,
      0.086251
    ],
    [
      1781314610,
      0.086328
    ],
    [
      1781315511,
      0.086626
    ],
    [
      1781316412,
      0.086692
    ],
    [
      1781317313,
      0.086612
    ],
    [
      1781318215,
      0.086531
    ]
  ],
  "cardano": [
    [
      1781311906,
      0.169977
    ],
    [
      1781312807,
      0.169993
    ],
    [
      1781313708,
      0.171
    ],
    [
      1781314610,
      0.172034
    ],
    [
      1781315511,
      0.172749
    ],
    [
      1781316412,
      0.172685
    ],
    [
      1781317313,
      0.172373
    ],
    [
      1781318215,
      0.171938
    ]
  ],
  "tron": [
    [
      1781311906,
      0.315299
    ],
    [
      1781312807,
      0.315208
    ],
    [
      1781313708,
      0.315209
    ],
    [
      1781314610,
      0.315264
    ],
    [
      1781315511,
      0.315294
    ],
    [
      1781316412,
      0.315375
    ],
    [
      1781317313,
      0.315215
    ],
    [
      1781318215,
      0.315108
    ]
  ],
  "chainlink": [
    [
      1781311906,
      7.88
    ],
    [
      1781312807,
      7.89
    ],
    [
      1781313708,
      7.9
    ],
    [
      1781314610,
      7.91
    ],
    [
      1781315511,
      7.93
    ],
    [
      1781316412,
      7.93
    ],
    [
      1781317313,
      7.92
    ],
    [
      1781318215,
      7.91
    ]
  ],
  "the-open-network": [
    [
      1781311906,
      1.68
    ],
    [
      1781312807,
      1.68
    ],
    [
      1781313708,
      1.68
    ],
    [
      1781314610,
      1.68
    ],
    [
      1781315511,
      1.69
    ],
    [
      1781316412,
      1.68
    ],
    [
      1781317313,
      1.68
    ],
    [
      1781318215,
      1.68
    ]
  ],
  "stellar": [
    [
      1781311906,
      0.187277
    ],
    [
      1781312807,
      0.187325
    ],
    [
      1781313708,
      0.187334
    ],
    [
      1781314610,
      0.187422
    ],
    [
      1781315511,
      0.188028
    ],
    [
      1781316412,
      0.187955
    ],
    [
      1781317313,
      0.187765
    ],
    [
      1781318215,
      0.185214
    ]
  ],
  "hedera-hashgraph": [
    [
      1781311906,
      0.077899
    ],
    [
      1781312807,
      0.077792
    ],
    [
      1781313708,
      0.077974
    ],
    [
      1781314610,
      0.078148
    ],
    [
      1781315511,
      0.078186
    ],
    [
      1781316412,
      0.078159
    ],
    [
      1781317313,
      0.077985
    ],
    [
      1781318215,
      0.077833
    ]
  ],
  "sui": [
    [
      1781311906,
      0.750534
    ],
    [
      1781312807,
      0.751684
    ],
    [
      1781313708,
      0.75269
    ],
    [
      1781314610,
      0.754068
    ],
    [
      1781315511,
      0.755846
    ],
    [
      1781316412,
      0.755992
    ],
    [
      1781317313,
      0.753748
    ],
    [
      1781318215,
      0.752279
    ]
  ],
  "bitcoin-cash": [
    [
      1781311906,
      202.28
    ],
    [
      1781312807,
      202.52
    ],
    [
      1781313708,
      202.83
    ],
    [
      1781314610,
      203.08
    ],
    [
      1781315511,
      203.83
    ],
    [
      1781316412,
      203.9
    ],
    [
      1781317313,
      203.27
    ],
    [
      1781318215,
      203.14
    ]
  ],
  "litecoin": [
    [
      1781311906,
      43.2
    ],
    [
      1781312807,
      43.31
    ],
    [
      1781313708,
      43.32
    ],
    [
      1781314610,
      43.38
    ],
    [
      1781315511,
      43.44
    ],
    [
      1781316412,
      43.42
    ],
    [
      1781317313,
      43.36
    ],
    [
      1781318215,
      43.26
    ]
  ],
  "polkadot": [
    [
      1781311906,
      0.959213
    ],
    [
      1781312807,
      0.962575
    ],
    [
      1781313708,
      0.964989
    ],
    [
      1781314610,
      0.966311
    ],
    [
      1781315511,
      0.968744
    ],
    [
      1781316412,
      0.968512
    ],
    [
      1781317313,
      0.966766
    ],
    [
      1781318215,
      0.9652
    ]
  ],
  "hyperliquid": [
    [
      1781311906,
      59.18
    ],
    [
      1781312807,
      59.24
    ],
    [
      1781313708,
      59.06
    ],
    [
      1781314610,
      59.12
    ],
    [
      1781315511,
      59.25
    ],
    [
      1781316412,
      59.34
    ],
    [
      1781317313,
      59.34
    ],
    [
      1781318215,
      59.55
    ]
  ],
  "monero": [
    [
      1781311906,
      349.06
    ],
    [
      1781312807,
      349.16
    ],
    [
      1781313708,
      346.98
    ],
    [
      1781314610,
      344.93
    ],
    [
      1781315511,
      343.47
    ],
    [
      1781316412,
      345.06
    ],
    [
      1781317313,
      343.35
    ],
    [
      1781318215,
      345.71
    ]
  ],
  "_alerts_sent": {}
}