{
  "bitcoin": [
    [
      1780120839,
      73513
    ],
    [
      1780121740,
      73455
    ],
    [
      1780122641,
      73516
    ],
    [
      1780123543,
      73559
    ],
    [
      1780124446,
      73497
    ],
    [
      1780125347,
      73455
    ],
    [
      1780126248,
      73469
    ],
    [
      1780127150,
      73410
    ]
  ],
  "ethereum": [
    [
      1780120839,
      2013.48
    ],
    [
      1780121740,
      2012.37
    ],
    [
      1780122641,
      2014.26
    ],
    [
      1780123543,
      2016.7
    ],
    [
      1780124446,
      2014.57
    ],
    [
      1780125347,
      2013.49
    ],
    [
      1780126248,
      2014.79
    ],
    [
      1780127150,
      2011.64
    ]
  ],
  "avalanche-2": [
    [
      1780120839,
      8.93
    ],
    [
      1780121740,
      8.91
    ],
    [
      1780122641,
      8.92
    ],
    [
      1780123543,
      8.93
    ],
    [
      1780124446,
      8.91
    ],
    [
      1780125347,
      8.9
    ],
    [
      1780126248,
      8.91
    ],
    [
      1780127150,
      8.89
    ]
  ],
  "ondo-finance": [
    [
      1780120839,
      0.350051
    ],
    [
      1780121740,
      0.348958
    ],
    [
      1780122641,
      0.350655
    ],
    [
      1780123543,
      0.351845
    ],
    [
      1780124446,
      0.350367
    ],
    [
      1780125347,
      0.348387
    ],
    [
      1780126248,
      0.348318
    ],
    [
      1780127150,
      0.346396
    ]
  ]
}