{
  "bitcoin": [
    [
      1782190259,
      63747
    ],
    [
      1782191160,
      63620
    ],
    [
      1782192061,
      63521
    ],
    [
      1782192963,
      63393
    ],
    [
      1782193864,
      63322
    ],
    [
      1782194765,
      63281
    ],
    [
      1782195667,
      62961
    ],
    [
      1782196568,
      62825
    ]
  ],
  "ethereum": [
    [
      1782190259,
      1720.9
    ],
    [
      1782191160,
      1719.14
    ],
    [
      1782192061,
      1714.5
    ],
    [
      1782192963,
      1711.26
    ],
    [
      1782193864,
      1711.52
    ],
    [
      1782194765,
      1710.07
    ],
    [
      1782195667,
      1702.26
    ],
    [
      1782196568,
      1686.64
    ]
  ],
  "avalanche-2": [
    [
      1782190259,
      6.27
    ],
    [
      1782191160,
      6.27
    ],
    [
      1782192061,
      6.27
    ],
    [
      1782192963,
      6.23
    ],
    [
      1782193864,
      6.22
    ],
    [
      1782194765,
      6.23
    ],
    [
      1782195667,
      6.19
    ],
    [
      1782196568,
      6.11
    ]
  ],
  "ondo-finance": [
    [
      1782190259,
      0.322647
    ],
    [
      1782191160,
      0.320637
    ],
    [
      1782192061,
      0.320644
    ],
    [
      1782192963,
      0.319443
    ],
    [
      1782193864,
      0.318837
    ],
    [
      1782194765,
      0.317269
    ],
    [
      1782195667,
      0.315546
    ],
    [
      1782196568,
      0.313652
    ]
  ],
  "binancecoin": [
    [
      1782190259,
      588.23
    ],
    [
      1782191160,
      587.11
    ],
    [
      1782192061,
      586.03
    ],
    [
      1782192963,
      585.29
    ],
    [
      1782193864,
      585.34
    ],
    [
      1782194765,
      584.55
    ],
    [
      1782195667,
      581.28
    ],
    [
      1782196568,
      579.38
    ]
  ],
  "ripple": [
    [
      1782190259,
      1.12
    ],
    [
      1782191160,
      1.12
    ],
    [
      1782192061,
      1.12
    ],
    [
      1782192963,
      1.11
    ],
    [
      1782193864,
      1.11
    ],
    [
      1782194765,
      1.11
    ],
    [
      1782195667,
      1.11
    ],
    [
      1782196568,
      1.11
    ]
  ],
  "solana": [
    [
      1782190259,
      71.6
    ],
    [
      1782191160,
      71.45
    ],
    [
      1782192061,
      71.36
    ],
    [
      1782192963,
      70.94
    ],
    [
      1782193864,
      70.98
    ],
    [
      1782194765,
      70.84
    ],
    [
      1782195667,
      70.54
    ],
    [
      1782196568,
      69.98
    ]
  ],
  "dogecoin": [
    [
      1782190259,
      0.081747
    ],
    [
      1782191160,
      0.081644
    ],
    [
      1782192061,
      0.081603
    ],
    [
      1782192963,
      0.081413
    ],
    [
      1782193864,
      0.081439
    ],
    [
      1782194765,
      0.081513
    ],
    [
      1782195667,
      0.080681
    ],
    [
      1782196568,
      0.080134
    ]
  ],
  "cardano": [
    [
      1782190259,
      0.158313
    ],
    [
      1782191160,
      0.158324
    ],
    [
      1782192061,
      0.158342
    ],
    [
      1782192963,
      0.15766
    ],
    [
      1782193864,
      0.15739
    ],
    [
      1782194765,
      0.157397
    ],
    [
      1782195667,
      0.156435
    ],
    [
      1782196568,
      0.154489
    ]
  ],
  "tron": [
    [
      1782190259,
      0.332348
    ],
    [
      1782191160,
      0.332233
    ],
    [
      1782192061,
      0.332191
    ],
    [
      1782192963,
      0.331674
    ],
    [
      1782193864,
      0.331386
    ],
    [
      1782194765,
      0.331642
    ],
    [
      1782195667,
      0.331434
    ],
    [
      1782196568,
      0.331134
    ]
  ],
  "chainlink": [
    [
      1782190259,
      7.85
    ],
    [
      1782191160,
      7.84
    ],
    [
      1782192061,
      7.83
    ],
    [
      1782192963,
      7.82
    ],
    [
      1782193864,
      7.82
    ],
    [
      1782194765,
      7.82
    ],
    [
      1782195667,
      7.77
    ],
    [
      1782196568,
      7.68
    ]
  ],
  "the-open-network": [
    [
      1782190259,
      1.68
    ],
    [
      1782191160,
      1.7
    ],
    [
      1782192061,
      1.7
    ],
    [
      1782192963,
      1.71
    ],
    [
      1782193864,
      1.72
    ],
    [
      1782194765,
      1.72
    ],
    [
      1782195667,
      1.71
    ],
    [
      1782196568,
      1.71
    ]
  ],
  "stellar": [
    [
      1782190259,
      0.197107
    ],
    [
      1782191160,
      0.19688
    ],
    [
      1782192061,
      0.196705
    ],
    [
      1782192963,
      0.196148
    ],
    [
      1782193864,
      0.195922
    ],
    [
      1782194765,
      0.195617
    ],
    [
      1782195667,
      0.19469
    ],
    [
      1782196568,
      0.194483
    ]
  ],
  "hedera-hashgraph": [
    [
      1782190259,
      0.07865
    ],
    [
      1782191160,
      0.078759
    ],
    [
      1782192061,
      0.078702
    ],
    [
      1782192963,
      0.078461
    ],
    [
      1782193864,
      0.078367
    ],
    [
      1782194765,
      0.078393
    ],
    [
      1782195667,
      0.078183
    ],
    [
      1782196568,
      0.07754
    ]
  ],
  "sui": [
    [
      1782190259,
      0.72313
    ],
    [
      1782191160,
      0.721524
    ],
    [
      1782192061,
      0.717691
    ],
    [
      1782192963,
      0.712921
    ],
    [
      1782193864,
      0.705166
    ],
    [
      1782194765,
      0.705741
    ],
    [
      1782195667,
      0.693433
    ],
    [
      1782196568,
      0.684204
    ]
  ],
  "bitcoin-cash": [
    [
      1782190259,
      195.09
    ],
    [
      1782191160,
      195.15
    ],
    [
      1782192061,
      194.96
    ],
    [
      1782192963,
      194.24
    ],
    [
      1782193864,
      194.15
    ],
    [
      1782194765,
      194.33
    ],
    [
      1782195667,
      191.46
    ],
    [
      1782196568,
      190.09
    ]
  ],
  "litecoin": [
    [
      1782190259,
      44.42
    ],
    [
      1782191160,
      44.4
    ],
    [
      1782192061,
      44.37
    ],
    [
      1782192963,
      44.25
    ],
    [
      1782193864,
      44.26
    ],
    [
      1782194765,
      44.29
    ],
    [
      1782195667,
      44.13
    ],
    [
      1782196568,
      43.83
    ]
  ],
  "polkadot": [
    [
      1782190259,
      0.931205
    ],
    [
      1782191160,
      0.931139
    ],
    [
      1782192061,
      0.930135
    ],
    [
      1782192963,
      0.927654
    ],
    [
      1782193864,
      0.928897
    ],
    [
      1782194765,
      0.929289
    ],
    [
      1782195667,
      0.924556
    ],
    [
      1782196568,
      0.913749
    ]
  ],
  "hyperliquid": [
    [
      1782190259,
      66.02
    ],
    [
      1782191160,
      66.29
    ],
    [
      1782192061,
      66.43
    ],
    [
      1782192963,
      65.67
    ],
    [
      1782193864,
      65.34
    ],
    [
      1782194765,
      65.18
    ],
    [
      1782195667,
      64.32
    ],
    [
      1782196568,
      63.96
    ]
  ],
  "monero": [
    [
      1782190259,
      326.43
    ],
    [
      1782191160,
      319.77
    ],
    [
      1782192061,
      316.26
    ],
    [
      1782192963,
      318.28
    ],
    [
      1782193864,
      318.91
    ],
    [
      1782194765,
      321.51
    ],
    [
      1782195667,
      321.73
    ],
    [
      1782196568,
      320.46
    ]
  ],
  "_alerts_sent": {}
}