{
  "bitcoin": [
    [
      1780134361,
      73468
    ],
    [
      1780135262,
      73517
    ],
    [
      1780136163,
      73544
    ],
    [
      1780137065,
      73537
    ],
    [
      1780137966,
      73548
    ],
    [
      1780138867,
      73532
    ],
    [
      1780139920,
      73513
    ],
    [
      1780140956,
      73484
    ]
  ],
  "ethereum": [
    [
      1780134361,
      2013.25
    ],
    [
      1780135262,
      2014.25
    ],
    [
      1780136163,
      2014.76
    ],
    [
      1780137065,
      2016.33
    ],
    [
      1780137966,
      2017.72
    ],
    [
      1780138867,
      2015.01
    ],
    [
      1780139920,
      2013.97
    ],
    [
      1780140956,
      2014.22
    ]
  ],
  "avalanche-2": [
    [
      1780134361,
      8.9
    ],
    [
      1780135262,
      8.92
    ],
    [
      1780136163,
      8.91
    ],
    [
      1780137065,
      8.92
    ],
    [
      1780137966,
      8.92
    ],
    [
      1780138867,
      8.91
    ],
    [
      1780139920,
      8.89
    ],
    [
      1780140956,
      8.9
    ]
  ],
  "ondo-finance": [
    [
      1780134361,
      0.346258
    ],
    [
      1780135262,
      0.345646
    ],
    [
      1780136163,
      0.345151
    ],
    [
      1780137065,
      0.345727
    ],
    [
      1780137966,
      0.346803
    ],
    [
      1780138867,
      0.346079
    ],
    [
      1780139920,
      0.345554
    ],
    [
      1780140956,
      0.346727
    ]
  ]
}