{
  "bitcoin": [
    [
      1783311071,
      63201
    ],
    [
      1783311973,
      63213
    ],
    [
      1783312874,
      63278
    ],
    [
      1783313775,
      63264.9
    ],
    [
      1783314677,
      63147
    ],
    [
      1783315578,
      63115
    ],
    [
      1783316479,
      63070
    ],
    [
      1783317381,
      63090.1
    ]
  ],
  "ethereum": [
    [
      1783311071,
      1776.99
    ],
    [
      1783311973,
      1777.62
    ],
    [
      1783312874,
      1779.25
    ],
    [
      1783313775,
      1778.83
    ],
    [
      1783314677,
      1773.71
    ],
    [
      1783315578,
      1772.12
    ],
    [
      1783316479,
      1771.92
    ],
    [
      1783317381,
      1773.92
    ]
  ],
  "avalanche-2": [
    [
      1783311071,
      6.9
    ],
    [
      1783311973,
      6.92
    ],
    [
      1783312874,
      6.93
    ],
    [
      1783313775,
      6.941
    ],
    [
      1783314677,
      6.92
    ],
    [
      1783315578,
      6.9
    ],
    [
      1783316479,
      6.85
    ],
    [
      1783317381,
      6.868
    ]
  ],
  "ondo-finance": [
    [
      1783311071,
      0.327423
    ],
    [
      1783311973,
      0.327648
    ],
    [
      1783312874,
      0.32695
    ],
    [
      1783313775,
      0.328
    ],
    [
      1783314677,
      0.325542
    ],
    [
      1783315578,
      0.325536
    ],
    [
      1783316479,
      0.325024
    ],
    [
      1783317381,
      0.32551
    ]
  ],
  "binancecoin": [
    [
      1783311071,
      584.22
    ],
    [
      1783311973,
      583.63
    ],
    [
      1783312874,
      584.07
    ],
    [
      1783314677,
      583.04
    ],
    [
      1783315578,
      583.61
    ],
    [
      1783316479,
      582.18
    ]
  ],
  "ripple": [
    [
      1783311071,
      1.14
    ],
    [
      1783311973,
      1.15
    ],
    [
      1783312874,
      1.14
    ],
    [
      1783314677,
      1.14
    ],
    [
      1783315578,
      1.14
    ],
    [
      1783316479,
      1.14
    ]
  ],
  "solana": [
    [
      1783311071,
      80.71
    ],
    [
      1783311973,
      80.88
    ],
    [
      1783312874,
      80.78
    ],
    [
      1783314677,
      80.59
    ],
    [
      1783315578,
      80.48
    ],
    [
      1783316479,
      80.33
    ]
  ],
  "dogecoin": [
    [
      1783311071,
      0.077217
    ],
    [
      1783311973,
      0.077271
    ],
    [
      1783312874,
      0.077186
    ],
    [
      1783314677,
      0.076768
    ],
    [
      1783315578,
      0.076815
    ],
    [
      1783316479,
      0.076587
    ]
  ],
  "cardano": [
    [
      1783311071,
      0.187708
    ],
    [
      1783311973,
      0.187746
    ],
    [
      1783312874,
      0.186996
    ],
    [
      1783314677,
      0.186241
    ],
    [
      1783315578,
      0.186053
    ],
    [
      1783316479,
      0.184621
    ]
  ],
  "tron": [
    [
      1783311071,
      0.328414
    ],
    [
      1783311973,
      0.328426
    ],
    [
      1783312874,
      0.328585
    ],
    [
      1783314677,
      0.32873
    ],
    [
      1783315578,
      0.328909
    ],
    [
      1783316479,
      0.329011
    ]
  ],
  "chainlink": [
    [
      1783311071,
      7.98
    ],
    [
      1783311973,
      7.99
    ],
    [
      1783312874,
      7.98
    ],
    [
      1783314677,
      7.96
    ],
    [
      1783315578,
      7.95
    ],
    [
      1783316479,
      7.93
    ]
  ],
  "the-open-network": [
    [
      1783311071,
      1.77
    ],
    [
      1783311973,
      1.76
    ],
    [
      1783312874,
      1.75
    ],
    [
      1783314677,
      1.75
    ],
    [
      1783315578,
      1.75
    ],
    [
      1783316479,
      1.75
    ]
  ],
  "stellar": [
    [
      1783311071,
      0.199581
    ],
    [
      1783311973,
      0.200405
    ],
    [
      1783312874,
      0.199626
    ],
    [
      1783314677,
      0.199293
    ],
    [
      1783315578,
      0.199731
    ],
    [
      1783316479,
      0.199784
    ]
  ],
  "hedera-hashgraph": [
    [
      1783311071,
      0.075496
    ],
    [
      1783311973,
      0.075555
    ],
    [
      1783312874,
      0.075292
    ],
    [
      1783314677,
      0.075152
    ],
    [
      1783315578,
      0.074872
    ],
    [
      1783316479,
      0.074444
    ]
  ],
  "sui": [
    [
      1783311071,
      0.745754
    ],
    [
      1783311973,
      0.746923
    ],
    [
      1783312874,
      0.745932
    ],
    [
      1783314677,
      0.742351
    ],
    [
      1783315578,
      0.740095
    ],
    [
      1783316479,
      0.735668
    ]
  ],
  "bitcoin-cash": [
    [
      1783311071,
      241.68
    ],
    [
      1783311973,
      243.32
    ],
    [
      1783312874,
      242.83
    ],
    [
      1783314677,
      240.47
    ],
    [
      1783315578,
      239.17
    ],
    [
      1783316479,
      239.94
    ]
  ],
  "litecoin": [
    [
      1783311071,
      45.15
    ],
    [
      1783311973,
      45.17
    ],
    [
      1783312874,
      45.12
    ],
    [
      1783314677,
      45.07
    ],
    [
      1783315578,
      45.03
    ],
    [
      1783316479,
      44.94
    ]
  ],
  "polkadot": [
    [
      1783311071,
      0.872067
    ],
    [
      1783311973,
      0.87156
    ],
    [
      1783312874,
      0.869863
    ],
    [
      1783314677,
      0.867008
    ],
    [
      1783315578,
      0.866201
    ],
    [
      1783316479,
      0.861881
    ]
  ],
  "hyperliquid": [
    [
      1783311071,
      71.31
    ],
    [
      1783311973,
      71.44
    ],
    [
      1783312874,
      71.44
    ],
    [
      1783314677,
      71.55
    ],
    [
      1783315578,
      71.32
    ],
    [
      1783316479,
      70.78
    ]
  ],
  "monero": [
    [
      1783311071,
      323.3
    ],
    [
      1783311973,
      323.03
    ],
    [
      1783312874,
      322.47
    ],
    [
      1783314677,
      321.42
    ],
    [
      1783315578,
      320.3
    ],
    [
      1783316479,
      319.78
    ]
  ],
  "_alerts_sent": {}
}