{
  "bitcoin": [
    [
      1780493583,
      66935
    ],
    [
      1780494485,
      66607
    ],
    [
      1780495386,
      66701
    ],
    [
      1780496288,
      66783
    ],
    [
      1780497190,
      66678
    ],
    [
      1780498092,
      66740
    ],
    [
      1780498993,
      66734
    ],
    [
      1780499895,
      66408
    ]
  ],
  "ethereum": [
    [
      1780493583,
      1869.72
    ],
    [
      1780494485,
      1861.41
    ],
    [
      1780495386,
      1861.21
    ],
    [
      1780496288,
      1861.89
    ],
    [
      1780497190,
      1854.43
    ],
    [
      1780498092,
      1853.84
    ],
    [
      1780498993,
      1854.68
    ],
    [
      1780499895,
      1847.76
    ]
  ],
  "avalanche-2": [
    [
      1780493583,
      8.29
    ],
    [
      1780494485,
      8.27
    ],
    [
      1780495386,
      8.29
    ],
    [
      1780496288,
      8.28
    ],
    [
      1780497190,
      8.24
    ],
    [
      1780498092,
      8.27
    ],
    [
      1780498993,
      8.26
    ],
    [
      1780499895,
      8.23
    ]
  ],
  "ondo-finance": [
    [
      1780493583,
      0.425451
    ],
    [
      1780494485,
      0.425452
    ],
    [
      1780495386,
      0.421978
    ],
    [
      1780496288,
      0.423338
    ],
    [
      1780497190,
      0.419275
    ],
    [
      1780498092,
      0.421412
    ],
    [
      1780498993,
      0.427603
    ],
    [
      1780499895,
      0.428724
    ]
  ],
  "binancecoin": [
    [
      1780493583,
      632.94
    ],
    [
      1780494485,
      630.08
    ],
    [
      1780495386,
      632.02
    ],
    [
      1780496288,
      633.67
    ],
    [
      1780497190,
      631.16
    ],
    [
      1780498092,
      634.49
    ],
    [
      1780498993,
      636.05
    ],
    [
      1780499895,
      635.75
    ]
  ],
  "ripple": [
    [
      1780493583,
      1.23
    ],
    [
      1780494485,
      1.23
    ],
    [
      1780495386,
      1.23
    ],
    [
      1780496288,
      1.23
    ],
    [
      1780497190,
      1.22
    ],
    [
      1780498092,
      1.23
    ],
    [
      1780498993,
      1.23
    ],
    [
      1780499895,
      1.23
    ]
  ],
  "solana": [
    [
      1780493583,
      74.8
    ],
    [
      1780494485,
      74.45
    ],
    [
      1780495386,
      74.43
    ],
    [
      1780496288,
      74.35
    ],
    [
      1780497190,
      73.96
    ],
    [
      1780498092,
      74.16
    ],
    [
      1780498993,
      74.27
    ],
    [
      1780499895,
      73.93
    ]
  ],
  "dogecoin": [
    [
      1780493583,
      0.093954
    ],
    [
      1780494485,
      0.093803
    ],
    [
      1780495386,
      0.094005
    ],
    [
      1780496288,
      0.093961
    ],
    [
      1780497190,
      0.093263
    ],
    [
      1780498092,
      0.093373
    ],
    [
      1780498993,
      0.093537
    ],
    [
      1780499895,
      0.093294
    ]
  ],
  "cardano": [
    [
      1780493583,
      0.215126
    ],
    [
      1780494485,
      0.214604
    ],
    [
      1780495386,
      0.214774
    ],
    [
      1780496288,
      0.215112
    ],
    [
      1780497190,
      0.213678
    ],
    [
      1780498092,
      0.213997
    ],
    [
      1780498993,
      0.21393
    ],
    [
      1780499895,
      0.21352
    ]
  ],
  "tron": [
    [
      1780493583,
      0.333429
    ],
    [
      1780494485,
      0.33327
    ],
    [
      1780495386,
      0.333301
    ],
    [
      1780496288,
      0.333468
    ],
    [
      1780497190,
      0.33303
    ],
    [
      1780498092,
      0.333875
    ],
    [
      1780498993,
      0.334437
    ],
    [
      1780499895,
      0.334402
    ]
  ],
  "chainlink": [
    [
      1780493583,
      8.51
    ],
    [
      1780494485,
      8.48
    ],
    [
      1780495386,
      8.49
    ],
    [
      1780496288,
      8.49
    ],
    [
      1780497190,
      8.43
    ],
    [
      1780498092,
      8.46
    ],
    [
      1780498993,
      8.47
    ],
    [
      1780499895,
      8.44
    ]
  ],
  "the-open-network": [
    [
      1780493583,
      2.02
    ],
    [
      1780494485,
      2.02
    ],
    [
      1780495386,
      2.05
    ],
    [
      1780496288,
      2.06
    ],
    [
      1780497190,
      2.07
    ],
    [
      1780498092,
      2.09
    ],
    [
      1780498993,
      2.08
    ],
    [
      1780499895,
      2.08
    ]
  ],
  "stellar": [
    [
      1780493583,
      0.227405
    ],
    [
      1780494485,
      0.22515
    ],
    [
      1780495386,
      0.227953
    ],
    [
      1780496288,
      0.22768
    ],
    [
      1780497190,
      0.223302
    ],
    [
      1780498092,
      0.224991
    ],
    [
      1780498993,
      0.226705
    ],
    [
      1780499895,
      0.226581
    ]
  ],
  "hedera-hashgraph": [
    [
      1780493583,
      0.087351
    ],
    [
      1780494485,
      0.087328
    ],
    [
      1780495386,
      0.087293
    ],
    [
      1780496288,
      0.08713
    ],
    [
      1780497190,
      0.086736
    ],
    [
      1780498092,
      0.086873
    ],
    [
      1780498993,
      0.087003
    ],
    [
      1780499895,
      0.08675
    ]
  ],
  "sui": [
    [
      1780493583,
      0.832988
    ],
    [
      1780494485,
      0.829852
    ],
    [
      1780495386,
      0.830425
    ],
    [
      1780496288,
      0.825817
    ],
    [
      1780497190,
      0.822794
    ],
    [
      1780498092,
      0.827568
    ],
    [
      1780498993,
      0.832444
    ],
    [
      1780499895,
      0.829972
    ]
  ],
  "bitcoin-cash": [
    [
      1780493583,
      248.62
    ],
    [
      1780494485,
      248.42
    ],
    [
      1780495386,
      247.99
    ],
    [
      1780496288,
      247.9
    ],
    [
      1780497190,
      243.72
    ],
    [
      1780498092,
      244.67
    ],
    [
      1780498993,
      243.74
    ],
    [
      1780499895,
      245.14
    ]
  ],
  "litecoin": [
    [
      1780493583,
      48.06
    ],
    [
      1780494485,
      47.93
    ],
    [
      1780495386,
      47.91
    ],
    [
      1780496288,
      47.9
    ],
    [
      1780497190,
      47.71
    ],
    [
      1780498092,
      47.75
    ],
    [
      1780498993,
      47.79
    ],
    [
      1780499895,
      47.68
    ]
  ],
  "polkadot": [
    [
      1780493583,
      1.12
    ],
    [
      1780494485,
      1.12
    ],
    [
      1780495386,
      1.12
    ],
    [
      1780496288,
      1.12
    ],
    [
      1780497190,
      1.11
    ],
    [
      1780498092,
      1.12
    ],
    [
      1780498993,
      1.12
    ],
    [
      1780499895,
      1.12
    ]
  ],
  "hyperliquid": [
    [
      1780493583,
      73.21
    ],
    [
      1780494485,
      72.36
    ],
    [
      1780495386,
      72.63
    ],
    [
      1780496288,
      72.38
    ],
    [
      1780497190,
      71.91
    ],
    [
      1780498092,
      72.34
    ],
    [
      1780498993,
      72.6
    ],
    [
      1780499895,
      72.52
    ]
  ],
  "monero": [
    [
      1780493583,
      351.03
    ],
    [
      1780494485,
      351.16
    ],
    [
      1780495386,
      356.09
    ],
    [
      1780496288,
      353.61
    ],
    [
      1780497190,
      349.02
    ],
    [
      1780498092,
      353.75
    ],
    [
      1780498993,
      356.06
    ],
    [
      1780499895,
      354.58
    ]
  ],
  "_alerts_sent": {}
}