{
  "bitcoin": [
    [
      1779601276,
      76595.5
    ],
    [
      1779602183,
      76738
    ],
    [
      1779603084,
      76740.1
    ],
    [
      1779603992,
      76663.0
    ],
    [
      1779604900,
      76657
    ],
    [
      1779605801,
      76932.2
    ],
    [
      1779606713,
      76823
    ],
    [
      1779607614,
      76788
    ]
  ],
  "ethereum": [
    [
      1779601276,
      2112.04
    ],
    [
      1779602183,
      2117.44
    ],
    [
      1779603084,
      2120.01
    ],
    [
      1779603992,
      2116.57
    ],
    [
      1779604900,
      2116.71
    ],
    [
      1779605801,
      2125.8
    ],
    [
      1779606713,
      2123.24
    ],
    [
      1779607614,
      2120.6
    ]
  ],
  "avalanche-2": [
    [
      1779601276,
      9.32
    ],
    [
      1779602183,
      9.34
    ],
    [
      1779603084,
      9.34
    ],
    [
      1779603992,
      9.32
    ],
    [
      1779604900,
      9.32
    ],
    [
      1779605801,
      9.36
    ],
    [
      1779606713,
      9.35
    ],
    [
      1779607614,
      9.32
    ]
  ],
  "ondo-finance": [
    [
      1779601276,
      0.42296
    ],
    [
      1779602183,
      0.426897
    ],
    [
      1779603084,
      0.43
    ],
    [
      1779603992,
      0.42621
    ],
    [
      1779604900,
      0.430177
    ],
    [
      1779605801,
      0.44199
    ],
    [
      1779606713,
      0.438623
    ],
    [
      1779607614,
      0.433724
    ]
  ]
}