{
  "bitcoin": [
    [
      1784502731,
      64629
    ],
    [
      1784503632,
      64622.4
    ],
    [
      1784504533,
      64614.4
    ],
    [
      1784505435,
      64655.4
    ],
    [
      1784506339,
      64846
    ],
    [
      1784507247,
      64828
    ],
    [
      1784509081,
      64532
    ],
    [
      1784509696,
      64626
    ]
  ],
  "ethereum": [
    [
      1784502731,
      1868.13
    ],
    [
      1784503632,
      1867.07
    ],
    [
      1784504533,
      1867.74
    ],
    [
      1784505435,
      1870.44
    ],
    [
      1784506339,
      1880.77
    ],
    [
      1784507247,
      1878.33
    ],
    [
      1784509081,
      1870.83
    ],
    [
      1784509696,
      1874.87
    ]
  ],
  "avalanche-2": [
    [
      1784502731,
      6.43
    ],
    [
      1784503632,
      6.45
    ],
    [
      1784504533,
      6.45
    ],
    [
      1784505435,
      6.45
    ],
    [
      1784506339,
      6.49
    ],
    [
      1784507247,
      6.52
    ],
    [
      1784509081,
      6.48
    ],
    [
      1784509696,
      6.5
    ]
  ],
  "ondo-finance": [
    [
      1784502731,
      0.345329
    ],
    [
      1784503632,
      0.34594
    ],
    [
      1784504533,
      0.34571
    ],
    [
      1784505435,
      0.34473
    ],
    [
      1784506339,
      0.346321
    ],
    [
      1784507247,
      0.348277
    ],
    [
      1784509081,
      0.34632
    ],
    [
      1784509696,
      0.346039
    ]
  ],
  "binancecoin": [
    [
      1784502731,
      570.57
    ],
    [
      1784506339,
      571.2
    ],
    [
      1784507247,
      571.26
    ],
    [
      1784509081,
      569.29
    ],
    [
      1784509696,
      569.57
    ]
  ],
  "ripple": [
    [
      1784502731,
      1.094
    ],
    [
      1784506339,
      1.099
    ],
    [
      1784507247,
      1.1
    ],
    [
      1784509081,
      1.096
    ],
    [
      1784509696,
      1.097
    ]
  ],
  "solana": [
    [
      1784502731,
      75.96
    ],
    [
      1784506339,
      76.56
    ],
    [
      1784507247,
      76.67
    ],
    [
      1784509081,
      76.62
    ],
    [
      1784509696,
      76.67
    ]
  ],
  "dogecoin": [
    [
      1784502731,
      0.072129
    ],
    [
      1784506339,
      0.072538
    ],
    [
      1784507247,
      0.072771
    ],
    [
      1784509081,
      0.07243
    ],
    [
      1784509696,
      0.072543
    ]
  ],
  "cardano": [
    [
      1784502731,
      0.165462
    ],
    [
      1784506339,
      0.166695
    ],
    [
      1784507247,
      0.167416
    ],
    [
      1784509081,
      0.165667
    ],
    [
      1784509696,
      0.165684
    ]
  ],
  "tron": [
    [
      1784502731,
      0.326932
    ],
    [
      1784506339,
      0.326943
    ],
    [
      1784507247,
      0.326782
    ],
    [
      1784509081,
      0.326535
    ],
    [
      1784509696,
      0.32676
    ]
  ],
  "chainlink": [
    [
      1784502731,
      8.35
    ],
    [
      1784506339,
      8.42
    ],
    [
      1784507247,
      8.44
    ],
    [
      1784509081,
      8.4
    ],
    [
      1784509696,
      8.41
    ]
  ],
  "the-open-network": [
    [
      1784502731,
      1.45
    ],
    [
      1784506339,
      1.45
    ],
    [
      1784507247,
      1.46
    ],
    [
      1784509081,
      1.45
    ],
    [
      1784509696,
      1.45
    ]
  ],
  "stellar": [
    [
      1784502731,
      0.187821
    ],
    [
      1784506339,
      0.188713
    ],
    [
      1784507247,
      0.189117
    ],
    [
      1784509081,
      0.18765
    ],
    [
      1784509696,
      0.187486
    ]
  ],
  "hedera-hashgraph": [
    [
      1784502731,
      0.066416
    ],
    [
      1784506339,
      0.066606
    ],
    [
      1784507247,
      0.066725
    ],
    [
      1784509081,
      0.06621
    ],
    [
      1784509696,
      0.066199
    ]
  ],
  "sui": [
    [
      1784502731,
      0.746932
    ],
    [
      1784506339,
      0.751529
    ],
    [
      1784507247,
      0.753775
    ],
    [
      1784509081,
      0.750762
    ],
    [
      1784509696,
      0.751462
    ]
  ],
  "bitcoin-cash": [
    [
      1784502731,
      214.93
    ],
    [
      1784506339,
      214.62
    ],
    [
      1784507247,
      214.83
    ],
    [
      1784509081,
      213.47
    ],
    [
      1784509696,
      213.26
    ]
  ],
  "litecoin": [
    [
      1784502731,
      47.26
    ],
    [
      1784506339,
      47.11
    ],
    [
      1784507247,
      47.3
    ],
    [
      1784509081,
      47.41
    ],
    [
      1784509696,
      47.5
    ]
  ],
  "polkadot": [
    [
      1784502731,
      0.815984
    ],
    [
      1784506339,
      0.82062
    ],
    [
      1784507247,
      0.820078
    ],
    [
      1784509081,
      0.813788
    ],
    [
      1784509696,
      0.81444
    ]
  ],
  "hyperliquid": [
    [
      1784502731,
      60.91
    ],
    [
      1784506339,
      61.46
    ],
    [
      1784507247,
      61.33
    ],
    [
      1784509081,
      60.68
    ],
    [
      1784509696,
      60.66
    ]
  ],
  "monero": [
    [
      1784502731,
      336.0
    ],
    [
      1784506339,
      336.23
    ],
    [
      1784507247,
      334.76
    ],
    [
      1784509081,
      335.51
    ],
    [
      1784509696,
      336.0
    ]
  ],
  "_alerts_sent": {}
}