{
  "bitcoin": [
    [
      1782866484,
      58351
    ],
    [
      1782867385,
      58488
    ],
    [
      1782868287,
      58166
    ],
    [
      1782869188,
      58180
    ],
    [
      1782870090,
      58675
    ],
    [
      1782870991,
      58738
    ],
    [
      1782871893,
      58631
    ],
    [
      1782872794,
      58833
    ]
  ],
  "ethereum": [
    [
      1782866484,
      1568.83
    ],
    [
      1782867385,
      1572.9
    ],
    [
      1782868287,
      1564.87
    ],
    [
      1782869188,
      1566.6
    ],
    [
      1782870090,
      1577.43
    ],
    [
      1782870991,
      1577.59
    ],
    [
      1782871893,
      1573.55
    ],
    [
      1782872794,
      1580.28
    ]
  ],
  "avalanche-2": [
    [
      1782866484,
      6.52
    ],
    [
      1782867385,
      6.53
    ],
    [
      1782868287,
      6.51
    ],
    [
      1782869188,
      6.5
    ],
    [
      1782870090,
      6.54
    ],
    [
      1782870991,
      6.56
    ],
    [
      1782871893,
      6.54
    ],
    [
      1782872794,
      6.57
    ]
  ],
  "ondo-finance": [
    [
      1782866484,
      0.308633
    ],
    [
      1782867385,
      0.309136
    ],
    [
      1782868287,
      0.307371
    ],
    [
      1782869188,
      0.306056
    ],
    [
      1782870090,
      0.307568
    ],
    [
      1782870991,
      0.308806
    ],
    [
      1782871893,
      0.30785
    ],
    [
      1782872794,
      0.309813
    ]
  ],
  "binancecoin": [
    [
      1782866484,
      546.29
    ],
    [
      1782867385,
      546.94
    ],
    [
      1782868287,
      544.57
    ],
    [
      1782869188,
      543.77
    ],
    [
      1782870090,
      546.93
    ],
    [
      1782870991,
      547.55
    ],
    [
      1782871893,
      546.7
    ],
    [
      1782872794,
      548.47
    ]
  ],
  "ripple": [
    [
      1782866484,
      1.035
    ],
    [
      1782867385,
      1.035
    ],
    [
      1782868287,
      1.032
    ],
    [
      1782869188,
      1.031
    ],
    [
      1782870090,
      1.035
    ],
    [
      1782870991,
      1.04
    ],
    [
      1782871893,
      1.038
    ],
    [
      1782872794,
      1.043
    ]
  ],
  "solana": [
    [
      1782866484,
      73.52
    ],
    [
      1782867385,
      73.57
    ],
    [
      1782868287,
      73.04
    ],
    [
      1782869188,
      73.07
    ],
    [
      1782870090,
      73.61
    ],
    [
      1782870991,
      73.85
    ],
    [
      1782871893,
      73.79
    ],
    [
      1782872794,
      74.26
    ]
  ],
  "dogecoin": [
    [
      1782866484,
      0.07178
    ],
    [
      1782867385,
      0.071708
    ],
    [
      1782868287,
      0.07134
    ],
    [
      1782869188,
      0.071106
    ],
    [
      1782870090,
      0.071521
    ],
    [
      1782870991,
      0.071762
    ],
    [
      1782871893,
      0.071692
    ],
    [
      1782872794,
      0.072048
    ]
  ],
  "cardano": [
    [
      1782866484,
      0.144036
    ],
    [
      1782867385,
      0.144181
    ],
    [
      1782868287,
      0.143851
    ],
    [
      1782869188,
      0.143153
    ],
    [
      1782870090,
      0.144138
    ],
    [
      1782870991,
      0.144675
    ],
    [
      1782871893,
      0.144683
    ],
    [
      1782872794,
      0.145431
    ]
  ],
  "tron": [
    [
      1782866484,
      0.314447
    ],
    [
      1782867385,
      0.314444
    ],
    [
      1782868287,
      0.314283
    ],
    [
      1782869188,
      0.314121
    ],
    [
      1782870090,
      0.314305
    ],
    [
      1782870991,
      0.314447
    ],
    [
      1782871893,
      0.314607
    ],
    [
      1782872794,
      0.314814
    ]
  ],
  "chainlink": [
    [
      1782866484,
      7.18
    ],
    [
      1782867385,
      7.19
    ],
    [
      1782868287,
      7.16
    ],
    [
      1782869188,
      7.15
    ],
    [
      1782870090,
      7.18
    ],
    [
      1782870991,
      7.2
    ],
    [
      1782871893,
      7.18
    ],
    [
      1782872794,
      7.22
    ]
  ],
  "the-open-network": [
    [
      1782866484,
      1.51
    ],
    [
      1782867385,
      1.51
    ],
    [
      1782868287,
      1.51
    ],
    [
      1782869188,
      1.5
    ],
    [
      1782870090,
      1.52
    ],
    [
      1782870991,
      1.52
    ],
    [
      1782871893,
      1.51
    ],
    [
      1782872794,
      1.51
    ]
  ],
  "stellar": [
    [
      1782866484,
      0.19361
    ],
    [
      1782867385,
      0.19332
    ],
    [
      1782868287,
      0.192221
    ],
    [
      1782869188,
      0.192856
    ],
    [
      1782870090,
      0.195749
    ],
    [
      1782870991,
      0.196769
    ],
    [
      1782871893,
      0.200647
    ],
    [
      1782872794,
      0.201767
    ]
  ],
  "hedera-hashgraph": [
    [
      1782866484,
      0.069553
    ],
    [
      1782867385,
      0.06941
    ],
    [
      1782868287,
      0.069145
    ],
    [
      1782869188,
      0.068944
    ],
    [
      1782870090,
      0.069446
    ],
    [
      1782870991,
      0.069625
    ],
    [
      1782871893,
      0.069647
    ],
    [
      1782872794,
      0.069788
    ]
  ],
  "sui": [
    [
      1782866484,
      0.69088
    ],
    [
      1782867385,
      0.689896
    ],
    [
      1782868287,
      0.68707
    ],
    [
      1782869188,
      0.685842
    ],
    [
      1782870090,
      0.687587
    ],
    [
      1782870991,
      0.687495
    ],
    [
      1782871893,
      0.687985
    ],
    [
      1782872794,
      0.693518
    ]
  ],
  "bitcoin-cash": [
    [
      1782866484,
      199.75
    ],
    [
      1782867385,
      200.05
    ],
    [
      1782868287,
      199.29
    ],
    [
      1782869188,
      197.54
    ],
    [
      1782870090,
      199.28
    ],
    [
      1782870991,
      200.69
    ],
    [
      1782871893,
      200.28
    ],
    [
      1782872794,
      203.01
    ]
  ],
  "litecoin": [
    [
      1782866484,
      41.85
    ],
    [
      1782867385,
      41.86
    ],
    [
      1782868287,
      41.68
    ],
    [
      1782869188,
      41.75
    ],
    [
      1782870090,
      41.93
    ],
    [
      1782870991,
      42.07
    ],
    [
      1782871893,
      42.1
    ],
    [
      1782872794,
      42.37
    ]
  ],
  "polkadot": [
    [
      1782866484,
      0.821303
    ],
    [
      1782867385,
      0.820553
    ],
    [
      1782868287,
      0.816984
    ],
    [
      1782869188,
      0.81491
    ],
    [
      1782870090,
      0.819222
    ],
    [
      1782870991,
      0.822137
    ],
    [
      1782871893,
      0.822702
    ],
    [
      1782872794,
      0.82772
    ]
  ],
  "hyperliquid": [
    [
      1782866484,
      64.42
    ],
    [
      1782867385,
      64.23
    ],
    [
      1782868287,
      63.46
    ],
    [
      1782869188,
      63.57
    ],
    [
      1782870090,
      63.98
    ],
    [
      1782870991,
      64.24
    ],
    [
      1782871893,
      64.49
    ],
    [
      1782872794,
      64.99
    ]
  ],
  "monero": [
    [
      1782866484,
      303.15
    ],
    [
      1782867385,
      302.84
    ],
    [
      1782868287,
      302.75
    ],
    [
      1782869188,
      303.35
    ],
    [
      1782870090,
      304.97
    ],
    [
      1782870991,
      306.04
    ],
    [
      1782871893,
      306.31
    ],
    [
      1782872794,
      307.7
    ]
  ],
  "_alerts_sent": {}
}