{
  "bitcoin": [
    [
      1781154185,
      62542
    ],
    [
      1781155086,
      62612
    ],
    [
      1781155987,
      62552
    ],
    [
      1781156889,
      62619
    ],
    [
      1781157790,
      62536
    ],
    [
      1781158692,
      62747
    ],
    [
      1781159593,
      62826
    ],
    [
      1781160494,
      62813
    ]
  ],
  "ethereum": [
    [
      1781154185,
      1651.2
    ],
    [
      1781155086,
      1650.58
    ],
    [
      1781155987,
      1647.61
    ],
    [
      1781156889,
      1649.41
    ],
    [
      1781157790,
      1645.71
    ],
    [
      1781158692,
      1658.08
    ],
    [
      1781159593,
      1657.65
    ],
    [
      1781160494,
      1656.4
    ]
  ],
  "avalanche-2": [
    [
      1781154185,
      6.59
    ],
    [
      1781155086,
      6.58
    ],
    [
      1781155987,
      6.57
    ],
    [
      1781156889,
      6.58
    ],
    [
      1781157790,
      6.56
    ],
    [
      1781158692,
      6.57
    ],
    [
      1781159593,
      6.59
    ],
    [
      1781160494,
      6.59
    ]
  ],
  "ondo-finance": [
    [
      1781154185,
      0.344775
    ],
    [
      1781155086,
      0.345189
    ],
    [
      1781155987,
      0.344315
    ],
    [
      1781156889,
      0.344159
    ],
    [
      1781157790,
      0.343344
    ],
    [
      1781158692,
      0.345152
    ],
    [
      1781159593,
      0.346602
    ],
    [
      1781160494,
      0.347239
    ]
  ],
  "binancecoin": [
    [
      1781154185,
      593.7
    ],
    [
      1781155086,
      594.07
    ],
    [
      1781155987,
      594.21
    ],
    [
      1781156889,
      594.67
    ],
    [
      1781157790,
      593.64
    ],
    [
      1781158692,
      595.84
    ],
    [
      1781159593,
      596.17
    ],
    [
      1781160494,
      596.08
    ]
  ],
  "ripple": [
    [
      1781154185,
      1.12
    ],
    [
      1781155086,
      1.12
    ],
    [
      1781155987,
      1.11
    ],
    [
      1781156889,
      1.12
    ],
    [
      1781157790,
      1.11
    ],
    [
      1781158692,
      1.12
    ],
    [
      1781159593,
      1.12
    ],
    [
      1781160494,
      1.12
    ]
  ],
  "solana": [
    [
      1781154185,
      65.01
    ],
    [
      1781155086,
      65.05
    ],
    [
      1781155987,
      65.04
    ],
    [
      1781156889,
      65.08
    ],
    [
      1781157790,
      64.88
    ],
    [
      1781158692,
      65.16
    ],
    [
      1781159593,
      65.26
    ],
    [
      1781160494,
      65.21
    ]
  ],
  "dogecoin": [
    [
      1781154185,
      0.084959
    ],
    [
      1781155086,
      0.084914
    ],
    [
      1781155987,
      0.08485
    ],
    [
      1781156889,
      0.084952
    ],
    [
      1781157790,
      0.084707
    ],
    [
      1781158692,
      0.084875
    ],
    [
      1781159593,
      0.084907
    ],
    [
      1781160494,
      0.084889
    ]
  ],
  "cardano": [
    [
      1781154185,
      0.166471
    ],
    [
      1781155086,
      0.166312
    ],
    [
      1781155987,
      0.165557
    ],
    [
      1781156889,
      0.165985
    ],
    [
      1781157790,
      0.165523
    ],
    [
      1781158692,
      0.165517
    ],
    [
      1781159593,
      0.165438
    ],
    [
      1781160494,
      0.164707
    ]
  ],
  "tron": [
    [
      1781154185,
      0.321492
    ],
    [
      1781155086,
      0.321576
    ],
    [
      1781155987,
      0.321533
    ],
    [
      1781156889,
      0.321553
    ],
    [
      1781157790,
      0.321608
    ],
    [
      1781158692,
      0.321692
    ],
    [
      1781159593,
      0.321815
    ],
    [
      1781160494,
      0.321892
    ]
  ],
  "chainlink": [
    [
      1781154185,
      7.78
    ],
    [
      1781155086,
      7.78
    ],
    [
      1781155987,
      7.76
    ],
    [
      1781156889,
      7.78
    ],
    [
      1781157790,
      7.76
    ],
    [
      1781158692,
      7.77
    ],
    [
      1781159593,
      7.79
    ],
    [
      1781160494,
      7.78
    ]
  ],
  "the-open-network": [
    [
      1781154185,
      1.66
    ],
    [
      1781155086,
      1.65
    ],
    [
      1781155987,
      1.65
    ],
    [
      1781156889,
      1.65
    ],
    [
      1781157790,
      1.65
    ],
    [
      1781158692,
      1.65
    ],
    [
      1781159593,
      1.65
    ],
    [
      1781160494,
      1.65
    ]
  ],
  "stellar": [
    [
      1781154185,
      0.191948
    ],
    [
      1781155086,
      0.191066
    ],
    [
      1781155987,
      0.190235
    ],
    [
      1781156889,
      0.190551
    ],
    [
      1781157790,
      0.190098
    ],
    [
      1781158692,
      0.190531
    ],
    [
      1781159593,
      0.190711
    ],
    [
      1781160494,
      0.190585
    ]
  ],
  "hedera-hashgraph": [
    [
      1781154185,
      0.079057
    ],
    [
      1781155086,
      0.078979
    ],
    [
      1781155987,
      0.07886
    ],
    [
      1781156889,
      0.078963
    ],
    [
      1781157790,
      0.078825
    ],
    [
      1781158692,
      0.078846
    ],
    [
      1781159593,
      0.078988
    ],
    [
      1781160494,
      0.078986
    ]
  ],
  "sui": [
    [
      1781154185,
      0.752339
    ],
    [
      1781155086,
      0.751223
    ],
    [
      1781155987,
      0.749788
    ],
    [
      1781156889,
      0.751885
    ],
    [
      1781157790,
      0.750159
    ],
    [
      1781158692,
      0.751052
    ],
    [
      1781159593,
      0.752773
    ],
    [
      1781160494,
      0.751832
    ]
  ],
  "bitcoin-cash": [
    [
      1781154185,
      200.62
    ],
    [
      1781155086,
      200.0
    ],
    [
      1781155987,
      199.84
    ],
    [
      1781156889,
      200.84
    ],
    [
      1781157790,
      200.17
    ],
    [
      1781158692,
      200.44
    ],
    [
      1781159593,
      200.32
    ],
    [
      1781160494,
      200.01
    ]
  ],
  "litecoin": [
    [
      1781154185,
      42.69
    ],
    [
      1781155086,
      42.66
    ],
    [
      1781155987,
      42.63
    ],
    [
      1781156889,
      42.66
    ],
    [
      1781157790,
      42.57
    ],
    [
      1781158692,
      42.59
    ],
    [
      1781159593,
      42.66
    ],
    [
      1781160494,
      42.62
    ]
  ],
  "polkadot": [
    [
      1781154185,
      0.947876
    ],
    [
      1781155086,
      0.945914
    ],
    [
      1781155987,
      0.945294
    ],
    [
      1781156889,
      0.947052
    ],
    [
      1781157790,
      0.944003
    ],
    [
      1781158692,
      0.944399
    ],
    [
      1781159593,
      0.946505
    ],
    [
      1781160494,
      0.94786
    ]
  ],
  "hyperliquid": [
    [
      1781154185,
      54.5
    ],
    [
      1781155086,
      54.63
    ],
    [
      1781155987,
      54.81
    ],
    [
      1781156889,
      55.25
    ],
    [
      1781157790,
      55.61
    ],
    [
      1781158692,
      55.85
    ],
    [
      1781159593,
      55.96
    ],
    [
      1781160494,
      55.72
    ]
  ],
  "monero": [
    [
      1781154185,
      339.11
    ],
    [
      1781155086,
      338.86
    ],
    [
      1781155987,
      338.93
    ],
    [
      1781156889,
      338.7
    ],
    [
      1781157790,
      337.8
    ],
    [
      1781158692,
      338.07
    ],
    [
      1781159593,
      340.75
    ],
    [
      1781160494,
      340.36
    ]
  ],
  "_alerts_sent": {}
}