{
  "bitcoin": [
    [
      1781809583,
      62600
    ],
    [
      1781810484,
      62629
    ],
    [
      1781811386,
      62746
    ],
    [
      1781812287,
      62872
    ],
    [
      1781813188,
      63118
    ],
    [
      1781814089,
      63127
    ],
    [
      1781814939,
      63058
    ],
    [
      1781815941,
      63012
    ]
  ],
  "ethereum": [
    [
      1781809583,
      1682.15
    ],
    [
      1781810484,
      1685.25
    ],
    [
      1781811386,
      1691.6
    ],
    [
      1781812287,
      1700.84
    ],
    [
      1781813188,
      1711.2
    ],
    [
      1781814089,
      1712.04
    ],
    [
      1781814939,
      1712.35
    ],
    [
      1781815941,
      1709.75
    ]
  ],
  "avalanche-2": [
    [
      1781809583,
      6.3
    ],
    [
      1781810484,
      6.3
    ],
    [
      1781811386,
      6.32
    ],
    [
      1781812287,
      6.35
    ],
    [
      1781813188,
      6.36
    ],
    [
      1781814089,
      6.36
    ],
    [
      1781814939,
      6.37
    ],
    [
      1781815941,
      6.34
    ]
  ],
  "ondo-finance": [
    [
      1781809583,
      0.351214
    ],
    [
      1781810484,
      0.350285
    ],
    [
      1781811386,
      0.351236
    ],
    [
      1781812287,
      0.354583
    ],
    [
      1781813188,
      0.357816
    ],
    [
      1781814089,
      0.359788
    ],
    [
      1781814939,
      0.360661
    ],
    [
      1781815941,
      0.3592
    ]
  ],
  "binancecoin": [
    [
      1781809583,
      575.69
    ],
    [
      1781810484,
      575.79
    ],
    [
      1781811386,
      576.94
    ],
    [
      1781812287,
      578.17
    ],
    [
      1781813188,
      580.0
    ],
    [
      1781814089,
      579.34
    ],
    [
      1781814939,
      580.26
    ],
    [
      1781815941,
      579.47
    ]
  ],
  "ripple": [
    [
      1781809583,
      1.14
    ],
    [
      1781810484,
      1.14
    ],
    [
      1781811386,
      1.14
    ],
    [
      1781812287,
      1.14
    ],
    [
      1781813188,
      1.15
    ],
    [
      1781814089,
      1.15
    ],
    [
      1781814939,
      1.15
    ],
    [
      1781815941,
      1.15
    ]
  ],
  "solana": [
    [
      1781809583,
      68.55
    ],
    [
      1781810484,
      68.59
    ],
    [
      1781811386,
      68.94
    ],
    [
      1781812287,
      69.25
    ],
    [
      1781813188,
      69.61
    ],
    [
      1781814089,
      69.76
    ],
    [
      1781814939,
      69.77
    ],
    [
      1781815941,
      69.71
    ]
  ],
  "dogecoin": [
    [
      1781809583,
      0.082339
    ],
    [
      1781810484,
      0.082361
    ],
    [
      1781811386,
      0.082479
    ],
    [
      1781812287,
      0.082833
    ],
    [
      1781813188,
      0.083093
    ],
    [
      1781814089,
      0.083185
    ],
    [
      1781814939,
      0.083365
    ],
    [
      1781815941,
      0.083208
    ]
  ],
  "cardano": [
    [
      1781809583,
      0.161836
    ],
    [
      1781810484,
      0.161703
    ],
    [
      1781811386,
      0.162414
    ],
    [
      1781812287,
      0.162902
    ],
    [
      1781813188,
      0.163461
    ],
    [
      1781814089,
      0.163545
    ],
    [
      1781814939,
      0.163785
    ],
    [
      1781815941,
      0.1632
    ]
  ],
  "tron": [
    [
      1781809583,
      0.319184
    ],
    [
      1781810484,
      0.319264
    ],
    [
      1781811386,
      0.319366
    ],
    [
      1781812287,
      0.319711
    ],
    [
      1781813188,
      0.319861
    ],
    [
      1781814089,
      0.319871
    ],
    [
      1781814939,
      0.319892
    ],
    [
      1781815941,
      0.319876
    ]
  ],
  "chainlink": [
    [
      1781809583,
      7.84
    ],
    [
      1781810484,
      7.85
    ],
    [
      1781811386,
      7.87
    ],
    [
      1781812287,
      7.91
    ],
    [
      1781813188,
      7.94
    ],
    [
      1781814089,
      7.95
    ],
    [
      1781814939,
      7.97
    ],
    [
      1781815941,
      7.97
    ]
  ],
  "the-open-network": [
    [
      1781809583,
      1.65
    ],
    [
      1781810484,
      1.65
    ],
    [
      1781811386,
      1.65
    ],
    [
      1781812287,
      1.65
    ],
    [
      1781813188,
      1.65
    ],
    [
      1781814089,
      1.65
    ],
    [
      1781814939,
      1.65
    ],
    [
      1781815941,
      1.65
    ]
  ],
  "stellar": [
    [
      1781809583,
      0.232469
    ],
    [
      1781810484,
      0.23377
    ],
    [
      1781811386,
      0.234815
    ],
    [
      1781812287,
      0.235766
    ],
    [
      1781813188,
      0.23732
    ],
    [
      1781814089,
      0.236605
    ],
    [
      1781814939,
      0.234588
    ],
    [
      1781815941,
      0.235731
    ]
  ],
  "hedera-hashgraph": [
    [
      1781809583,
      0.079762
    ],
    [
      1781810484,
      0.079789
    ],
    [
      1781811386,
      0.079851
    ],
    [
      1781812287,
      0.080192
    ],
    [
      1781813188,
      0.080206
    ],
    [
      1781814089,
      0.080187
    ],
    [
      1781814939,
      0.080539
    ],
    [
      1781815941,
      0.080364
    ]
  ],
  "sui": [
    [
      1781809583,
      0.717516
    ],
    [
      1781810484,
      0.71715
    ],
    [
      1781811386,
      0.718949
    ],
    [
      1781812287,
      0.721508
    ],
    [
      1781813188,
      0.723314
    ],
    [
      1781814089,
      0.724114
    ],
    [
      1781814939,
      0.725089
    ],
    [
      1781815941,
      0.72318
    ]
  ],
  "bitcoin-cash": [
    [
      1781809583,
      196.74
    ],
    [
      1781810484,
      196.62
    ],
    [
      1781811386,
      197.11
    ],
    [
      1781812287,
      197.85
    ],
    [
      1781813188,
      198.65
    ],
    [
      1781814089,
      199.45
    ],
    [
      1781814939,
      199.66
    ],
    [
      1781815941,
      199.28
    ]
  ],
  "litecoin": [
    [
      1781809583,
      43.19
    ],
    [
      1781810484,
      43.23
    ],
    [
      1781811386,
      43.34
    ],
    [
      1781812287,
      43.46
    ],
    [
      1781813188,
      43.59
    ],
    [
      1781814089,
      43.59
    ],
    [
      1781814939,
      43.63
    ],
    [
      1781815941,
      43.63
    ]
  ],
  "polkadot": [
    [
      1781809583,
      0.954728
    ],
    [
      1781810484,
      0.955858
    ],
    [
      1781811386,
      0.958756
    ],
    [
      1781812287,
      0.963204
    ],
    [
      1781813188,
      0.96652
    ],
    [
      1781814089,
      0.968896
    ],
    [
      1781814939,
      0.972182
    ],
    [
      1781815941,
      0.970872
    ]
  ],
  "hyperliquid": [
    [
      1781809583,
      67.82
    ],
    [
      1781810484,
      67.83
    ],
    [
      1781811386,
      68.16
    ],
    [
      1781812287,
      68.33
    ],
    [
      1781813188,
      68.58
    ],
    [
      1781814089,
      68.99
    ],
    [
      1781814939,
      68.92
    ],
    [
      1781815941,
      68.48
    ]
  ],
  "monero": [
    [
      1781809583,
      320.59
    ],
    [
      1781810484,
      319.57
    ],
    [
      1781811386,
      319.89
    ],
    [
      1781812287,
      319.55
    ],
    [
      1781813188,
      322.84
    ],
    [
      1781814089,
      324.99
    ],
    [
      1781814939,
      325.19
    ],
    [
      1781815941,
      323.44
    ]
  ],
  "_alerts_sent": {}
}