{
  "bitcoin": [
    [
      1782244700,
      62292
    ],
    [
      1782245601,
      62422
    ],
    [
      1782246504,
      62393
    ],
    [
      1782247365,
      62404
    ],
    [
      1782248266,
      62351
    ],
    [
      1782248961,
      62466
    ],
    [
      1782250168,
      62469
    ],
    [
      1782250829,
      62499
    ],
    [
      1782251487,
      62563
    ]
  ],
  "ethereum": [
    [
      1782244700,
      1660.8
    ],
    [
      1782245601,
      1664.14
    ],
    [
      1782246504,
      1660.85
    ],
    [
      1782247365,
      1661.05
    ],
    [
      1782248266,
      1660.83
    ],
    [
      1782248961,
      1663.43
    ],
    [
      1782250168,
      1664.34
    ],
    [
      1782250829,
      1664.65
    ],
    [
      1782251487,
      1665.44
    ]
  ],
  "avalanche-2": [
    [
      1782244700,
      6.33
    ],
    [
      1782245601,
      6.41
    ],
    [
      1782246504,
      6.42
    ],
    [
      1782247365,
      6.41
    ],
    [
      1782248266,
      6.4
    ],
    [
      1782248961,
      6.43
    ],
    [
      1782250168,
      6.41
    ],
    [
      1782250829,
      6.43
    ],
    [
      1782251487,
      6.43
    ]
  ],
  "ondo-finance": [
    [
      1782244700,
      0.311179
    ],
    [
      1782245601,
      0.312663
    ],
    [
      1782246504,
      0.313873
    ],
    [
      1782247365,
      0.314023
    ],
    [
      1782248266,
      0.313273
    ],
    [
      1782248961,
      0.314347
    ],
    [
      1782250168,
      0.314967
    ],
    [
      1782250829,
      0.315099
    ],
    [
      1782251487,
      0.315143
    ]
  ],
  "binancecoin": [
    [
      1782244700,
      575.57
    ],
    [
      1782245601,
      576.24
    ],
    [
      1782246504,
      575.66
    ],
    [
      1782247365,
      575.74
    ],
    [
      1782248266,
      575.26
    ],
    [
      1782248961,
      575.82
    ],
    [
      1782250168,
      576.38
    ],
    [
      1782250829,
      576.65
    ],
    [
      1782251487,
      576.68
    ]
  ],
  "ripple": [
    [
      1782244700,
      1.1
    ],
    [
      1782245601,
      1.1
    ],
    [
      1782246504,
      1.1
    ],
    [
      1782247365,
      1.1
    ],
    [
      1782248266,
      1.1
    ],
    [
      1782248961,
      1.1
    ],
    [
      1782250168,
      1.1
    ],
    [
      1782250829,
      1.1
    ],
    [
      1782251487,
      1.1
    ]
  ],
  "solana": [
    [
      1782244700,
      68.85
    ],
    [
      1782245601,
      68.94
    ],
    [
      1782246504,
      68.88
    ],
    [
      1782247365,
      68.88
    ],
    [
      1782248266,
      68.84
    ],
    [
      1782248961,
      69.05
    ],
    [
      1782250168,
      69.07
    ],
    [
      1782250829,
      69.18
    ],
    [
      1782251487,
      69.17
    ]
  ],
  "dogecoin": [
    [
      1782244700,
      0.078402
    ],
    [
      1782245601,
      0.07865
    ],
    [
      1782246504,
      0.078594
    ],
    [
      1782247365,
      0.078517
    ],
    [
      1782248266,
      0.078356
    ],
    [
      1782248961,
      0.078491
    ],
    [
      1782250168,
      0.078528
    ],
    [
      1782250829,
      0.078603
    ],
    [
      1782251487,
      0.078659
    ]
  ],
  "cardano": [
    [
      1782244700,
      0.149903
    ],
    [
      1782245601,
      0.15037
    ],
    [
      1782246504,
      0.150421
    ],
    [
      1782247365,
      0.150358
    ],
    [
      1782248266,
      0.149965
    ],
    [
      1782248961,
      0.150275
    ],
    [
      1782250168,
      0.150125
    ],
    [
      1782250829,
      0.150529
    ],
    [
      1782251487,
      0.151035
    ]
  ],
  "tron": [
    [
      1782244700,
      0.328584
    ],
    [
      1782245601,
      0.328675
    ],
    [
      1782246504,
      0.328615
    ],
    [
      1782247365,
      0.328685
    ],
    [
      1782248266,
      0.328524
    ],
    [
      1782248961,
      0.328484
    ],
    [
      1782250168,
      0.328764
    ],
    [
      1782250829,
      0.328853
    ],
    [
      1782251487,
      0.328916
    ]
  ],
  "chainlink": [
    [
      1782244700,
      7.57
    ],
    [
      1782245601,
      7.59
    ],
    [
      1782246504,
      7.58
    ],
    [
      1782247365,
      7.58
    ],
    [
      1782248266,
      7.57
    ],
    [
      1782248961,
      7.58
    ],
    [
      1782250168,
      7.59
    ],
    [
      1782250829,
      7.59
    ],
    [
      1782251487,
      7.6
    ]
  ],
  "the-open-network": [
    [
      1782244700,
      1.56
    ],
    [
      1782245601,
      1.57
    ],
    [
      1782246504,
      1.56
    ],
    [
      1782247365,
      1.57
    ],
    [
      1782248266,
      1.57
    ],
    [
      1782248961,
      1.56
    ],
    [
      1782250168,
      1.56
    ],
    [
      1782250829,
      1.56
    ],
    [
      1782251487,
      1.56
    ]
  ],
  "stellar": [
    [
      1782244700,
      0.194394
    ],
    [
      1782245601,
      0.194842
    ],
    [
      1782246504,
      0.195251
    ],
    [
      1782247365,
      0.195093
    ],
    [
      1782248266,
      0.194984
    ],
    [
      1782248961,
      0.195158
    ],
    [
      1782250168,
      0.195559
    ],
    [
      1782250829,
      0.195261
    ],
    [
      1782251487,
      0.195198
    ]
  ],
  "hedera-hashgraph": [
    [
      1782244700,
      0.077193
    ],
    [
      1782245601,
      0.077492
    ],
    [
      1782246504,
      0.077537
    ],
    [
      1782247365,
      0.077526
    ],
    [
      1782248266,
      0.077498
    ],
    [
      1782248961,
      0.077723
    ],
    [
      1782250168,
      0.077771
    ],
    [
      1782250829,
      0.077676
    ],
    [
      1782251487,
      0.077638
    ]
  ],
  "sui": [
    [
      1782244700,
      0.698147
    ],
    [
      1782245601,
      0.699851
    ],
    [
      1782246504,
      0.69894
    ],
    [
      1782247365,
      0.698353
    ],
    [
      1782248266,
      0.697199
    ],
    [
      1782248961,
      0.699496
    ],
    [
      1782250168,
      0.69952
    ],
    [
      1782250829,
      0.700704
    ],
    [
      1782251487,
      0.700923
    ]
  ],
  "bitcoin-cash": [
    [
      1782244700,
      191.67
    ],
    [
      1782245601,
      192.1
    ],
    [
      1782246504,
      192.51
    ],
    [
      1782247365,
      192.61
    ],
    [
      1782248266,
      192.37
    ],
    [
      1782248961,
      192.84
    ],
    [
      1782250168,
      194.07
    ],
    [
      1782250829,
      193.8
    ],
    [
      1782251487,
      193.72
    ]
  ],
  "litecoin": [
    [
      1782244700,
      41.85
    ],
    [
      1782245601,
      41.95
    ],
    [
      1782246504,
      41.92
    ],
    [
      1782247365,
      41.9
    ],
    [
      1782248266,
      41.83
    ],
    [
      1782248961,
      41.86
    ],
    [
      1782250168,
      41.91
    ],
    [
      1782250829,
      41.93
    ],
    [
      1782251487,
      41.93
    ]
  ],
  "polkadot": [
    [
      1782244700,
      0.901674
    ],
    [
      1782245601,
      0.905219
    ],
    [
      1782246504,
      0.906294
    ],
    [
      1782247365,
      0.906851
    ],
    [
      1782248266,
      0.905905
    ],
    [
      1782248961,
      0.908572
    ],
    [
      1782250168,
      0.908463
    ],
    [
      1782250829,
      0.908659
    ],
    [
      1782251487,
      0.908942
    ]
  ],
  "hyperliquid": [
    [
      1782244700,
      62.11
    ],
    [
      1782245601,
      62.49
    ],
    [
      1782246504,
      62.55
    ],
    [
      1782247365,
      62.59
    ],
    [
      1782248266,
      61.91
    ],
    [
      1782248961,
      62.06
    ],
    [
      1782250168,
      62.24
    ],
    [
      1782250829,
      62.23
    ],
    [
      1782251487,
      62.14
    ]
  ],