{
  "bitcoin": [
    [
      1780461869,
      66322
    ],
    [
      1780462771,
      66362
    ],
    [
      1780463672,
      67120
    ],
    [
      1780464573,
      66948
    ],
    [
      1780465475,
      66942
    ],
    [
      1780466376,
      67270
    ],
    [
      1780467278,
      67073
    ],
    [
      1780468179,
      67184
    ]
  ],
  "ethereum": [
    [
      1780461869,
      1839.94
    ],
    [
      1780462771,
      1847.38
    ],
    [
      1780463672,
      1869.07
    ],
    [
      1780464573,
      1865.2
    ],
    [
      1780465475,
      1863.68
    ],
    [
      1780466376,
      1871.84
    ],
    [
      1780467278,
      1872.11
    ],
    [
      1780468179,
      1870.66
    ]
  ],
  "avalanche-2": [
    [
      1780461869,
      8.13
    ],
    [
      1780462771,
      8.15
    ],
    [
      1780463672,
      8.28
    ],
    [
      1780464573,
      8.27
    ],
    [
      1780465475,
      8.26
    ],
    [
      1780466376,
      8.27
    ],
    [
      1780467278,
      8.28
    ],
    [
      1780468179,
      8.27
    ]
  ],
  "ondo-finance": [
    [
      1780461869,
      0.390795
    ],
    [
      1780462771,
      0.392476
    ],
    [
      1780463672,
      0.400579
    ],
    [
      1780464573,
      0.403594
    ],
    [
      1780465475,
      0.404797
    ],
    [
      1780466376,
      0.409085
    ],
    [
      1780467278,
      0.407868
    ],
    [
      1780468179,
      0.413264
    ]
  ],
  "binancecoin": [
    [
      1780461869,
      634.41
    ],
    [
      1780462771,
      635.4
    ],
    [
      1780463672,
      641.79
    ],
    [
      1780464573,
      642.61
    ],
    [
      1780465475,
      643.83
    ],
    [
      1780466376,
      645.29
    ],
    [
      1780467278,
      643.97
    ],
    [
      1780468179,
      644.31
    ]
  ],
  "ripple": [
    [
      1780461869,
      1.21
    ],
    [
      1780462771,
      1.21
    ],
    [
      1780463672,
      1.23
    ],
    [
      1780464573,
      1.23
    ],
    [
      1780465475,
      1.23
    ],
    [
      1780466376,
      1.23
    ],
    [
      1780467278,
      1.23
    ],
    [
      1780468179,
      1.24
    ]
  ],
  "solana": [
    [
      1780461869,
      73.56
    ],
    [
      1780462771,
      73.85
    ],
    [
      1780463672,
      74.68
    ],
    [
      1780464573,
      74.51
    ],
    [
      1780465475,
      74.46
    ],
    [
      1780466376,
      74.65
    ],
    [
      1780467278,
      74.76
    ],
    [
      1780468179,
      74.94
    ]
  ],
  "dogecoin": [
    [
      1780461869,
      0.092318
    ],
    [
      1780462771,
      0.092503
    ],
    [
      1780463672,
      0.093928
    ],
    [
      1780464573,
      0.093739
    ],
    [
      1780465475,
      0.09364
    ],
    [
      1780466376,
      0.093833
    ],
    [
      1780467278,
      0.093762
    ],
    [
      1780468179,
      0.093978
    ]
  ],
  "cardano": [
    [
      1780461869,
      0.210903
    ],
    [
      1780462771,
      0.211447
    ],
    [
      1780463672,
      0.214569
    ],
    [
      1780464573,
      0.214204
    ],
    [
      1780465475,
      0.214385
    ],
    [
      1780466376,
      0.214797
    ],
    [
      1780467278,
      0.214671
    ],
    [
      1780468179,
      0.215237
    ]
  ],
  "tron": [
    [
      1780461869,
      0.330282
    ],
    [
      1780462771,
      0.331211
    ],
    [
      1780463672,
      0.332756
    ],
    [
      1780464573,
      0.33248
    ],
    [
      1780465475,
      0.332443
    ],
    [
      1780466376,
      0.332579
    ],
    [
      1780467278,
      0.332702
    ],
    [
      1780468179,
      0.332839
    ]
  ],
  "chainlink": [
    [
      1780461869,
      8.32
    ],
    [
      1780462771,
      8.34
    ],
    [
      1780463672,
      8.47
    ],
    [
      1780464573,
      8.46
    ],
    [
      1780465475,
      8.46
    ],
    [
      1780466376,
      8.48
    ],
    [
      1780467278,
      8.49
    ],
    [
      1780468179,
      8.51
    ]
  ],
  "the-open-network": [
    [
      1780461869,
      2.0
    ],
    [
      1780462771,
      2.01
    ],
    [
      1780463672,
      2.04
    ],
    [
      1780464573,
      2.03
    ],
    [
      1780465475,
      2.02
    ],
    [
      1780466376,
      2.04
    ],
    [
      1780467278,
      2.03
    ],
    [
      1780468179,
      2.03
    ]
  ],
  "stellar": [
    [
      1780461869,
      0.220571
    ],
    [
      1780462771,
      0.219988
    ],
    [
      1780463672,
      0.224497
    ],
    [
      1780464573,
      0.223671
    ],
    [
      1780465475,
      0.226952
    ],
    [
      1780466376,
      0.225098
    ],
    [
      1780467278,
      0.224809
    ],
    [
      1780468179,
      0.226953
    ]
  ],
  "hedera-hashgraph": [
    [
      1780461869,
      0.086308
    ],
    [
      1780462771,
      0.086406
    ],
    [
      1780463672,
      0.088318
    ],
    [
      1780464573,
      0.088215
    ],
    [
      1780465475,
      0.088281
    ],
    [
      1780466376,
      0.088205
    ],
    [
      1780467278,
      0.088067
    ],
    [
      1780468179,
      0.088278
    ]
  ],
  "sui": [
    [
      1780461869,
      0.810594
    ],
    [
      1780462771,
      0.814801
    ],
    [
      1780463672,
      0.833102
    ],
    [
      1780464573,
      0.831263
    ],
    [
      1780465475,
      0.827788
    ],
    [
      1780466376,
      0.829074
    ],
    [
      1780467278,
      0.827729
    ],
    [
      1780468179,
      0.829424
    ]
  ],
  "bitcoin-cash": [
    [
      1780461869,
      246.34
    ],
    [
      1780462771,
      247.51
    ],
    [
      1780463672,
      252.2
    ],
    [
      1780464573,
      252.94
    ],
    [
      1780465475,
      252.71
    ],
    [
      1780466376,
      254.18
    ],
    [
      1780467278,
      253.29
    ],
    [
      1780468179,
      253.68
    ]
  ],
  "litecoin": [
    [
      1780461869,
      47.51
    ],
    [
      1780462771,
      47.64
    ],
    [
      1780463672,
      48.17
    ],
    [
      1780464573,
      48.02
    ],
    [
      1780465475,
      47.92
    ],
    [
      1780466376,
      47.99
    ],
    [
      1780467278,
      48.0
    ],
    [
      1780468179,
      48.14
    ]
  ],
  "polkadot": [
    [
      1780461869,
      1.08
    ],
    [
      1780462771,
      1.085
    ],
    [
      1780463672,
      1.1
    ],
    [
      1780464573,
      1.099
    ],
    [
      1780465475,
      1.098
    ],
    [
      1780466376,
      1.1
    ],
    [
      1780467278,
      1.1
    ],
    [
      1780468179,
      1.1
    ]
  ],
  "hyperliquid": [
    [
      1780461869,
      72.0
    ],
    [
      1780462771,
      72.5
    ],
    [
      1780463672,
      73.23
    ],
    [
      1780464573,
      73.07
    ],
    [
      1780465475,
      72.56
    ],
    [
      1780466376,
      72.48
    ],
    [
      1780467278,
      72.38
    ],
    [
      1780468179,
      72.36
    ]
  ],
  "monero": [
    [
      1780461869,
      331.59
    ],
    [
      1780462771,
      334.74
    ],
    [
      1780463672,
      336.34
    ],
    [
      1780464573,
      334.38
    ],
    [
      1780465475,
      333.73
    ],
    [
      1780466376,
      334.39
    ],
    [
      1780467278,
      334.87
    ],
    [
      1780468179,
      334.09
    ]
  ],
  "_alerts_sent": {
    "bitcoin-cash_2026-06-03 05": true,
    "bitcoin-cash_2026-06-03 06": true
  }
}