{
  "bitcoin": [
    [
      1783695764,
      63899
    ],
    [
      1783696666,
      64093
    ],
    [
      1783697568,
      64066
    ],
    [
      1783698469,
      63892.1
    ],
    [
      1783699371,
      63983
    ],
    [
      1783700273,
      64078
    ],
    [
      1783701174,
      63975
    ],
    [
      1783702076,
      63908
    ]
  ],
  "ethereum": [
    [
      1783695764,
      1784.09
    ],
    [
      1783696666,
      1791.78
    ],
    [
      1783697568,
      1791.49
    ],
    [
      1783698469,
      1786.83
    ],
    [
      1783699371,
      1789.2
    ],
    [
      1783700273,
      1793.37
    ],
    [
      1783701174,
      1790.4
    ],
    [
      1783702076,
      1789.67
    ]
  ],
  "avalanche-2": [
    [
      1783695764,
      6.69
    ],
    [
      1783696666,
      6.71
    ],
    [
      1783697568,
      6.72
    ],
    [
      1783698469,
      6.726
    ],
    [
      1783699371,
      6.73
    ],
    [
      1783700273,
      6.75
    ],
    [
      1783701174,
      6.74
    ],
    [
      1783702076,
      6.73
    ]
  ],
  "ondo-finance": [
    [
      1783695764,
      0.326144
    ],
    [
      1783696666,
      0.326806
    ],
    [
      1783697568,
      0.325222
    ],
    [
      1783698469,
      0.32418
    ],
    [
      1783699371,
      0.325561
    ],
    [
      1783700273,
      0.326556
    ],
    [
      1783701174,
      0.325981
    ],
    [
      1783702076,
      0.326622
    ]
  ],
  "binancecoin": [
    [
      1783695764,
      572.03
    ],
    [
      1783696666,
      573.46
    ],
    [
      1783697568,
      573.44
    ],
    [
      1783699371,
      573.72
    ],
    [
      1783700273,
      574.99
    ],
    [
      1783701174,
      575.0
    ],
    [
      1783702076,
      575.5
    ]
  ],
  "ripple": [
    [
      1783695764,
      1.1
    ],
    [
      1783696666,
      1.1
    ],
    [
      1783697568,
      1.1
    ],
    [
      1783699371,
      1.1
    ],
    [
      1783700273,
      1.1
    ],
    [
      1783701174,
      1.1
    ],
    [
      1783702076,
      1.1
    ]
  ],
  "solana": [
    [
      1783695764,
      77.92
    ],
    [
      1783696666,
      77.97
    ],
    [
      1783697568,
      78.23
    ],
    [
      1783699371,
      78.06
    ],
    [
      1783700273,
      78.07
    ],
    [
      1783701174,
      77.89
    ],
    [
      1783702076,
      77.76
    ]
  ],
  "dogecoin": [
    [
      1783695764,
      0.073808
    ],
    [
      1783696666,
      0.073888
    ],
    [
      1783697568,
      0.073937
    ],
    [
      1783699371,
      0.07398
    ],
    [
      1783700273,
      0.074076
    ],
    [
      1783701174,
      0.074015
    ],
    [
      1783702076,
      0.074068
    ]
  ],
  "cardano": [
    [
      1783695764,
      0.165417
    ],
    [
      1783696666,
      0.165954
    ],
    [
      1783697568,
      0.166059
    ],
    [
      1783699371,
      0.166327
    ],
    [
      1783700273,
      0.166566
    ],
    [
      1783701174,
      0.166574
    ],
    [
      1783702076,
      0.166748
    ]
  ],
  "tron": [
    [
      1783695764,
      0.330655
    ],
    [
      1783696666,
      0.330475
    ],
    [
      1783697568,
      0.330479
    ],
    [
      1783699371,
      0.330481
    ],
    [
      1783700273,
      0.330624
    ],
    [
      1783701174,
      0.330606
    ],
    [
      1783702076,
      0.330558
    ]
  ],
  "chainlink": [
    [
      1783695764,
      7.89
    ],
    [
      1783696666,
      7.91
    ],
    [
      1783697568,
      7.92
    ],
    [
      1783699371,
      7.91
    ],
    [
      1783700273,
      7.93
    ],
    [
      1783701174,
      7.92
    ],
    [
      1783702076,
      7.93
    ]
  ],
  "the-open-network": [
    [
      1783695764,
      1.66
    ],
    [
      1783696666,
      1.66
    ],
    [
      1783697568,
      1.68
    ],
    [
      1783699371,
      1.67
    ],
    [
      1783700273,
      1.68
    ],
    [
      1783701174,
      1.67
    ],
    [
      1783702076,
      1.66
    ]
  ],
  "stellar": [
    [
      1783695764,
      0.18815
    ],
    [
      1783696666,
      0.188667
    ],
    [
      1783697568,
      0.188594
    ],
    [
      1783699371,
      0.188347
    ],
    [
      1783700273,
      0.188608
    ],
    [
      1783701174,
      0.188322
    ],
    [
      1783702076,
      0.188466
    ]
  ],
  "hedera-hashgraph": [
    [
      1783695764,
      0.069961
    ],
    [
      1783696666,
      0.070064
    ],
    [
      1783697568,
      0.070097
    ],
    [
      1783699371,
      0.070224
    ],
    [
      1783700273,
      0.070412
    ],
    [
      1783701174,
      0.070258
    ],
    [
      1783702076,
      0.070162
    ]
  ],
  "sui": [
    [
      1783695764,
      0.737205
    ],
    [
      1783696666,
      0.736549
    ],
    [
      1783697568,
      0.736654
    ],
    [
      1783699371,
      0.735769
    ],
    [
      1783700273,
      0.73697
    ],
    [
      1783701174,
      0.736134
    ],
    [
      1783702076,
      0.735489
    ]
  ],
  "bitcoin-cash": [
    [
      1783695764,
      248.93
    ],
    [
      1783696666,
      249.56
    ],
    [
      1783697568,
      250.01
    ],
    [
      1783699371,
      249.45
    ],
    [
      1783700273,
      248.89
    ],
    [
      1783701174,
      248.41
    ],
    [
      1783702076,
      248.17
    ]
  ],
  "litecoin": [
    [
      1783695764,
      44.36
    ],
    [
      1783696666,
      44.55
    ],
    [
      1783697568,
      44.61
    ],
    [
      1783699371,
      44.69
    ],
    [
      1783700273,
      44.7
    ],
    [
      1783701174,
      44.63
    ],
    [
      1783702076,
      44.63
    ]
  ],
  "polkadot": [
    [
      1783695764,
      0.870474
    ],
    [
      1783696666,
      0.873869
    ],
    [
      1783697568,
      0.873257
    ],
    [
      1783699371,
      0.873051
    ],
    [
      1783700273,
      0.874354
    ],
    [
      1783701174,
      0.872393
    ],
    [
      1783702076,
      0.878802
    ]
  ],
  "hyperliquid": [
    [
      1783695764,
      67.31
    ],
    [
      1783696666,
      67.55
    ],
    [
      1783697568,
      67.62
    ],
    [
      1783699371,
      67.47
    ],
    [
      1783700273,
      67.7
    ],
    [
      1783701174,
      67.66
    ],
    [
      1783702076,
      67.72
    ]
  ],
  "monero": [
    [
      1783695764,
      319.15
    ],
    [
      1783696666,
      318.87
    ],
    [
      1783697568,
      319.5
    ],
    [
      1783699371,
      324.76
    ],
    [
      1783700273,
      325.05
    ],
    [
      1783701174,
      324.62
    ],
    [
      1783702076,
      323.1
    ]
  ],
  "_alerts_sent": {}
}