{
  "bitcoin": [
    [
      1779618433,
      76910
    ],
    [
      1779619334,
      77098
    ],
    [
      1779620236,
      77083
    ],
    [
      1779621137,
      77193
    ],
    [
      1779622039,
      77227
    ],
    [
      1779622940,
      77164
    ],
    [
      1779623841,
      77199
    ],
    [
      1779624743,
      77123
    ]
  ],
  "ethereum": [
    [
      1779618433,
      2118.43
    ],
    [
      1779619334,
      2118.29
    ],
    [
      1779620236,
      2119.69
    ],
    [
      1779621137,
      2122.1
    ],
    [
      1779622039,
      2124.32
    ],
    [
      1779622940,
      2123.52
    ],
    [
      1779623841,
      2123.86
    ],
    [
      1779624743,
      2120.85
    ]
  ],
  "avalanche-2": [
    [
      1779618433,
      9.32
    ],
    [
      1779619334,
      9.33
    ],
    [
      1779620236,
      9.33
    ],
    [
      1779621137,
      9.35
    ],
    [
      1779622039,
      9.35
    ],
    [
      1779622940,
      9.34
    ],
    [
      1779623841,
      9.34
    ],
    [
      1779624743,
      9.33
    ]
  ],
  "ondo-finance": [
    [
      1779618433,
      0.438191
    ],
    [
      1779619334,
      0.436833
    ],
    [
      1779620236,
      0.439357
    ],
    [
      1779621137,
      0.440385
    ],
    [
      1779622039,
      0.438735
    ],
    [
      1779622940,
      0.440514
    ],
    [
      1779623841,
      0.441978
    ],
    [
      1779624743,
      0.443317
    ]
  ]
}