{
  "bitcoin": [
    [
      1784062045,
      64469.4
    ],
    [
      1784062946,
      64536
    ],
    [
      1784063848,
      64580
    ],
    [
      1784064749,
      64631
    ],
    [
      1784065650,
      64676
    ],
    [
      1784066552,
      64584
    ],
    [
      1784067453,
      64520
    ],
    [
      1784068354,
      64892
    ]
  ],
  "ethereum": [
    [
      1784062045,
      1874.33
    ],
    [
      1784062946,
      1874.53
    ],
    [
      1784063848,
      1877.05
    ],
    [
      1784064749,
      1876.69
    ],
    [
      1784065650,
      1876.62
    ],
    [
      1784066552,
      1873.71
    ],
    [
      1784067453,
      1871.68
    ],
    [
      1784068354,
      1880.7
    ]
  ],
  "avalanche-2": [
    [
      1784062045,
      6.635
    ],
    [
      1784062946,
      6.64
    ],
    [
      1784063848,
      6.64
    ],
    [
      1784064749,
      6.63
    ],
    [
      1784065650,
      6.64
    ],
    [
      1784066552,
      6.63
    ],
    [
      1784067453,
      6.63
    ],
    [
      1784068354,
      6.66
    ]
  ],
  "ondo-finance": [
    [
      1784062045,
      0.31399
    ],
    [
      1784062946,
      0.31405
    ],
    [
      1784063848,
      0.314588
    ],
    [
      1784064749,
      0.314981
    ],
    [
      1784065650,
      0.315579
    ],
    [
      1784066552,
      0.315026
    ],
    [
      1784067453,
      0.313339
    ],
    [
      1784068354,
      0.31488
    ]
  ],
  "binancecoin": [
    [
      1784062946,
      579.57
    ],
    [
      1784063848,
      580.12
    ],
    [
      1784064749,
      580.0
    ],
    [
      1784065650,
      580.69
    ],
    [
      1784066552,
      580.01
    ],
    [
      1784067453,
      579.0
    ],
    [
      1784068354,
      581.08
    ]
  ],
  "ripple": [
    [
      1784062946,
      1.11
    ],
    [
      1784063848,
      1.11
    ],
    [
      1784064749,
      1.11
    ],
    [
      1784065650,
      1.11
    ],
    [
      1784066552,
      1.11
    ],
    [
      1784067453,
      1.1
    ],
    [
      1784068354,
      1.11
    ]
  ],
  "solana": [
    [
      1784062946,
      77.11
    ],
    [
      1784063848,
      77.26
    ],
    [
      1784064749,
      77.22
    ],
    [
      1784065650,
      77.26
    ],
    [
      1784066552,
      77.14
    ],
    [
      1784067453,
      77.13
    ],
    [
      1784068354,
      77.52
    ]
  ],
  "dogecoin": [
    [
      1784062946,
      0.074077
    ],
    [
      1784063848,
      0.074229
    ],
    [
      1784064749,
      0.074407
    ],
    [
      1784065650,
      0.074438
    ],
    [
      1784066552,
      0.074268
    ],
    [
      1784067453,
      0.07403
    ],
    [
      1784068354,
      0.074331
    ]
  ],
  "cardano": [
    [
      1784062946,
      0.163206
    ],
    [
      1784063848,
      0.163911
    ],
    [
      1784064749,
      0.164204
    ],
    [
      1784065650,
      0.164743
    ],
    [
      1784066552,
      0.164285
    ],
    [
      1784067453,
      0.163564
    ],
    [
      1784068354,
      0.164444
    ]
  ],
  "tron": [
    [
      1784062946,
      0.32515
    ],
    [
      1784063848,
      0.325139
    ],
    [
      1784064749,
      0.325081
    ],
    [
      1784065650,
      0.325112
    ],
    [
      1784066552,
      0.325075
    ],
    [
      1784067453,
      0.325135
    ],
    [
      1784068354,
      0.325716
    ]
  ],
  "chainlink": [
    [
      1784062946,
      8.28
    ],
    [
      1784063848,
      8.29
    ],
    [
      1784064749,
      8.29
    ],
    [
      1784065650,
      8.29
    ],
    [
      1784066552,
      8.26
    ],
    [
      1784067453,
      8.25
    ],
    [
      1784068354,
      8.28
    ]
  ],
  "the-open-network": [
    [
      1784062946,
      1.62
    ],
    [
      1784063848,
      1.62
    ],
    [
      1784064749,
      1.61
    ],
    [
      1784065650,
      1.61
    ],
    [
      1784066552,
      1.61
    ],
    [
      1784067453,
      1.61
    ],
    [
      1784068354,
      1.61
    ]
  ],
  "stellar": [
    [
      1784062946,
      0.184737
    ],
    [
      1784063848,
      0.184298
    ],
    [
      1784064749,
      0.184025
    ],
    [
      1784065650,
      0.184178
    ],
    [
      1784066552,
      0.183736
    ],
    [
      1784067453,
      0.183305
    ],
    [
      1784068354,
      0.1848
    ]
  ],
  "hedera-hashgraph": [
    [
      1784062946,
      0.066646
    ],
    [
      1784063848,
      0.066652
    ],
    [
      1784064749,
      0.066648
    ],
    [
      1784065650,
      0.06677
    ],
    [
      1784066552,
      0.066721
    ],
    [
      1784067453,
      0.066918
    ],
    [
      1784068354,
      0.067236
    ]
  ],
  "sui": [
    [
      1784062946,
      0.759006
    ],
    [
      1784063848,
      0.75908
    ],
    [
      1784064749,
      0.75951
    ],
    [
      1784065650,
      0.76161
    ],
    [
      1784066552,
      0.758342
    ],
    [
      1784067453,
      0.756532
    ],
    [
      1784068354,
      0.760515
    ]
  ],
  "bitcoin-cash": [
    [
      1784062946,
      236.14
    ],
    [
      1784063848,
      236.29
    ],
    [
      1784064749,
      236.75
    ],
    [
      1784065650,
      237.17
    ],
    [
      1784066552,
      236.18
    ],
    [
      1784067453,
      235.44
    ],
    [
      1784068354,
      236.34
    ]
  ],
  "litecoin": [
    [
      1784062946,
      44.96
    ],
    [
      1784063848,
      44.98
    ],
    [
      1784064749,
      45.0
    ],
    [
      1784065650,
      45.02
    ],
    [
      1784066552,
      45.04
    ],
    [
      1784067453,
      44.95
    ],
    [
      1784068354,
      45.08
    ]
  ],
  "polkadot": [
    [
      1784062946,
      0.845879
    ],
    [
      1784063848,
      0.847033
    ],
    [
      1784064749,
      0.848399
    ],
    [
      1784065650,
      0.851454
    ],
    [
      1784066552,
      0.849318
    ],
    [
      1784067453,
      0.846342
    ],
    [
      1784068354,
      0.850063
    ]
  ],
  "hyperliquid": [
    [
      1784062946,
      65.67
    ],
    [
      1784063848,
      65.79
    ],
    [
      1784064749,
      65.93
    ],
    [
      1784065650,
      65.64
    ],
    [
      1784066552,
      65.58
    ],
    [
      1784067453,
      65.55
    ],
    [
      1784068354,
      65.89
    ]
  ],
  "monero": [
    [
      1784062946,
      326.68
    ],
    [
      1784063848,
      327.75
    ],
    [
      1784064749,
      329.3
    ],
    [
      1784065650,
      329.97
    ],
    [
      1784066552,
      329.27
    ],
    [
      1784067453,
      329.68
    ],
    [
      1784068354,
      329.61
    ]
  ],
  "_alerts_sent": {}
}