{
  "bitcoin": [
    [
      1780482762,
      67209
    ],
    [
      1780483663,
      67131
    ],
    [
      1780484565,
      67251
    ],
    [
      1780485470,
      67223
    ],
    [
      1780486371,
      67192
    ],
    [
      1780487273,
      67038
    ],
    [
      1780488174,
      66899
    ],
    [
      1780489076,
      66768
    ]
  ],
  "ethereum": [
    [
      1780482762,
      1882.87
    ],
    [
      1780483663,
      1881.24
    ],
    [
      1780484565,
      1883.94
    ],
    [
      1780485470,
      1884.22
    ],
    [
      1780486371,
      1882.88
    ],
    [
      1780487273,
      1877.71
    ],
    [
      1780488174,
      1873.5
    ],
    [
      1780489076,
      1867.87
    ]
  ],
  "avalanche-2": [
    [
      1780482762,
      8.32
    ],
    [
      1780483663,
      8.31
    ],
    [
      1780484565,
      8.34
    ],
    [
      1780485470,
      8.35
    ],
    [
      1780486371,
      8.35
    ],
    [
      1780487273,
      8.31
    ],
    [
      1780488174,
      8.28
    ],
    [
      1780489076,
      8.26
    ]
  ],
  "ondo-finance": [
    [
      1780482762,
      0.416292
    ],
    [
      1780483663,
      0.414511
    ],
    [
      1780484565,
      0.419765
    ],
    [
      1780485470,
      0.42692
    ],
    [
      1780486371,
      0.425284
    ],
    [
      1780487273,
      0.415998
    ],
    [
      1780488174,
      0.412377
    ],
    [
      1780489076,
      0.415396
    ]
  ],
  "binancecoin": [
    [
      1780482762,
      641.94
    ],
    [
      1780483663,
      642.25
    ],
    [
      1780484565,
      641.66
    ],
    [
      1780485470,
      641.87
    ],
    [
      1780486371,
      641.87
    ],
    [
      1780487273,
      639.11
    ],
    [
      1780488174,
      636.03
    ],
    [
      1780489076,
      633.27
    ]
  ],
  "ripple": [
    [
      1780482762,
      1.24
    ],
    [
      1780483663,
      1.24
    ],
    [
      1780484565,
      1.24
    ],
    [
      1780485470,
      1.24
    ],
    [
      1780486371,
      1.24
    ],
    [
      1780487273,
      1.24
    ],
    [
      1780488174,
      1.23
    ],
    [
      1780489076,
      1.23
    ]
  ],
  "solana": [
    [
      1780482762,
      75.33
    ],
    [
      1780483663,
      75.3
    ],
    [
      1780484565,
      75.46
    ],
    [
      1780485470,
      75.5
    ],
    [
      1780486371,
      75.5
    ],
    [
      1780487273,
      75.19
    ],
    [
      1780488174,
      74.93
    ],
    [
      1780489076,
      74.78
    ]
  ],
  "dogecoin": [
    [
      1780482762,
      0.094155
    ],
    [
      1780483663,
      0.094153
    ],
    [
      1780484565,
      0.094212
    ],
    [
      1780485470,
      0.094252
    ],
    [
      1780486371,
      0.094293
    ],
    [
      1780487273,
      0.09402
    ],
    [
      1780488174,
      0.093742
    ],
    [
      1780489076,
      0.093804
    ]
  ],
  "cardano": [
    [
      1780482762,
      0.217346
    ],
    [
      1780483663,
      0.217139
    ],
    [
      1780484565,
      0.217391
    ],
    [
      1780485470,
      0.217706
    ],
    [
      1780486371,
      0.217808
    ],
    [
      1780487273,
      0.216701
    ],
    [
      1780488174,
      0.215688
    ],
    [
      1780489076,
      0.215384
    ]
  ],
  "tron": [
    [
      1780482762,
      0.331526
    ],
    [
      1780483663,
      0.331994
    ],
    [
      1780484565,
      0.331925
    ],
    [
      1780485470,
      0.33215
    ],
    [
      1780486371,
      0.33232
    ],
    [
      1780487273,
      0.332085
    ],
    [
      1780488174,
      0.331742
    ],
    [
      1780489076,
      0.331691
    ]
  ],
  "chainlink": [
    [
      1780482762,
      8.54
    ],
    [
      1780483663,
      8.53
    ],
    [
      1780484565,
      8.57
    ],
    [
      1780485470,
      8.59
    ],
    [
      1780486371,
      8.58
    ],
    [
      1780487273,
      8.55
    ],
    [
      1780488174,
      8.52
    ],
    [
      1780489076,
      8.49
    ]
  ],
  "the-open-network": [
    [
      1780482762,
      1.98
    ],
    [
      1780483663,
      2.0
    ],
    [
      1780484565,
      2.02
    ],
    [
      1780485470,
      2.03
    ],
    [
      1780486371,
      2.03
    ],
    [
      1780487273,
      2.01
    ],
    [
      1780488174,
      2.0
    ],
    [
      1780489076,
      2.0
    ]
  ],
  "stellar": [
    [
      1780482762,
      0.225902
    ],
    [
      1780483663,
      0.226682
    ],
    [
      1780484565,
      0.226498
    ],
    [
      1780485470,
      0.226725
    ],
    [
      1780486371,
      0.228296
    ],
    [
      1780487273,
      0.229013
    ],
    [
      1780488174,
      0.226766
    ],
    [
      1780489076,
      0.226632
    ]
  ],
  "hedera-hashgraph": [
    [
      1780482762,
      0.087564
    ],
    [
      1780483663,
      0.087375
    ],
    [
      1780484565,
      0.087474
    ],
    [
      1780485470,
      0.087935
    ],
    [
      1780486371,
      0.088202
    ],
    [
      1780487273,
      0.08791
    ],
    [
      1780488174,
      0.087692
    ],
    [
      1780489076,
      0.087524
    ]
  ],
  "sui": [
    [
      1780482762,
      0.83537
    ],
    [
      1780483663,
      0.833804
    ],
    [
      1780484565,
      0.836796
    ],
    [
      1780485470,
      0.837178
    ],
    [
      1780486371,
      0.836108
    ],
    [
      1780487273,
      0.832692
    ],
    [
      1780488174,
      0.827368
    ],
    [
      1780489076,
      0.825497
    ]
  ],
  "bitcoin-cash": [
    [
      1780482762,
      251.85
    ],
    [
      1780483663,
      251.75
    ],
    [
      1780484565,
      252.26
    ],
    [
      1780485470,
      251.65
    ],
    [
      1780486371,
      250.2
    ],
    [
      1780487273,
      249.76
    ],
    [
      1780488174,
      249.11
    ],
    [
      1780489076,
      248.86
    ]
  ],
  "litecoin": [
    [
      1780482762,
      48.23
    ],
    [
      1780483663,
      48.14
    ],
    [
      1780484565,
      48.3
    ],
    [
      1780485470,
      48.33
    ],
    [
      1780486371,
      48.36
    ],
    [
      1780487273,
      48.19
    ],
    [
      1780488174,
      48.11
    ],
    [
      1780489076,
      47.99
    ]
  ],
  "polkadot": [
    [
      1780482762,
      1.12
    ],
    [
      1780483663,
      1.12
    ],
    [
      1780484565,
      1.13
    ],
    [
      1780485470,
      1.13
    ],
    [
      1780486371,
      1.13
    ],
    [
      1780487273,
      1.12
    ],
    [
      1780488174,
      1.11
    ],
    [
      1780489076,
      1.11
    ]
  ],
  "hyperliquid": [
    [
      1780482762,
      72.52
    ],
    [
      1780483663,
      72.61
    ],
    [
      1780484565,
      73.04
    ],
    [
      1780485470,
      73.05
    ],
    [
      1780486371,
      73.27
    ],
    [
      1780487273,
      72.45
    ],
    [
      1780488174,
      72.15
    ],
    [
      1780489076,
      72.49
    ]
  ],
  "monero": [
    [
      1780482762,
      339.06
    ],
    [
      1780483663,
      337.74
    ],
    [
      1780484565,
      339.34
    ],
    [
      1780485470,
      340.0
    ],
    [
      1780486371,
      342.92
    ],
    [
      1780487273,
      344.6
    ],
    [
      1780488174,
      345.05
    ],
    [
      1780489076,
      342.86
    ]
  ],
  "_alerts_sent": {}
}