{
  "bitcoin": [
    [
      1780779569,
      60684
    ],
    [
      1780780470,
      60832
    ],
    [
      1780781371,
      60862
    ],
    [
      1780782273,
      60810
    ],
    [
      1780783174,
      60749
    ],
    [
      1780784075,
      60607
    ],
    [
      1780784978,
      60438
    ],
    [
      1780785879,
      60540
    ]
  ],
  "ethereum": [
    [
      1780779569,
      1556.62
    ],
    [
      1780780470,
      1560.64
    ],
    [
      1780781371,
      1561.19
    ],
    [
      1780782273,
      1560.87
    ],
    [
      1780783174,
      1558.68
    ],
    [
      1780784075,
      1555.8
    ],
    [
      1780784978,
      1552.3
    ],
    [
      1780785879,
      1555.82
    ]
  ],
  "avalanche-2": [
    [
      1780779569,
      6.62
    ],
    [
      1780780470,
      6.65
    ],
    [
      1780781371,
      6.64
    ],
    [
      1780782273,
      6.65
    ],
    [
      1780783174,
      6.64
    ],
    [
      1780784075,
      6.6
    ],
    [
      1780784978,
      6.61
    ],
    [
      1780785879,
      6.61
    ]
  ],
  "ondo-finance": [
    [
      1780779569,
      0.321768
    ],
    [
      1780780470,
      0.323397
    ],
    [
      1780781371,
      0.322944
    ],
    [
      1780782273,
      0.325109
    ],
    [
      1780783174,
      0.323501
    ],
    [
      1780784075,
      0.322185
    ],
    [
      1780784978,
      0.32187
    ],
    [
      1780785879,
      0.321956
    ]
  ],
  "binancecoin": [
    [
      1780779569,
      574.08
    ],
    [
      1780780470,
      575.3
    ],
    [
      1780781371,
      575.33
    ],
    [
      1780782273,
      575.24
    ],
    [
      1780783174,
      575.05
    ],
    [
      1780784075,
      571.88
    ],
    [
      1780784978,
      571.52
    ],
    [
      1780785879,
      571.85
    ]
  ],
  "ripple": [
    [
      1780779569,
      1.084
    ],
    [
      1780780470,
      1.087
    ],
    [
      1780781371,
      1.091
    ],
    [
      1780782273,
      1.09
    ],
    [
      1780783174,
      1.089
    ],
    [
      1780784075,
      1.085
    ],
    [
      1780784978,
      1.082
    ],
    [
      1780785879,
      1.085
    ]
  ],
  "solana": [
    [
      1780779569,
      61.8
    ],
    [
      1780780470,
      62.04
    ],
    [
      1780781371,
      62.1
    ],
    [
      1780782273,
      62.11
    ],
    [
      1780783174,
      62.0
    ],
    [
      1780784075,
      61.65
    ],
    [
      1780784978,
      61.5
    ],
    [
      1780785879,
      61.63
    ]
  ],
  "dogecoin": [
    [
      1780779569,
      0.080799
    ],
    [
      1780780470,
      0.081047
    ],
    [
      1780781371,
      0.081235
    ],
    [
      1780782273,
      0.081462
    ],
    [
      1780783174,
      0.081269
    ],
    [
      1780784075,
      0.081286
    ],
    [
      1780784978,
      0.081184
    ],
    [
      1780785879,
      0.081237
    ]
  ],
  "cardano": [
    [
      1780779569,
      0.157108
    ],
    [
      1780780470,
      0.157741
    ],
    [
      1780781371,
      0.158197
    ],
    [
      1780782273,
      0.157979
    ],
    [
      1780783174,
      0.157471
    ],
    [
      1780784075,
      0.155956
    ],
    [
      1780784978,
      0.156232
    ],
    [
      1780785879,
      0.156298
    ]
  ],
  "tron": [
    [
      1780779569,
      0.322346
    ],
    [
      1780780470,
      0.322466
    ],
    [
      1780781371,
      0.322941
    ],
    [
      1780782273,
      0.322935
    ],
    [
      1780783174,
      0.323128
    ],
    [
      1780784075,
      0.323333
    ],
    [
      1780784978,
      0.323192
    ],
    [
      1780785879,
      0.323066
    ]
  ],
  "chainlink": [
    [
      1780779569,
      7.32
    ],
    [
      1780780470,
      7.34
    ],
    [
      1780781371,
      7.36
    ],
    [
      1780782273,
      7.37
    ],
    [
      1780783174,
      7.35
    ],
    [
      1780784075,
      7.33
    ],
    [
      1780784978,
      7.34
    ],
    [
      1780785879,
      7.36
    ]
  ],
  "the-open-network": [
    [
      1780779569,
      1.6
    ],
    [
      1780780470,
      1.6
    ],
    [
      1780781371,
      1.62
    ],
    [
      1780782273,
      1.63
    ],
    [
      1780783174,
      1.64
    ],
    [
      1780784075,
      1.65
    ],
    [
      1780784978,
      1.65
    ],
    [
      1780785879,
      1.65
    ]
  ],
  "stellar": [
    [
      1780779569,
      0.20476
    ],
    [
      1780780470,
      0.205853
    ],
    [
      1780781371,
      0.208201
    ],
    [
      1780782273,
      0.210812
    ],
    [
      1780783174,
      0.20947
    ],
    [
      1780784075,
      0.20981
    ],
    [
      1780784978,
      0.20978
    ],
    [
      1780785879,
      0.210171
    ]
  ],
  "hedera-hashgraph": [
    [
      1780779569,
      0.078982
    ],
    [
      1780780470,
      0.079119
    ],
    [
      1780781371,
      0.079493
    ],
    [
      1780782273,
      0.079385
    ],
    [
      1780783174,
      0.079258
    ],
    [
      1780784075,
      0.079297
    ],
    [
      1780784978,
      0.079245
    ],
    [
      1780785879,
      0.079386
    ]
  ],
  "sui": [
    [
      1780779569,
      0.706147
    ],
    [
      1780780470,
      0.709212
    ],
    [
      1780781371,
      0.71139
    ],
    [
      1780782273,
      0.712087
    ],
    [
      1780783174,
      0.710567
    ],
    [
      1780784075,
      0.708092
    ],
    [
      1780784978,
      0.709408
    ],
    [
      1780785879,
      0.711112
    ]
  ],
  "bitcoin-cash": [
    [
      1780779569,
      214.49
    ],
    [
      1780780470,
      215.13
    ],
    [
      1780781371,
      216.47
    ],
    [
      1780782273,
      216.82
    ],
    [
      1780783174,
      216.93
    ],
    [
      1780784075,
      215.54
    ],
    [
      1780784978,
      215.09
    ],
    [
      1780785879,
      215.34
    ]
  ],
  "litecoin": [
    [
      1780779569,
      41.13
    ],
    [
      1780780470,
      41.37
    ],
    [
      1780781371,
      41.54
    ],
    [
      1780782273,
      41.73
    ],
    [
      1780783174,
      41.71
    ],
    [
      1780784075,
      41.29
    ],
    [
      1780784978,
      40.99
    ],
    [
      1780785879,
      40.97
    ]
  ],
  "polkadot": [
    [
      1780779569,
      0.934216
    ],
    [
      1780780470,
      0.937243
    ],
    [
      1780781371,
      0.939006
    ],
    [
      1780782273,
      0.940446
    ],
    [
      1780783174,
      0.939278
    ],
    [
      1780784075,
      0.936
    ],
    [
      1780784978,
      0.934378
    ],
    [
      1780785879,
      0.935116
    ]
  ],
  "hyperliquid": [
    [
      1780779569,
      56.48
    ],
    [
      1780780470,
      56.77
    ],
    [
      1780781371,
      56.84
    ],
    [
      1780782273,
      56.8
    ],
    [
      1780783174,
      56.69
    ],
    [
      1780784075,
      56.56
    ],
    [
      1780784978,
      56.38
    ],
    [
      1780785879,
      56.18
    ]
  ],
  "monero": [
    [
      1780779569,
      293.8
    ],
    [
      1780780470,
      294.9
    ],
    [
      1780781371,
      294.47
    ],
    [
      1780782273,
      295.33
    ],
    [
      1780783174,
      294.83
    ],
    [
      1780784075,
      293.62
    ],
    [
      1780784978,
      293.07
    ],
    [
      1780785879,
      293.74
    ]
  ],
  "_alerts_sent": {
    "stellar_2026-06-06 18": true
  }
}