{
  "bitcoin": [
    [
      1782773990,
      60260.6
    ],
    [
      1782774891,
      60255.5
    ],
    [
      1782775792,
      60143.4
    ],
    [
      1782776694,
      60168.2
    ],
    [
      1782777595,
      60134.1
    ],
    [
      1782778497,
      60103.0
    ],
    [
      1782779398,
      59907
    ],
    [
      1782780299,
      59694.2
    ]
  ],
  "ethereum": [
    [
      1782773990,
      1610.6
    ],
    [
      1782774891,
      1610.45
    ],
    [
      1782775792,
      1606.71
    ],
    [
      1782776694,
      1609.22
    ],
    [
      1782777595,
      1610.04
    ],
    [
      1782778497,
      1609.66
    ],
    [
      1782779398,
      1603.28
    ],
    [
      1782780299,
      1592.42
    ]
  ],
  "avalanche-2": [
    [
      1782773990,
      6.69
    ],
    [
      1782774891,
      6.688
    ],
    [
      1782775792,
      6.668
    ],
    [
      1782776694,
      6.668
    ],
    [
      1782777595,
      6.667
    ],
    [
      1782778497,
      6.664
    ],
    [
      1782779398,
      6.65
    ],
    [
      1782780299,
      6.618
    ]
  ],
  "ondo-finance": [
    [
      1782773990,
      0.31685
    ],
    [
      1782774891,
      0.31692
    ],
    [
      1782775792,
      0.31637
    ],
    [
      1782776694,
      0.31685
    ],
    [
      1782777595,
      0.31689
    ],
    [
      1782778497,
      0.31639
    ],
    [
      1782779398,
      0.315077
    ],
    [
      1782780299,
      0.31243
    ]
  ],
  "binancecoin": [
    [
      1782779398,
      557.1
    ]
  ],
  "ripple": [
    [
      1782779398,
      1.054
    ]
  ],
  "solana": [
    [
      1782779398,
      74.69
    ]
  ],
  "dogecoin": [
    [
      1782779398,
      0.073185
    ]
  ],
  "cardano": [
    [
      1782779398,
      0.145244
    ]
  ],
  "tron": [
    [
      1782779398,
      0.320401
    ]
  ],
  "chainlink": [
    [
      1782779398,
      7.36
    ]
  ],
  "the-open-network": [
    [
      1782779398,
      1.6
    ]
  ],
  "stellar": [
    [
      1782779398,
      0.174293
    ]
  ],
  "hedera-hashgraph": [
    [
      1782779398,
      0.071599
    ]
  ],
  "sui": [
    [
      1782779398,
      0.697419
    ]
  ],
  "bitcoin-cash": [
    [
      1782779398,
      200.73
    ]
  ],
  "litecoin": [
    [
      1782779398,
      43.0
    ]
  ],
  "polkadot": [
    [
      1782779398,
      0.824675
    ]
  ],
  "hyperliquid": [
    [
      1782779398,
      66.34
    ]
  ],
  "monero": [
    [
      1782779398,
      314.62
    ]
  ],
  "_alerts_sent": {}
}