{
  "bitcoin": [
    [
      1780508009,
      65819
    ],
    [
      1780508911,
      65978
    ],
    [
      1780509812,
      65973
    ],
    [
      1780510714,
      65722
    ],
    [
      1780511615,
      65873
    ],
    [
      1780512516,
      66017
    ],
    [
      1780513418,
      65949
    ],
    [
      1780514320,
      65892
    ]
  ],
  "ethereum": [
    [
      1780508009,
      1826.37
    ],
    [
      1780508911,
      1830.95
    ],
    [
      1780509812,
      1828.6
    ],
    [
      1780510714,
      1822.13
    ],
    [
      1780511615,
      1824.9
    ],
    [
      1780512516,
      1829.79
    ],
    [
      1780513418,
      1830.17
    ],
    [
      1780514320,
      1824.24
    ]
  ],
  "avalanche-2": [
    [
      1780508009,
      8.13
    ],
    [
      1780508911,
      8.15
    ],
    [
      1780509812,
      8.13
    ],
    [
      1780510714,
      8.11
    ],
    [
      1780511615,
      8.1
    ],
    [
      1780512516,
      8.13
    ],
    [
      1780513418,
      8.17
    ],
    [
      1780514320,
      8.14
    ]
  ],
  "ondo-finance": [
    [
      1780508009,
      0.421482
    ],
    [
      1780508911,
      0.424332
    ],
    [
      1780509812,
      0.423001
    ],
    [
      1780510714,
      0.419077
    ],
    [
      1780511615,
      0.417071
    ],
    [
      1780512516,
      0.420197
    ],
    [
      1780513418,
      0.423073
    ],
    [
      1780514320,
      0.422894
    ]
  ],
  "binancecoin": [
    [
      1780508009,
      624.69
    ],
    [
      1780508911,
      626.35
    ],
    [
      1780509812,
      627.21
    ],
    [
      1780510714,
      625.56
    ],
    [
      1780511615,
      626.75
    ],
    [
      1780512516,
      628.08
    ],
    [
      1780513418,
      627.25
    ],
    [
      1780514320,
      626.58
    ]
  ],
  "ripple": [
    [
      1780508009,
      1.22
    ],
    [
      1780508911,
      1.22
    ],
    [
      1780509812,
      1.22
    ],
    [
      1780510714,
      1.22
    ],
    [
      1780511615,
      1.22
    ],
    [
      1780512516,
      1.22
    ],
    [
      1780513418,
      1.22
    ],
    [
      1780514320,
      1.21
    ]
  ],
  "solana": [
    [
      1780508009,
      73.47
    ],
    [
      1780508911,
      73.53
    ],
    [
      1780509812,
      73.13
    ],
    [
      1780510714,
      73.02
    ],
    [
      1780511615,
      72.69
    ],
    [
      1780512516,
      72.92
    ],
    [
      1780513418,
      73.01
    ],
    [
      1780514320,
      72.56
    ]
  ],
  "dogecoin": [
    [
      1780508009,
      0.092374
    ],
    [
      1780508911,
      0.092682
    ],
    [
      1780509812,
      0.092586
    ],
    [
      1780510714,
      0.092324
    ],
    [
      1780511615,
      0.092174
    ],
    [
      1780512516,
      0.092514
    ],
    [
      1780513418,
      0.092814
    ],
    [
      1780514320,
      0.092463
    ]
  ],
  "cardano": [
    [
      1780508009,
      0.209207
    ],
    [
      1780508911,
      0.209889
    ],
    [
      1780509812,
      0.209514
    ],
    [
      1780510714,
      0.20839
    ],
    [
      1780511615,
      0.20774
    ],
    [
      1780512516,
      0.208187
    ],
    [
      1780513418,
      0.208178
    ],
    [
      1780514320,
      0.207369
    ]
  ],
  "tron": [
    [
      1780508009,
      0.334129
    ],
    [
      1780508911,
      0.333962
    ],
    [
      1780509812,
      0.333532
    ],
    [
      1780510714,
      0.333415
    ],
    [
      1780511615,
      0.333726
    ],
    [
      1780512516,
      0.333861
    ],
    [
      1780513418,
      0.33438
    ],
    [
      1780514320,
      0.334272
    ]
  ],
  "chainlink": [
    [
      1780508009,
      8.31
    ],
    [
      1780508911,
      8.32
    ],
    [
      1780509812,
      8.3
    ],
    [
      1780510714,
      8.27
    ],
    [
      1780511615,
      8.26
    ],
    [
      1780512516,
      8.31
    ],
    [
      1780513418,
      8.34
    ],
    [
      1780514320,
      8.31
    ]
  ],
  "the-open-network": [
    [
      1780508009,
      2.01
    ],
    [
      1780508911,
      2.0
    ],
    [
      1780509812,
      2.0
    ],
    [
      1780510714,
      2.0
    ],
    [
      1780511615,
      2.01
    ],
    [
      1780512516,
      2.01
    ],
    [
      1780513418,
      2.02
    ],
    [
      1780514320,
      2.0
    ]
  ],
  "stellar": [
    [
      1780508009,
      0.222044
    ],
    [
      1780508911,
      0.220986
    ],
    [
      1780509812,
      0.219819
    ],
    [
      1780510714,
      0.217786
    ],
    [
      1780511615,
      0.217911
    ],
    [
      1780512516,
      0.218523
    ],
    [
      1780513418,
      0.218139
    ],
    [
      1780514320,
      0.216976
    ]
  ],
  "hedera-hashgraph": [
    [
      1780508009,
      0.085817
    ],
    [
      1780508911,
      0.086154
    ],
    [
      1780509812,
      0.086106
    ],
    [
      1780510714,
      0.085901
    ],
    [
      1780511615,
      0.08582
    ],
    [
      1780512516,
      0.085982
    ],
    [
      1780513418,
      0.086464
    ],
    [
      1780514320,
      0.0866
    ]
  ],
  "sui": [
    [
      1780508009,
      0.823134
    ],
    [
      1780508911,
      0.826391
    ],
    [
      1780509812,
      0.823293
    ],
    [
      1780510714,
      0.820082
    ],
    [
      1780511615,
      0.818184
    ],
    [
      1780512516,
      0.823762
    ],
    [
      1780513418,
      0.826901
    ],
    [
      1780514320,
      0.821296
    ]
  ],
  "bitcoin-cash": [
    [
      1780508009,
      246.65
    ],
    [
      1780508911,
      248.41
    ],
    [
      1780509812,
      248.99
    ],
    [
      1780510714,
      248.2
    ],
    [
      1780511615,
      246.72
    ],
    [
      1780512516,
      247.28
    ],
    [
      1780513418,
      251.07
    ],
    [
      1780514320,
      248.53
    ]
  ],
  "litecoin": [
    [
      1780508009,
      47.47
    ],
    [
      1780508911,
      47.67
    ],
    [
      1780509812,
      47.66
    ],
    [
      1780510714,
      47.52
    ],
    [
      1780511615,
      47.38
    ],
    [
      1780512516,
      47.37
    ],
    [
      1780513418,
      47.41
    ],
    [
      1780514320,
      47.47
    ]
  ],
  "polkadot": [
    [
      1780508009,
      1.1
    ],
    [
      1780508911,
      1.11
    ],
    [
      1780509812,
      1.11
    ],
    [
      1780510714,
      1.1
    ],
    [
      1780511615,
      1.1
    ],
    [
      1780512516,
      1.11
    ],
    [
      1780513418,
      1.11
    ],
    [
      1780514320,
      1.11
    ]
  ],
  "hyperliquid": [
    [
      1780508009,
      71.98
    ],
    [
      1780508911,
      73.28
    ],
    [
      1780509812,
      73.7
    ],
    [
      1780510714,
      73.1
    ],
    [
      1780511615,
      73.11
    ],
    [
      1780512516,
      73.74
    ],
    [
      1780513418,
      74.25
    ],
    [
      1780514320,
      73.92
    ]
  ],
  "monero": [
    [
      1780508009,
      354.11
    ],
    [
      1780508911,
      357.64
    ],
    [
      1780509812,
      355.25
    ],
    [
      1780510714,
      350.14
    ],
    [
      1780511615,
      351.62
    ],
    [
      1780512516,
      351.85
    ],
    [
      1780513418,
      353.47
    ],
    [
      1780514320,
      350.96
    ]
  ],
  "_alerts_sent": {}
}