{
  "bitcoin": [
    [
      1783855888,
      63887
    ],
    [
      1783856789,
      63964
    ],
    [
      1783857691,
      63965
    ],
    [
      1783858592,
      64067
    ],
    [
      1783859494,
      64015
    ],
    [
      1783860396,
      63991
    ],
    [
      1783861297,
      63968.0
    ],
    [
      1783862203,
      63990
    ]
  ],
  "ethereum": [
    [
      1783855888,
      1799.55
    ],
    [
      1783856789,
      1804.5
    ],
    [
      1783857691,
      1802.86
    ],
    [
      1783858592,
      1805.95
    ],
    [
      1783859494,
      1805.64
    ],
    [
      1783860396,
      1804.99
    ],
    [
      1783861297,
      1804.59
    ],
    [
      1783862203,
      1806.47
    ]
  ],
  "avalanche-2": [
    [
      1783855888,
      6.4
    ],
    [
      1783856789,
      6.43
    ],
    [
      1783857691,
      6.43
    ],
    [
      1783858592,
      6.43
    ],
    [
      1783859494,
      6.44
    ],
    [
      1783860396,
      6.44
    ],
    [
      1783861297,
      6.433
    ],
    [
      1783862203,
      6.44
    ]
  ],
  "ondo-finance": [
    [
      1783855888,
      0.328006
    ],
    [
      1783856789,
      0.32791
    ],
    [
      1783857691,
      0.328717
    ],
    [
      1783858592,
      0.329806
    ],
    [
      1783859494,
      0.329549
    ],
    [
      1783860396,
      0.329052
    ],
    [
      1783861297,
      0.32858
    ],
    [
      1783862203,
      0.3287
    ]
  ],
  "binancecoin": [
    [
      1783855888,
      575.24
    ],
    [
      1783856789,
      579.66
    ],
    [
      1783857691,
      580.01
    ],
    [
      1783858592,
      582.45
    ],
    [
      1783859494,
      581.53
    ],
    [
      1783860396,
      580.76
    ],
    [
      1783862203,
      580.62
    ]
  ],
  "ripple": [
    [
      1783855888,
      1.095
    ],
    [
      1783856789,
      1.097
    ],
    [
      1783857691,
      1.096
    ],
    [
      1783858592,
      1.098
    ],
    [
      1783859494,
      1.098
    ],
    [
      1783860396,
      1.098
    ],
    [
      1783862203,
      1.099
    ]
  ],
  "solana": [
    [
      1783855888,
      76.79
    ],
    [
      1783856789,
      76.94
    ],
    [
      1783857691,
      76.97
    ],
    [
      1783858592,
      76.95
    ],
    [
      1783859494,
      77.05
    ],
    [
      1783860396,
      77.09
    ],
    [
      1783862203,
      77.27
    ]
  ],
  "dogecoin": [
    [
      1783855888,
      0.073055
    ],
    [
      1783856789,
      0.073125
    ],
    [
      1783857691,
      0.073205
    ],
    [
      1783858592,
      0.073309
    ],
    [
      1783859494,
      0.073364
    ],
    [
      1783860396,
      0.073326
    ],
    [
      1783862203,
      0.07345
    ]
  ],
  "cardano": [
    [
      1783855888,
      0.163976
    ],
    [
      1783856789,
      0.164543
    ],
    [
      1783857691,
      0.164459
    ],
    [
      1783858592,
      0.164852
    ],
    [
      1783859494,
      0.165115
    ],
    [
      1783860396,
      0.164999
    ],
    [
      1783862203,
      0.165146
    ]
  ],
  "tron": [
    [
      1783855888,
      0.331077
    ],
    [
      1783856789,
      0.331672
    ],
    [
      1783857691,
      0.331495
    ],
    [
      1783858592,
      0.331309
    ],
    [
      1783859494,
      0.331372
    ],
    [
      1783860396,
      0.331584
    ],
    [
      1783862203,
      0.331836
    ]
  ],
  "chainlink": [
    [
      1783855888,
      8.01
    ],
    [
      1783856789,
      8.02
    ],
    [
      1783857691,
      8.03
    ],
    [
      1783858592,
      8.03
    ],
    [
      1783859494,
      8.03
    ],
    [
      1783860396,
      8.03
    ],
    [
      1783862203,
      8.05
    ]
  ],
  "the-open-network": [
    [
      1783855888,
      1.64
    ],
    [
      1783856789,
      1.64
    ],
    [
      1783857691,
      1.64
    ],
    [
      1783858592,
      1.64
    ],
    [
      1783859494,
      1.64
    ],
    [
      1783860396,
      1.64
    ],
    [
      1783862203,
      1.64
    ]
  ],
  "stellar": [
    [
      1783855888,
      0.185933
    ],
    [
      1783856789,
      0.18607
    ],
    [
      1783857691,
      0.186168
    ],
    [
      1783858592,
      0.186165
    ],
    [
      1783859494,
      0.186101
    ],
    [
      1783860396,
      0.185749
    ],
    [
      1783862203,
      0.18742
    ]
  ],
  "hedera-hashgraph": [
    [
      1783855888,
      0.067717
    ],
    [
      1783856789,
      0.067793
    ],
    [
      1783857691,
      0.067859
    ],
    [
      1783858592,
      0.067801
    ],
    [
      1783859494,
      0.06788
    ],
    [
      1783860396,
      0.067912
    ],
    [
      1783862203,
      0.068016
    ]
  ],
  "sui": [
    [
      1783855888,
      0.739589
    ],
    [
      1783856789,
      0.740985
    ],
    [
      1783857691,
      0.740623
    ],
    [
      1783858592,
      0.743544
    ],
    [
      1783859494,
      0.745483
    ],
    [
      1783860396,
      0.741748
    ],
    [
      1783862203,
      0.743903
    ]
  ],
  "bitcoin-cash": [
    [
      1783855888,
      245.25
    ],
    [
      1783856789,
      245.5
    ],
    [
      1783857691,
      246.39
    ],
    [
      1783858592,
      246.91
    ],
    [
      1783859494,
      247.05
    ],
    [
      1783860396,
      247.08
    ],
    [
      1783862203,
      246.55
    ]
  ],
  "litecoin": [
    [
      1783855888,
      44.47
    ],
    [
      1783856789,
      44.59
    ],
    [
      1783857691,
      44.67
    ],
    [
      1783858592,
      44.72
    ],
    [
      1783859494,
      44.71
    ],
    [
      1783860396,
      44.66
    ],
    [
      1783862203,
      44.71
    ]
  ],
  "polkadot": [
    [
      1783855888,
      0.846604
    ],
    [
      1783856789,
      0.847998
    ],
    [
      1783857691,
      0.848682
    ],
    [
      1783858592,
      0.848184
    ],
    [
      1783859494,
      0.847123
    ],
    [
      1783860396,
      0.846699
    ],
    [
      1783862203,
      0.845856
    ]
  ],
  "hyperliquid": [
    [
      1783855888,
      66.86
    ],
    [
      1783856789,
      67.05
    ],
    [
      1783857691,
      66.91
    ],
    [
      1783858592,
      66.92
    ],
    [
      1783859494,
      66.89
    ],
    [
      1783860396,
      66.77
    ],
    [
      1783862203,
      66.88
    ]
  ],
  "monero": [
    [
      1783855888,
      328.77
    ],
    [
      1783856789,
      330.3
    ],
    [
      1783857691,
      330.7
    ],
    [
      1783858592,
      330.48
    ],
    [
      1783859494,
      330.62
    ],
    [
      1783860396,
      329.19
    ],
    [
      1783862203,
      329.87
    ]
  ],
  "_alerts_sent": {}
}