{
  "bitcoin": [
    [
      1780892321,
      62983
    ],
    [
      1780893222,
      62917
    ],
    [
      1780894123,
      62776
    ],
    [
      1780895025,
      62780
    ],
    [
      1780895926,
      62599
    ],
    [
      1780896828,
      62618
    ],
    [
      1780897729,
      62500
    ],
    [
      1780898630,
      62832
    ]
  ],
  "ethereum": [
    [
      1780892321,
      1667.78
    ],
    [
      1780893222,
      1665.62
    ],
    [
      1780894123,
      1659.99
    ],
    [
      1780895025,
      1658.71
    ],
    [
      1780895926,
      1651.13
    ],
    [
      1780896828,
      1651.76
    ],
    [
      1780897729,
      1648.07
    ],
    [
      1780898630,
      1658.55
    ]
  ],
  "avalanche-2": [
    [
      1780892321,
      6.62
    ],
    [
      1780893222,
      6.63
    ],
    [
      1780894123,
      6.6
    ],
    [
      1780895025,
      6.6
    ],
    [
      1780895926,
      6.58
    ],
    [
      1780896828,
      6.59
    ],
    [
      1780897729,
      6.56
    ],
    [
      1780898630,
      6.6
    ]
  ],
  "ondo-finance": [
    [
      1780892321,
      0.346506
    ],
    [
      1780893222,
      0.345461
    ],
    [
      1780894123,
      0.345107
    ],
    [
      1780895025,
      0.346807
    ],
    [
      1780895926,
      0.345085
    ],
    [
      1780896828,
      0.346041
    ],
    [
      1780897729,
      0.343373
    ],
    [
      1780898630,
      0.347757
    ]
  ],
  "binancecoin": [
    [
      1780892321,
      599.47
    ],
    [
      1780893222,
      598.11
    ],
    [
      1780894123,
      597.35
    ],
    [
      1780895025,
      596.99
    ],
    [
      1780895926,
      594.01
    ],
    [
      1780896828,
      594.17
    ],
    [
      1780897729,
      592.6
    ],
    [
      1780898630,
      595.29
    ]
  ],
  "ripple": [
    [
      1780892321,
      1.15
    ],
    [
      1780893222,
      1.14
    ],
    [
      1780894123,
      1.14
    ],
    [
      1780895025,
      1.14
    ],
    [
      1780895926,
      1.14
    ],
    [
      1780896828,
      1.13
    ],
    [
      1780897729,
      1.13
    ],
    [
      1780898630,
      1.14
    ]
  ],
  "solana": [
    [
      1780892321,
      65.87
    ],
    [
      1780893222,
      65.73
    ],
    [
      1780894123,
      65.52
    ],
    [
      1780895025,
      65.52
    ],
    [
      1780895926,
      65.28
    ],
    [
      1780896828,
      65.29
    ],
    [
      1780897729,
      65.11
    ],
    [
      1780898630,
      65.44
    ]
  ],
  "dogecoin": [
    [
      1780892321,
      0.085378
    ],
    [
      1780893222,
      0.085351
    ],
    [
      1780894123,
      0.085062
    ],
    [
      1780895025,
      0.085
    ],
    [
      1780895926,
      0.084772
    ],
    [
      1780896828,
      0.084775
    ],
    [
      1780897729,
      0.084511
    ],
    [
      1780898630,
      0.084858
    ]
  ],
  "cardano": [
    [
      1780892321,
      0.163035
    ],
    [
      1780893222,
      0.16243
    ],
    [
      1780894123,
      0.161575
    ],
    [
      1780895025,
      0.161667
    ],
    [
      1780895926,
      0.160633
    ],
    [
      1780896828,
      0.160843
    ],
    [
      1780897729,
      0.160223
    ],
    [
      1780898630,
      0.160886
    ]
  ],
  "tron": [
    [
      1780892321,
      0.327001
    ],
    [
      1780893222,
      0.326768
    ],
    [
      1780894123,
      0.327189
    ],
    [
      1780895025,
      0.326988
    ],
    [
      1780895926,
      0.326916
    ],
    [
      1780896828,
      0.32734
    ],
    [
      1780897729,
      0.326682
    ],
    [
      1780898630,
      0.327044
    ]
  ],
  "chainlink": [
    [
      1780892321,
      7.82
    ],
    [
      1780893222,
      7.82
    ],
    [
      1780894123,
      7.78
    ],
    [
      1780895025,
      7.78
    ],
    [
      1780895926,
      7.74
    ],
    [
      1780896828,
      7.77
    ],
    [
      1780897729,
      7.74
    ],
    [
      1780898630,
      7.79
    ]
  ],
  "the-open-network": [
    [
      1780892321,
      1.71
    ],
    [
      1780893222,
      1.71
    ],
    [
      1780894123,
      1.7
    ],
    [
      1780895025,
      1.7
    ],
    [
      1780895926,
      1.69
    ],
    [
      1780896828,
      1.69
    ],
    [
      1780897729,
      1.69
    ],
    [
      1780898630,
      1.7
    ]
  ],
  "stellar": [
    [
      1780892321,
      0.198453
    ],
    [
      1780893222,
      0.198592
    ],
    [
      1780894123,
      0.19907
    ],
    [
      1780895025,
      0.199776
    ],
    [
      1780895926,
      0.200094
    ],
    [
      1780896828,
      0.198875
    ],
    [
      1780897729,
      0.198594
    ],
    [
      1780898630,
      0.199106
    ]
  ],
  "hedera-hashgraph": [
    [
      1780892321,
      0.081684
    ],
    [
      1780893222,
      0.081687
    ],
    [
      1780894123,
      0.081359
    ],
    [
      1780895025,
      0.081345
    ],
    [
      1780895926,
      0.081163
    ],
    [
      1780896828,
      0.081115
    ],
    [
      1780897729,
      0.080857
    ],
    [
      1780898630,
      0.081158
    ]
  ],
  "sui": [
    [
      1780892321,
      0.746961
    ],
    [
      1780893222,
      0.745177
    ],
    [
      1780894123,
      0.739988
    ],
    [
      1780895025,
      0.738705
    ],
    [
      1780895926,
      0.73607
    ],
    [
      1780896828,
      0.737322
    ],
    [
      1780897729,
      0.731158
    ],
    [
      1780898630,
      0.737071
    ]
  ],
  "bitcoin-cash": [
    [
      1780892321,
      221.32
    ],
    [
      1780893222,
      222.56
    ],
    [
      1780894123,
      220.44
    ],
    [
      1780895025,
      220.63
    ],
    [
      1780895926,
      220.78
    ],
    [
      1780896828,
      221.27
    ],
    [
      1780897729,
      221.06
    ],
    [
      1780898630,
      222.18
    ]
  ],
  "litecoin": [
    [
      1780892321,
      42.3
    ],
    [
      1780893222,
      42.32
    ],
    [
      1780894123,
      42.19
    ],
    [
      1780895025,
      42.22
    ],
    [
      1780895926,
      42.19
    ],
    [
      1780896828,
      42.24
    ],
    [
      1780897729,
      42.15
    ],
    [
      1780898630,
      42.42
    ]
  ],
  "polkadot": [
    [
      1780892321,
      0.963739
    ],
    [
      1780893222,
      0.96315
    ],
    [
      1780894123,
      0.959065
    ],
    [
      1780895025,
      0.959194
    ],
    [
      1780895926,
      0.956089
    ],
    [
      1780896828,
      0.956742
    ],
    [
      1780897729,
      0.95222
    ],
    [
      1780898630,
      0.957414
    ]
  ],
  "hyperliquid": [
    [
      1780892321,
      60.87
    ],
    [
      1780893222,
      60.49
    ],
    [
      1780894123,
      60.54
    ],
    [
      1780895025,
      60.88
    ],
    [
      1780895926,
      60.88
    ],
    [
      1780896828,
      61.3
    ],
    [
      1780897729,
      60.95
    ],
    [
      1780898630,
      61.72
    ]
  ],
  "monero": [
    [
      1780892321,
      305.65
    ],
    [
      1780893222,
      306.59
    ],
    [
      1780894123,
      305.62
    ],
    [
      1780895025,
      304.72
    ],
    [
      1780895926,
      302.44
    ],
    [
      1780896828,
      301.1
    ],
    [
      1780897729,
      301.09
    ],
    [
      1780898630,
      302.4
    ]
  ],
  "_alerts_sent": {}
}