{
  "bitcoin": [
    [
      1784025576,
      62654
    ],
    [
      1784026477,
      62741
    ],
    [
      1784027378,
      62660
    ],
    [
      1784028280,
      62703
    ],
    [
      1784029181,
      62767
    ],
    [
      1784030083,
      62804
    ],
    [
      1784030984,
      62730
    ],
    [
      1784031885,
      62900
    ]
  ],
  "ethereum": [
    [
      1784025576,
      1788.16
    ],
    [
      1784026477,
      1795.21
    ],
    [
      1784027378,
      1793.92
    ],
    [
      1784028280,
      1795.26
    ],
    [
      1784029181,
      1795.96
    ],
    [
      1784030083,
      1797.17
    ],
    [
      1784030984,
      1794.35
    ],
    [
      1784031885,
      1800.59
    ]
  ],
  "avalanche-2": [
    [
      1784025576,
      6.46
    ],
    [
      1784026477,
      6.46
    ],
    [
      1784027378,
      6.45
    ],
    [
      1784028280,
      6.44
    ],
    [
      1784029181,
      6.44
    ],
    [
      1784030083,
      6.44
    ],
    [
      1784030984,
      6.43
    ],
    [
      1784031885,
      6.43
    ]
  ],
  "ondo-finance": [
    [
      1784025576,
      0.307653
    ],
    [
      1784026477,
      0.308643
    ],
    [
      1784027378,
      0.307656
    ],
    [
      1784028280,
      0.30757
    ],
    [
      1784029181,
      0.30735
    ],
    [
      1784030083,
      0.307752
    ],
    [
      1784030984,
      0.306744
    ],
    [
      1784031885,
      0.307475
    ]
  ],
  "binancecoin": [
    [
      1784025576,
      569.34
    ],
    [
      1784026477,
      570.05
    ],
    [
      1784027378,
      570.25
    ],
    [
      1784028280,
      570.41
    ],
    [
      1784029181,
      569.99
    ],
    [
      1784030083,
      570.05
    ],
    [
      1784030984,
      570.04
    ],
    [
      1784031885,
      570.82
    ]
  ],
  "ripple": [
    [
      1784025576,
      1.067
    ],
    [
      1784026477,
      1.07
    ],
    [
      1784027378,
      1.069
    ],
    [
      1784028280,
      1.069
    ],
    [
      1784029181,
      1.07
    ],
    [
      1784030083,
      1.071
    ],
    [
      1784030984,
      1.07
    ],
    [
      1784031885,
      1.072
    ]
  ],
  "solana": [
    [
      1784025576,
      75.01
    ],
    [
      1784026477,
      75.29
    ],
    [
      1784027378,
      75.31
    ],
    [
      1784028280,
      75.36
    ],
    [
      1784029181,
      75.45
    ],
    [
      1784030083,
      75.35
    ],
    [
      1784030984,
      75.22
    ],
    [
      1784031885,
      75.32
    ]
  ],
  "dogecoin": [
    [
      1784025576,
      0.071968
    ],
    [
      1784026477,
      0.072168
    ],
    [
      1784027378,
      0.072165
    ],
    [
      1784028280,
      0.072133
    ],
    [
      1784029181,
      0.072209
    ],
    [
      1784030083,
      0.072219
    ],
    [
      1784030984,
      0.072122
    ],
    [
      1784031885,
      0.072238
    ]
  ],
  "cardano": [
    [
      1784025576,
      0.158243
    ],
    [
      1784026477,
      0.15857
    ],
    [
      1784027378,
      0.158431
    ],
    [
      1784028280,
      0.158525
    ],
    [
      1784029181,
      0.158673
    ],
    [
      1784030083,
      0.158992
    ],
    [
      1784030984,
      0.158418
    ],
    [
      1784031885,
      0.158865
    ]
  ],
  "tron": [
    [
      1784025576,
      0.324671
    ],
    [
      1784026477,
      0.324729
    ],
    [
      1784027378,
      0.324617
    ],
    [
      1784028280,
      0.324902
    ],
    [
      1784029181,
      0.325231
    ],
    [
      1784030083,
      0.325106
    ],
    [
      1784030984,
      0.325128
    ],
    [
      1784031885,
      0.324842
    ]
  ],
  "chainlink": [
    [
      1784025576,
      7.92
    ],
    [
      1784026477,
      7.95
    ],
    [
      1784027378,
      7.95
    ],
    [
      1784028280,
      7.96
    ],
    [
      1784029181,
      7.97
    ],
    [
      1784030083,
      7.98
    ],
    [
      1784030984,
      7.96
    ],
    [
      1784031885,
      7.96
    ]
  ],
  "the-open-network": [
    [
      1784025576,
      1.58
    ],
    [
      1784026477,
      1.58
    ],
    [
      1784027378,
      1.58
    ],
    [
      1784028280,
      1.59
    ],
    [
      1784029181,
      1.59
    ],
    [
      1784030083,
      1.59
    ],
    [
      1784030984,
      1.59
    ],
    [
      1784031885,
      1.59
    ]
  ],
  "stellar": [
    [
      1784025576,
      0.178396
    ],
    [
      1784026477,
      0.179287
    ],
    [
      1784027378,
      0.179485
    ],
    [
      1784028280,
      0.179987
    ],
    [
      1784029181,
      0.180256
    ],
    [
      1784030083,
      0.180218
    ],
    [
      1784030984,
      0.180289
    ],
    [
      1784031885,
      0.181143
    ]
  ],
  "hedera-hashgraph": [
    [
      1784025576,
      0.065913
    ],
    [
      1784026477,
      0.066013
    ],
    [
      1784027378,
      0.066021
    ],
    [
      1784028280,
      0.066119
    ],
    [
      1784029181,
      0.066173
    ],
    [
      1784030083,
      0.066142
    ],
    [
      1784030984,
      0.066178
    ],
    [
      1784031885,
      0.066236
    ]
  ],
  "sui": [
    [
      1784025576,
      0.728782
    ],
    [
      1784026477,
      0.730652
    ],
    [
      1784027378,
      0.731352
    ],
    [
      1784028280,
      0.73075
    ],
    [
      1784029181,
      0.731854
    ],
    [
      1784030083,
      0.732989
    ],
    [
      1784030984,
      0.729327
    ],
    [
      1784031885,
      0.730857
    ]
  ],
  "bitcoin-cash": [
    [
      1784025576,
      236.21
    ],
    [
      1784026477,
      236.7
    ],
    [
      1784027378,
      236.71
    ],
    [
      1784028280,
      237.51
    ],
    [
      1784029181,
      237.46
    ],
    [
      1784030083,
      237.54
    ],
    [
      1784030984,
      237.95
    ],
    [
      1784031885,
      237.44
    ]
  ],
  "litecoin": [
    [
      1784025576,
      43.6
    ],
    [
      1784026477,
      43.65
    ],
    [
      1784027378,
      43.66
    ],
    [
      1784028280,
      43.7
    ],
    [
      1784029181,
      43.74
    ],
    [
      1784030083,
      43.73
    ],
    [
      1784030984,
      43.62
    ],
    [
      1784031885,
      43.65
    ]
  ],
  "polkadot": [
    [
      1784025576,
      0.839397
    ],
    [
      1784026477,
      0.840831
    ],
    [
      1784027378,
      0.84011
    ],
    [
      1784028280,
      0.837624
    ],
    [
      1784029181,
      0.837272
    ],
    [
      1784030083,
      0.836768
    ],
    [
      1784030984,
      0.834687
    ],
    [
      1784031885,
      0.835634
    ]
  ],
  "hyperliquid": [
    [
      1784025576,
      63.67
    ],
    [
      1784026477,
      63.89
    ],
    [
      1784027378,
      63.77
    ],
    [
      1784028280,
      63.86
    ],
    [
      1784029181,
      63.92
    ],
    [
      1784030083,
      63.86
    ],
    [
      1784030984,
      63.62
    ],
    [
      1784031885,
      63.89
    ]
  ],
  "monero": [
    [
      1784025576,
      324.58
    ],
    [
      1784026477,
      324.32
    ],
    [
      1784027378,
      323.8
    ],
    [
      1784028280,
      324.02
    ],
    [
      1784029181,
      325.77
    ],
    [
      1784030083,
      324.4
    ],
    [
      1784030984,
      324.78
    ],
    [
      1784031885,
      323.49
    ]
  ],
  "_alerts_sent": {}
}