{
  "bitcoin": [
    [
      1782783905,
      59751.5
    ],
    [
      1782784806,
      59853.6
    ],
    [
      1782785707,
      59702.9
    ],
    [
      1782786609,
      59887.6
    ],
    [
      1782787510,
      59927.8
    ],
    [
      1782788412,
      59876
    ],
    [
      1782789313,
      59810.9
    ],
    [
      1782790215,
      59767.3
    ]
  ],
  "ethereum": [
    [
      1782783905,
      1589.17
    ],
    [
      1782784806,
      1591.78
    ],
    [
      1782785707,
      1586.01
    ],
    [
      1782786609,
      1589.25
    ],
    [
      1782787510,
      1589.53
    ],
    [
      1782788412,
      1588.8
    ],
    [
      1782789313,
      1589.77
    ],
    [
      1782790215,
      1589.8
    ]
  ],
  "avalanche-2": [
    [
      1782783905,
      6.634
    ],
    [
      1782784806,
      6.647
    ],
    [
      1782785707,
      6.628
    ],
    [
      1782786609,
      6.64
    ],
    [
      1782787510,
      6.643
    ],
    [
      1782788412,
      6.66
    ],
    [
      1782789313,
      6.65
    ],
    [
      1782790215,
      6.635
    ]
  ],
  "ondo-finance": [
    [
      1782783905,
      0.31209
    ],
    [
      1782784806,
      0.31219
    ],
    [
      1782785707,
      0.31091
    ],
    [
      1782786609,
      0.31286
    ],
    [
      1782787510,
      0.31292
    ],
    [
      1782788412,
      0.312481
    ],
    [
      1782789313,
      0.31243
    ],
    [
      1782790215,
      0.31227
    ]
  ],
  "binancecoin": [
    [
      1782788412,
      555.91
    ]
  ],
  "ripple": [
    [
      1782788412,
      1.05
    ]
  ],
  "solana": [
    [
      1782788412,
      74.58
    ]
  ],
  "dogecoin": [
    [
      1782788412,
      0.072567
    ]
  ],
  "cardano": [
    [
      1782788412,
      0.144516
    ]
  ],
  "tron": [
    [
      1782788412,
      0.319614
    ]
  ],
  "chainlink": [
    [
      1782788412,
      7.3
    ]
  ],
  "the-open-network": [
    [
      1782788412,
      1.6
    ]
  ],
  "stellar": [
    [
      1782788412,
      0.179068
    ]
  ],
  "hedera-hashgraph": [
    [
      1782788412,
      0.070958
    ]
  ],
  "sui": [
    [
      1782788412,
      0.694513
    ]
  ],
  "bitcoin-cash": [
    [
      1782788412,
      199.79
    ]
  ],
  "litecoin": [
    [
      1782788412,
      42.59
    ]
  ],
  "polkadot": [
    [
      1782788412,
      0.817079
    ]
  ],
  "hyperliquid": [
    [
      1782788412,
      65.71
    ]
  ],
  "monero": [
    [
      1782788412,
      313.34
    ]
  ],
  "_alerts_sent": {}
}