{
  "bitcoin": [
    [
      1783125219,
      62719
    ],
    [
      1783126120,
      62700
    ],
    [
      1783127022,
      62539
    ],
    [
      1783127923,
      62491
    ],
    [
      1783129423,
      62377.6
    ],
    [
      1783130324,
      62428
    ],
    [
      1783131225,
      62486.8
    ],
    [
      1783132126,
      62425.8
    ]
  ],
  "ethereum": [
    [
      1783125219,
      1757.71
    ],
    [
      1783126120,
      1757.75
    ],
    [
      1783127022,
      1753.16
    ],
    [
      1783127923,
      1747.53
    ],
    [
      1783129423,
      1745.36
    ],
    [
      1783130324,
      1746.32
    ],
    [
      1783131225,
      1747.46
    ],
    [
      1783132126,
      1745.51
    ]
  ],
  "avalanche-2": [
    [
      1783125219,
      6.94
    ],
    [
      1783126120,
      6.93
    ],
    [
      1783127022,
      6.92
    ],
    [
      1783127923,
      6.89
    ],
    [
      1783129423,
      6.864
    ],
    [
      1783130324,
      6.87
    ],
    [
      1783131225,
      6.892
    ],
    [
      1783132126,
      6.882
    ]
  ],
  "ondo-finance": [
    [
      1783125219,
      0.334094
    ],
    [
      1783126120,
      0.333988
    ],
    [
      1783127022,
      0.333961
    ],
    [
      1783127923,
      0.332737
    ],
    [
      1783129423,
      0.33185
    ],
    [
      1783130324,
      0.332361
    ],
    [
      1783131225,
      0.33472
    ],
    [
      1783132126,
      0.33445
    ]
  ],
  "binancecoin": [
    [
      1783123416,
      573.34
    ],
    [
      1783124318,
      574.36
    ],
    [
      1783125219,
      573.6
    ],
    [
      1783126120,
      573.61
    ],
    [
      1783127022,
      572.34
    ],
    [
      1783127923,
      571.75
    ],
    [
      1783130324,
      571.3
    ]
  ],
  "ripple": [
    [
      1783123416,
      1.13
    ],
    [
      1783124318,
      1.14
    ],
    [
      1783125219,
      1.14
    ],
    [
      1783126120,
      1.14
    ],
    [
      1783127022,
      1.14
    ],
    [
      1783127923,
      1.14
    ],
    [
      1783130324,
      1.13
    ]
  ],
  "solana": [
    [
      1783123416,
      82.28
    ],
    [
      1783124318,
      82.55
    ],
    [
      1783125219,
      82.46
    ],
    [
      1783126120,
      82.44
    ],
    [
      1783127022,
      82.25
    ],
    [
      1783127923,
      81.97
    ],
    [
      1783130324,
      81.83
    ]
  ],
  "dogecoin": [
    [
      1783123416,
      0.077463
    ],
    [
      1783124318,
      0.077581
    ],
    [
      1783125219,
      0.077384
    ],
    [
      1783126120,
      0.077295
    ],
    [
      1783127022,
      0.077208
    ],
    [
      1783127923,
      0.076936
    ],
    [
      1783130324,
      0.076738
    ]
  ],
  "cardano": [
    [
      1783123416,
      0.179713
    ],
    [
      1783124318,
      0.179402
    ],
    [
      1783125219,
      0.178602
    ],
    [
      1783126120,
      0.178886
    ],
    [
      1783127022,
      0.179111
    ],
    [
      1783127923,
      0.178363
    ],
    [
      1783130324,
      0.177364
    ]
  ],
  "tron": [
    [
      1783123416,
      0.323139
    ],
    [
      1783124318,
      0.323955
    ],
    [
      1783125219,
      0.323535
    ],
    [
      1783126120,
      0.323795
    ],
    [
      1783127022,
      0.32381
    ],
    [
      1783127923,
      0.323541
    ],
    [
      1783130324,
      0.323568
    ]
  ],
  "chainlink": [
    [
      1783123416,
      7.97
    ],
    [
      1783124318,
      7.97
    ],
    [
      1783125219,
      7.95
    ],
    [
      1783126120,
      7.94
    ],
    [
      1783127022,
      7.93
    ],
    [
      1783127923,
      7.91
    ],
    [
      1783130324,
      7.9
    ]
  ],
  "the-open-network": [
    [
      1783123416,
      1.69
    ],
    [
      1783124318,
      1.69
    ],
    [
      1783125219,
      1.68
    ],
    [
      1783126120,
      1.68
    ],
    [
      1783127022,
      1.67
    ],
    [
      1783127923,
      1.67
    ],
    [
      1783130324,
      1.68
    ]
  ],
  "stellar": [
    [
      1783123416,
      0.203839
    ],
    [
      1783124318,
      0.203876
    ],
    [
      1783125219,
      0.203308
    ],
    [
      1783126120,
      0.204052
    ],
    [
      1783127022,
      0.204403
    ],
    [
      1783127923,
      0.20421
    ],
    [
      1783130324,
      0.204816
    ]
  ],
  "hedera-hashgraph": [
    [
      1783123416,
      0.073259
    ],
    [
      1783124318,
      0.07336
    ],
    [
      1783125219,
      0.073256
    ],
    [
      1783126120,
      0.073196
    ],
    [
      1783127022,
      0.073016
    ],
    [
      1783127923,
      0.072698
    ],
    [
      1783130324,
      0.072646
    ]
  ],
  "sui": [
    [
      1783123416,
      0.768777
    ],
    [
      1783124318,
      0.771557
    ],
    [
      1783125219,
      0.768785
    ],
    [
      1783126120,
      0.766328
    ],
    [
      1783127022,
      0.764319
    ],
    [
      1783127923,
      0.762327
    ],
    [
      1783130324,
      0.759724
    ]
  ],
  "bitcoin-cash": [
    [
      1783123416,
      228.61
    ],
    [
      1783124318,
      228.21
    ],
    [
      1783125219,
      227.64
    ],
    [
      1783126120,
      227.88
    ],
    [
      1783127022,
      227.76
    ],
    [
      1783127923,
      226.68
    ],
    [
      1783130324,
      227.01
    ]
  ],
  "litecoin": [
    [
      1783123416,
      44.78
    ],
    [
      1783124318,
      44.88
    ],
    [
      1783125219,
      44.75
    ],
    [
      1783126120,
      44.65
    ],
    [
      1783127022,
      44.57
    ],
    [
      1783127923,
      44.32
    ],
    [
      1783130324,
      44.16
    ]
  ],
  "polkadot": [
    [
      1783123416,
      0.880262
    ],
    [
      1783124318,
      0.882674
    ],
    [
      1783125219,
      0.880248
    ],
    [
      1783126120,
      0.876775
    ],
    [
      1783127022,
      0.875641
    ],
    [
      1783127923,
      0.871089
    ],
    [
      1783130324,
      0.869003
    ]
  ],
  "hyperliquid": [
    [
      1783123416,
      70.62
    ],
    [
      1783124318,
      71.02
    ],
    [
      1783125219,
      71.0
    ],
    [
      1783126120,
      71.2
    ],
    [
      1783127022,
      71.01
    ],
    [
      1783127923,
      70.5
    ],
    [
      1783130324,
      70.35
    ]
  ],
  "monero": [
    [
      1783123416,
      324.22
    ],
    [
      1783124318,
      325.47
    ],
    [
      1783125219,
      325.42
    ],
    [
      1783126120,
      324.96
    ],
    [
      1783127022,
      324.41
    ],
    [
      1783127923,
      323.12
    ],
    [
      1783130324,
      321.83
    ]
  ],
  "_alerts_sent": {}
}