{
  "bitcoin": [
    [
      1779695515,
      77229
    ],
    [
      1779696416,
      77296
    ],
    [
      1779697318,
      77255
    ],
    [
      1779698219,
      77269
    ],
    [
      1779699120,
      77284
    ],
    [
      1779700022,
      77351
    ],
    [
      1779700923,
      77353
    ],
    [
      1779701825,
      77501
    ]
  ],
  "ethereum": [
    [
      1779695515,
      2109.14
    ],
    [
      1779696416,
      2112.03
    ],
    [
      1779697318,
      2110.61
    ],
    [
      1779698219,
      2112.28
    ],
    [
      1779699120,
      2113.44
    ],
    [
      1779700022,
      2114.67
    ],
    [
      1779700923,
      2115.9
    ],
    [
      1779701825,
      2117.57
    ]
  ],
  "avalanche-2": [
    [
      1779695515,
      9.31
    ],
    [
      1779696416,
      9.33
    ],
    [
      1779697318,
      9.32
    ],
    [
      1779698219,
      9.34
    ],
    [
      1779699120,
      9.34
    ],
    [
      1779700022,
      9.34
    ],
    [
      1779700923,
      9.34
    ],
    [
      1779701825,
      9.35
    ]
  ],
  "ondo-finance": [
    [
      1779695515,
      0.441497
    ],
    [
      1779696416,
      0.442516
    ],
    [
      1779697318,
      0.441204
    ],
    [
      1779698219,
      0.439435
    ],
    [
      1779699120,
      0.438054
    ],
    [
      1779700022,
      0.43806
    ],
    [
      1779700923,
      0.43633
    ],
    [
      1779701825,
      0.435004
    ]
  ]
}