{
  "bitcoin": [
    [
      1780163830,
      73909
    ],
    [
      1780164731,
      73916
    ],
    [
      1780165633,
      73904
    ],
    [
      1780166534,
      73938
    ],
    [
      1780167435,
      73914
    ],
    [
      1780168337,
      73901
    ],
    [
      1780169238,
      73911
    ],
    [
      1780170139,
      73921
    ]
  ],
  "ethereum": [
    [
      1780163830,
      2024.24
    ],
    [
      1780164731,
      2024.91
    ],
    [
      1780165633,
      2022.92
    ],
    [
      1780166534,
      2025.12
    ],
    [
      1780167435,
      2024.47
    ],
    [
      1780168337,
      2022.95
    ],
    [
      1780169238,
      2023.13
    ],
    [
      1780170139,
      2024.09
    ]
  ],
  "avalanche-2": [
    [
      1780163830,
      8.97
    ],
    [
      1780164731,
      8.97
    ],
    [
      1780165633,
      8.97
    ],
    [
      1780166534,
      8.97
    ],
    [
      1780167435,
      8.98
    ],
    [
      1780168337,
      8.97
    ],
    [
      1780169238,
      8.98
    ],
    [
      1780170139,
      8.96
    ]
  ],
  "ondo-finance": [
    [
      1780163830,
      0.343833
    ],
    [
      1780164731,
      0.344576
    ],
    [
      1780165633,
      0.346038
    ],
    [
      1780166534,
      0.347168
    ],
    [
      1780167435,
      0.3528
    ],
    [
      1780168337,
      0.354792
    ],
    [
      1780169238,
      0.355216
    ],
    [
      1780170139,
      0.353158
    ]
  ],
  "binancecoin": [
    [
      1780163830,
      713.43
    ],
    [
      1780164731,
      713.27
    ],
    [
      1780165633,
      709.39
    ],
    [
      1780166534,
      710.62
    ],
    [
      1780167435,
      710.94
    ],
    [
      1780168337,
      714.98
    ],
    [
      1780169238,
      718.97
    ],
    [
      1780170139,
      714.11
    ]
  ],
  "ripple": [
    [
      1780163830,
      1.35
    ],
    [
      1780164731,
      1.35
    ],
    [
      1780165633,
      1.35
    ],
    [
      1780166534,
      1.35
    ],
    [
      1780167435,
      1.35
    ],
    [
      1780168337,
      1.35
    ],
    [
      1780169238,
      1.35
    ],
    [
      1780170139,
      1.35
    ]
  ],
  "solana": [
    [
      1780163830,
      82.91
    ],
    [
      1780164731,
      82.94
    ],
    [
      1780165633,
      82.87
    ],
    [
      1780166534,
      82.86
    ],
    [
      1780167435,
      82.89
    ],
    [
      1780168337,
      82.84
    ],
    [
      1780169238,
      82.81
    ],
    [
      1780170139,
      82.75
    ]
  ],
  "dogecoin": [
    [
      1780163830,
      0.101411
    ],
    [
      1780164731,
      0.101365
    ],
    [
      1780165633,
      0.101303
    ],
    [
      1780166534,
      0.101336
    ],
    [
      1780167435,
      0.101331
    ],
    [
      1780168337,
      0.101262
    ],
    [
      1780169238,
      0.101261
    ],
    [
      1780170139,
      0.101225
    ]
  ],
  "cardano": [
    [
      1780163830,
      0.236681
    ],
    [
      1780164731,
      0.23689
    ],
    [
      1780165633,
      0.236701
    ],
    [
      1780166534,
      0.236788
    ],
    [
      1780167435,
      0.23709
    ],
    [
      1780168337,
      0.236978
    ],
    [
      1780169238,
      0.236938
    ],
    [
      1780170139,
      0.236833
    ]
  ],
  "tron": [
    [
      1780163830,
      0.347506
    ],
    [
      1780164731,
      0.347797
    ],
    [
      1780165633,
      0.34755
    ],
    [
      1780166534,
      0.347664
    ],
    [
      1780167435,
      0.347396
    ],
    [
      1780168337,
      0.347159
    ],
    [
      1780169238,
      0.347309
    ],
    [
      1780170139,
      0.347062
    ]
  ],
  "chainlink": [
    [
      1780163830,
      9.23
    ],
    [
      1780164731,
      9.24
    ],
    [
      1780165633,
      9.22
    ],
    [
      1780166534,
      9.23
    ],
    [
      1780167435,
      9.24
    ],
    [
      1780168337,
      9.24
    ],
    [
      1780169238,
      9.24
    ],
    [
      1780170139,
      9.22
    ]
  ],
  "the-open-network": [
    [
      1780163830,
      1.83
    ],
    [
      1780164731,
      1.84
    ],
    [
      1780165633,
      1.85
    ],
    [
      1780166534,
      1.85
    ],
    [
      1780167435,
      1.84
    ],
    [
      1780168337,
      1.83
    ],
    [
      1780169238,
      1.83
    ],
    [
      1780170139,
      1.83
    ]
  ],
  "stellar": [
    [
      1780163830,
      0.25054
    ],
    [
      1780164731,
      0.248126
    ],
    [
      1780165633,
      0.246064
    ],
    [
      1780166534,
      0.247612
    ],
    [
      1780167435,
      0.247632
    ],
    [
      1780168337,
      0.249351
    ],
    [
      1780169238,
      0.249211
    ],
    [
      1780170139,
      0.247756
    ]
  ],
  "hedera-hashgraph": [
    [
      1780163830,
      0.098105
    ],
    [
      1780164731,
      0.097891
    ],
    [
      1780165633,
      0.09793
    ],
    [
      1780166534,
      0.097878
    ],
    [
      1780167435,
      0.097753
    ],
    [
      1780168337,
      0.097463
    ],
    [
      1780169238,
      0.0975
    ],
    [
      1780170139,
      0.097527
    ]
  ],
  "sui": [
    [
      1780163830,
      0.908033
    ],
    [
      1780164731,
      0.907965
    ],
    [
      1780165633,
      0.908423
    ],
    [
      1780166534,
      0.908752
    ],
    [
      1780167435,
      0.911413
    ],
    [
      1780168337,
      0.908858
    ],
    [
      1780169238,
      0.911539
    ],
    [
      1780170139,
      0.908529
    ]
  ],
  "bitcoin-cash": [
    [
      1780163830,
      305.86
    ],
    [
      1780164731,
      306.05
    ],
    [
      1780165633,
      306.32
    ],
    [
      1780166534,
      306.38
    ],
    [
      1780167435,
      306.56
    ],
    [
      1780168337,
      306.19
    ],
    [
      1780169238,
      305.96
    ],
    [
      1780170139,
      305.41
    ]
  ],
  "litecoin": [
    [
      1780163830,
      52.33
    ],
    [
      1780164731,
      52.33
    ],
    [
      1780165633,
      52.32
    ],
    [
      1780166534,
      52.32
    ],
    [
      1780167435,
      52.37
    ],
    [
      1780168337,
      52.37
    ],
    [
      1780169238,
      52.43
    ],
    [
      1780170139,
      52.41
    ]
  ],
  "polkadot": [
    [
      1780163830,
      1.2
    ],
    [
      1780164731,
      1.2
    ],
    [
      1780165633,
      1.19
    ],
    [
      1780166534,
      1.2
    ],
    [
      1780167435,
      1.2
    ],
    [
      1780168337,
      1.2
    ],
    [
      1780169238,
      1.19
    ],
    [
      1780170139,
      1.19
    ]
  ],
  "hyperliquid": [
    [
      1780163830,
      67.32
    ],
    [
      1780164731,
      67.62
    ],
    [
      1780165633,
      67.87
    ],
    [
      1780166534,
      68.18
    ],
    [
      1780167435,
      68.26
    ],
    [
      1780168337,
      68.15
    ],
    [
      1780169238,
      68.07
    ],
    [
      1780170139,
      67.87
    ]
  ],
  "monero": [
    [
      1780163830,
      372.85
    ],
    [
      1780164731,
      375.8
    ],
    [
      1780165633,
      377.54
    ],
    [
      1780166534,
      378.68
    ],
    [
      1780167435,
      376.59
    ],
    [
      1780168337,
      376.77
    ],
    [
      1780169238,
      376.22
    ],
    [
      1780170139,
      374.64
    ]
  ]
}