{
  "bitcoin": [
    [
      1784117595,
      64610
    ],
    [
      1784118497,
      64594
    ],
    [
      1784119400,
      64826.2
    ],
    [
      1784120301,
      65093.5
    ],
    [
      1784121203,
      65268
    ],
    [
      1784122006,
      65291
    ],
    [
      1784122907,
      65340
    ],
    [
      1784123808,
      64947
    ],
    [
      1784124710,
      65254
    ]
  ],
  "ethereum": [
    [
      1784117595,
      1881.06
    ],
    [
      1784118497,
      1880.56
    ],
    [
      1784119400,
      1894.01
    ],
    [
      1784120301,
      1925.31
    ],
    [
      1784121203,
      1935.06
    ],
    [
      1784122006,
      1934.01
    ],
    [
      1784122907,
      1934.16
    ],
    [
      1784123808,
      1919.47
    ],
    [
      1784124710,
      1929.42
    ]
  ],
  "avalanche-2": [
    [
      1784117595,
      6.66
    ],
    [
      1784118497,
      6.66
    ],
    [
      1784119400,
      6.689
    ],
    [
      1784120301,
      6.738
    ],
    [
      1784121203,
      6.74
    ],
    [
      1784122006,
      6.74
    ],
    [
      1784122907,
      6.74
    ],
    [
      1784123808,
      6.68
    ],
    [
      1784124710,
      6.71
    ]
  ],
  "ondo-finance": [
    [
      1784117595,
      0.322707
    ],
    [
      1784118497,
      0.325915
    ],
    [
      1784119400,
      0.32689
    ],
    [
      1784120301,
      0.33244
    ],
    [
      1784121203,
      0.336844
    ],
    [
      1784122006,
      0.335977
    ],
    [
      1784122907,
      0.336709
    ],
    [
      1784123808,
      0.334038
    ],
    [
      1784124710,
      0.335201
    ]
  ],
  "binancecoin": [
    [
      1784117595,
      577.99
    ],
    [
      1784118497,
      576.83
    ],
    [
      1784121203,
      582.61
    ],
    [
      1784122006,
      582.58
    ],
    [
      1784122907,
      583.54
    ],
    [
      1784123808,
      581.2
    ],
    [
      1784124710,
      582.67
    ]
  ],
  "ripple": [
    [
      1784117595,
      1.11
    ],
    [
      1784118497,
      1.11
    ],
    [
      1784121203,
      1.12
    ],
    [
      1784122006,
      1.12
    ],
    [
      1784122907,
      1.13
    ],
    [
      1784123808,
      1.12
    ],
    [
      1784124710,
      1.13
    ]
  ],
  "solana": [
    [
      1784117595,
      77.31
    ],
    [
      1784118497,
      77.31
    ],
    [
      1784121203,
      78.7
    ],
    [
      1784122006,
      78.71
    ],
    [
      1784122907,
      78.69
    ],
    [
      1784123808,
      77.86
    ],
    [
      1784124710,
      78.23
    ]
  ],
  "dogecoin": [
    [
      1784117595,
      0.073698
    ],
    [
      1784118497,
      0.073648
    ],
    [
      1784121203,
      0.074879
    ],
    [
      1784122006,
      0.074947
    ],
    [
      1784122907,
      0.075051
    ],
    [
      1784123808,
      0.074314
    ],
    [
      1784124710,
      0.07465
    ]
  ],
  "cardano": [
    [
      1784117595,
      0.164181
    ],
    [
      1784118497,
      0.16431
    ],
    [
      1784121203,
      0.167728
    ],
    [
      1784122006,
      0.167669
    ],
    [
      1784122907,
      0.168258
    ],
    [
      1784123808,
      0.165931
    ],
    [
      1784124710,
      0.166476
    ]
  ],
  "tron": [
    [
      1784117595,
      0.327713
    ],
    [
      1784118497,
      0.327694
    ],
    [
      1784121203,
      0.328218
    ],
    [
      1784122006,
      0.327639
    ],
    [
      1784122907,
      0.327477
    ],
    [
      1784123808,
      0.327065
    ],
    [
      1784124710,
      0.327235
    ]
  ],
  "chainlink": [
    [
      1784117595,
      8.4
    ],
    [
      1784118497,
      8.41
    ],
    [
      1784121203,
      8.58
    ],
    [
      1784122006,
      8.58
    ],
    [
      1784122907,
      8.59
    ],
    [
      1784123808,
      8.49
    ],
    [
      1784124710,
      8.53
    ]
  ],
  "the-open-network": [
    [
      1784117595,
      1.61
    ],
    [
      1784118497,
      1.6
    ],
    [
      1784121203,
      1.6
    ],
    [
      1784122006,
      1.6
    ],
    [
      1784122907,
      1.6
    ],
    [
      1784123808,
      1.59
    ],
    [
      1784124710,
      1.59
    ]
  ],
  "stellar": [
    [
      1784117595,
      0.186635
    ],
    [
      1784118497,
      0.187321
    ],
    [
      1784121203,
      0.190699
    ],
    [
      1784122006,
      0.190576
    ],
    [
      1784122907,
      0.190761
    ],
    [
      1784123808,
      0.187871
    ],
    [
      1784124710,
      0.188926
    ]
  ],
  "hedera-hashgraph": [
    [
      1784117595,
      0.06745
    ],
    [
      1784118497,
      0.067599
    ],
    [
      1784121203,
      0.068241
    ],
    [
      1784122006,
      0.068182
    ],
    [
      1784122907,
      0.068183
    ],
    [
      1784123808,
      0.067844
    ],
    [
      1784124710,
      0.067935
    ]
  ],
  "sui": [
    [
      1784117595,
      0.752574
    ],
    [
      1784118497,
      0.752411
    ],
    [
      1784121203,
      0.762525
    ],
    [
      1784122006,
      0.764634
    ],
    [
      1784122907,
      0.765887
    ],
    [
      1784123808,
      0.758128
    ],
    [
      1784124710,
      0.76136
    ]
  ],
  "bitcoin-cash": [
    [
      1784117595,
      235.02
    ],
    [
      1784118497,
      235.07
    ],
    [
      1784121203,
      237.39
    ],
    [
      1784122006,
      237.27
    ],
    [
      1784122907,
      237.05
    ],
    [
      1784123808,
      235.39
    ],
    [
      1784124710,
      235.68
    ]
  ],
  "litecoin": [
    [
      1784117595,
      45.38
    ],
    [
      1784118497,
      45.35
    ],
    [
      1784121203,
      45.62
    ],
    [
      1784122006,
      45.62
    ],
    [
      1784122907,
      45.6
    ],
    [
      1784123808,
      45.37
    ],
    [
      1784124710,
      45.53
    ]
  ],
  "polkadot": [
    [
      1784117595,
      0.850226
    ],
    [
      1784118497,
      0.851664
    ],
    [
      1784121203,
      0.86246
    ],
    [
      1784122006,
      0.862652
    ],
    [
      1784122907,
      0.863613
    ],
    [
      1784123808,
      0.857996
    ],
    [
      1784124710,
      0.861117
    ]
  ],
  "hyperliquid": [
    [
      1784117595,
      68.3
    ],
    [
      1784118497,
      68.4
    ],
    [
      1784121203,
      68.69
    ],
    [
      1784122006,
      68.75
    ],
    [
      1784122907,
      68.69
    ],
    [
      1784123808,
      68.31
    ],
    [
      1784124710,
      68.54
    ]
  ],
  "monero": [
    [
      1784117595,
      327.64
    ],
    [
      1784118497,
      327.81
    ],
    [
      1784121203,
      329.62
    ],
    [
      1784122006,
      330.26
    ],
    [
      1784122907,
      330.64
    ],
    [
      1784123808,
      330.6
    ],
    [
      1784124710,
      331.83
    ]
  ],
  "_alerts_sent": {}
}