{
  "bitcoin": [
    [
      1784216566,
      64740
    ],
    [
      1784217468,
      64646
    ],
    [
      1784218369,
      64467
    ],
    [
      1784219271,
      64490
    ],
    [
      1784220172,
      64402
    ],
    [
      1784221073,
      64470
    ],
    [
      1784221974,
      64212
    ],
    [
      1784222876,
      64125
    ]
  ],
  "ethereum": [
    [
      1784216566,
      1883.97
    ],
    [
      1784217468,
      1880.05
    ],
    [
      1784218369,
      1875.73
    ],
    [
      1784219271,
      1877.94
    ],
    [
      1784220172,
      1876.85
    ],
    [
      1784221073,
      1878.71
    ],
    [
      1784221974,
      1871.71
    ],
    [
      1784222876,
      1869.84
    ]
  ],
  "avalanche-2": [
    [
      1784216566,
      6.64
    ],
    [
      1784217468,
      6.63
    ],
    [
      1784218369,
      6.62
    ],
    [
      1784219271,
      6.61
    ],
    [
      1784220172,
      6.62
    ],
    [
      1784221073,
      6.6
    ],
    [
      1784221974,
      6.59
    ],
    [
      1784222876,
      6.56
    ]
  ],
  "ondo-finance": [
    [
      1784216566,
      0.387341
    ],
    [
      1784217468,
      0.383991
    ],
    [
      1784218369,
      0.382887
    ],
    [
      1784219271,
      0.385715
    ],
    [
      1784220172,
      0.384763
    ],
    [
      1784221073,
      0.386312
    ],
    [
      1784221974,
      0.385036
    ],
    [
      1784222876,
      0.382553
    ]
  ],
  "binancecoin": [
    [
      1784216566,
      579.92
    ],
    [
      1784217468,
      579.15
    ],
    [
      1784218369,
      578.25
    ],
    [
      1784219271,
      578.07
    ],
    [
      1784220172,
      577.1
    ],
    [
      1784221073,
      576.89
    ],
    [
      1784221974,
      575.99
    ],
    [
      1784222876,
      575.4
    ]
  ],
  "ripple": [
    [
      1784216566,
      1.12
    ],
    [
      1784217468,
      1.11
    ],
    [
      1784218369,
      1.11
    ],
    [
      1784219271,
      1.11
    ],
    [
      1784220172,
      1.11
    ],
    [
      1784221073,
      1.11
    ],
    [
      1784221974,
      1.11
    ],
    [
      1784222876,
      1.1
    ]
  ],
  "solana": [
    [
      1784216566,
      76.62
    ],
    [
      1784217468,
      76.65
    ],
    [
      1784218369,
      76.33
    ],
    [
      1784219271,
      76.26
    ],
    [
      1784220172,
      76.23
    ],
    [
      1784221073,
      76.23
    ],
    [
      1784221974,
      75.98
    ],
    [
      1784222876,
      75.82
    ]
  ],
  "dogecoin": [
    [
      1784216566,
      0.073716
    ],
    [
      1784217468,
      0.07363
    ],
    [
      1784218369,
      0.073416
    ],
    [
      1784219271,
      0.073403
    ],
    [
      1784220172,
      0.073529
    ],
    [
      1784221073,
      0.073414
    ],
    [
      1784221974,
      0.073238
    ],
    [
      1784222876,
      0.07315
    ]
  ],
  "cardano": [
    [
      1784216566,
      0.164103
    ],
    [
      1784217468,
      0.163656
    ],
    [
      1784218369,
      0.163007
    ],
    [
      1784219271,
      0.162838
    ],
    [
      1784220172,
      0.163156
    ],
    [
      1784221073,
      0.163181
    ],
    [
      1784221974,
      0.162991
    ],
    [
      1784222876,
      0.162605
    ]
  ],
  "tron": [
    [
      1784216566,
      0.323302
    ],
    [
      1784217468,
      0.323264
    ],
    [
      1784218369,
      0.32318
    ],
    [
      1784219271,
      0.322961
    ],
    [
      1784220172,
      0.322987
    ],
    [
      1784221073,
      0.322967
    ],
    [
      1784221974,
      0.322911
    ],
    [
      1784222876,
      0.322915
    ]
  ],
  "chainlink": [
    [
      1784216566,
      8.45
    ],
    [
      1784217468,
      8.44
    ],
    [
      1784218369,
      8.4
    ],
    [
      1784219271,
      8.41
    ],
    [
      1784220172,
      8.44
    ],
    [
      1784221073,
      8.43
    ],
    [
      1784221974,
      8.39
    ],
    [
      1784222876,
      8.38
    ]
  ],
  "the-open-network": [
    [
      1784216566,
      1.55
    ],
    [
      1784217468,
      1.55
    ],
    [
      1784218369,
      1.55
    ],
    [
      1784219271,
      1.55
    ],
    [
      1784220172,
      1.55
    ],
    [
      1784221073,
      1.55
    ],
    [
      1784221974,
      1.54
    ],
    [
      1784222876,
      1.54
    ]
  ],
  "stellar": [
    [
      1784216566,
      0.191576
    ],
    [
      1784217468,
      0.191931
    ],
    [
      1784218369,
      0.191578
    ],
    [
      1784219271,
      0.191286
    ],
    [
      1784220172,
      0.191811
    ],
    [
      1784221073,
      0.192268
    ],
    [
      1784221974,
      0.190424
    ],
    [
      1784222876,
      0.189811
    ]
  ],
  "hedera-hashgraph": [
    [
      1784216566,
      0.06795
    ],
    [
      1784217468,
      0.067968
    ],
    [
      1784218369,
      0.067802
    ],
    [
      1784219271,
      0.067771
    ],
    [
      1784220172,
      0.067851
    ],
    [
      1784221073,
      0.067844
    ],
    [
      1784221974,
      0.067829
    ],
    [
      1784222876,
      0.067691
    ]
  ],
  "sui": [
    [
      1784216566,
      0.750974
    ],
    [
      1784217468,
      0.751503
    ],
    [
      1784218369,
      0.749421
    ],
    [
      1784219271,
      0.750276
    ],
    [
      1784220172,
      0.751059
    ],
    [
      1784221073,
      0.751256
    ],
    [
      1784221974,
      0.748149
    ],
    [
      1784222876,
      0.746872
    ]
  ],
  "bitcoin-cash": [
    [
      1784216566,
      223.13
    ],
    [
      1784217468,
      222.89
    ],
    [
      1784218369,
      222.63
    ],
    [
      1784219271,
      221.71
    ],
    [
      1784220172,
      221.9
    ],
    [
      1784221073,
      221.89
    ],
    [
      1784221974,
      221.81
    ],
    [
      1784222876,
      221.59
    ]
  ],
  "litecoin": [
    [
      1784216566,
      45.2
    ],
    [
      1784217468,
      45.23
    ],
    [
      1784218369,
      45.1
    ],
    [
      1784219271,
      45.18
    ],
    [
      1784220172,
      45.19
    ],
    [
      1784221073,
      45.25
    ],
    [
      1784221974,
      45.13
    ],
    [
      1784222876,
      45.0
    ]
  ],
  "polkadot": [
    [
      1784216566,
      0.855893
    ],
    [
      1784217468,
      0.853995
    ],
    [
      1784218369,
      0.8474
    ],
    [
      1784219271,
      0.845542
    ],
    [
      1784220172,
      0.845384
    ],
    [
      1784221073,
      0.846229
    ],
    [
      1784221974,
      0.844175
    ],
    [
      1784222876,
      0.844469
    ]
  ],
  "hyperliquid": [
    [
      1784216566,
      65.63
    ],
    [
      1784217468,
      65.35
    ],
    [
      1784218369,
      64.77
    ],
    [
      1784219271,
      64.58
    ],
    [
      1784220172,
      64.47
    ],
    [
      1784221073,
      64.09
    ],
    [
      1784221974,
      63.2
    ],
    [
      1784222876,
      62.27
    ]
  ],
  "monero": [
    [
      1784216566,
      336.12
    ],
    [
      1784217468,
      336.16
    ],
    [
      1784218369,
      335.63
    ],
    [
      1784219271,
      335.31
    ],
    [
      1784220172,
      336.35
    ],
    [
      1784221073,
      336.1
    ],
    [
      1784221974,
      336.11
    ],
    [
      1784222876,
      335.55
    ]
  ],
  "_alerts_sent": {}
}