{
  "bitcoin": [
    [
      1783848675,
      63795
    ],
    [
      1783849576,
      63964
    ],
    [
      1783850478,
      63918
    ],
    [
      1783851379,
      63880.5
    ],
    [
      1783852280,
      63842
    ],
    [
      1783853182,
      63822
    ],
    [
      1783854085,
      63829
    ],
    [
      1783854986,
      63818
    ]
  ],
  "ethereum": [
    [
      1783848675,
      1798.4
    ],
    [
      1783849576,
      1802.41
    ],
    [
      1783850478,
      1801.23
    ],
    [
      1783851379,
      1799.16
    ],
    [
      1783852280,
      1799.57
    ],
    [
      1783853182,
      1798.52
    ],
    [
      1783854085,
      1798.49
    ],
    [
      1783854986,
      1797.79
    ]
  ],
  "avalanche-2": [
    [
      1783848675,
      6.38
    ],
    [
      1783849576,
      6.41
    ],
    [
      1783850478,
      6.4
    ],
    [
      1783851379,
      6.402
    ],
    [
      1783852280,
      6.41
    ],
    [
      1783853182,
      6.4
    ],
    [
      1783854085,
      6.4
    ],
    [
      1783854986,
      6.38
    ]
  ],
  "ondo-finance": [
    [
      1783848675,
      0.325747
    ],
    [
      1783849576,
      0.327129
    ],
    [
      1783850478,
      0.327662
    ],
    [
      1783851379,
      0.32673
    ],
    [
      1783852280,
      0.326835
    ],
    [
      1783853182,
      0.326904
    ],
    [
      1783854085,
      0.327162
    ],
    [
      1783854986,
      0.327426
    ]
  ],
  "binancecoin": [
    [
      1783848675,
      572.31
    ],
    [
      1783849576,
      574.51
    ],
    [
      1783850478,
      574.04
    ],
    [
      1783852280,
      574.04
    ],
    [
      1783853182,
      573.68
    ],
    [
      1783854085,
      574.0
    ],
    [
      1783854986,
      573.9
    ]
  ],
  "ripple": [
    [
      1783848675,
      1.09
    ],
    [
      1783849576,
      1.095
    ],
    [
      1783850478,
      1.094
    ],
    [
      1783852280,
      1.095
    ],
    [
      1783853182,
      1.094
    ],
    [
      1783854085,
      1.094
    ],
    [
      1783854986,
      1.093
    ]
  ],
  "solana": [
    [
      1783848675,
      76.44
    ],
    [
      1783849576,
      76.76
    ],
    [
      1783850478,
      76.7
    ],
    [
      1783852280,
      76.73
    ],
    [
      1783853182,
      76.7
    ],
    [
      1783854085,
      76.68
    ],
    [
      1783854986,
      76.62
    ]
  ],
  "dogecoin": [
    [
      1783848675,
      0.072727
    ],
    [
      1783849576,
      0.073025
    ],
    [
      1783850478,
      0.07296
    ],
    [
      1783852280,
      0.072972
    ],
    [
      1783853182,
      0.072914
    ],
    [
      1783854085,
      0.072962
    ],
    [
      1783854986,
      0.07289
    ]
  ],
  "cardano": [
    [
      1783848675,
      0.163566
    ],
    [
      1783849576,
      0.164616
    ],
    [
      1783850478,
      0.164461
    ],
    [
      1783852280,
      0.164283
    ],
    [
      1783853182,
      0.163897
    ],
    [
      1783854085,
      0.163732
    ],
    [
      1783854986,
      0.163663
    ]
  ],
  "tron": [
    [
      1783848675,
      0.330045
    ],
    [
      1783849576,
      0.330002
    ],
    [
      1783850478,
      0.330039
    ],
    [
      1783852280,
      0.330183
    ],
    [
      1783853182,
      0.330167
    ],
    [
      1783854085,
      0.330305
    ],
    [
      1783854986,
      0.330347
    ]
  ],
  "chainlink": [
    [
      1783848675,
      7.98
    ],
    [
      1783849576,
      8.02
    ],
    [
      1783850478,
      8.02
    ],
    [
      1783852280,
      8.02
    ],
    [
      1783853182,
      8.01
    ],
    [
      1783854085,
      8.01
    ],
    [
      1783854986,
      8.0
    ]
  ],
  "the-open-network": [
    [
      1783848675,
      1.64
    ],
    [
      1783849576,
      1.64
    ],
    [
      1783850478,
      1.64
    ],
    [
      1783852280,
      1.64
    ],
    [
      1783853182,
      1.64
    ],
    [
      1783854085,
      1.64
    ],
    [
      1783854986,
      1.64
    ]
  ],
  "stellar": [
    [
      1783848675,
      0.185457
    ],
    [
      1783849576,
      0.186005
    ],
    [
      1783850478,
      0.18592
    ],
    [
      1783852280,
      0.185711
    ],
    [
      1783853182,
      0.185706
    ],
    [
      1783854085,
      0.185778
    ],
    [
      1783854986,
      0.18558
    ]
  ],
  "hedera-hashgraph": [
    [
      1783848675,
      0.06755
    ],
    [
      1783849576,
      0.067714
    ],
    [
      1783850478,
      0.067685
    ],
    [
      1783852280,
      0.067643
    ],
    [
      1783853182,
      0.067616
    ],
    [
      1783854085,
      0.067651
    ],
    [
      1783854986,
      0.067577
    ]
  ],
  "sui": [
    [
      1783848675,
      0.738349
    ],
    [
      1783849576,
      0.741966
    ],
    [
      1783850478,
      0.742178
    ],
    [
      1783852280,
      0.739423
    ],
    [
      1783853182,
      0.738124
    ],
    [
      1783854085,
      0.738719
    ],
    [
      1783854986,
      0.738742
    ]
  ],
  "bitcoin-cash": [
    [
      1783848675,
      243.67
    ],
    [
      1783849576,
      244.52
    ],
    [
      1783850478,
      244.52
    ],
    [
      1783852280,
      244.54
    ],
    [
      1783853182,
      244.48
    ],
    [
      1783854085,
      244.39
    ],
    [
      1783854986,
      244.59
    ]
  ],
  "litecoin": [
    [
      1783848675,
      44.42
    ],
    [
      1783849576,
      44.52
    ],
    [
      1783850478,
      44.53
    ],
    [
      1783852280,
      44.48
    ],
    [
      1783853182,
      44.46
    ],
    [
      1783854085,
      44.48
    ],
    [
      1783854986,
      44.42
    ]
  ],
  "polkadot": [
    [
      1783848675,
      0.844029
    ],
    [
      1783849576,
      0.845838
    ],
    [
      1783850478,
      0.845951
    ],
    [
      1783852280,
      0.846873
    ],
    [
      1783853182,
      0.846834
    ],
    [
      1783854085,
      0.84611
    ],
    [
      1783854986,
      0.844092
    ]
  ],
  "hyperliquid": [
    [
      1783848675,
      66.77
    ],
    [
      1783849576,
      67.17
    ],
    [
      1783850478,
      67.05
    ],
    [
      1783852280,
      66.73
    ],
    [
      1783853182,
      66.71
    ],
    [
      1783854085,
      66.74
    ],
    [
      1783854986,
      66.76
    ]
  ],
  "monero": [
    [
      1783848675,
      326.81
    ],
    [
      1783849576,
      328.46
    ],
    [
      1783850478,
      327.42
    ],
    [
      1783852280,
      327.98
    ],
    [
      1783853182,
      327.85
    ],
    [
      1783854085,
      327.83
    ],
    [
      1783854986,
      328.32
    ]
  ],
  "_alerts_sent": {}
}