{
  "bitcoin": [
    [
      1780689963,
      59999
    ],
    [
      1780690865,
      60932
    ],
    [
      1780691766,
      61032
    ],
    [
      1780692669,
      61408
    ],
    [
      1780693571,
      61816
    ],
    [
      1780694472,
      61745
    ],
    [
      1780695374,
      61482
    ],
    [
      1780696275,
      61783
    ]
  ],
  "ethereum": [
    [
      1780689963,
      1558.43
    ],
    [
      1780690865,
      1592.49
    ],
    [
      1780691766,
      1593.51
    ],
    [
      1780692669,
      1601.37
    ],
    [
      1780693571,
      1611.12
    ],
    [
      1780694472,
      1610.27
    ],
    [
      1780695374,
      1608.3
    ],
    [
      1780696275,
      1615.87
    ]
  ],
  "avalanche-2": [
    [
      1780689963,
      6.67
    ],
    [
      1780690865,
      6.88
    ],
    [
      1780691766,
      6.87
    ],
    [
      1780692669,
      6.87
    ],
    [
      1780693571,
      6.92
    ],
    [
      1780694472,
      6.94
    ],
    [
      1780695374,
      6.94
    ],
    [
      1780696275,
      6.99
    ]
  ],
  "ondo-finance": [
    [
      1780689963,
      0.328613
    ],
    [
      1780690865,
      0.334778
    ],
    [
      1780691766,
      0.335298
    ],
    [
      1780692669,
      0.337187
    ],
    [
      1780693571,
      0.340272
    ],
    [
      1780694472,
      0.340817
    ],
    [
      1780695374,
      0.342703
    ],
    [
      1780696275,
      0.345472
    ]
  ],
  "binancecoin": [
    [
      1780689963,
      564.55
    ],
    [
      1780690865,
      572.43
    ],
    [
      1780691766,
      573.1
    ],
    [
      1780692669,
      575.77
    ],
    [
      1780693571,
      578.33
    ],
    [
      1780694472,
      576.27
    ],
    [
      1780695374,
      576.48
    ],
    [
      1780696275,
      577.92
    ]
  ],
  "ripple": [
    [
      1780689963,
      1.093
    ],
    [
      1780690865,
      1.11
    ],
    [
      1780691766,
      1.11
    ],
    [
      1780692669,
      1.11
    ],
    [
      1780693571,
      1.12
    ],
    [
      1780694472,
      1.12
    ],
    [
      1780695374,
      1.11
    ],
    [
      1780696275,
      1.12
    ]
  ],
  "solana": [
    [
      1780689963,
      63.16
    ],
    [
      1780690865,
      64.0
    ],
    [
      1780691766,
      64.19
    ],
    [
      1780692669,
      64.43
    ],
    [
      1780693571,
      64.72
    ],
    [
      1780694472,
      64.98
    ],
    [
      1780695374,
      64.79
    ],
    [
      1780696275,
      65.19
    ]
  ],
  "dogecoin": [
    [
      1780689963,
      0.080712
    ],
    [
      1780690865,
      0.081546
    ],
    [
      1780691766,
      0.081859
    ],
    [
      1780692669,
      0.082237
    ],
    [
      1780693571,
      0.082699
    ],
    [
      1780694472,
      0.082947
    ],
    [
      1780695374,
      0.082986
    ],
    [
      1780696275,
      0.083342
    ]
  ],
  "cardano": [
    [
      1780689963,
      0.159715
    ],
    [
      1780690865,
      0.160767
    ],
    [
      1780691766,
      0.16163
    ],
    [
      1780692669,
      0.162683
    ],
    [
      1780693571,
      0.162345
    ],
    [
      1780694472,
      0.16262
    ],
    [
      1780695374,
      0.161857
    ],
    [
      1780696275,
      0.163199
    ]
  ],
  "tron": [
    [
      1780689963,
      0.321216
    ],
    [
      1780690865,
      0.321737
    ],
    [
      1780691766,
      0.322242
    ],
    [
      1780692669,
      0.322427
    ],
    [
      1780693571,
      0.322758
    ],
    [
      1780694472,
      0.322823
    ],
    [
      1780695374,
      0.322204
    ],
    [
      1780696275,
      0.3225
    ]
  ],
  "chainlink": [
    [
      1780689963,
      7.27
    ],
    [
      1780690865,
      7.37
    ],
    [
      1780691766,
      7.39
    ],
    [
      1780692669,
      7.43
    ],
    [
      1780693571,
      7.48
    ],
    [
      1780694472,
      7.5
    ],
    [
      1780695374,
      7.5
    ],
    [
      1780696275,
      7.53
    ]
  ],
  "the-open-network": [
    [
      1780689963,
      1.49
    ],
    [
      1780690865,
      1.51
    ],
    [
      1780691766,
      1.52
    ],
    [
      1780692669,
      1.53
    ],
    [
      1780693571,
      1.53
    ],
    [
      1780694472,
      1.53
    ],
    [
      1780695374,
      1.53
    ],
    [
      1780696275,
      1.54
    ]
  ],
  "stellar": [
    [
      1780689963,
      0.191518
    ],
    [
      1780690865,
      0.195533
    ],
    [
      1780691766,
      0.196926
    ],
    [
      1780692669,
      0.199142
    ],
    [
      1780693571,
      0.201227
    ],
    [
      1780694472,
      0.204152
    ],
    [
      1780695374,
      0.203856
    ],
    [
      1780696275,
      0.206453
    ]
  ],
  "hedera-hashgraph": [
    [
      1780689963,
      0.079056
    ],
    [
      1780690865,
      0.079986
    ],
    [
      1780691766,
      0.080035
    ],
    [
      1780692669,
      0.08047
    ],
    [
      1780693571,
      0.081072
    ],
    [
      1780694472,
      0.081327
    ],
    [
      1780695374,
      0.081255
    ],
    [
      1780696275,
      0.08136
    ]
  ],
  "sui": [
    [
      1780689963,
      0.692698
    ],
    [
      1780690865,
      0.702078
    ],
    [
      1780691766,
      0.703769
    ],
    [
      1780692669,
      0.708032
    ],
    [
      1780693571,
      0.71281
    ],
    [
      1780694472,
      0.714513
    ],
    [
      1780695374,
      0.71307
    ],
    [
      1780696275,
      0.717368
    ]
  ],
  "bitcoin-cash": [
    [
      1780689963,
      215.89
    ],
    [
      1780690865,
      218.05
    ],
    [
      1780691766,
      218.77
    ],
    [
      1780692669,
      219.24
    ],
    [
      1780693571,
      220.57
    ],
    [
      1780694472,
      220.78
    ],
    [
      1780695374,
      220.55
    ],
    [
      1780696275,
      221.54
    ]
  ],
  "litecoin": [
    [
      1780689963,
      42.81
    ],
    [
      1780690865,
      43.1
    ],
    [
      1780691766,
      43.24
    ],
    [
      1780692669,
      43.48
    ],
    [
      1780693571,
      43.73
    ],
    [
      1780694472,
      43.81
    ],
    [
      1780695374,
      43.84
    ],
    [
      1780696275,
      43.96
    ]
  ],
  "polkadot": [
    [
      1780689963,
      0.930625
    ],
    [
      1780690865,
      0.939494
    ],
    [
      1780691766,
      0.942977
    ],
    [
      1780692669,
      0.947813
    ],
    [
      1780693571,
      0.95393
    ],
    [
      1780694472,
      0.957507
    ],
    [
      1780695374,
      0.955161
    ],
    [
      1780696275,
      0.963576
    ]
  ],
  "hyperliquid": [
    [
      1780689963,
      58.57
    ],
    [
      1780690865,
      59.36
    ],
    [
      1780691766,
      59.18
    ],
    [
      1780692669,
      59.05
    ],
    [
      1780693571,
      59.31
    ],
    [
      1780694472,
      59.37
    ],
    [
      1780695374,
      59.78
    ],
    [
      1780696275,
      60.43
    ]
  ],
  "monero": [
    [
      1780689963,
      310.91
    ],
    [
      1780690865,
      312.72
    ],
    [
      1780691766,
      310.58
    ],
    [
      1780692669,
      314.84
    ],
    [
      1780693571,
      318.6
    ],
    [
      1780694472,
      319.91
    ],
    [
      1780695374,
      321.05
    ],
    [
      1780696275,
      323.36
    ]
  ],
  "_alerts_sent": {
    "ondo-finance_2026-06-05 17": true
  }
}