{
  "bitcoin": [
    [
      1784750484,
      65892
    ],
    [
      1784751385,
      65888
    ],
    [
      1784752288,
      65896
    ],
    [
      1784753190,
      65893
    ],
    [
      1784754091,
      65884
    ],
    [
      1784754992,
      65902
    ],
    [
      1784755894,
      65878
    ],
    [
      1784756795,
      66076
    ]
  ],
  "ethereum": [
    [
      1784750484,
      1925.65
    ],
    [
      1784751385,
      1927.98
    ],
    [
      1784752288,
      1926.37
    ],
    [
      1784753190,
      1926.22
    ],
    [
      1784754091,
      1925.94
    ],
    [
      1784754992,
      1927.44
    ],
    [
      1784755894,
      1927.17
    ],
    [
      1784756795,
      1934.21
    ]
  ],
  "avalanche-2": [
    [
      1784750484,
      6.6
    ],
    [
      1784751385,
      6.6
    ],
    [
      1784752288,
      6.62
    ],
    [
      1784753190,
      6.63
    ],
    [
      1784754091,
      6.63
    ],
    [
      1784754992,
      6.63
    ],
    [
      1784755894,
      6.63
    ],
    [
      1784756795,
      6.65
    ]
  ],
  "ondo-finance": [
    [
      1784750484,
      0.410817
    ],
    [
      1784751385,
      0.412136
    ],
    [
      1784752288,
      0.412846
    ],
    [
      1784753190,
      0.412305
    ],
    [
      1784754091,
      0.41334
    ],
    [
      1784754992,
      0.416002
    ],
    [
      1784755894,
      0.416107
    ],
    [
      1784756795,
      0.417203
    ]
  ],
  "binancecoin": [
    [
      1784750484,
      569.84
    ],
    [
      1784751385,
      570.22
    ],
    [
      1784752288,
      570.11
    ],
    [
      1784753190,
      570.17
    ],
    [
      1784754091,
      570.2
    ],
    [
      1784754992,
      570.74
    ],
    [
      1784755894,
      570.52
    ],
    [
      1784756795,
      571.64
    ]
  ],
  "ripple": [
    [
      1784750484,
      1.14
    ],
    [
      1784751385,
      1.14
    ],
    [
      1784752288,
      1.14
    ],
    [
      1784753190,
      1.14
    ],
    [
      1784754091,
      1.14
    ],
    [
      1784754992,
      1.14
    ],
    [
      1784755894,
      1.14
    ],
    [
      1784756795,
      1.14
    ]
  ],
  "solana": [
    [
      1784750484,
      77.62
    ],
    [
      1784751385,
      77.78
    ],
    [
      1784752288,
      77.82
    ],
    [
      1784753190,
      77.81
    ],
    [
      1784754091,
      77.76
    ],
    [
      1784754992,
      77.76
    ],
    [
      1784755894,
      77.7
    ],
    [
      1784756795,
      77.94
    ]
  ],
  "dogecoin": [
    [
      1784750484,
      0.07249
    ],
    [
      1784751385,
      0.072578
    ],
    [
      1784752288,
      0.072671
    ],
    [
      1784753190,
      0.072604
    ],
    [
      1784754091,
      0.072601
    ],
    [
      1784754992,
      0.072613
    ],
    [
      1784755894,
      0.072663
    ],
    [
      1784756795,
      0.072897
    ]
  ],
  "cardano": [
    [
      1784750484,
      0.174399
    ],
    [
      1784751385,
      0.17421
    ],
    [
      1784752288,
      0.174287
    ],
    [
      1784753190,
      0.174583
    ],
    [
      1784754091,
      0.174423
    ],
    [
      1784754992,
      0.17449
    ],
    [
      1784755894,
      0.174191
    ],
    [
      1784756795,
      0.17509
    ]
  ],
  "tron": [
    [
      1784750484,
      0.328414
    ],
    [
      1784751385,
      0.328534
    ],
    [
      1784752288,
      0.328521
    ],
    [
      1784753190,
      0.328429
    ],
    [
      1784754091,
      0.32845
    ],
    [
      1784754992,
      0.328463
    ],
    [
      1784755894,
      0.328529
    ],
    [
      1784756795,
      0.328576
    ]
  ],
  "chainlink": [
    [
      1784750484,
      8.63
    ],
    [
      1784751385,
      8.64
    ],
    [
      1784752288,
      8.65
    ],
    [
      1784753190,
      8.64
    ],
    [
      1784754091,
      8.64
    ],
    [
      1784754992,
      8.63
    ],
    [
      1784755894,
      8.62
    ],
    [
      1784756795,
      8.64
    ]
  ],
  "the-open-network": [
    [
      1784750484,
      1.51
    ],
    [
      1784751385,
      1.51
    ],
    [
      1784752288,
      1.51
    ],
    [
      1784753190,
      1.51
    ],
    [
      1784754091,
      1.51
    ],
    [
      1784754992,
      1.51
    ],
    [
      1784755894,
      1.51
    ],
    [
      1784756795,
      1.51
    ]
  ],
  "stellar": [
    [
      1784750484,
      0.187305
    ],
    [
      1784751385,
      0.187131
    ],
    [
      1784752288,
      0.187266
    ],
    [
      1784753190,
      0.187269
    ],
    [
      1784754091,
      0.186817
    ],
    [
      1784754992,
      0.187269
    ],
    [
      1784755894,
      0.187465
    ],
    [
      1784756795,
      0.187965
    ]
  ],
  "hedera-hashgraph": [
    [
      1784750484,
      0.071701
    ],
    [
      1784751385,
      0.071571
    ],
    [
      1784752288,
      0.071591
    ],
    [
      1784753190,
      0.071562
    ],
    [
      1784754091,
      0.071719
    ],
    [
      1784754992,
      0.071968
    ],
    [
      1784755894,
      0.072175
    ],
    [
      1784756795,
      0.072569
    ]
  ],
  "sui": [
    [
      1784750484,
      0.765369
    ],
    [
      1784751385,
      0.765146
    ],
    [
      1784752288,
      0.764576
    ],
    [
      1784753190,
      0.7654
    ],
    [
      1784754091,
      0.764699
    ],
    [
      1784754992,
      0.764579
    ],
    [
      1784755894,
      0.763158
    ],
    [
      1784756795,
      0.766384
    ]
  ],
  "bitcoin-cash": [
    [
      1784750484,
      219.29
    ],
    [
      1784751385,
      219.36
    ],
    [
      1784752288,
      219.39
    ],
    [
      1784753190,
      218.92
    ],
    [
      1784754091,
      218.94
    ],
    [
      1784754992,
      218.99
    ],
    [
      1784755894,
      219.05
    ],
    [
      1784756795,
      219.83
    ]
  ],
  "litecoin": [
    [
      1784750484,
      47.15
    ],
    [
      1784751385,
      47.16
    ],
    [
      1784752288,
      47.2
    ],
    [
      1784753190,
      47.21
    ],
    [
      1784754091,
      47.26
    ],
    [
      1784754992,
      47.27
    ],
    [
      1784755894,
      47.36
    ],
    [
      1784756795,
      47.47
    ]
  ],
  "polkadot": [
    [
      1784750484,
      0.841077
    ],
    [
      1784751385,
      0.841522
    ],
    [
      1784752288,
      0.842663
    ],
    [
      1784753190,
      0.842102
    ],
    [
      1784754091,
      0.842046
    ],
    [
      1784754992,
      0.842529
    ],
    [
      1784755894,
      0.839223
    ],
    [
      1784756795,
      0.84094
    ]
  ],
  "hyperliquid": [
    [
      1784750484,
      59.18
    ],
    [
      1784751385,
      59.68
    ],
    [
      1784752288,
      59.64
    ],
    [
      1784753190,
      59.38
    ],
    [
      1784754091,
      59.32
    ],
    [
      1784754992,
      59.35
    ],
    [
      1784755894,
      59.21
    ],
    [
      1784756795,
      59.15
    ]
  ],
  "monero": [
    [
      1784750484,
      348.75
    ],
    [
      1784751385,
      348.62
    ],
    [
      1784752288,
      349.36
    ],
    [
      1784753190,
      350.18
    ],
    [
      1784754091,
      350.08
    ],
    [
      1784754992,
      350.51
    ],
    [
      1784755894,
      350.85
    ],
    [
      1784756795,
      352.51
    ]
  ],
  "_alerts_sent": {}
}