{
  "bitcoin": [
    [
      1782122248,
      64065
    ],
    [
      1782123519,
      64148
    ],
    [
      1782124420,
      64112
    ],
    [
      1782125321,
      64052
    ],
    [
      1782126223,
      64061
    ],
    [
      1782127124,
      64230
    ],
    [
      1782128093,
      64497
    ],
    [
      1782128994,
      64566
    ]
  ],
  "ethereum": [
    [
      1782122248,
      1745.3
    ],
    [
      1782123519,
      1748.11
    ],
    [
      1782124420,
      1747.69
    ],
    [
      1782125321,
      1746.27
    ],
    [
      1782126223,
      1746.33
    ],
    [
      1782127124,
      1749.88
    ],
    [
      1782128093,
      1756.7
    ],
    [
      1782128994,
      1766.0
    ]
  ],
  "avalanche-2": [
    [
      1782122248,
      6.24
    ],
    [
      1782123519,
      6.26
    ],
    [
      1782124420,
      6.25
    ],
    [
      1782125321,
      6.25
    ],
    [
      1782126223,
      6.26
    ],
    [
      1782127124,
      6.3
    ],
    [
      1782128093,
      6.33
    ],
    [
      1782128994,
      6.35
    ]
  ],
  "ondo-finance": [
    [
      1782122248,
      0.335109
    ],
    [
      1782123519,
      0.334578
    ],
    [
      1782124420,
      0.334064
    ],
    [
      1782125321,
      0.333813
    ],
    [
      1782126223,
      0.333865
    ],
    [
      1782127124,
      0.335469
    ],
    [
      1782128093,
      0.336117
    ],
    [
      1782128994,
      0.338096
    ]
  ],
  "binancecoin": [
    [
      1782122248,
      592.62
    ],
    [
      1782123519,
      591.88
    ],
    [
      1782124420,
      591.72
    ],
    [
      1782125321,
      591.11
    ],
    [
      1782126223,
      591.57
    ],
    [
      1782127124,
      593.64
    ],
    [
      1782128093,
      595.8
    ],
    [
      1782128994,
      596.38
    ]
  ],
  "ripple": [
    [
      1782122248,
      1.13
    ],
    [
      1782123519,
      1.14
    ],
    [
      1782124420,
      1.14
    ],
    [
      1782125321,
      1.14
    ],
    [
      1782126223,
      1.14
    ],
    [
      1782127124,
      1.14
    ],
    [
      1782128093,
      1.14
    ],
    [
      1782128994,
      1.15
    ]
  ],
  "solana": [
    [
      1782122248,
      73.72
    ],
    [
      1782123519,
      73.83
    ],
    [
      1782124420,
      73.63
    ],
    [
      1782125321,
      73.65
    ],
    [
      1782126223,
      73.67
    ],
    [
      1782127124,
      73.91
    ],
    [
      1782128093,
      74.03
    ],
    [
      1782128994,
      74.15
    ]
  ],
  "dogecoin": [
    [
      1782122248,
      0.083663
    ],
    [
      1782123519,
      0.08376
    ],
    [
      1782124420,
      0.083653
    ],
    [
      1782125321,
      0.083472
    ],
    [
      1782126223,
      0.083575
    ],
    [
      1782127124,
      0.08388
    ],
    [
      1782128093,
      0.084069
    ],
    [
      1782128994,
      0.084194
    ]
  ],
  "cardano": [
    [
      1782122248,
      0.160255
    ],
    [
      1782123519,
      0.160522
    ],
    [
      1782124420,
      0.160379
    ],
    [
      1782125321,
      0.159877
    ],
    [
      1782126223,
      0.160091
    ],
    [
      1782127124,
      0.161039
    ],
    [
      1782128093,
      0.161589
    ],
    [
      1782128994,
      0.161729
    ]
  ],
  "tron": [
    [
      1782122248,
      0.330454
    ],
    [
      1782123519,
      0.330649
    ],
    [
      1782124420,
      0.331008
    ],
    [
      1782125321,
      0.330804
    ],
    [
      1782126223,
      0.330867
    ],
    [
      1782127124,
      0.331068
    ],
    [
      1782128093,
      0.331127
    ],
    [
      1782128994,
      0.331216
    ]
  ],
  "chainlink": [
    [
      1782122248,
      7.98
    ],
    [
      1782123519,
      8.0
    ],
    [
      1782124420,
      8.0
    ],
    [
      1782125321,
      7.98
    ],
    [
      1782126223,
      7.99
    ],
    [
      1782127124,
      8.02
    ],
    [
      1782128093,
      8.05
    ],
    [
      1782128994,
      8.06
    ]
  ],
  "the-open-network": [
    [
      1782122248,
      1.66
    ],
    [
      1782123519,
      1.66
    ],
    [
      1782124420,
      1.65
    ],
    [
      1782125321,
      1.66
    ],
    [
      1782126223,
      1.66
    ],
    [
      1782127124,
      1.66
    ],
    [
      1782128093,
      1.66
    ],
    [
      1782128994,
      1.66
    ]
  ],
  "stellar": [
    [
      1782122248,
      0.210071
    ],
    [
      1782123519,
      0.210149
    ],
    [
      1782124420,
      0.209912
    ],
    [
      1782125321,
      0.209656
    ],
    [
      1782126223,
      0.20948
    ],
    [
      1782127124,
      0.210951
    ],
    [
      1782128093,
      0.211397
    ],
    [
      1782128994,
      0.212881
    ]
  ],
  "hedera-hashgraph": [
    [
      1782122248,
      0.079037
    ],
    [
      1782123519,
      0.079095
    ],
    [
      1782124420,
      0.079142
    ],
    [
      1782125321,
      0.07902
    ],
    [
      1782126223,
      0.078986
    ],
    [
      1782127124,
      0.079325
    ],
    [
      1782128093,
      0.079442
    ],
    [
      1782128994,
      0.079574
    ]
  ],
  "sui": [
    [
      1782122248,
      0.708824
    ],
    [
      1782123519,
      0.710452
    ],
    [
      1782124420,
      0.710269
    ],
    [
      1782125321,
      0.709643
    ],
    [
      1782126223,
      0.710473
    ],
    [
      1782127124,
      0.722837
    ],
    [
      1782128093,
      0.72242
    ],
    [
      1782128994,
      0.732246
    ]
  ],
  "bitcoin-cash": [
    [
      1782122248,
      199.37
    ],
    [
      1782123519,
      199.82
    ],
    [
      1782124420,
      199.35
    ],
    [
      1782125321,
      198.86
    ],
    [
      1782126223,
      199.24
    ],
    [
      1782127124,
      199.97
    ],
    [
      1782128093,
      200.46
    ],
    [
      1782128994,
      200.97
    ]
  ],
  "litecoin": [
    [
      1782122248,
      44.77
    ],
    [
      1782123519,
      44.8
    ],
    [
      1782124420,
      44.77
    ],
    [
      1782125321,
      44.71
    ],
    [
      1782126223,
      44.74
    ],
    [
      1782127124,
      44.9
    ],
    [
      1782128093,
      45.0
    ],
    [
      1782128994,
      45.12
    ]
  ],
  "polkadot": [
    [
      1782122248,
      0.959114
    ],
    [
      1782123519,
      0.958641
    ],
    [
      1782124420,
      0.958062
    ],
    [
      1782125321,
      0.956554
    ],
    [
      1782126223,
      0.957295
    ],
    [
      1782127124,
      0.962599
    ],
    [
      1782128093,
      0.963848
    ],
    [
      1782128994,
      0.967546
    ]
  ],
  "hyperliquid": [
    [
      1782122248,
      67.46
    ],
    [
      1782123519,
      67.8
    ],
    [
      1782124420,
      67.53
    ],
    [
      1782125321,
      67.48
    ],
    [
      1782126223,
      67.47
    ],
    [
      1782127124,
      67.66
    ],
    [
      1782128093,
      67.74
    ],
    [
      1782128994,
      68.08
    ]
  ],
  "monero": [
    [
      1782122248,
      326.84
    ],
    [
      1782123519,
      327.27
    ],
    [
      1782124420,
      329.05
    ],
    [
      1782125321,
      329.36
    ],
    [
      1782126223,
      329.64
    ],
    [
      1782127124,
      331.11
    ],
    [
      1782128093,
      331.45
    ],
    [
      1782128994,
      331.16
    ]
  ],
  "_alerts_sent": {}
}