{
  "bitcoin": [
    [
      1780221239,
      73828
    ],
    [
      1780222140,
      73738
    ],
    [
      1780223042,
      73670
    ],
    [
      1780223943,
      73711
    ],
    [
      1780224845,
      73747
    ],
    [
      1780225746,
      73817
    ],
    [
      1780226648,
      73806
    ],
    [
      1780227549,
      73822
    ]
  ],
  "ethereum": [
    [
      1780221239,
      2023.41
    ],
    [
      1780222140,
      2016.45
    ],
    [
      1780223042,
      2014.04
    ],
    [
      1780223943,
      2015.37
    ],
    [
      1780224845,
      2016.25
    ],
    [
      1780225746,
      2020.31
    ],
    [
      1780226648,
      2018.59
    ],
    [
      1780227549,
      2019.74
    ]
  ],
  "avalanche-2": [
    [
      1780221239,
      9.01
    ],
    [
      1780222140,
      8.98
    ],
    [
      1780223042,
      8.97
    ],
    [
      1780223943,
      8.96
    ],
    [
      1780224845,
      8.96
    ],
    [
      1780225746,
      8.99
    ],
    [
      1780226648,
      8.99
    ],
    [
      1780227549,
      9.0
    ]
  ],
  "ondo-finance": [
    [
      1780221239,
      0.363833
    ],
    [
      1780222140,
      0.361951
    ],
    [
      1780223042,
      0.361241
    ],
    [
      1780223943,
      0.36268
    ],
    [
      1780224845,
      0.364005
    ],
    [
      1780225746,
      0.366223
    ],
    [
      1780226648,
      0.360037
    ],
    [
      1780227549,
      0.359128
    ]
  ],
  "binancecoin": [
    [
      1780221239,
      720.33
    ],
    [
      1780222140,
      722.1
    ],
    [
      1780223042,
      721.98
    ],
    [
      1780223943,
      722.06
    ],
    [
      1780224845,
      719.74
    ],
    [
      1780225746,
      719.79
    ],
    [
      1780226648,
      721.41
    ],
    [
      1780227549,
      720.4
    ]
  ],
  "ripple": [
    [
      1780221239,
      1.34
    ],
    [
      1780222140,
      1.34
    ],
    [
      1780223042,
      1.33
    ],
    [
      1780223943,
      1.33
    ],
    [
      1780224845,
      1.33
    ],
    [
      1780225746,
      1.34
    ],
    [
      1780226648,
      1.34
    ],
    [
      1780227549,
      1.34
    ]
  ],
  "solana": [
    [
      1780221239,
      82.84
    ],
    [
      1780222140,
      82.58
    ],
    [
      1780223042,
      82.49
    ],
    [
      1780223943,
      82.52
    ],
    [
      1780224845,
      82.46
    ],
    [
      1780225746,
      82.65
    ],
    [
      1780226648,
      82.6
    ],
    [
      1780227549,
      82.66
    ]
  ],
  "dogecoin": [
    [
      1780221239,
      0.10058
    ],
    [
      1780222140,
      0.100378
    ],
    [
      1780223042,
      0.100251
    ],
    [
      1780223943,
      0.100316
    ],
    [
      1780224845,
      0.100319
    ],
    [
      1780225746,
      0.100546
    ],
    [
      1780226648,
      0.100579
    ],
    [
      1780227549,
      0.100679
    ]
  ],
  "cardano": [
    [
      1780221239,
      0.237521
    ],
    [
      1780222140,
      0.236593
    ],
    [
      1780223042,
      0.235926
    ],
    [
      1780223943,
      0.235979
    ],
    [
      1780224845,
      0.236048
    ],
    [
      1780225746,
      0.236974
    ],
    [
      1780226648,
      0.23657
    ],
    [
      1780227549,
      0.236788
    ]
  ],
  "tron": [
    [
      1780221239,
      0.348903
    ],
    [
      1780222140,
      0.348756
    ],
    [
      1780223042,
      0.349582
    ],
    [
      1780223943,
      0.348984
    ],
    [
      1780224845,
      0.34923
    ],
    [
      1780225746,
      0.348916
    ],
    [
      1780226648,
      0.348805
    ],
    [
      1780227549,
      0.348783
    ]
  ],
  "chainlink": [
    [
      1780221239,
      9.25
    ],
    [
      1780222140,
      9.19
    ],
    [
      1780223042,
      9.17
    ],
    [
      1780223943,
      9.18
    ],
    [
      1780224845,
      9.17
    ],
    [
      1780225746,
      9.2
    ],
    [
      1780226648,
      9.18
    ],
    [
      1780227549,
      9.19
    ]
  ],
  "the-open-network": [
    [
      1780221239,
      1.9
    ],
    [
      1780222140,
      1.88
    ],
    [
      1780223042,
      1.88
    ],
    [
      1780223943,
      1.88
    ],
    [
      1780224845,
      1.87
    ],
    [
      1780225746,
      1.89
    ],
    [
      1780226648,
      1.88
    ],
    [
      1780227549,
      1.89
    ]
  ],
  "stellar": [
    [
      1780221239,
      0.246062
    ],
    [
      1780222140,
      0.247993
    ],
    [
      1780223042,
      0.244337
    ],
    [
      1780223943,
      0.242779
    ],
    [
      1780224845,
      0.243423
    ],
    [
      1780225746,
      0.247221
    ],
    [
      1780226648,
      0.251924
    ],
    [
      1780227549,
      0.257097
    ]
  ],
  "hedera-hashgraph": [
    [
      1780221239,
      0.097405
    ],
    [
      1780222140,
      0.097518
    ],
    [
      1780223042,
      0.096437
    ],
    [
      1780223943,
      0.096252
    ],
    [
      1780224845,
      0.096307
    ],
    [
      1780225746,
      0.096725
    ],
    [
      1780226648,
      0.097094
    ],
    [
      1780227549,
      0.098539
    ]
  ],
  "sui": [
    [
      1780221239,
      0.906019
    ],
    [
      1780222140,
      0.902391
    ],
    [
      1780223042,
      0.900284
    ],
    [
      1780223943,
      0.900851
    ],
    [
      1780224845,
      0.899621
    ],
    [
      1780225746,
      0.904891
    ],
    [
      1780226648,
      0.901962
    ],
    [
      1780227549,
      0.902232
    ]
  ],
  "bitcoin-cash": [
    [
      1780221239,
      306.5
    ],
    [
      1780222140,
      305.8
    ],
    [
      1780223042,
      306.0
    ],
    [
      1780223943,
      306.25
    ],
    [
      1780224845,
      306.44
    ],
    [
      1780225746,
      306.66
    ],
    [
      1780226648,
      304.53
    ],
    [
      1780227549,
      305.31
    ]
  ],
  "litecoin": [
    [
      1780221239,
      52.44
    ],
    [
      1780222140,
      52.32
    ],
    [
      1780223042,
      52.27
    ],
    [
      1780223943,
      52.25
    ],
    [
      1780224845,
      52.25
    ],
    [
      1780225746,
      52.33
    ],
    [
      1780226648,
      52.27
    ],
    [
      1780227549,
      52.26
    ]
  ],
  "polkadot": [
    [
      1780221239,
      1.19
    ],
    [
      1780222140,
      1.19
    ],
    [
      1780223042,
      1.19
    ],
    [
      1780223943,
      1.19
    ],
    [
      1780224845,
      1.19
    ],
    [
      1780225746,
      1.19
    ],
    [
      1780226648,
      1.19
    ],
    [
      1780227549,
      1.19
    ]
  ],
  "hyperliquid": [
    [
      1780221239,
      68.6
    ],
    [
      1780222140,
      68.35
    ],
    [
      1780223042,
      68.61
    ],
    [
      1780223943,
      68.53
    ],
    [
      1780224845,
      68.02
    ],
    [
      1780225746,
      68.23
    ],
    [
      1780226648,
      67.8
    ],
    [
      1780227549,
      67.64
    ]
  ],
  "monero": [
    [
      1780221239,
      366.52
    ],
    [
      1780222140,
      366.89
    ],
    [
      1780223042,
      365.4
    ],
    [
      1780223943,
      365.22
    ],
    [
      1780224845,
      366.07
    ],
    [
      1780225746,
      360.3
    ],
    [
      1780226648,
      361.13
    ],
    [
      1780227549,
      362.33
    ]
  ],
  "_alerts_sent": {
    "stellar_2026-05-31 13": true
  }
}