{
  "bitcoin": [
    [
      1783444482,
      64012
    ],
    [
      1783445384,
      64039
    ],
    [
      1783446285,
      64122
    ],
    [
      1783447187,
      64136
    ],
    [
      1783448656,
      64067
    ],
    [
      1783449558,
      63981
    ],
    [
      1783450459,
      63712
    ],
    [
      1783451361,
      63573
    ]
  ],
  "ethereum": [
    [
      1783444482,
      1803.88
    ],
    [
      1783445384,
      1803.29
    ],
    [
      1783446285,
      1805.3
    ],
    [
      1783447187,
      1808.25
    ],
    [
      1783448656,
      1804.46
    ],
    [
      1783449558,
      1800.5
    ],
    [
      1783450459,
      1789.32
    ],
    [
      1783451361,
      1781.52
    ]
  ],
  "avalanche-2": [
    [
      1783444482,
      6.78
    ],
    [
      1783445384,
      6.78
    ],
    [
      1783446285,
      6.78
    ],
    [
      1783447187,
      6.79
    ],
    [
      1783448656,
      6.79
    ],
    [
      1783449558,
      6.79
    ],
    [
      1783450459,
      6.77
    ],
    [
      1783451361,
      6.74
    ]
  ],
  "ondo-finance": [
    [
      1783444482,
      0.335545
    ],
    [
      1783445384,
      0.335429
    ],
    [
      1783446285,
      0.335788
    ],
    [
      1783447187,
      0.335804
    ],
    [
      1783448656,
      0.335488
    ],
    [
      1783449558,
      0.33378
    ],
    [
      1783450459,
      0.331157
    ],
    [
      1783451361,
      0.329656
    ]
  ],
  "binancecoin": [
    [
      1783444482,
      584.82
    ],
    [
      1783445384,
      585.38
    ],
    [
      1783446285,
      585.55
    ],
    [
      1783447187,
      585.47
    ],
    [
      1783448656,
      584.94
    ],
    [
      1783449558,
      584.17
    ],
    [
      1783450459,
      582.59
    ],
    [
      1783451361,
      581.07
    ]
  ],
  "ripple": [
    [
      1783444482,
      1.13
    ],
    [
      1783445384,
      1.13
    ],
    [
      1783446285,
      1.13
    ],
    [
      1783447187,
      1.13
    ],
    [
      1783448656,
      1.13
    ],
    [
      1783449558,
      1.13
    ],
    [
      1783450459,
      1.12
    ],
    [
      1783451361,
      1.12
    ]
  ],
  "solana": [
    [
      1783444482,
      82.28
    ],
    [
      1783445384,
      82.31
    ],
    [
      1783446285,
      82.53
    ],
    [
      1783447187,
      82.62
    ],
    [
      1783448656,
      82.22
    ],
    [
      1783449558,
      81.99
    ],
    [
      1783450459,
      81.74
    ],
    [
      1783451361,
      81.19
    ]
  ],
  "dogecoin": [
    [
      1783444482,
      0.075397
    ],
    [
      1783445384,
      0.075379
    ],
    [
      1783446285,
      0.075431
    ],
    [
      1783447187,
      0.075409
    ],
    [
      1783448656,
      0.075172
    ],
    [
      1783449558,
      0.075005
    ],
    [
      1783450459,
      0.074728
    ],
    [
      1783451361,
      0.074416
    ]
  ],
  "cardano": [
    [
      1783444482,
      0.177102
    ],
    [
      1783445384,
      0.177035
    ],
    [
      1783446285,
      0.177622
    ],
    [
      1783447187,
      0.177689
    ],
    [
      1783448656,
      0.177135
    ],
    [
      1783449558,
      0.177195
    ],
    [
      1783450459,
      0.17672
    ],
    [
      1783451361,
      0.175432
    ]
  ],
  "tron": [
    [
      1783444482,
      0.33257
    ],
    [
      1783445384,
      0.332652
    ],
    [
      1783446285,
      0.332646
    ],
    [
      1783447187,
      0.332454
    ],
    [
      1783448656,
      0.332134
    ],
    [
      1783449558,
      0.331917
    ],
    [
      1783450459,
      0.331992
    ],
    [
      1783451361,
      0.331672
    ]
  ],
  "chainlink": [
    [
      1783444482,
      8.01
    ],
    [
      1783445384,
      8.0
    ],
    [
      1783446285,
      8.0
    ],
    [
      1783447187,
      8.01
    ],
    [
      1783448656,
      7.99
    ],
    [
      1783449558,
      7.98
    ],
    [
      1783450459,
      7.95
    ],
    [
      1783451361,
      7.9
    ]
  ],
  "the-open-network": [
    [
      1783444482,
      1.66
    ],
    [
      1783445384,
      1.65
    ],
    [
      1783446285,
      1.66
    ],
    [
      1783447187,
      1.66
    ],
    [
      1783448656,
      1.67
    ],
    [
      1783449558,
      1.67
    ],
    [
      1783450459,
      1.66
    ],
    [
      1783451361,
      1.63
    ]
  ],
  "stellar": [
    [
      1783444482,
      0.193217
    ],
    [
      1783445384,
      0.193167
    ],
    [
      1783446285,
      0.193765
    ],
    [
      1783447187,
      0.193585
    ],
    [
      1783448656,
      0.193552
    ],
    [
      1783449558,
      0.193257
    ],
    [
      1783450459,
      0.192383
    ],
    [
      1783451361,
      0.190685
    ]
  ],
  "hedera-hashgraph": [
    [
      1783444482,
      0.072192
    ],
    [
      1783445384,
      0.072342
    ],
    [
      1783446285,
      0.07268
    ],
    [
      1783447187,
      0.072645
    ],
    [
      1783448656,
      0.072698
    ],
    [
      1783449558,
      0.072548
    ],
    [
      1783450459,
      0.072266
    ],
    [
      1783451361,
      0.071794
    ]
  ],
  "sui": [
    [
      1783444482,
      0.746504
    ],
    [
      1783445384,
      0.746611
    ],
    [
      1783446285,
      0.747367
    ],
    [
      1783447187,
      0.747774
    ],
    [
      1783448656,
      0.745317
    ],
    [
      1783449558,
      0.741842
    ],
    [
      1783450459,
      0.737138
    ],
    [
      1783451361,
      0.73286
    ]
  ],
  "bitcoin-cash": [
    [
      1783444482,
      243.05
    ],
    [
      1783445384,
      243.17
    ],
    [
      1783446285,
      242.98
    ],
    [
      1783447187,
      243.08
    ],
    [
      1783448656,
      242.07
    ],
    [
      1783449558,
      242.12
    ],
    [
      1783450459,
      242.31
    ],
    [
      1783451361,
      240.42
    ]
  ],
  "litecoin": [
    [
      1783444482,
      44.66
    ],
    [
      1783445384,
      44.51
    ],
    [
      1783446285,
      44.46
    ],
    [
      1783447187,
      44.5
    ],
    [
      1783448656,
      44.42
    ],
    [
      1783449558,
      44.32
    ],
    [
      1783450459,
      44.25
    ],
    [
      1783451361,
      43.97
    ]
  ],
  "polkadot": [
    [
      1783444482,
      0.87326
    ],
    [
      1783445384,
      0.872088
    ],
    [
      1783446285,
      0.871921
    ],
    [
      1783447187,
      0.872762
    ],
    [
      1783448656,
      0.870661
    ],
    [
      1783449558,
      0.868038
    ],
    [
      1783450459,
      0.864639
    ],
    [
      1783451361,
      0.858341
    ]
  ],
  "hyperliquid": [
    [
      1783444482,
      71.92
    ],
    [
      1783445384,
      71.73
    ],
    [
      1783446285,
      71.75
    ],
    [
      1783447187,
      71.55
    ],
    [
      1783448656,
      71.63
    ],
    [
      1783449558,
      71.48
    ],
    [
      1783450459,
      70.64
    ],
    [
      1783451361,
      70.06
    ]
  ],
  "monero": [
    [
      1783444482,
      333.16
    ],
    [
      1783445384,
      334.09
    ],
    [
      1783446285,
      334.59
    ],
    [
      1783447187,
      334.51
    ],
    [
      1783448656,
      333.29
    ],
    [
      1783449558,
      332.82
    ],
    [
      1783450459,
      331.9
    ],
    [
      1783451361,
      330.46
    ]
  ],
  "_alerts_sent": {}
}