{
  "bitcoin": [
    [
      1782787510,
      59927.8
    ],
    [
      1782788412,
      59876
    ],
    [
      1782789313,
      59810.9
    ],
    [
      1782790215,
      59767.3
    ],
    [
      1782791116,
      59614.4
    ],
    [
      1782792017,
      59521.8
    ],
    [
      1782792920,
      59456.2
    ],
    [
      1782793822,
      59458
    ]
  ],
  "ethereum": [
    [
      1782787510,
      1589.53
    ],
    [
      1782788412,
      1588.8
    ],
    [
      1782789313,
      1589.77
    ],
    [
      1782790215,
      1589.8
    ],
    [
      1782791116,
      1587.65
    ],
    [
      1782792017,
      1584.63
    ],
    [
      1782792920,
      1585.42
    ],
    [
      1782793822,
      1584.62
    ]
  ],
  "avalanche-2": [
    [
      1782787510,
      6.643
    ],
    [
      1782788412,
      6.66
    ],
    [
      1782789313,
      6.65
    ],
    [
      1782790215,
      6.635
    ],
    [
      1782791116,
      6.637
    ],
    [
      1782792017,
      6.616
    ],
    [
      1782792920,
      6.616
    ],
    [
      1782793822,
      6.61
    ]
  ],
  "ondo-finance": [
    [
      1782787510,
      0.31292
    ],
    [
      1782788412,
      0.312481
    ],
    [
      1782789313,
      0.31243
    ],
    [
      1782790215,
      0.31227
    ],
    [
      1782791116,
      0.31274
    ],
    [
      1782792017,
      0.31183
    ],
    [
      1782792920,
      0.31234
    ],
    [
      1782793822,
      0.312146
    ]
  ],
  "binancecoin": [
    [
      1782788412,
      555.91
    ],
    [
      1782793822,
      552.83
    ]
  ],
  "ripple": [
    [
      1782788412,
      1.05
    ],
    [
      1782793822,
      1.043
    ]
  ],
  "solana": [
    [
      1782788412,
      74.58
    ],
    [
      1782793822,
      73.78
    ]
  ],
  "dogecoin": [
    [
      1782788412,
      0.072567
    ],
    [
      1782793822,
      0.0722
    ]
  ],
  "cardano": [
    [
      1782788412,
      0.144516
    ],
    [
      1782793822,
      0.144248
    ]
  ],
  "tron": [
    [
      1782788412,
      0.319614
    ],
    [
      1782793822,
      0.31947
    ]
  ],
  "chainlink": [
    [
      1782788412,
      7.3
    ],
    [
      1782793822,
      7.28
    ]
  ],
  "the-open-network": [
    [
      1782788412,
      1.6
    ],
    [
      1782793822,
      1.6
    ]
  ],
  "stellar": [
    [
      1782788412,
      0.179068
    ],
    [
      1782793822,
      0.184032
    ]
  ],
  "hedera-hashgraph": [
    [
      1782788412,
      0.070958
    ],
    [
      1782793822,
      0.070848
    ]
  ],
  "sui": [
    [
      1782788412,
      0.694513
    ],
    [
      1782793822,
      0.693269
    ]
  ],
  "bitcoin-cash": [
    [
      1782788412,
      199.79
    ],
    [
      1782793822,
      198.96
    ]
  ],
  "litecoin": [
    [
      1782788412,
      42.59
    ],
    [
      1782793822,
      42.4
    ]
  ],
  "polkadot": [
    [
      1782788412,
      0.817079
    ],
    [
      1782793822,
      0.815241
    ]
  ],
  "hyperliquid": [
    [
      1782788412,
      65.71
    ],
    [
      1782793822,
      66.07
    ]
  ],
  "monero": [
    [
      1782788412,
      313.34
    ],
    [
      1782793822,
      312.36
    ]
  ],
  "_alerts_sent": {}
}