{
  "bitcoin": [
    [
      1781857399,
      62628
    ],
    [
      1781858301,
      62634
    ],
    [
      1781859202,
      62591
    ],
    [
      1781860103,
      62483
    ],
    [
      1781861005,
      62317
    ],
    [
      1781861906,
      62402
    ],
    [
      1781862807,
      62311
    ],
    [
      1781863709,
      62357
    ]
  ],
  "ethereum": [
    [
      1781857399,
      1696.6
    ],
    [
      1781858301,
      1695.31
    ],
    [
      1781859202,
      1695.75
    ],
    [
      1781860103,
      1694.28
    ],
    [
      1781861005,
      1689.86
    ],
    [
      1781861906,
      1692.31
    ],
    [
      1781862807,
      1688.25
    ],
    [
      1781863709,
      1688.53
    ]
  ],
  "avalanche-2": [
    [
      1781857399,
      6.01
    ],
    [
      1781858301,
      6.02
    ],
    [
      1781859202,
      6.04
    ],
    [
      1781860103,
      6.05
    ],
    [
      1781861005,
      6.05
    ],
    [
      1781861906,
      6.08
    ],
    [
      1781862807,
      6.07
    ],
    [
      1781863709,
      6.05
    ]
  ],
  "ondo-finance": [
    [
      1781857399,
      0.351526
    ],
    [
      1781858301,
      0.352083
    ],
    [
      1781859202,
      0.351558
    ],
    [
      1781860103,
      0.350374
    ],
    [
      1781861005,
      0.348603
    ],
    [
      1781861906,
      0.349625
    ],
    [
      1781862807,
      0.347759
    ],
    [
      1781863709,
      0.347099
    ]
  ],
  "binancecoin": [
    [
      1781857399,
      574.07
    ],
    [
      1781858301,
      573.75
    ],
    [
      1781859202,
      573.99
    ],
    [
      1781860103,
      572.72
    ],
    [
      1781861005,
      571.64
    ],
    [
      1781861906,
      571.72
    ],
    [
      1781862807,
      571.02
    ],
    [
      1781863709,
      571.37
    ]
  ],
  "ripple": [
    [
      1781857399,
      1.13
    ],
    [
      1781858301,
      1.13
    ],
    [
      1781859202,
      1.13
    ],
    [
      1781860103,
      1.12
    ],
    [
      1781861005,
      1.12
    ],
    [
      1781861906,
      1.13
    ],
    [
      1781862807,
      1.12
    ],
    [
      1781863709,
      1.12
    ]
  ],
  "solana": [
    [
      1781857399,
      68.47
    ],
    [
      1781858301,
      68.57
    ],
    [
      1781859202,
      68.6
    ],
    [
      1781860103,
      68.55
    ],
    [
      1781861005,
      68.3
    ],
    [
      1781861906,
      68.39
    ],
    [
      1781862807,
      68.34
    ],
    [
      1781863709,
      68.25
    ]
  ],
  "dogecoin": [
    [
      1781857399,
      0.08239
    ],
    [
      1781858301,
      0.082449
    ],
    [
      1781859202,
      0.082488
    ],
    [
      1781860103,
      0.082426
    ],
    [
      1781861005,
      0.08213
    ],
    [
      1781861906,
      0.082252
    ],
    [
      1781862807,
      0.08218
    ],
    [
      1781863709,
      0.082152
    ]
  ],
  "cardano": [
    [
      1781857399,
      0.15997
    ],
    [
      1781858301,
      0.160462
    ],
    [
      1781859202,
      0.160317
    ],
    [
      1781860103,
      0.160172
    ],
    [
      1781861005,
      0.159674
    ],
    [
      1781861906,
      0.16006
    ],
    [
      1781862807,
      0.159538
    ],
    [
      1781863709,
      0.159409
    ]
  ],
  "tron": [
    [
      1781857399,
      0.320418
    ],
    [
      1781858301,
      0.320461
    ],
    [
      1781859202,
      0.320455
    ],
    [
      1781860103,
      0.320588
    ],
    [
      1781861005,
      0.320536
    ],
    [
      1781861906,
      0.321429
    ],
    [
      1781862807,
      0.321656
    ],
    [
      1781863709,
      0.321602
    ]
  ],
  "chainlink": [
    [
      1781857399,
      7.85
    ],
    [
      1781858301,
      7.85
    ],
    [
      1781859202,
      7.85
    ],
    [
      1781860103,
      7.85
    ],
    [
      1781861005,
      7.83
    ],
    [
      1781861906,
      7.84
    ],
    [
      1781862807,
      7.84
    ],
    [
      1781863709,
      7.83
    ]
  ],
  "the-open-network": [
    [
      1781857399,
      1.63
    ],
    [
      1781858301,
      1.63
    ],
    [
      1781859202,
      1.63
    ],
    [
      1781860103,
      1.63
    ],
    [
      1781861005,
      1.62
    ],
    [
      1781861906,
      1.63
    ],
    [
      1781862807,
      1.62
    ],
    [
      1781863709,
      1.62
    ]
  ],
  "stellar": [
    [
      1781857399,
      0.219229
    ],
    [
      1781858301,
      0.220276
    ],
    [
      1781859202,
      0.219934
    ],
    [
      1781860103,
      0.218904
    ],
    [
      1781861005,
      0.219511
    ],
    [
      1781861906,
      0.219802
    ],
    [
      1781862807,
      0.219347
    ],
    [
      1781863709,
      0.217768
    ]
  ],
  "hedera-hashgraph": [
    [
      1781857399,
      0.078999
    ],
    [
      1781858301,
      0.079013
    ],
    [
      1781859202,
      0.079022
    ],
    [
      1781860103,
      0.078989
    ],
    [
      1781861005,
      0.078951
    ],
    [
      1781861906,
      0.079159
    ],
    [
      1781862807,
      0.079197
    ],
    [
      1781863709,
      0.07921
    ]
  ],
  "sui": [
    [
      1781857399,
      0.713261
    ],
    [
      1781858301,
      0.714349
    ],
    [
      1781859202,
      0.7146
    ],
    [
      1781860103,
      0.713624
    ],
    [
      1781861005,
      0.710967
    ],
    [
      1781861906,
      0.712585
    ],
    [
      1781862807,
      0.711119
    ],
    [
      1781863709,
      0.710193
    ]
  ],
  "bitcoin-cash": [
    [
      1781857399,
      193.61
    ],
    [
      1781858301,
      193.63
    ],
    [
      1781859202,
      193.77
    ],
    [
      1781860103,
      193.46
    ],
    [
      1781861005,
      193.32
    ],
    [
      1781861906,
      193.57
    ],
    [
      1781862807,
      193.41
    ],
    [
      1781863709,
      193.54
    ]
  ],
  "litecoin": [
    [
      1781857399,
      43.45
    ],
    [
      1781858301,
      43.47
    ],
    [
      1781859202,
      43.44
    ],
    [
      1781860103,
      43.42
    ],
    [
      1781861005,
      43.32
    ],
    [
      1781861906,
      43.42
    ],
    [
      1781862807,
      43.41
    ],
    [
      1781863709,
      43.37
    ]
  ],
  "polkadot": [
    [
      1781857399,
      0.956062
    ],
    [
      1781858301,
      0.955852
    ],
    [
      1781859202,
      0.956566
    ],
    [
      1781860103,
      0.955832
    ],
    [
      1781861005,
      0.953891
    ],
    [
      1781861906,
      0.954635
    ],
    [
      1781862807,
      0.953668
    ],
    [
      1781863709,
      0.952641
    ]
  ],
  "hyperliquid": [
    [
      1781857399,
      67.27
    ],
    [
      1781858301,
      67.29
    ],
    [
      1781859202,
      67.51
    ],
    [
      1781860103,
      67.44
    ],
    [
      1781861005,
      67.09
    ],
    [
      1781861906,
      67.16
    ],
    [
      1781862807,
      66.79
    ],
    [
      1781863709,
      66.77
    ]
  ],
  "monero": [
    [
      1781857399,
      325.89
    ],
    [
      1781858301,
      326.64
    ],
    [
      1781859202,
      329.2
    ],
    [
      1781860103,
      328.23
    ],
    [
      1781861005,
      327.81
    ],
    [
      1781861906,
      328.61
    ],
    [
      1781862807,
      327.46
    ],
    [
      1781863709,
      323.69
    ]
  ],
  "_alerts_sent": {}
}