{
  "bitcoin": [
    [
      1779813544,
      76576
    ],
    [
      1779814446,
      76360
    ],
    [
      1779815348,
      76417
    ],
    [
      1779816249,
      76110.7
    ],
    [
      1779817157,
      75904
    ],
    [
      1779818058,
      75959
    ],
    [
      1779818960,
      75882
    ],
    [
      1779819861,
      76106
    ]
  ],
  "ethereum": [
    [
      1779813544,
      2080.37
    ],
    [
      1779814446,
      2074.21
    ],
    [
      1779815348,
      2076.46
    ],
    [
      1779816249,
      2068.31
    ],
    [
      1779817157,
      2063.22
    ],
    [
      1779818058,
      2069.55
    ],
    [
      1779818960,
      2071.89
    ],
    [
      1779819861,
      2076.54
    ]
  ],
  "avalanche-2": [
    [
      1779813544,
      9.25
    ],
    [
      1779814446,
      9.24
    ],
    [
      1779815348,
      9.25
    ],
    [
      1779816249,
      9.2
    ],
    [
      1779817157,
      9.15
    ],
    [
      1779818058,
      9.18
    ],
    [
      1779818960,
      9.16
    ],
    [
      1779819861,
      9.19
    ]
  ],
  "ondo-finance": [
    [
      1779813544,
      0.425509
    ],
    [
      1779814446,
      0.41838
    ],
    [
      1779815348,
      0.419418
    ],
    [
      1779816249,
      0.4155
    ],
    [
      1779817157,
      0.409558
    ],
    [
      1779818058,
      0.411247
    ],
    [
      1779818960,
      0.411879
    ],
    [
      1779819861,
      0.413644
    ]
  ]
}