{
  "bitcoin": [
    [
      1783435467,
      62845
    ],
    [
      1783436369,
      63422
    ],
    [
      1783437270,
      63448
    ],
    [
      1783438172,
      63662
    ],
    [
      1783439073,
      63743
    ],
    [
      1783439975,
      63873
    ],
    [
      1783440876,
      63807
    ],
    [
      1783441777,
      63963
    ]
  ],
  "ethereum": [
    [
      1783435467,
      1767.03
    ],
    [
      1783436369,
      1786.81
    ],
    [
      1783437270,
      1785.18
    ],
    [
      1783438172,
      1790.78
    ],
    [
      1783439073,
      1793.19
    ],
    [
      1783439975,
      1795.46
    ],
    [
      1783440876,
      1793.24
    ],
    [
      1783441777,
      1800.76
    ]
  ],
  "avalanche-2": [
    [
      1783435467,
      6.68
    ],
    [
      1783436369,
      6.71
    ],
    [
      1783437270,
      6.71
    ],
    [
      1783438172,
      6.72
    ],
    [
      1783439073,
      6.75
    ],
    [
      1783439975,
      6.77
    ],
    [
      1783440876,
      6.76
    ],
    [
      1783441777,
      6.76
    ]
  ],
  "ondo-finance": [
    [
      1783435467,
      0.329719
    ],
    [
      1783436369,
      0.332437
    ],
    [
      1783437270,
      0.333091
    ],
    [
      1783438172,
      0.332935
    ],
    [
      1783439073,
      0.334177
    ],
    [
      1783439975,
      0.335853
    ],
    [
      1783440876,
      0.335091
    ],
    [
      1783441777,
      0.336473
    ]
  ],
  "binancecoin": [
    [
      1783435467,
      576.63
    ],
    [
      1783436369,
      579.91
    ],
    [
      1783437270,
      579.98
    ],
    [
      1783438172,
      582.62
    ],
    [
      1783439073,
      582.92
    ],
    [
      1783439975,
      584.25
    ],
    [
      1783440876,
      583.5
    ],
    [
      1783441777,
      584.82
    ]
  ],
  "ripple": [
    [
      1783435467,
      1.11
    ],
    [
      1783436369,
      1.12
    ],
    [
      1783437270,
      1.12
    ],
    [
      1783438172,
      1.12
    ],
    [
      1783439073,
      1.13
    ],
    [
      1783439975,
      1.13
    ],
    [
      1783440876,
      1.13
    ],
    [
      1783441777,
      1.13
    ]
  ],
  "solana": [
    [
      1783435467,
      80.83
    ],
    [
      1783436369,
      81.54
    ],
    [
      1783437270,
      81.54
    ],
    [
      1783438172,
      81.82
    ],
    [
      1783439073,
      82.0
    ],
    [
      1783439975,
      82.12
    ],
    [
      1783440876,
      81.88
    ],
    [
      1783441777,
      82.23
    ]
  ],
  "dogecoin": [
    [
      1783435467,
      0.074074
    ],
    [
      1783436369,
      0.074603
    ],
    [
      1783437270,
      0.074661
    ],
    [
      1783438172,
      0.074846
    ],
    [
      1783439073,
      0.074981
    ],
    [
      1783439975,
      0.075156
    ],
    [
      1783440876,
      0.074908
    ],
    [
      1783441777,
      0.075282
    ]
  ],
  "cardano": [
    [
      1783435467,
      0.176229
    ],
    [
      1783436369,
      0.176217
    ],
    [
      1783437270,
      0.176325
    ],
    [
      1783438172,
      0.176739
    ],
    [
      1783439073,
      0.176959
    ],
    [
      1783439975,
      0.17769
    ],
    [
      1783440876,
      0.17713
    ],
    [
      1783441777,
      0.177777
    ]
  ],
  "tron": [
    [
      1783435467,
      0.330911
    ],
    [
      1783436369,
      0.331152
    ],
    [
      1783437270,
      0.331261
    ],
    [
      1783438172,
      0.331214
    ],
    [
      1783439073,
      0.331449
    ],
    [
      1783439975,
      0.331761
    ],
    [
      1783440876,
      0.33138
    ],
    [
      1783441777,
      0.331798
    ]
  ],
  "chainlink": [
    [
      1783435467,
      7.83
    ],
    [
      1783436369,
      7.9
    ],
    [
      1783437270,
      7.91
    ],
    [
      1783438172,
      7.94
    ],
    [
      1783439073,
      7.96
    ],
    [
      1783439975,
      8.0
    ],
    [
      1783440876,
      7.99
    ],
    [
      1783441777,
      8.01
    ]
  ],
  "the-open-network": [
    [
      1783435467,
      1.65
    ],
    [
      1783436369,
      1.68
    ],
    [
      1783437270,
      1.67
    ],
    [
      1783438172,
      1.67
    ],
    [
      1783439073,
      1.68
    ],
    [
      1783439975,
      1.68
    ],
    [
      1783440876,
      1.68
    ],
    [
      1783441777,
      1.65
    ]
  ],
  "stellar": [
    [
      1783435467,
      0.189909
    ],
    [
      1783436369,
      0.191388
    ],
    [
      1783437270,
      0.19128
    ],
    [
      1783438172,
      0.191011
    ],
    [
      1783439073,
      0.191297
    ],
    [
      1783439975,
      0.1927
    ],
    [
      1783440876,
      0.191603
    ],
    [
      1783441777,
      0.193063
    ]
  ],
  "hedera-hashgraph": [
    [
      1783435467,
      0.070815
    ],
    [
      1783436369,
      0.071491
    ],
    [
      1783437270,
      0.071621
    ],
    [
      1783438172,
      0.071596
    ],
    [
      1783439073,
      0.071771
    ],
    [
      1783439975,
      0.072345
    ],
    [
      1783440876,
      0.072079
    ],
    [
      1783441777,
      0.072539
    ]
  ],
  "sui": [
    [
      1783435467,
      0.731624
    ],
    [
      1783436369,
      0.737399
    ],
    [
      1783437270,
      0.738283
    ],
    [
      1783438172,
      0.738835
    ],
    [
      1783439073,
      0.739367
    ],
    [
      1783439975,
      0.74202
    ],
    [
      1783440876,
      0.741933
    ],
    [
      1783441777,
      0.744577
    ]
  ],
  "bitcoin-cash": [
    [
      1783435467,
      235.8
    ],
    [
      1783436369,
      238.81
    ],
    [
      1783437270,
      240.4
    ],
    [
      1783438172,
      241.74
    ],
    [
      1783439073,
      241.27
    ],
    [
      1783439975,
      242.48
    ],
    [
      1783440876,
      241.61
    ],
    [
      1783441777,
      242.68
    ]
  ],
  "litecoin": [
    [
      1783435467,
      43.83
    ],
    [
      1783436369,
      44.2
    ],
    [
      1783437270,
      44.18
    ],
    [
      1783438172,
      44.23
    ],
    [
      1783439073,
      44.3
    ],
    [
      1783439975,
      44.43
    ],
    [
      1783440876,
      44.46
    ],
    [
      1783441777,
      44.61
    ]
  ],
  "polkadot": [
    [
      1783435467,
      0.854612
    ],
    [
      1783436369,
      0.861495
    ],
    [
      1783437270,
      0.864193
    ],
    [
      1783438172,
      0.867045
    ],
    [
      1783439073,
      0.869215
    ],
    [
      1783439975,
      0.873176
    ],
    [
      1783440876,
      0.869713
    ],
    [
      1783441777,
      0.872304
    ]
  ],
  "hyperliquid": [
    [
      1783435467,
      71.03
    ],
    [
      1783436369,
      71.79
    ],
    [
      1783437270,
      72.17
    ],
    [
      1783438172,
      72.37
    ],
    [
      1783439073,
      72.47
    ],
    [
      1783439975,
      72.09
    ],
    [
      1783440876,
      71.94
    ],
    [
      1783441777,
      72.16
    ]
  ],
  "monero": [
    [
      1783435467,
      328.88
    ],
    [
      1783436369,
      331.95
    ],
    [
      1783437270,
      333.17
    ],
    [
      1783438172,
      332.23
    ],
    [
      1783439073,
      332.14
    ],
    [
      1783439975,
      330.88
    ],
    [
      1783440876,
      332.75
    ],
    [
      1783441777,
      332.66
    ]
  ],
  "_alerts_sent": {}
}