{
  "bitcoin": [
    [
      1780916660,
      63042
    ],
    [
      1780917561,
      63408
    ],
    [
      1780918463,
      63580
    ],
    [
      1780919364,
      63465
    ],
    [
      1780920266,
      63170
    ],
    [
      1780921167,
      62908
    ],
    [
      1780922069,
      63179
    ],
    [
      1780922970,
      63545
    ]
  ],
  "ethereum": [
    [
      1780916660,
      1667.2
    ],
    [
      1780917561,
      1682.43
    ],
    [
      1780918463,
      1687.26
    ],
    [
      1780919364,
      1681.9
    ],
    [
      1780920266,
      1678.27
    ],
    [
      1780921167,
      1673.52
    ],
    [
      1780922069,
      1678.79
    ],
    [
      1780922970,
      1690.01
    ]
  ],
  "avalanche-2": [
    [
      1780916660,
      6.69
    ],
    [
      1780917561,
      6.74
    ],
    [
      1780918463,
      6.8
    ],
    [
      1780919364,
      6.78
    ],
    [
      1780920266,
      6.76
    ],
    [
      1780921167,
      6.73
    ],
    [
      1780922069,
      6.76
    ],
    [
      1780922970,
      6.8
    ]
  ],
  "ondo-finance": [
    [
      1780916660,
      0.357275
    ],
    [
      1780917561,
      0.360674
    ],
    [
      1780918463,
      0.368093
    ],
    [
      1780919364,
      0.363785
    ],
    [
      1780920266,
      0.361338
    ],
    [
      1780921167,
      0.360432
    ],
    [
      1780922069,
      0.361371
    ],
    [
      1780922970,
      0.367293
    ]
  ],
  "binancecoin": [
    [
      1780916660,
      597.07
    ],
    [
      1780917561,
      599.76
    ],
    [
      1780918463,
      602.07
    ],
    [
      1780919364,
      601.99
    ],
    [
      1780920266,
      600.21
    ],
    [
      1780921167,
      598.72
    ],
    [
      1780922069,
      599.83
    ],
    [
      1780922970,
      601.2
    ]
  ],
  "ripple": [
    [
      1780916660,
      1.14
    ],
    [
      1780917561,
      1.15
    ],
    [
      1780918463,
      1.16
    ],
    [
      1780919364,
      1.16
    ],
    [
      1780920266,
      1.16
    ],
    [
      1780921167,
      1.15
    ],
    [
      1780922069,
      1.15
    ],
    [
      1780922970,
      1.16
    ]
  ],
  "solana": [
    [
      1780916660,
      66.06
    ],
    [
      1780917561,
      66.47
    ],
    [
      1780918463,
      66.79
    ],
    [
      1780919364,
      66.69
    ],
    [
      1780920266,
      66.48
    ],
    [
      1780921167,
      66.15
    ],
    [
      1780922069,
      66.45
    ],
    [
      1780922970,
      66.92
    ]
  ],
  "dogecoin": [
    [
      1780916660,
      0.085495
    ],
    [
      1780917561,
      0.086009
    ],
    [
      1780918463,
      0.086456
    ],
    [
      1780919364,
      0.086379
    ],
    [
      1780920266,
      0.086217
    ],
    [
      1780921167,
      0.086036
    ],
    [
      1780922069,
      0.086319
    ],
    [
      1780922970,
      0.086637
    ]
  ],
  "cardano": [
    [
      1780916660,
      0.164148
    ],
    [
      1780917561,
      0.165625
    ],
    [
      1780918463,
      0.167041
    ],
    [
      1780919364,
      0.167302
    ],
    [
      1780920266,
      0.167158
    ],
    [
      1780921167,
      0.165694
    ],
    [
      1780922069,
      0.166405
    ],
    [
      1780922970,
      0.167055
    ]
  ],
  "tron": [
    [
      1780916660,
      0.325918
    ],
    [
      1780917561,
      0.326436
    ],
    [
      1780918463,
      0.32717
    ],
    [
      1780919364,
      0.327756
    ],
    [
      1780920266,
      0.327176
    ],
    [
      1780921167,
      0.326889
    ],
    [
      1780922069,
      0.327036
    ],
    [
      1780922970,
      0.326722
    ]
  ],
  "chainlink": [
    [
      1780916660,
      7.86
    ],
    [
      1780917561,
      7.93
    ],
    [
      1780918463,
      7.98
    ],
    [
      1780919364,
      7.96
    ],
    [
      1780920266,
      7.94
    ],
    [
      1780921167,
      7.91
    ],
    [
      1780922069,
      7.94
    ],
    [
      1780922970,
      7.99
    ]
  ],
  "the-open-network": [
    [
      1780916660,
      1.72
    ],
    [
      1780917561,
      1.72
    ],
    [
      1780918463,
      1.74
    ],
    [
      1780919364,
      1.75
    ],
    [
      1780920266,
      1.74
    ],
    [
      1780921167,
      1.74
    ],
    [
      1780922069,
      1.73
    ],
    [
      1780922970,
      1.74
    ]
  ],
  "stellar": [
    [
      1780916660,
      0.19982
    ],
    [
      1780917561,
      0.201382
    ],
    [
      1780918463,
      0.202292
    ],
    [
      1780919364,
      0.201882
    ],
    [
      1780920266,
      0.20213
    ],
    [
      1780921167,
      0.201082
    ],
    [
      1780922069,
      0.201545
    ],
    [
      1780922970,
      0.20186
    ]
  ],
  "hedera-hashgraph": [
    [
      1780916660,
      0.081476
    ],
    [
      1780917561,
      0.081849
    ],
    [
      1780918463,
      0.082235
    ],
    [
      1780919364,
      0.08211
    ],
    [
      1780920266,
      0.082017
    ],
    [
      1780921167,
      0.081704
    ],
    [
      1780922069,
      0.081892
    ],
    [
      1780922970,
      0.082102
    ]
  ],
  "sui": [
    [
      1780916660,
      0.749149
    ],
    [
      1780917561,
      0.755523
    ],
    [
      1780918463,
      0.759468
    ],
    [
      1780919364,
      0.758954
    ],
    [
      1780920266,
      0.755275
    ],
    [
      1780921167,
      0.753808
    ],
    [
      1780922069,
      0.757216
    ],
    [
      1780922970,
      0.763547
    ]
  ],
  "bitcoin-cash": [
    [
      1780916660,
      204.09
    ],
    [
      1780917561,
      205.67
    ],
    [
      1780918463,
      206.93
    ],
    [
      1780919364,
      207.2
    ],
    [
      1780920266,
      206.95
    ],
    [
      1780921167,
      205.73
    ],
    [
      1780922069,
      206.09
    ],
    [
      1780922970,
      207.43
    ]
  ],
  "litecoin": [
    [
      1780916660,
      42.8
    ],
    [
      1780917561,
      43.03
    ],
    [
      1780918463,
      43.23
    ],
    [
      1780919364,
      43.09
    ],
    [
      1780920266,
      43.07
    ],
    [
      1780921167,
      42.92
    ],
    [
      1780922069,
      43.05
    ],
    [
      1780922970,
      43.24
    ]
  ],
  "polkadot": [
    [
      1780916660,
      0.966551
    ],
    [
      1780917561,
      0.973311
    ],
    [
      1780918463,
      0.980444
    ],
    [
      1780919364,
      0.979261
    ],
    [
      1780920266,
      0.977923
    ],
    [
      1780921167,
      0.974578
    ],
    [
      1780922069,
      0.977842
    ],
    [
      1780922970,
      0.982847
    ]
  ],
  "hyperliquid": [
    [
      1780916660,
      61.25
    ],
    [
      1780917561,
      61.58
    ],
    [
      1780918463,
      62.06
    ],
    [
      1780919364,
      61.81
    ],
    [
      1780920266,
      61.87
    ],
    [
      1780921167,
      61.52
    ],
    [
      1780922069,
      61.83
    ],
    [
      1780922970,
      62.67
    ]
  ],
  "monero": [
    [
      1780916660,
      315.13
    ],
    [
      1780917561,
      315.11
    ],
    [
      1780918463,
      316.16
    ],
    [
      1780919364,
      313.3
    ],
    [
      1780920266,
      313.92
    ],
    [
      1780921167,
      313.43
    ],
    [
      1780922069,
      312.95
    ],
    [
      1780922970,
      313.56
    ]
  ],
  "_alerts_sent": {
    "bitcoin-cash_2026-06-08 10": true,
    "bitcoin-cash_2026-06-08 11": true
  }
}