{
  "bitcoin": [
    [
      1780409794,
      68457
    ],
    [
      1780410696,
      67818
    ],
    [
      1780411598,
      67993
    ],
    [
      1780412500,
      67889
    ],
    [
      1780413402,
      67693
    ],
    [
      1780414304,
      67258
    ],
    [
      1780415206,
      67276
    ],
    [
      1780416108,
      67170
    ]
  ],
  "ethereum": [
    [
      1780409794,
      1963.87
    ],
    [
      1780410696,
      1934.45
    ],
    [
      1780411598,
      1935.38
    ],
    [
      1780412500,
      1937.1
    ],
    [
      1780413402,
      1929.77
    ],
    [
      1780414304,
      1903.49
    ],
    [
      1780415206,
      1909.65
    ],
    [
      1780416108,
      1908.8
    ]
  ],
  "avalanche-2": [
    [
      1780409794,
      8.64
    ],
    [
      1780410696,
      8.48
    ],
    [
      1780411598,
      8.44
    ],
    [
      1780412500,
      8.46
    ],
    [
      1780413402,
      8.43
    ],
    [
      1780414304,
      8.35
    ],
    [
      1780415206,
      8.34
    ],
    [
      1780416108,
      8.34
    ]
  ],
  "ondo-finance": [
    [
      1780409794,
      0.369885
    ],
    [
      1780410696,
      0.362196
    ],
    [
      1780411598,
      0.359847
    ],
    [
      1780412500,
      0.362148
    ],
    [
      1780413402,
      0.359687
    ],
    [
      1780414304,
      0.353456
    ],
    [
      1780415206,
      0.359893
    ],
    [
      1780416108,
      0.362342
    ]
  ],
  "binancecoin": [
    [
      1780409794,
      674.94
    ],
    [
      1780410696,
      668.99
    ],
    [
      1780411598,
      673.05
    ],
    [
      1780412500,
      671.64
    ],
    [
      1780413402,
      669.7
    ],
    [
      1780414304,
      664.75
    ],
    [
      1780415206,
      663.05
    ],
    [
      1780416108,
      660.89
    ]
  ],
  "ripple": [
    [
      1780409794,
      1.26
    ],
    [
      1780410696,
      1.23
    ],
    [
      1780411598,
      1.24
    ],
    [
      1780412500,
      1.23
    ],
    [
      1780413402,
      1.23
    ],
    [
      1780414304,
      1.22
    ],
    [
      1780415206,
      1.22
    ],
    [
      1780416108,
      1.22
    ]
  ],
  "solana": [
    [
      1780409794,
      78.49
    ],
    [
      1780410696,
      77.18
    ],
    [
      1780411598,
      77.25
    ],
    [
      1780412500,
      77.34
    ],
    [
      1780413402,
      76.93
    ],
    [
      1780414304,
      76.15
    ],
    [
      1780415206,
      76.15
    ],
    [
      1780416108,
      76.2
    ]
  ],
  "dogecoin": [
    [
      1780409794,
      0.097779
    ],
    [
      1780410696,
      0.096027
    ],
    [
      1780411598,
      0.095962
    ],
    [
      1780412500,
      0.09623
    ],
    [
      1780413402,
      0.096
    ],
    [
      1780414304,
      0.094941
    ],
    [
      1780415206,
      0.094765
    ],
    [
      1780416108,
      0.094642
    ]
  ],
  "cardano": [
    [
      1780409794,
      0.222011
    ],
    [
      1780410696,
      0.218661
    ],
    [
      1780411598,
      0.218946
    ],
    [
      1780412500,
      0.219269
    ],
    [
      1780413402,
      0.21834
    ],
    [
      1780414304,
      0.215996
    ],
    [
      1780415206,
      0.215434
    ],
    [
      1780416108,
      0.214837
    ]
  ],
  "tron": [
    [
      1780409794,
      0.338976
    ],
    [
      1780410696,
      0.336983
    ],
    [
      1780411598,
      0.336566
    ],
    [
      1780412500,
      0.336866
    ],
    [
      1780413402,
      0.336423
    ],
    [
      1780414304,
      0.336363
    ],
    [
      1780415206,
      0.336993
    ],
    [
      1780416108,
      0.336522
    ]
  ],
  "chainlink": [
    [
      1780409794,
      8.8
    ],
    [
      1780410696,
      8.66
    ],
    [
      1780411598,
      8.64
    ],
    [
      1780412500,
      8.67
    ],
    [
      1780413402,
      8.65
    ],
    [
      1780414304,
      8.56
    ],
    [
      1780415206,
      8.54
    ],
    [
      1780416108,
      8.54
    ]
  ],
  "the-open-network": [
    [
      1780409794,
      2.04
    ],
    [
      1780410696,
      2.0
    ],
    [
      1780411598,
      1.99
    ],
    [
      1780412500,
      2.0
    ],
    [
      1780413402,
      1.96
    ],
    [
      1780414304,
      1.92
    ],
    [
      1780415206,
      1.93
    ],
    [
      1780416108,
      1.96
    ]
  ],
  "stellar": [
    [
      1780409794,
      0.231121
    ],
    [
      1780410696,
      0.224796
    ],
    [
      1780411598,
      0.224248
    ],
    [
      1780412500,
      0.223971
    ],
    [
      1780413402,
      0.218641
    ],
    [
      1780414304,
      0.217212
    ],
    [
      1780415206,
      0.218508
    ],
    [
      1780416108,
      0.217197
    ]
  ],
  "hedera-hashgraph": [
    [
      1780409794,
      0.089867
    ],
    [
      1780410696,
      0.089205
    ],
    [
      1780411598,
      0.088927
    ],
    [
      1780412500,
      0.089353
    ],
    [
      1780413402,
      0.088945
    ],
    [
      1780414304,
      0.088141
    ],
    [
      1780415206,
      0.08813
    ],
    [
      1780416108,
      0.088099
    ]
  ],
  "sui": [
    [
      1780409794,
      0.842678
    ],
    [
      1780410696,
      0.829208
    ],
    [
      1780411598,
      0.831471
    ],
    [
      1780412500,
      0.834647
    ],
    [
      1780413402,
      0.831225
    ],
    [
      1780414304,
      0.823336
    ],
    [
      1780415206,
      0.819316
    ],
    [
      1780416108,
      0.819319
    ]
  ],
  "bitcoin-cash": [
    [
      1780409794,
      284.37
    ],
    [
      1780410696,
      281.83
    ],
    [
      1780411598,
      282.46
    ],
    [
      1780412500,
      284.05
    ],
    [
      1780413402,
      282.5
    ],
    [
      1780414304,
      281.55
    ],
    [
      1780415206,
      281.94
    ],
    [
      1780416108,
      280.9
    ]
  ],
  "litecoin": [
    [
      1780409794,
      48.98
    ],
    [
      1780410696,
      48.4
    ],
    [
      1780411598,
      48.32
    ],
    [
      1780412500,
      48.37
    ],
    [
      1780413402,
      48.19
    ],
    [
      1780414304,
      47.79
    ],
    [
      1780415206,
      47.77
    ],
    [
      1780416108,
      47.68
    ]
  ],
  "polkadot": [
    [
      1780409794,
      1.13
    ],
    [
      1780410696,
      1.12
    ],
    [
      1780411598,
      1.11
    ],
    [
      1780412500,
      1.12
    ],
    [
      1780413402,
      1.11
    ],
    [
      1780414304,
      1.1
    ],
    [
      1780415206,
      1.092
    ],
    [
      1780416108,
      1.092
    ]
  ],
  "hyperliquid": [
    [
      1780409794,
      73.48
    ],
    [
      1780410696,
      72.76
    ],
    [
      1780411598,
      72.35
    ],
    [
      1780412500,
      72.23
    ],
    [
      1780413402,
      71.05
    ],
    [
      1780414304,
      70.78
    ],
    [
      1780415206,
      71.6
    ],
    [
      1780416108,
      71.73
    ]
  ],
  "monero": [
    [
      1780409794,
      340.68
    ],
    [
      1780410696,
      338.4
    ],
    [
      1780411598,
      339.02
    ],
    [
      1780412500,
      339.38
    ],
    [
      1780413402,
      337.38
    ],
    [
      1780414304,
      338.01
    ],
    [
      1780415206,
      337.69
    ],
    [
      1780416108,
      338.72
    ]
  ],
  "_alerts_sent": {}
}