{
  "bitcoin": [
    [
      1780351811,
      70780
    ],
    [
      1780352713,
      71074
    ],
    [
      1780353615,
      71023
    ],
    [
      1780354839,
      71296.2
    ],
    [
      1780355747,
      71287
    ],
    [
      1780356651,
      71168
    ],
    [
      1780357552,
      71433
    ],
    [
      1780358454,
      71313
    ]
  ],
  "ethereum": [
    [
      1780351811,
      1983.49
    ],
    [
      1780352713,
      1992.81
    ],
    [
      1780353615,
      1991.06
    ],
    [
      1780354839,
      2002.13
    ],
    [
      1780355747,
      2001.3
    ],
    [
      1780356651,
      1996.75
    ],
    [
      1780357552,
      2003.28
    ],
    [
      1780358454,
      2003.51
    ]
  ],
  "avalanche-2": [
    [
      1780351811,
      8.84
    ],
    [
      1780352713,
      8.87
    ],
    [
      1780353615,
      8.85
    ],
    [
      1780354839,
      8.93
    ],
    [
      1780355747,
      8.92
    ],
    [
      1780356651,
      8.91
    ],
    [
      1780357552,
      8.94
    ],
    [
      1780358454,
      8.91
    ]
  ],
  "ondo-finance": [
    [
      1780351811,
      0.350015
    ],
    [
      1780352713,
      0.351142
    ],
    [
      1780353615,
      0.35081
    ],
    [
      1780354839,
      0.35584
    ],
    [
      1780355747,
      0.357595
    ],
    [
      1780356651,
      0.355363
    ],
    [
      1780357552,
      0.357155
    ],
    [
      1780358454,
      0.35598
    ]
  ],
  "binancecoin": [
    [
      1780351811,
      688.27
    ],
    [
      1780352713,
      691.48
    ],
    [
      1780353615,
      689.86
    ],
    [
      1780354848,
      692.94
    ],
    [
      1780355747,
      692.93
    ],
    [
      1780356651,
      692.6
    ],
    [
      1780357552,
      693.9
    ],
    [
      1780358454,
      692.14
    ]
  ],
  "ripple": [
    [
      1780351811,
      1.29
    ],
    [
      1780352713,
      1.29
    ],
    [
      1780353615,
      1.29
    ],
    [
      1780354848,
      1.3
    ],
    [
      1780355747,
      1.3
    ],
    [
      1780356651,
      1.29
    ],
    [
      1780357552,
      1.3
    ],
    [
      1780358454,
      1.29
    ]
  ],
  "solana": [
    [
      1780351811,
      80.31
    ],
    [
      1780352713,
      80.57
    ],
    [
      1780353615,
      80.57
    ],
    [
      1780354848,
      81.31
    ],
    [
      1780355747,
      81.28
    ],
    [
      1780356651,
      81.18
    ],
    [
      1780357552,
      81.26
    ],
    [
      1780358454,
      81.15
    ]
  ],
  "dogecoin": [
    [
      1780351811,
      0.099513
    ],
    [
      1780352713,
      0.099974
    ],
    [
      1780353615,
      0.099879
    ],
    [
      1780354848,
      0.100735
    ],
    [
      1780355747,
      0.100833
    ],
    [
      1780356651,
      0.100566
    ],
    [
      1780357552,
      0.100838
    ],
    [
      1780358454,
      0.100803
    ]
  ],
  "cardano": [
    [
      1780351811,
      0.228516
    ],
    [
      1780352713,
      0.229222
    ],
    [
      1780353615,
      0.229231
    ],
    [
      1780354848,
      0.230552
    ],
    [
      1780355747,
      0.230996
    ],
    [
      1780356651,
      0.230285
    ],
    [
      1780357552,
      0.231038
    ],
    [
      1780358454,
      0.23054
    ]
  ],
  "tron": [
    [
      1780351811,
      0.343674
    ],
    [
      1780352713,
      0.343639
    ],
    [
      1780353615,
      0.343591
    ],
    [
      1780354848,
      0.343516
    ],
    [
      1780355747,
      0.343622
    ],
    [
      1780356651,
      0.343379
    ],
    [
      1780357552,
      0.343652
    ],
    [
      1780358454,
      0.343241
    ]
  ],
  "chainlink": [
    [
      1780351811,
      8.95
    ],
    [
      1780352713,
      8.97
    ],
    [
      1780353615,
      8.97
    ],
    [
      1780354848,
      9.03
    ],
    [
      1780355747,
      9.05
    ],
    [
      1780356651,
      9.04
    ],
    [
      1780357552,
      9.05
    ],
    [
      1780358454,
      9.04
    ]
  ],
  "the-open-network": [
    [
      1780351811,
      2.1
    ],
    [
      1780352713,
      2.12
    ],
    [
      1780353615,
      2.11
    ],
    [
      1780354848,
      2.14
    ],
    [
      1780355747,
      2.14
    ],
    [
      1780356651,
      2.1
    ],
    [
      1780357552,
      2.1
    ],
    [
      1780358454,
      2.09
    ]
  ],
  "stellar": [
    [
      1780351811,
      0.241669
    ],
    [
      1780352713,
      0.241988
    ],
    [
      1780353615,
      0.241404
    ],
    [
      1780354848,
      0.245199
    ],
    [
      1780355747,
      0.245879
    ],
    [
      1780356651,
      0.245511
    ],
    [
      1780357552,
      0.245665
    ],
    [
      1780358454,
      0.242272
    ]
  ],
  "hedera-hashgraph": [
    [
      1780351811,
      0.092241
    ],
    [
      1780352713,
      0.09226
    ],
    [
      1780353615,
      0.091669
    ],
    [
      1780354848,
      0.092458
    ],
    [
      1780355747,
      0.092327
    ],
    [
      1780356651,
      0.092283
    ],
    [
      1780357552,
      0.092219
    ],
    [
      1780358454,
      0.092097
    ]
  ],
  "sui": [
    [
      1780351811,
      0.865286
    ],
    [
      1780352713,
      0.86989
    ],
    [
      1780353615,
      0.86975
    ],
    [
      1780354848,
      0.879415
    ],
    [
      1780355747,
      0.880126
    ],
    [
      1780356651,
      0.876483
    ],
    [
      1780357552,
      0.879819
    ],
    [
      1780358454,
      0.877231
    ]
  ],
  "bitcoin-cash": [
    [
      1780351811,
      289.21
    ],
    [
      1780352713,
      289.59
    ],
    [
      1780353615,
      289.41
    ],
    [
      1780354848,
      290.84
    ],
    [
      1780355747,
      291.18
    ],
    [
      1780356651,
      290.43
    ],
    [
      1780357552,
      292.35
    ],
    [
      1780358454,
      293.31
    ]
  ],
  "litecoin": [
    [
      1780351811,
      50.49
    ],
    [
      1780352713,
      50.52
    ],
    [
      1780353615,
      50.53
    ],
    [
      1780354848,
      50.74
    ],
    [
      1780355747,
      50.71
    ],
    [
      1780356651,
      50.68
    ],
    [
      1780357552,
      50.83
    ],
    [
      1780358454,
      50.7
    ]
  ],
  "polkadot": [
    [
      1780351811,
      1.15
    ],
    [
      1780352713,
      1.15
    ],
    [
      1780353615,
      1.15
    ],
    [
      1780354848,
      1.16
    ],
    [
      1780355747,
      1.16
    ],
    [
      1780356651,
      1.16
    ],
    [
      1780357552,
      1.16
    ],
    [
      1780358454,
      1.16
    ]
  ],
  "hyperliquid": [
    [
      1780351811,
      72.85
    ],
    [
      1780352713,
      72.97
    ],
    [
      1780353615,
      72.99
    ],
    [
      1780354848,
      74.02
    ],
    [
      1780355747,
      74.7
    ],
    [
      1780356651,
      74.35
    ],
    [
      1780357552,
      73.6
    ],
    [
      1780358454,
      73.43
    ]
  ],
  "monero": [
    [
      1780351811,
      346.93
    ],
    [
      1780352713,
      346.64
    ],
    [
      1780353615,
      345.58
    ],
    [
      1780354848,
      347.14
    ],
    [
      1780355747,
      347.83
    ],
    [
      1780356651,
      344.92
    ],
    [
      1780357552,
      342.83
    ],
    [
      1780358454,
      343.96
    ]
  ],
  "_alerts_sent": {}
}