{
  "bitcoin": [
    [
      1781194289,
      62691
    ],
    [
      1781195190,
      62569
    ],
    [
      1781196092,
      62655
    ],
    [
      1781196993,
      62541
    ],
    [
      1781197895,
      62454
    ],
    [
      1781198797,
      62324
    ],
    [
      1781199698,
      63195
    ],
    [
      1781200599,
      63372
    ]
  ],
  "ethereum": [
    [
      1781194289,
      1645.6
    ],
    [
      1781195190,
      1640.22
    ],
    [
      1781196092,
      1643.4
    ],
    [
      1781196993,
      1639.01
    ],
    [
      1781197895,
      1637.88
    ],
    [
      1781198797,
      1633.6
    ],
    [
      1781199698,
      1672.99
    ],
    [
      1781200599,
      1681.52
    ]
  ],
  "avalanche-2": [
    [
      1781194289,
      6.54
    ],
    [
      1781195190,
      6.53
    ],
    [
      1781196092,
      6.53
    ],
    [
      1781196993,
      6.51
    ],
    [
      1781197895,
      6.51
    ],
    [
      1781198797,
      6.48
    ],
    [
      1781199698,
      6.61
    ],
    [
      1781200599,
      6.65
    ]
  ],
  "ondo-finance": [
    [
      1781194289,
      0.350405
    ],
    [
      1781195190,
      0.349038
    ],
    [
      1781196092,
      0.350287
    ],
    [
      1781196993,
      0.347478
    ],
    [
      1781197895,
      0.346144
    ],
    [
      1781198797,
      0.344622
    ],
    [
      1781199698,
      0.355243
    ],
    [
      1781200599,
      0.35806
    ]
  ],
  "binancecoin": [
    [
      1781194289,
      598.91
    ],
    [
      1781195190,
      598.34
    ],
    [
      1781196092,
      599.0
    ],
    [
      1781196993,
      597.82
    ],
    [
      1781197895,
      598.17
    ],
    [
      1781198797,
      596.09
    ],
    [
      1781199698,
      602.59
    ],
    [
      1781200599,
      604.04
    ]
  ],
  "ripple": [
    [
      1781194289,
      1.11
    ],
    [
      1781195190,
      1.11
    ],
    [
      1781196092,
      1.11
    ],
    [
      1781196993,
      1.11
    ],
    [
      1781197895,
      1.11
    ],
    [
      1781198797,
      1.1
    ],
    [
      1781199698,
      1.13
    ],
    [
      1781200599,
      1.14
    ]
  ],
  "solana": [
    [
      1781194289,
      65.57
    ],
    [
      1781195190,
      65.4
    ],
    [
      1781196092,
      65.53
    ],
    [
      1781196993,
      65.34
    ],
    [
      1781197895,
      65.3
    ],
    [
      1781198797,
      65.03
    ],
    [
      1781199698,
      66.44
    ],
    [
      1781200599,
      66.9
    ]
  ],
  "dogecoin": [
    [
      1781194289,
      0.084884
    ],
    [
      1781195190,
      0.084707
    ],
    [
      1781196092,
      0.084811
    ],
    [
      1781196993,
      0.084632
    ],
    [
      1781197895,
      0.084557
    ],
    [
      1781198797,
      0.084387
    ],
    [
      1781199698,
      0.086007
    ],
    [
      1781200599,
      0.086492
    ]
  ],
  "cardano": [
    [
      1781194289,
      0.165916
    ],
    [
      1781195190,
      0.165237
    ],
    [
      1781196092,
      0.165971
    ],
    [
      1781196993,
      0.165023
    ],
    [
      1781197895,
      0.164826
    ],
    [
      1781198797,
      0.164205
    ],
    [
      1781199698,
      0.167898
    ],
    [
      1781200599,
      0.169805
    ]
  ],
  "tron": [
    [
      1781194289,
      0.319864
    ],
    [
      1781195190,
      0.319994
    ],
    [
      1781196092,
      0.316816
    ],
    [
      1781196993,
      0.316068
    ],
    [
      1781197895,
      0.314733
    ],
    [
      1781198797,
      0.31471
    ],
    [
      1781199698,
      0.316083
    ],
    [
      1781200599,
      0.315809
    ]
  ],
  "chainlink": [
    [
      1781194289,
      7.76
    ],
    [
      1781195190,
      7.73
    ],
    [
      1781196092,
      7.74
    ],
    [
      1781196993,
      7.71
    ],
    [
      1781197895,
      7.71
    ],
    [
      1781198797,
      7.69
    ],
    [
      1781199698,
      7.85
    ],
    [
      1781200599,
      7.9
    ]
  ],
  "the-open-network": [
    [
      1781194289,
      1.62
    ],
    [
      1781195190,
      1.62
    ],
    [
      1781196092,
      1.62
    ],
    [
      1781196993,
      1.62
    ],
    [
      1781197895,
      1.61
    ],
    [
      1781198797,
      1.62
    ],
    [
      1781199698,
      1.65
    ],
    [
      1781200599,
      1.66
    ]
  ],
  "stellar": [
    [
      1781194289,
      0.186464
    ],
    [
      1781195190,
      0.186801
    ],
    [
      1781196092,
      0.186861
    ],
    [
      1781196993,
      0.18667
    ],
    [
      1781197895,
      0.186984
    ],
    [
      1781198797,
      0.186855
    ],
    [
      1781199698,
      0.190294
    ],
    [
      1781200599,
      0.190951
    ]
  ],
  "hedera-hashgraph": [
    [
      1781194289,
      0.077617
    ],
    [
      1781195190,
      0.077366
    ],
    [
      1781196092,
      0.07753
    ],
    [
      1781196993,
      0.077232
    ],
    [
      1781197895,
      0.077034
    ],
    [
      1781198797,
      0.077202
    ],
    [
      1781199698,
      0.07835
    ],
    [
      1781200599,
      0.078974
    ]
  ],
  "sui": [
    [
      1781194289,
      0.749865
    ],
    [
      1781195190,
      0.746533
    ],
    [
      1781196092,
      0.747816
    ],
    [
      1781196993,
      0.746247
    ],
    [
      1781197895,
      0.745271
    ],
    [
      1781198797,
      0.744342
    ],
    [
      1781199698,
      0.759337
    ],
    [
      1781200599,
      0.765812
    ]
  ],
  "bitcoin-cash": [
    [
      1781194289,
      199.4
    ],
    [
      1781195190,
      199.52
    ],
    [
      1781196092,
      199.87
    ],
    [
      1781196993,
      199.67
    ],
    [
      1781197895,
      199.98
    ],
    [
      1781198797,
      199.62
    ],
    [
      1781199698,
      203.33
    ],
    [
      1781200599,
      203.91
    ]
  ],
  "litecoin": [
    [
      1781194289,
      42.09
    ],
    [
      1781195190,
      42.03
    ],
    [
      1781196092,
      42.22
    ],
    [
      1781196993,
      42.13
    ],
    [
      1781197895,
      42.05
    ],
    [
      1781198797,
      42.01
    ],
    [
      1781199698,
      42.6
    ],
    [
      1781200599,
      42.73
    ]
  ],
  "polkadot": [
    [
      1781194289,
      0.946837
    ],
    [
      1781195190,
      0.944845
    ],
    [
      1781196092,
      0.946381
    ],
    [
      1781196993,
      0.943946
    ],
    [
      1781197895,
      0.94371
    ],
    [
      1781198797,
      0.941442
    ],
    [
      1781199698,
      0.962123
    ],
    [
      1781200599,
      0.968477
    ]
  ],
  "hyperliquid": [
    [
      1781194289,
      56.62
    ],
    [
      1781195190,
      56.39
    ],
    [
      1781196092,
      56.47
    ],
    [
      1781196993,
      56.2
    ],
    [
      1781197895,
      56.24
    ],
    [
      1781198797,
      56.01
    ],
    [
      1781199698,
      57.59
    ],
    [
      1781200599,
      58.22
    ]
  ],
  "monero": [
    [
      1781194289,
      348.55
    ],
    [
      1781195190,
      351.01
    ],
    [
      1781196092,
      352.85
    ],
    [
      1781196993,
      353.86
    ],
    [
      1781197895,
      357.38
    ],
    [
      1781198797,
      358.29
    ],
    [
      1781199698,
      358.91
    ],
    [
      1781200599,
      364.13
    ]
  ],
  "_alerts_sent": {}
}