{
  "bitcoin": [
    [
      1779597691,
      76645
    ],
    [
      1779598844,
      76692
    ],
    [
      1779599746,
      76645
    ],
    [
      1779601276,
      76595.5
    ],
    [
      1779602183,
      76738
    ],
    [
      1779603084,
      76740.1
    ],
    [
      1779603992,
      76663.0
    ]
  ],
  "ethereum": [
    [
      1779597691,
      2117.87
    ],
    [
      1779598844,
      2117.99
    ],
    [
      1779599746,
      2116.26
    ],
    [
      1779601276,
      2112.04
    ],
    [
      1779602183,
      2117.44
    ],
    [
      1779603084,
      2120.01
    ],
    [
      1779603992,
      2116.57
    ]
  ],
  "avalanche-2": [
    [
      1779597691,
      9.34
    ],
    [
      1779598844,
      9.34
    ],
    [
      1779599746,
      9.34
    ],
    [
      1779601276,
      9.32
    ],
    [
      1779602183,
      9.34
    ],
    [
      1779603084,
      9.34
    ],
    [
      1779603992,
      9.32
    ]
  ],
  "ondo-finance": [
    [
      1779597691,
      0.426177
    ],
    [
      1779598844,
      0.42867
    ],
    [
      1779599746,
      0.427627
    ],
    [
      1779601276,
      0.42296
    ],
    [
      1779602183,
      0.426897
    ],
    [
      1779603084,
      0.43
    ],
    [
      1779603992,
      0.42621
    ]
  ]
}