{
  "bitcoin": [
    [
      1780207716,
      73891
    ],
    [
      1780208619,
      73927
    ],
    [
      1780209520,
      73970
    ],
    [
      1780210422,
      73957
    ],
    [
      1780211323,
      73888
    ],
    [
      1780212224,
      73829
    ],
    [
      1780213126,
      73779
    ],
    [
      1780214027,
      73760
    ]
  ],
  "ethereum": [
    [
      1780207716,
      2025.71
    ],
    [
      1780208619,
      2027.66
    ],
    [
      1780209520,
      2027.31
    ],
    [
      1780210422,
      2027.23
    ],
    [
      1780211323,
      2025.21
    ],
    [
      1780212224,
      2023.46
    ],
    [
      1780213126,
      2021.33
    ],
    [
      1780214027,
      2021.33
    ]
  ],
  "avalanche-2": [
    [
      1780207716,
      9.03
    ],
    [
      1780208619,
      9.03
    ],
    [
      1780209520,
      9.03
    ],
    [
      1780210422,
      9.02
    ],
    [
      1780211323,
      9.01
    ],
    [
      1780212224,
      9.0
    ],
    [
      1780213126,
      8.97
    ],
    [
      1780214027,
      8.98
    ]
  ],
  "ondo-finance": [
    [
      1780207716,
      0.365231
    ],
    [
      1780208619,
      0.366109
    ],
    [
      1780209520,
      0.36919
    ],
    [
      1780210422,
      0.369742
    ],
    [
      1780211323,
      0.366268
    ],
    [
      1780212224,
      0.364654
    ],
    [
      1780213126,
      0.361865
    ],
    [
      1780214027,
      0.360928
    ]
  ],
  "binancecoin": [
    [
      1780207716,
      736.23
    ],
    [
      1780208619,
      734.29
    ],
    [
      1780209520,
      735.68
    ],
    [
      1780210422,
      732.63
    ],
    [
      1780211323,
      732.83
    ],
    [
      1780212224,
      725.13
    ],
    [
      1780213126,
      719.97
    ],
    [
      1780214027,
      719.54
    ]
  ],
  "ripple": [
    [
      1780207716,
      1.34
    ],
    [
      1780208619,
      1.34
    ],
    [
      1780209520,
      1.34
    ],
    [
      1780210422,
      1.34
    ],
    [
      1780211323,
      1.34
    ],
    [
      1780212224,
      1.34
    ],
    [
      1780213126,
      1.33
    ],
    [
      1780214027,
      1.33
    ]
  ],
  "solana": [
    [
      1780207716,
      82.8
    ],
    [
      1780208619,
      82.8
    ],
    [
      1780209520,
      82.83
    ],
    [
      1780210422,
      82.85
    ],
    [
      1780211323,
      82.77
    ],
    [
      1780212224,
      82.66
    ],
    [
      1780213126,
      82.51
    ],
    [
      1780214027,
      82.52
    ]
  ],
  "dogecoin": [
    [
      1780207716,
      0.100655
    ],
    [
      1780208619,
      0.100673
    ],
    [
      1780209520,
      0.100699
    ],
    [
      1780210422,
      0.100716
    ],
    [
      1780211323,
      0.100582
    ],
    [
      1780212224,
      0.100458
    ],
    [
      1780213126,
      0.100272
    ],
    [
      1780214027,
      0.100422
    ]
  ],
  "cardano": [
    [
      1780207716,
      0.2372
    ],
    [
      1780208619,
      0.237205
    ],
    [
      1780209520,
      0.237326
    ],
    [
      1780210422,
      0.237494
    ],
    [
      1780211323,
      0.2372
    ],
    [
      1780212224,
      0.236959
    ],
    [
      1780213126,
      0.236262
    ],
    [
      1780214027,
      0.236189
    ]
  ],
  "tron": [
    [
      1780207716,
      0.34668
    ],
    [
      1780208619,
      0.346771
    ],
    [
      1780209520,
      0.346997
    ],
    [
      1780210422,
      0.346957
    ],
    [
      1780211323,
      0.346768
    ],
    [
      1780212224,
      0.346659
    ],
    [
      1780213126,
      0.346774
    ],
    [
      1780214027,
      0.34679
    ]
  ],
  "chainlink": [
    [
      1780207716,
      9.21
    ],
    [
      1780208619,
      9.21
    ],
    [
      1780209520,
      9.21
    ],
    [
      1780210422,
      9.22
    ],
    [
      1780211323,
      9.21
    ],
    [
      1780212224,
      9.19
    ],
    [
      1780213126,
      9.17
    ],
    [
      1780214027,
      9.19
    ]
  ],
  "the-open-network": [
    [
      1780207716,
      1.87
    ],
    [
      1780208619,
      1.88
    ],
    [
      1780209520,
      1.88
    ],
    [
      1780210422,
      1.87
    ],
    [
      1780211323,
      1.87
    ],
    [
      1780212224,
      1.85
    ],
    [
      1780213126,
      1.85
    ],
    [
      1780214027,
      1.85
    ]
  ],
  "stellar": [
    [
      1780207716,
      0.238982
    ],
    [
      1780208619,
      0.239556
    ],
    [
      1780209520,
      0.23383
    ],
    [
      1780210422,
      0.232338
    ],
    [
      1780211323,
      0.231392
    ],
    [
      1780212224,
      0.232083
    ],
    [
      1780213126,
      0.232622
    ],
    [
      1780214027,
      0.230455
    ]
  ],
  "hedera-hashgraph": [
    [
      1780207716,
      0.095909
    ],
    [
      1780208619,
      0.096275
    ],
    [
      1780209520,
      0.096666
    ],
    [
      1780210422,
      0.096248
    ],
    [
      1780211323,
      0.095549
    ],
    [
      1780212224,
      0.095434
    ],
    [
      1780213126,
      0.095681
    ],
    [
      1780214027,
      0.096435
    ]
  ],
  "sui": [
    [
      1780207716,
      0.909548
    ],
    [
      1780208619,
      0.910944
    ],
    [
      1780209520,
      0.909785
    ],
    [
      1780210422,
      0.909383
    ],
    [
      1780211323,
      0.906781
    ],
    [
      1780212224,
      0.903645
    ],
    [
      1780213126,
      0.901324
    ],
    [
      1780214027,
      0.901669
    ]
  ],
  "bitcoin-cash": [
    [
      1780207716,
      303.62
    ],
    [
      1780208619,
      304.21
    ],
    [
      1780209520,
      305.3
    ],
    [
      1780210422,
      305.48
    ],
    [
      1780211323,
      304.89
    ],
    [
      1780212224,
      305.37
    ],
    [
      1780213126,
      304.41
    ],
    [
      1780214027,
      304.99
    ]
  ],
  "litecoin": [
    [
      1780207716,
      52.41
    ],
    [
      1780208619,
      52.37
    ],
    [
      1780209520,
      52.41
    ],
    [
      1780210422,
      52.4
    ],
    [
      1780211323,
      52.37
    ],
    [
      1780212224,
      52.31
    ],
    [
      1780213126,
      52.23
    ],
    [
      1780214027,
      52.22
    ]
  ],
  "polkadot": [
    [
      1780207716,
      1.19
    ],
    [
      1780208619,
      1.19
    ],
    [
      1780209520,
      1.19
    ],
    [
      1780210422,
      1.19
    ],
    [
      1780211323,
      1.19
    ],
    [
      1780212224,
      1.19
    ],
    [
      1780213126,
      1.19
    ],
    [
      1780214027,
      1.19
    ]
  ],
  "hyperliquid": [
    [
      1780207716,
      69.4
    ],
    [
      1780208619,
      69.67
    ],
    [
      1780209520,
      69.34
    ],
    [
      1780210422,
      69.06
    ],
    [
      1780211323,
      69.06
    ],
    [
      1780212224,
      69.18
    ],
    [
      1780213126,
      69.06
    ],
    [
      1780214027,
      69.27
    ]
  ],
  "monero": [
    [
      1780207716,
      370.58
    ],
    [
      1780208619,
      370.61
    ],
    [
      1780209520,
      372.02
    ],
    [
      1780210422,
      371.14
    ],
    [
      1780211323,
      371.62
    ],
    [
      1780212224,
      369.0
    ],
    [
      1780213126,
      369.69
    ],
    [
      1780214027,
      371.67
    ]
  ],
  "_alerts_sent": {
    "stellar_2026-05-31 04": true
  }
}