{
  "bitcoin": [
    [
      1783770157,
      64122
    ],
    [
      1783771059,
      64130
    ],
    [
      1783771960,
      64161
    ],
    [
      1783772866,
      64121
    ],
    [
      1783773767,
      64087
    ],
    [
      1783774669,
      64135
    ],
    [
      1783775570,
      64116
    ],
    [
      1783776472,
      64146
    ]
  ],
  "ethereum": [
    [
      1783770157,
      1798.15
    ],
    [
      1783771059,
      1798.18
    ],
    [
      1783771960,
      1798.72
    ],
    [
      1783772866,
      1797.67
    ],
    [
      1783773767,
      1797.37
    ],
    [
      1783774669,
      1799.15
    ],
    [
      1783775570,
      1797.95
    ],
    [
      1783776472,
      1800.22
    ]
  ],
  "avalanche-2": [
    [
      1783770157,
      6.72
    ],
    [
      1783771059,
      6.71
    ],
    [
      1783771960,
      6.72
    ],
    [
      1783772866,
      6.72
    ],
    [
      1783773767,
      6.72
    ],
    [
      1783774669,
      6.73
    ],
    [
      1783775570,
      6.72
    ],
    [
      1783776472,
      6.72
    ]
  ],
  "ondo-finance": [
    [
      1783770157,
      0.333651
    ],
    [
      1783771059,
      0.332957
    ],
    [
      1783771960,
      0.333709
    ],
    [
      1783772866,
      0.332166
    ],
    [
      1783773767,
      0.332016
    ],
    [
      1783774669,
      0.332915
    ],
    [
      1783775570,
      0.331694
    ],
    [
      1783776472,
      0.33209
    ]
  ],
  "binancecoin": [
    [
      1783770157,
      577.86
    ],
    [
      1783771059,
      578.5
    ],
    [
      1783771960,
      579.2
    ],
    [
      1783772866,
      578.64
    ],
    [
      1783773767,
      578.48
    ],
    [
      1783774669,
      579.22
    ],
    [
      1783775570,
      579.5
    ],
    [
      1783776472,
      580.1
    ]
  ],
  "ripple": [
    [
      1783770157,
      1.11
    ],
    [
      1783771059,
      1.11
    ],
    [
      1783771960,
      1.11
    ],
    [
      1783772866,
      1.11
    ],
    [
      1783773767,
      1.11
    ],
    [
      1783774669,
      1.11
    ],
    [
      1783775570,
      1.11
    ],
    [
      1783776472,
      1.11
    ]
  ],
  "solana": [
    [
      1783770157,
      78.0
    ],
    [
      1783771059,
      78.01
    ],
    [
      1783771960,
      77.99
    ],
    [
      1783772866,
      77.98
    ],
    [
      1783773767,
      77.93
    ],
    [
      1783774669,
      78.01
    ],
    [
      1783775570,
      78.0
    ],
    [
      1783776472,
      78.14
    ]
  ],
  "dogecoin": [
    [
      1783770157,
      0.074477
    ],
    [
      1783771059,
      0.074415
    ],
    [
      1783771960,
      0.074462
    ],
    [
      1783772866,
      0.074411
    ],
    [
      1783773767,
      0.07434
    ],
    [
      1783774669,
      0.074537
    ],
    [
      1783775570,
      0.074487
    ],
    [
      1783776472,
      0.074637
    ]
  ],
  "cardano": [
    [
      1783770157,
      0.167645
    ],
    [
      1783771059,
      0.167611
    ],
    [
      1783771960,
      0.168015
    ],
    [
      1783772866,
      0.167927
    ],
    [
      1783773767,
      0.167687
    ],
    [
      1783774669,
      0.16777
    ],
    [
      1783775570,
      0.167358
    ],
    [
      1783776472,
      0.167748
    ]
  ],
  "tron": [
    [
      1783770157,
      0.330037
    ],
    [
      1783771059,
      0.33045
    ],
    [
      1783771960,
      0.330765
    ],
    [
      1783772866,
      0.330694
    ],
    [
      1783773767,
      0.330712
    ],
    [
      1783774669,
      0.330921
    ],
    [
      1783775570,
      0.331046
    ],
    [
      1783776472,
      0.331016
    ]
  ],
  "chainlink": [
    [
      1783770157,
      8.0
    ],
    [
      1783771059,
      8.0
    ],
    [
      1783771960,
      8.0
    ],
    [
      1783772866,
      8.0
    ],
    [
      1783773767,
      8.0
    ],
    [
      1783774669,
      8.02
    ],
    [
      1783775570,
      8.01
    ],
    [
      1783776472,
      8.02
    ]
  ],
  "the-open-network": [
    [
      1783770157,
      1.67
    ],
    [
      1783771059,
      1.67
    ],
    [
      1783771960,
      1.67
    ],
    [
      1783772866,
      1.67
    ],
    [
      1783773767,
      1.67
    ],
    [
      1783774669,
      1.67
    ],
    [
      1783775570,
      1.67
    ],
    [
      1783776472,
      1.67
    ]
  ],
  "stellar": [
    [
      1783770157,
      0.190013
    ],
    [
      1783771059,
      0.19003
    ],
    [
      1783771960,
      0.190138
    ],
    [
      1783772866,
      0.189804
    ],
    [
      1783773767,
      0.18957
    ],
    [
      1783774669,
      0.190095
    ],
    [
      1783775570,
      0.19015
    ],
    [
      1783776472,
      0.190909
    ]
  ],
  "hedera-hashgraph": [
    [
      1783770157,
      0.068192
    ],
    [
      1783771059,
      0.068437
    ],
    [
      1783771960,
      0.06876
    ],
    [
      1783772866,
      0.068546
    ],
    [
      1783773767,
      0.068448
    ],
    [
      1783774669,
      0.06841
    ],
    [
      1783775570,
      0.06868
    ],
    [
      1783776472,
      0.068516
    ]
  ],
  "sui": [
    [
      1783770157,
      0.741456
    ],
    [
      1783771059,
      0.741977
    ],
    [
      1783771960,
      0.742561
    ],
    [
      1783772866,
      0.741923
    ],
    [
      1783773767,
      0.740189
    ],
    [
      1783774669,
      0.74089
    ],
    [
      1783775570,
      0.740199
    ],
    [
      1783776472,
      0.741593
    ]
  ],
  "bitcoin-cash": [
    [
      1783770157,
      246.53
    ],
    [
      1783771059,
      246.59
    ],
    [
      1783771960,
      246.63
    ],
    [
      1783772866,
      246.8
    ],
    [
      1783773767,
      246.78
    ],
    [
      1783774669,
      247.42
    ],
    [
      1783775570,
      247.5
    ],
    [
      1783776472,
      247.2
    ]
  ],
  "litecoin": [
    [
      1783770157,
      45.1
    ],
    [
      1783771059,
      45.07
    ],
    [
      1783771960,
      45.09
    ],
    [
      1783772866,
      45.1
    ],
    [
      1783773767,
      45.11
    ],
    [
      1783774669,
      45.13
    ],
    [
      1783775570,
      45.11
    ],
    [
      1783776472,
      45.05
    ]
  ],
  "polkadot": [
    [
      1783770157,
      0.879757
    ],
    [
      1783771059,
      0.878773
    ],
    [
      1783771960,
      0.878725
    ],
    [
      1783772866,
      0.876892
    ],
    [
      1783773767,
      0.876963
    ],
    [
      1783774669,
      0.878558
    ],
    [
      1783775570,
      0.876174
    ],
    [
      1783776472,
      0.877645
    ]
  ],
  "hyperliquid": [
    [
      1783770157,
      66.9
    ],
    [
      1783771059,
      66.94
    ],
    [
      1783771960,
      67.0
    ],
    [
      1783772866,
      66.97
    ],
    [
      1783773767,
      66.87
    ],
    [
      1783774669,
      66.83
    ],
    [
      1783775570,
      66.72
    ],
    [
      1783776472,
      66.71
    ]
  ],
  "monero": [
    [
      1783770157,
      320.7
    ],
    [
      1783771059,
      321.2
    ],
    [
      1783771960,
      320.76
    ],
    [
      1783772866,
      320.39
    ],
    [
      1783773767,
      320.45
    ],
    [
      1783774669,
      319.66
    ],
    [
      1783775570,
      320.81
    ],
    [
      1783776472,
      321.11
    ]
  ],
  "_alerts_sent": {}
}