{
  "bitcoin": [
    [
      1779572302,
      76795
    ],
    [
      1779573133,
      76606
    ],
    [
      1779574035,
      76717
    ],
    [
      1779574936,
      76579
    ],
    [
      1779575838,
      76375
    ],
    [
      1779576740,
      76489
    ],
    [
      1779577642,
      76554
    ],
    [
      1779578542,
      76620
    ],
    [
      1779579445,
      76607
    ]
  ],
  "ethereum": [
    [
      1779572302,
      2117.88
    ],
    [
      1779573133,
      2112.0
    ],
    [
      1779574035,
      2115.82
    ],
    [
      1779574936,
      2112.97
    ],
    [
      1779575838,
      2104.2
    ],
    [
      1779576740,
      2114.47
    ],
    [
      1779577642,
      2114.14
    ],
    [
      1779578542,
      2116.57
    ],
    [
      1779579445,
      2116.91
    ]
  ],
  "avalanche-2": [
    [
      1779572302,
      9.47
    ],
    [
      1779573133,
      9.45
    ],
    [
      1779574035,
      9.49
    ],
    [
      1779574936,
      9.47
    ],
    [
      1779575838,
      9.41
    ],
    [
      1779576740,
      9.4
    ],
    [
      1779577642,
      9.39
    ],
    [
      1779578542,
      9.4
    ],
    [
      1779579445,
      9.39
    ]
  ],
  "ondo-finance": [
    [
      1779572302,
      0.423163
    ],
    [
      1779573133,
      0.419333
    ],
    [
      1779574035,
      0.423384
    ],
    [
      1779574936,
      0.421006
    ],
    [
      1779575838,
      0.415811
    ],
    [
      1779576740,
      0.41818
    ],
    [
      1779577642,
      0.41882
    ],
    [
      1779578542,
      0.420409
    ],
    [
      1779579445,
      0.422825
    ]
  ]
}