{
  "bitcoin": [
    [
      1780260659,
      73587
    ],
    [
      1780261846,
      73613
    ],
    [
      1780263157,
      73540
    ],
    [
      1780264058,
      73704
    ],
    [
      1780264960,
      73817
    ],
    [
      1780265880,
      73810
    ],
    [
      1780266781,
      73791
    ],
    [
      1780267683,
      73824
    ]
  ],
  "ethereum": [
    [
      1780260659,
      2000.82
    ],
    [
      1780261846,
      2002.41
    ],
    [
      1780263157,
      2004.1
    ],
    [
      1780264058,
      2008.43
    ],
    [
      1780264960,
      2010.26
    ],
    [
      1780265880,
      2008.79
    ],
    [
      1780266781,
      2008.03
    ],
    [
      1780267683,
      2009.15
    ]
  ],
  "avalanche-2": [
    [
      1780260659,
      8.86
    ],
    [
      1780261846,
      8.88
    ],
    [
      1780263157,
      8.88
    ],
    [
      1780264058,
      8.9
    ],
    [
      1780264960,
      8.93
    ],
    [
      1780265880,
      8.93
    ],
    [
      1780266781,
      8.94
    ],
    [
      1780267683,
      8.95
    ]
  ],
  "ondo-finance": [
    [
      1780260659,
      0.361482
    ],
    [
      1780261846,
      0.361755
    ],
    [
      1780263157,
      0.361715
    ],
    [
      1780264058,
      0.362212
    ],
    [
      1780264960,
      0.363426
    ],
    [
      1780265880,
      0.364671
    ],
    [
      1780266781,
      0.364312
    ],
    [
      1780267683,
      0.36482
    ]
  ],
  "binancecoin": [
    [
      1780260659,
      708.87
    ],
    [
      1780261846,
      707.01
    ],
    [
      1780263157,
      706.55
    ],
    [
      1780264058,
      709.99
    ],
    [
      1780264960,
      710.08
    ],
    [
      1780265880,
      710.74
    ],
    [
      1780266781,
      710.44
    ],
    [
      1780267683,
      713.44
    ]
  ],
  "ripple": [
    [
      1780260659,
      1.33
    ],
    [
      1780261846,
      1.33
    ],
    [
      1780263157,
      1.33
    ],
    [
      1780264058,
      1.33
    ],
    [
      1780264960,
      1.33
    ],
    [
      1780265880,
      1.33
    ],
    [
      1780266781,
      1.33
    ],
    [
      1780267683,
      1.34
    ]
  ],
  "solana": [
    [
      1780260659,
      81.72
    ],
    [
      1780261846,
      81.8
    ],
    [
      1780263157,
      81.82
    ],
    [
      1780264058,
      82.04
    ],
    [
      1780264960,
      82.22
    ],
    [
      1780265880,
      82.27
    ],
    [
      1780266781,
      82.33
    ],
    [
      1780267683,
      82.44
    ]
  ],
  "dogecoin": [
    [
      1780260659,
      0.099573
    ],
    [
      1780261846,
      0.099691
    ],
    [
      1780263157,
      0.099647
    ],
    [
      1780264058,
      0.100074
    ],
    [
      1780264960,
      0.100216
    ],
    [
      1780265880,
      0.100326
    ],
    [
      1780266781,
      0.100294
    ],
    [
      1780267683,
      0.100335
    ]
  ],
  "cardano": [
    [
      1780260659,
      0.23315
    ],
    [
      1780261846,
      0.233424
    ],
    [
      1780263157,
      0.233865
    ],
    [
      1780264058,
      0.234204
    ],
    [
      1780264960,
      0.234761
    ],
    [
      1780265880,
      0.234841
    ],
    [
      1780266781,
      0.235121
    ],
    [
      1780267683,
      0.235306
    ]
  ],
  "tron": [
    [
      1780260659,
      0.349741
    ],
    [
      1780261846,
      0.349691
    ],
    [
      1780263157,
      0.349799
    ],
    [
      1780264058,
      0.350086
    ],
    [
      1780264960,
      0.350135
    ],
    [
      1780265880,
      0.350242
    ],
    [
      1780266781,
      0.350207
    ],
    [
      1780267683,
      0.350454
    ]
  ],
  "chainlink": [
    [
      1780260659,
      9.06
    ],
    [
      1780261846,
      9.08
    ],
    [
      1780263157,
      9.08
    ],
    [
      1780264058,
      9.09
    ],
    [
      1780264960,
      9.13
    ],
    [
      1780265880,
      9.13
    ],
    [
      1780266781,
      9.13
    ],
    [
      1780267683,
      9.14
    ]
  ],
  "the-open-network": [
    [
      1780260659,
      1.87
    ],
    [
      1780261846,
      1.87
    ],
    [
      1780263157,
      1.87
    ],
    [
      1780264058,
      1.88
    ],
    [
      1780264960,
      1.89
    ],
    [
      1780265880,
      1.9
    ],
    [
      1780266781,
      1.9
    ],
    [
      1780267683,
      1.89
    ]
  ],
  "stellar": [
    [
      1780260659,
      0.246768
    ],
    [
      1780261846,
      0.2491
    ],
    [
      1780263157,
      0.247243
    ],
    [
      1780264058,
      0.249775
    ],
    [
      1780264960,
      0.254184
    ],
    [
      1780265880,
      0.256399
    ],
    [
      1780266781,
      0.258959
    ],
    [
      1780267683,
      0.256537
    ]
  ],
  "hedera-hashgraph": [
    [
      1780260659,
      0.09637
    ],
    [
      1780261846,
      0.096438
    ],
    [
      1780263157,
      0.095971
    ],
    [
      1780264058,
      0.096279
    ],
    [
      1780264960,
      0.096373
    ],
    [
      1780265880,
      0.096639
    ],
    [
      1780266781,
      0.096593
    ],
    [
      1780267683,
      0.096523
    ]
  ],
  "sui": [
    [
      1780260659,
      0.879528
    ],
    [
      1780261846,
      0.881223
    ],
    [
      1780263157,
      0.885254
    ],
    [
      1780264058,
      0.888133
    ],
    [
      1780264960,
      0.894048
    ],
    [
      1780265880,
      0.894963
    ],
    [
      1780266781,
      0.896978
    ],
    [
      1780267683,
      0.89712
    ]
  ],
  "bitcoin-cash": [
    [
      1780260659,
      300.95
    ],
    [
      1780261846,
      299.98
    ],
    [
      1780263157,
      300.14
    ],
    [
      1780264058,
      301.43
    ],
    [
      1780264960,
      301.69
    ],
    [
      1780265880,
      301.76
    ],
    [
      1780266781,
      302.84
    ],
    [
      1780267683,
      302.39
    ]
  ],
  "litecoin": [
    [
      1780260659,
      51.74
    ],
    [
      1780261846,
      51.79
    ],
    [
      1780263157,
      51.81
    ],
    [
      1780264058,
      51.85
    ],
    [
      1780264960,
      51.97
    ],
    [
      1780265880,
      51.97
    ],
    [
      1780266781,
      52.01
    ],
    [
      1780267683,
      52.06
    ]
  ],
  "polkadot": [
    [
      1780260659,
      1.17
    ],
    [
      1780261846,
      1.17
    ],
    [
      1780263157,
      1.17
    ],
    [
      1780264058,
      1.18
    ],
    [
      1780264960,
      1.18
    ],
    [
      1780265880,
      1.18
    ],
    [
      1780266781,
      1.18
    ],
    [
      1780267683,
      1.19
    ]
  ],
  "hyperliquid": [
    [
      1780260659,
      69.64
    ],
    [
      1780261846,
      70.38
    ],
    [
      1780263157,
      70.98
    ],
    [
      1780264058,
      71.32
    ],
    [
      1780264960,
      71.28
    ],
    [
      1780265880,
      71.7
    ],
    [
      1780266781,
      72.26
    ],
    [
      1780267683,
      72.49
    ]
  ],
  "monero": [
    [
      1780260659,
      361.88
    ],
    [
      1780261846,
      361.54
    ],
    [
      1780263157,
      363.39
    ],
    [
      1780264058,
      364.15
    ],
    [
      1780264960,
      363.51
    ],
    [
      1780265880,
      364.36
    ],
    [
      1780266781,
      365.27
    ],
    [
      1780267683,
      365.42
    ]
  ],
  "_alerts_sent": {}
}