{
  "bitcoin": [
    [
      1779858636,
      75514
    ],
    [
      1779859538,
      75547
    ],
    [
      1779860439,
      75572
    ],
    [
      1779861340,
      75577
    ],
    [
      1779862242,
      75677
    ],
    [
      1779863143,
      75605
    ],
    [
      1779864045,
      75657
    ],
    [
      1779864946,
      75749
    ]
  ],
  "ethereum": [
    [
      1779858636,
      2069.81
    ],
    [
      1779859538,
      2071.93
    ],
    [
      1779860439,
      2072.33
    ],
    [
      1779861340,
      2073.86
    ],
    [
      1779862242,
      2075.7
    ],
    [
      1779863143,
      2073.37
    ],
    [
      1779864045,
      2076.13
    ],
    [
      1779864946,
      2076.24
    ]
  ],
  "avalanche-2": [
    [
      1779858636,
      9.13
    ],
    [
      1779859538,
      9.13
    ],
    [
      1779860439,
      9.14
    ],
    [
      1779861340,
      9.14
    ],
    [
      1779862242,
      9.16
    ],
    [
      1779863143,
      9.15
    ],
    [
      1779864045,
      9.17
    ],
    [
      1779864946,
      9.18
    ]
  ],
  "ondo-finance": [
    [
      1779858636,
      0.41083
    ],
    [
      1779859538,
      0.410233
    ],
    [
      1779860439,
      0.408161
    ],
    [
      1779861340,
      0.410692
    ],
    [
      1779862242,
      0.411728
    ],
    [
      1779863143,
      0.409993
    ],
    [
      1779864045,
      0.409112
    ],
    [
      1779864946,
      0.410622
    ]
  ]
}