{
  "bitcoin": [
    [
      1779821664,
      75861
    ],
    [
      1779822565,
      75765
    ],
    [
      1779823467,
      75755
    ],
    [
      1779824368,
      75819
    ],
    [
      1779825270,
      75953
    ],
    [
      1779826171,
      75981
    ],
    [
      1779827073,
      75925
    ],
    [
      1779827974,
      75917
    ]
  ],
  "ethereum": [
    [
      1779821664,
      2067.92
    ],
    [
      1779822565,
      2065.69
    ],
    [
      1779823467,
      2065.11
    ],
    [
      1779824368,
      2069.87
    ],
    [
      1779825270,
      2073.09
    ],
    [
      1779826171,
      2072.73
    ],
    [
      1779827073,
      2072.48
    ],
    [
      1779827974,
      2071.97
    ]
  ],
  "avalanche-2": [
    [
      1779821664,
      9.14
    ],
    [
      1779822565,
      9.14
    ],
    [
      1779823467,
      9.13
    ],
    [
      1779824368,
      9.14
    ],
    [
      1779825270,
      9.17
    ],
    [
      1779826171,
      9.16
    ],
    [
      1779827073,
      9.16
    ],
    [
      1779827974,
      9.16
    ]
  ],
  "ondo-finance": [
    [
      1779821664,
      0.410366
    ],
    [
      1779822565,
      0.408536
    ],
    [
      1779823467,
      0.407109
    ],
    [
      1779824368,
      0.40557
    ],
    [
      1779825270,
      0.405516
    ],
    [
      1779826171,
      0.408686
    ],
    [
      1779827073,
      0.408817
    ],
    [
      1779827974,
      0.408838
    ]
  ]
}