{
  "bitcoin": [
    [
      1784350902,
      63922
    ],
    [
      1784351803,
      63882
    ],
    [
      1784352704,
      63931
    ],
    [
      1784353605,
      63926
    ],
    [
      1784354506,
      63910
    ],
    [
      1784355409,
      63916
    ],
    [
      1784356312,
      63936
    ],
    [
      1784357214,
      63924
    ]
  ],
  "ethereum": [
    [
      1784350902,
      1843.29
    ],
    [
      1784351803,
      1841.92
    ],
    [
      1784352704,
      1844.58
    ],
    [
      1784353605,
      1846.24
    ],
    [
      1784354506,
      1844.4
    ],
    [
      1784355409,
      1843.41
    ],
    [
      1784356312,
      1844.16
    ],
    [
      1784357214,
      1843.39
    ]
  ],
  "avalanche-2": [
    [
      1784350902,
      6.6
    ],
    [
      1784351803,
      6.59
    ],
    [
      1784352704,
      6.61
    ],
    [
      1784353605,
      6.61
    ],
    [
      1784354506,
      6.6
    ],
    [
      1784355409,
      6.6
    ],
    [
      1784356312,
      6.6
    ],
    [
      1784357214,
      6.6
    ]
  ],
  "ondo-finance": [
    [
      1784350902,
      0.375861
    ],
    [
      1784351803,
      0.376713
    ],
    [
      1784352704,
      0.374854
    ],
    [
      1784353605,
      0.371575
    ],
    [
      1784354506,
      0.3708
    ],
    [
      1784355409,
      0.370813
    ],
    [
      1784356312,
      0.37211
    ],
    [
      1784357214,
      0.37202
    ]
  ],
  "binancecoin": [
    [
      1784350902,
      566.8
    ],
    [
      1784351803,
      566.75
    ],
    [
      1784352704,
      566.86
    ],
    [
      1784353605,
      567.0
    ],
    [
      1784354506,
      567.08
    ],
    [
      1784355409,
      567.42
    ],
    [
      1784356312,
      567.63
    ],
    [
      1784357214,
      566.1
    ]
  ],
  "ripple": [
    [
      1784350902,
      1.087
    ],
    [
      1784351803,
      1.086
    ],
    [
      1784352704,
      1.088
    ],
    [
      1784353605,
      1.088
    ],
    [
      1784354506,
      1.087
    ],
    [
      1784355409,
      1.087
    ],
    [
      1784356312,
      1.088
    ],
    [
      1784357214,
      1.088
    ]
  ],
  "solana": [
    [
      1784350902,
      75.06
    ],
    [
      1784351803,
      74.95
    ],
    [
      1784352704,
      74.97
    ],
    [
      1784353605,
      74.92
    ],
    [
      1784354506,
      74.86
    ],
    [
      1784355409,
      74.92
    ],
    [
      1784356312,
      75.0
    ],
    [
      1784357214,
      74.97
    ]
  ],
  "dogecoin": [
    [
      1784350902,
      0.072452
    ],
    [
      1784351803,
      0.072378
    ],
    [
      1784352704,
      0.072394
    ],
    [
      1784353605,
      0.072397
    ],
    [
      1784354506,
      0.072197
    ],
    [
      1784355409,
      0.072179
    ],
    [
      1784356312,
      0.072334
    ],
    [
      1784357214,
      0.072339
    ]
  ],
  "cardano": [
    [
      1784350902,
      0.166782
    ],
    [
      1784351803,
      0.166256
    ],
    [
      1784352704,
      0.166683
    ],
    [
      1784353605,
      0.16697
    ],
    [
      1784354506,
      0.166475
    ],
    [
      1784355409,
      0.166466
    ],
    [
      1784356312,
      0.166738
    ],
    [
      1784357214,
      0.166216
    ]
  ],
  "tron": [
    [
      1784350902,
      0.321964
    ],
    [
      1784351803,
      0.321914
    ],
    [
      1784352704,
      0.321888
    ],
    [
      1784353605,
      0.321761
    ],
    [
      1784354506,
      0.321752
    ],
    [
      1784355409,
      0.321728
    ],
    [
      1784356312,
      0.321734
    ],
    [
      1784357214,
      0.321723
    ]
  ],
  "chainlink": [
    [
      1784350902,
      8.25
    ],
    [
      1784351803,
      8.24
    ],
    [
      1784352704,
      8.24
    ],
    [
      1784353605,
      8.25
    ],
    [
      1784354506,
      8.24
    ],
    [
      1784355409,
      8.24
    ],
    [
      1784356312,
      8.25
    ],
    [
      1784357214,
      8.24
    ]
  ],
  "the-open-network": [
    [
      1784350902,
      1.48
    ],
    [
      1784351803,
      1.48
    ],
    [
      1784352704,
      1.48
    ],
    [
      1784353605,
      1.48
    ],
    [
      1784354506,
      1.48
    ],
    [
      1784355409,
      1.48
    ],
    [
      1784356312,
      1.48
    ],
    [
      1784357214,
      1.48
    ]
  ],
  "stellar": [
    [
      1784350902,
      0.184616
    ],
    [
      1784351803,
      0.184481
    ],
    [
      1784352704,
      0.184773
    ],
    [
      1784353605,
      0.184657
    ],
    [
      1784354506,
      0.184422
    ],
    [
      1784355409,
      0.184478
    ],
    [
      1784356312,
      0.184778
    ],
    [
      1784357214,
      0.184955
    ]
  ],
  "hedera-hashgraph": [
    [
      1784350902,
      0.066128
    ],
    [
      1784351803,
      0.066095
    ],
    [
      1784352704,
      0.066165
    ],
    [
      1784353605,
      0.066141
    ],
    [
      1784354506,
      0.066063
    ],
    [
      1784355409,
      0.066008
    ],
    [
      1784356312,
      0.066031
    ],
    [
      1784357214,
      0.066135
    ]
  ],
  "sui": [
    [
      1784350902,
      0.737541
    ],
    [
      1784351803,
      0.736318
    ],
    [
      1784352704,
      0.73719
    ],
    [
      1784353605,
      0.736664
    ],
    [
      1784354506,
      0.735113
    ],
    [
      1784355409,
      0.735232
    ],
    [
      1784356312,
      0.736366
    ],
    [
      1784357214,
      0.735463
    ]
  ],
  "bitcoin-cash": [
    [
      1784350902,
      218.54
    ],
    [
      1784351803,
      218.4
    ],
    [
      1784352704,
      218.91
    ],
    [
      1784353605,
      218.94
    ],
    [
      1784354506,
      218.48
    ],
    [
      1784355409,
      218.46
    ],
    [
      1784356312,
      218.73
    ],
    [
      1784357214,
      218.72
    ]
  ],
  "litecoin": [
    [
      1784350902,
      45.46
    ],
    [
      1784351803,
      45.4
    ],
    [
      1784352704,
      45.47
    ],
    [
      1784353605,
      45.42
    ],
    [
      1784354506,
      45.36
    ],
    [
      1784355409,
      45.37
    ],
    [
      1784356312,
      45.42
    ],
    [
      1784357214,
      45.38
    ]
  ],
  "polkadot": [
    [
      1784350902,
      0.849217
    ],
    [
      1784351803,
      0.846426
    ],
    [
      1784352704,
      0.846258
    ],
    [
      1784353605,
      0.845812
    ],
    [
      1784354506,
      0.844635
    ],
    [
      1784355409,
      0.844731
    ],
    [
      1784356312,
      0.846699
    ],
    [
      1784357214,
      0.845883
    ]
  ],
  "hyperliquid": [
    [
      1784350902,
      59.26
    ],
    [
      1784351803,
      59.16
    ],
    [
      1784352704,
      59.35
    ],
    [
      1784353605,
      59.19
    ],
    [
      1784354506,
      58.81
    ],
    [
      1784355409,
      58.71
    ],
    [
      1784356312,
      58.86
    ],
    [
      1784357214,
      59.1
    ]
  ],
  "monero": [
    [
      1784350902,
      330.32
    ],
    [
      1784351803,
      329.95
    ],
    [
      1784352704,
      330.26
    ],
    [
      1784353605,
      329.35
    ],
    [
      1784354506,
      329.22
    ],
    [
      1784355409,
      329.37
    ],
    [
      1784356312,
      329.94
    ],
    [
      1784357214,
      327.99
    ]
  ],
  "_alerts_sent": {}
}