{
  "IBIT": [
    [
      1784919659,
      36.3650016784668
    ],
    [
      1784920561,
      36.314998626708984
    ],
    [
      1784921463,
      36.32500076293945
    ],
    [
      1784922365,
      36.349998474121094
    ],
    [
      1784923267,
      36.345001220703125
    ],
    [
      1784924169,
      36.345001220703125
    ],
    [
      1784925071,
      36.345001220703125
    ],
    [
      1784925973,
      36.345001220703125
    ]
  ],
  "ETHA": [
    [
      1784919659,
      14.039999961853027
    ],
    [
      1784920561,
      14.015000343322754
    ],
    [
      1784921463,
      14.024999618530273
    ],
    [
      1784922365,
      14.04990005493164
    ],
    [
      1784923267,
      14.050000190734863
    ],
    [
      1784924169,
      14.050000190734863
    ],
    [
      1784925071,
      14.050000190734863
    ],
    [
      1784925973,
      14.050000190734863
    ]
  ],
  "GAVA": [
    [
      1784919659,
      14.980999946594238
    ],
    [
      1784920561,
      14.980999946594238
    ],
    [
      1784921463,
      15.100000381469727
    ],
    [
      1784922365,
      15.100000381469727
    ],
    [
      1784923267,
      15.100000381469727
    ],
    [
      1784924169,
      15.100000381469727
    ],
    [
      1784925071,
      15.100000381469727
    ],
    [
      1784925973,
      15.100000381469727
    ]
  ],
  "QQQ": [
    [
      1784919659,
      684.6099853515625
    ],
    [
      1784920561,
      682.5700073242188
    ],
    [
      1784921463,
      683.4810180664062
    ],
    [
      1784922365,
      683.4824829101562
    ],
    [
      1784923267,
      684.219970703125
    ],
    [
      1784924169,
      684.219970703125
    ],
    [
      1784925071,
      684.219970703125
    ],
    [
      1784925973,
      684.219970703125
    ]
  ],
  "SPY": [
    [
      1784919659,
      738.52001953125
    ],
    [
      1784920561,
      737.5499877929688
    ],
    [
      1784921463,
      737.7899780273438
    ],
    [
      1784922365,
      737.9500122070312
    ],
    [
      1784923267,
      738.8599853515625
    ],
    [
      1784924169,
      738.8599853515625
    ],
    [
      1784925071,
      738.8599853515625
    ],
    [
      1784925973,
      738.8599853515625
    ]
  ],
  "S&P500": [
    [
      1784919659,
      7408.14990234375
    ],
    [
      1784920561,
      7399.14013671875
    ],
    [
      1784921463,
      7401.35009765625
    ],
    [
      1784922365,
      7402.56005859375
    ],
    [
      1784923267,
      7412.8798828125
    ],
    [
      1784924169,
      7412.8798828125
    ],
    [
      1784925071,
      7412.8798828125
    ],
    [
      1784925973,
      7412.8798828125
    ]
  ],
  "NVDA": [
    [
      1784919659,
      206.3800048828125
    ],
    [
      1784920561,
      204.9600067138672
    ],
    [
      1784921463,
      205.67999267578125
    ],
    [
      1784922365,
      205.4250030517578
    ],
    [
      1784923267,
      206.9600067138672
    ],
    [
      1784924169,
      206.9600067138672
    ],
    [
      1784925071,
      206.9600067138672
    ],
    [
      1784925973,
      206.9600067138672
    ]
  ],
  "AAPL": [
    [
      1784919659,
      333.06988525390625
    ],
    [
      1784920561,
      332.7200012207031
    ],
    [
      1784921463,
      332.4794921875
    ],
    [
      1784922365,
      332.4800109863281
    ],
    [
      1784923267,
      333.07000732421875
    ],
    [
      1784924169,
      333.07000732421875
    ],
    [
      1784925071,
      333.07000732421875
    ],
    [
      1784925973,
      333.07000732421875
    ]
  ],
  "TSLA": [
    [
      1784919659,
      309.3800048828125
    ],
    [
      1784920561,
      308.260009765625
    ],
    [
      1784921463,
      309.3500061035156
    ],
    [
      1784922365,
      310.7099914550781
    ],
    [
      1784923267,
      313.0
    ],
    [
      1784924169,
      313.0
    ],
    [
      1784925071,
      313.0
    ],
    [
      1784925973,
      313.0
    ]
  ],
  "COIN": [
    [
      1784919659,
      157.88499450683594
    ],
    [
      1784920561,
      157.3699951171875
    ],
    [
      1784921463,
      157.17999267578125
    ],
    [
      1784922365,
      157.61000061035156
    ],
    [
      1784923267,
      158.32000732421875
    ],
    [
      1784924169,
      158.32000732421875
    ],
    [
      1784925071,
      158.32000732421875
    ],
    [
      1784925973,
      158.32000732421875
    ]
  ],
  "_alerts_sent": {
    "COIN_2026-07-24 16": true
  }
}