{
  "IBIT": [
    [
      1781879766,
      35.6150016784668
    ]
  ],
  "ETHA": [
    [
      1781879766,
      12.859999656677246
    ]
  ],
  "GAVA": [
    [
      1781879766,
      15.90999984741211
    ]
  ],
  "QQQ": [
    [
      1781879766,
      739.6900024414062
    ]
  ],
  "SPY": [
    [
      1781879766,
      746.5900268554688
    ]
  ],
  "S&P500": [
    [
      1781879766,
      7497.85986328125
    ]
  ],
  "NVDA": [
    [
      1781879766,
      210.22999572753906
    ]
  ],
  "AAPL": [
    [
      1781879766,
      297.8900146484375
    ]
  ],
  "TSLA": [
    [
      1781879766,
      400.42999267578125
    ]
  ],
  "COIN": [
    [
      1781879766,
      163.22000122070312
    ]
  ],
  "_alerts_sent": {}
}