{
  "IBIT": [
    [
      1784730642,
      37.154998779296875
    ],
    [
      1784731547,
      37.18000030517578
    ]
  ],
  "ETHA": [
    [
      1784730642,
      14.510000228881836
    ],
    [
      1784731547,
      14.529999732971191
    ]
  ],
  "GAVA": [
    [
      1784661187,
      16.434999465942383
    ],
    [
      1784662090,
      16.434999465942383
    ],
    [
      1784662993,
      16.434999465942383
    ],
    [
      1784663896,
      16.434999465942383
    ],
    [
      1784664799,
      16.434999465942383
    ],
    [
      1784665702,
      16.434999465942383
    ],
    [
      1784666605,
      16.434999465942383
    ],
    [
      1784667508,
      16.434999465942383
    ]
  ],
  "QQQ": [
    [
      1784730642,
      706.9022827148438
    ],
    [
      1784731547,
      705.9299926757812
    ]
  ],
  "SPY": [
    [
      1784730642,
      747.2899780273438
    ],
    [
      1784731547,
      746.9500122070312
    ]
  ],
  "S&P500": [
    [
      1784730642,
      7498.93017578125
    ],
    [
      1784731547,
      7493.740234375
    ]
  ],
  "NVDA": [
    [
      1784730642,
      206.61000061035156
    ],
    [
      1784731547,
      207.27000427246094
    ]
  ],
  "AAPL": [
    [
      1784730642,
      324.1357116699219
    ],
    [
      1784731547,
      324.885009765625
    ]
  ],
  "TSLA": [
    [
      1784730642,
      377.6199951171875
    ],
    [
      1784731547,
      377.0400085449219
    ]
  ],
  "COIN": [
    [
      1784730642,
      171.9499969482422
    ],
    [
      1784731547,
      169.83999633789062
    ]
  ],
  "_alerts_sent": {}
}