{
  "IBIT": [
    [
      1784049449,
      36.54999923706055
    ],
    [
      1784050352,
      36.51570129394531
    ],
    [
      1784051255,
      36.52989959716797
    ],
    [
      1784052158,
      36.58000183105469
    ],
    [
      1784053061,
      36.54499816894531
    ],
    [
      1784053964,
      36.53559875488281
    ],
    [
      1784054867,
      36.595001220703125
    ],
    [
      1784055769,
      36.58000183105469
    ]
  ],
  "ETHA": [
    [
      1784049449,
      14.079999923706055
    ],
    [
      1784050352,
      14.100000381469727
    ],
    [
      1784051255,
      14.09000015258789
    ],
    [
      1784052158,
      14.125
    ],
    [
      1784053061,
      14.119999885559082
    ],
    [
      1784053964,
      14.114999771118164
    ],
    [
      1784054867,
      14.149999618530273
    ],
    [
      1784055769,
      14.145000457763672
    ]
  ],
  "GAVA": [
    [
      1784049449,
      16.079999923706055
    ],
    [
      1784050352,
      16.079999923706055
    ],
    [
      1784051255,
      16.079999923706055
    ],
    [
      1784052158,
      16.079999923706055
    ],
    [
      1784053061,
      16.079999923706055
    ],
    [
      1784053964,
      16.079999923706055
    ],
    [
      1784054867,
      16.079999923706055
    ],
    [
      1784055769,
      16.079999923706055
    ]
  ],
  "QQQ": [
    [
      1784049449,
      720.5
    ],
    [
      1784050352,
      721.22998046875
    ],
    [
      1784051255,
      720.8800048828125
    ],
    [
      1784052158,
      721.239990234375
    ],
    [
      1784053061,
      721.5557250976562
    ],
    [
      1784053964,
      721.1901245117188
    ],
    [
      1784054867,
      720.9000244140625
    ],
    [
      1784055769,
      720.0700073242188
    ]
  ],
  "SPY": [
    [
      1784049449,
      751.7999877929688
    ],
    [
      1784050352,
      752.3200073242188
    ],
    [
      1784051255,
      751.8699951171875
    ],
    [
      1784052158,
      752.1799926757812
    ],
    [
      1784053061,
      752.52001953125
    ],
    [
      1784053964,
      752.364990234375
    ],
    [
      1784054867,
      752.1563110351562
    ],
    [
      1784055769,
      751.989990234375
    ]
  ],
  "S&P500": [
    [
      1784049449,
      7544.31005859375
    ],
    [
      1784050352,
      7549.97021484375
    ],
    [
      1784051255,
      7545.2001953125
    ],
    [
      1784052158,
      7548.31982421875
    ],
    [
      1784053061,
      7551.6298828125
    ],
    [
      1784053964,
      7550.10009765625
    ],
    [
      1784054867,
      7548.1201171875
    ],
    [
      1784055769,
      7546.1201171875
    ]
  ],
  "NVDA": [
    [
      1784049449,
      211.14999389648438
    ],
    [
      1784050352,
      210.96389770507812
    ],
    [
      1784051255,
      210.89999389648438
    ],
    [
      1784052158,
      211.2550048828125
    ],
    [
      1784053061,
      211.9499969482422
    ],
    [
      1784053964,
      211.97000122070312
    ],
    [
      1784054867,
      212.13999938964844
    ],
    [
      1784055769,
      212.13499450683594
    ]
  ],
  "AAPL": [
    [
      1784049449,
      314.760009765625
    ],
    [
      1784050352,
      314.8500061035156
    ],
    [
      1784051255,
      314.6700134277344
    ],
    [
      1784052158,
      315.19000244140625
    ],
    [
      1784053061,
      315.1300048828125
    ],
    [
      1784053964,
      315.2950134277344
    ],
    [
      1784054867,
      315.1600036621094
    ],
    [
      1784055769,
      315.20001220703125
    ]
  ],
  "TSLA": [
    [
      1784049449,
      395.27801513671875
    ],
    [
      1784050352,
      395.2550048828125
    ],
    [
      1784051255,
      395.1398010253906
    ],
    [
      1784052158,
      396.3500061035156
    ],
    [
      1784053061,
      396.3900146484375
    ],
    [
      1784053964,
      396.2900085449219
    ],
    [
      1784054867,
      395.9700012207031
    ],
    [
      1784055769,
      396.7959899902344
    ]
  ],
  "COIN": [
    [
      1784049449,
      160.51100158691406
    ],
    [
      1784050352,
      161.7700958251953
    ],
    [
      1784051255,
      161.6999969482422
    ],
    [
      1784052158,
      161.5
    ],
    [
      1784053061,
      161.83999633789062
    ],
    [
      1784053964,
      161.8000030517578
    ],
    [
      1784054867,
      160.88999938964844
    ],
    [
      1784055769,
      160.72999572753906
    ]
  ],
  "_alerts_sent": {
    "IBIT_2026-07-14 16": true,
    "ETHA_2026-07-14 16": true
  }
}