{
  "IBIT": [
    [
      1781188392,
      35.6150016784668
    ],
    [
      1781189298,
      35.595001220703125
    ],
    [
      1781190204,
      35.46500015258789
    ],
    [
      1781190833,
      35.529998779296875
    ],
    [
      1781191531,
      35.49549865722656
    ],
    [
      1781192437,
      35.57500076293945
    ]
  ],
  "ETHA": [
    [
      1781188392,
      12.4197998046875
    ],
    [
      1781189298,
      12.443099975585938
    ],
    [
      1781190204,
      12.375
    ],
    [
      1781190833,
      12.414999961853027
    ],
    [
      1781191531,
      12.414999961853027
    ],
    [
      1781192437,
      12.444999694824219
    ]
  ],
  "GAVA": [
    [
      1781188392,
      15.789999961853027
    ],
    [
      1781189298,
      15.789999961853027
    ],
    [
      1781190204,
      15.789999961853027
    ],
    [
      1781190833,
      15.789999961853027
    ],
    [
      1781191531,
      15.789999961853027
    ],
    [
      1781192437,
      15.789999961853027
    ]
  ],
  "QQQ": [
    [
      1781188392,
      700.5
    ],
    [
      1781189298,
      699.9099731445312
    ],
    [
      1781190204,
      696.8098754882812
    ],
    [
      1781190833,
      700.1749877929688
    ],
    [
      1781191531,
      700.5499877929688
    ],
    [
      1781192437,
      702.5800170898438
    ]
  ],
  "SPY": [
    [
      1781188392,
      727.75
    ],
    [
      1781189298,
      728.0599975585938
    ],
    [
      1781190204,
      725.6500244140625
    ],
    [
      1781190833,
      727.6900024414062
    ],
    [
      1781191531,
      727.77001953125
    ],
    [
      1781192437,
      729.1400146484375
    ]
  ],
  "S&P500": [
    [
      1781188392,
      7290.52001953125
    ],
    [
      1781189298,
      7293.3701171875
    ],
    [
      1781190204,
      7268.759765625
    ],
    [
      1781190833,
      7290.4599609375
    ],
    [
      1781191531,
      7290.66015625
    ],
    [
      1781192437,
      7301.6201171875
    ]
  ],
  "NVDA": [
    [
      1781188392,
      201.95880126953125
    ],
    [
      1781189298,
      201.43629455566406
    ],
    [
      1781190204,
      200.00990295410156
    ],
    [
      1781190833,
      201.38009643554688
    ],
    [
      1781191531,
      201.11000061035156
    ],
    [
      1781192437,
      201.86000061035156
    ]
  ],
  "AAPL": [
    [
      1781188392,
      289.8999938964844
    ],
    [
      1781189298,
      290.7149963378906
    ],
    [
      1781190204,
      290.32000732421875
    ],
    [
      1781190833,
      290.7850036621094
    ],
    [
      1781191531,
      291.5299072265625
    ],
    [
      1781192437,
      292.85418701171875
    ]
  ],
  "TSLA": [
    [
      1781188392,
      386.5899963378906
    ],
    [
      1781189298,
      386.2200012207031
    ],
    [
      1781190204,
      384.8599853515625
    ],
    [
      1781190833,
      386.1000061035156
    ],
    [
      1781191531,
      386.57501220703125
    ],
    [
      1781192437,
      386.31500244140625
    ]
  ],
  "COIN": [
    [
      1781188392,
      155.5
    ],
    [
      1781189298,
      155.5850067138672
    ],
    [
      1781190204,
      154.51499938964844
    ],
    [
      1781190833,
      155.36500549316406
    ],
    [
      1781191531,
      155.22000122070312
    ],
    [
      1781192437,
      154.94000244140625
    ]
  ],
  "_alerts_sent": {}
}