{
  "IBIT": [
    [
      1784735162,
      37.38999938964844
    ],
    [
      1784736065,
      37.38159942626953
    ],
    [
      1784736968,
      37.404998779296875
    ],
    [
      1784737872,
      37.43000030517578
    ],
    [
      1784738775,
      37.52000045776367
    ],
    [
      1784739678,
      37.494998931884766
    ],
    [
      1784740581,
      37.439998626708984
    ],
    [
      1784741484,
      37.39509963989258
    ]
  ],
  "ETHA": [
    [
      1784735162,
      14.6850004196167
    ],
    [
      1784736065,
      14.650099754333496
    ],
    [
      1784736968,
      14.651599884033203
    ],
    [
      1784737872,
      14.65999984741211
    ],
    [
      1784738775,
      14.720000267028809
    ],
    [
      1784739678,
      14.704999923706055
    ],
    [
      1784740581,
      14.670100212097168
    ],
    [
      1784741484,
      14.639900207519531
    ]
  ],
  "GAVA": [
    [
      1784737872,
      16.079999923706055
    ],
    [
      1784738775,
      16.079999923706055
    ],
    [
      1784739678,
      16.079999923706055
    ],
    [
      1784740581,
      16.079999923706055
    ],
    [
      1784741484,
      16.079999923706055
    ]
  ],
  "QQQ": [
    [
      1784735162,
      708.6400146484375
    ],
    [
      1784736065,
      709.2963256835938
    ],
    [
      1784736968,
      709.27001953125
    ],
    [
      1784737872,
      709.1400146484375
    ],
    [
      1784738775,
      708.4099731445312
    ],
    [
      1784739678,
      709.094970703125
    ],
    [
      1784740581,
      708.7899780273438
    ],
    [
      1784741484,
      709.0499877929688
    ]
  ],
  "SPY": [
    [
      1784735162,
      749.25
    ],
    [
      1784736065,
      749.719970703125
    ],
    [
      1784736968,
      749.719970703125
    ],
    [
      1784737872,
      749.8900146484375
    ],
    [
      1784738775,
      749.72998046875
    ],
    [
      1784739678,
      749.8599853515625
    ],
    [
      1784740581,
      749.280029296875
    ],
    [
      1784741484,
      749.25
    ]
  ],
  "S&P500": [
    [
      1784735162,
      7517.740234375
    ],
    [
      1784736065,
      7522.9599609375
    ],
    [
      1784736968,
      7522.58984375
    ],
    [
      1784737872,
      7524.5400390625
    ],
    [
      1784738775,
      7523.080078125
    ],
    [
      1784739678,
      7524.18017578125
    ],
    [
      1784740581,
      7518.2900390625
    ],
    [
      1784741484,
      7518.35009765625
    ]
  ],
  "NVDA": [
    [
      1784735162,
      211.9398956298828
    ],
    [
      1784736065,
      213.43299865722656
    ],
    [
      1784736968,
      213.61000061035156
    ],
    [
      1784737872,
      213.8800048828125
    ],
    [
      1784738775,
      213.6284942626953
    ],
    [
      1784739678,
      214.3000030517578
    ],
    [
      1784740581,
      213.360107421875
    ],
    [
      1784741484,
      214.3350067138672
    ]
  ],
  "AAPL": [
    [
      1784735162,
      325.1650085449219
    ],
    [
      1784736065,
      324.8500061035156
    ],
    [
      1784736968,
      324.5400085449219
    ],
    [
      1784737872,
      324.57000732421875
    ],
    [
      1784738775,
      324.4949951171875
    ],
    [
      1784739678,
      324.2049865722656
    ],
    [
      1784740581,
      323.9800109863281
    ],
    [
      1784741484,
      323.67999267578125
    ]
  ],
  "TSLA": [
    [
      1784735162,
      378.739990234375
    ],
    [
      1784736065,
      378.375
    ],
    [
      1784736968,
      378.36968994140625
    ],
    [
      1784737872,
      377.5150146484375
    ],
    [
      1784738775,
      377.2298889160156
    ],
    [
      1784739678,
      378.1300048828125
    ],
    [
      1784740581,
      377.4649963378906
    ],
    [
      1784741484,
      377.30499267578125
    ]
  ],
  "COIN": [
    [
      1784735162,
      169.72999572753906
    ],
    [
      1784736065,
      169.88499450683594
    ],
    [
      1784736968,
      169.85000610351562
    ],
    [
      1784737872,
      171.1199951171875
    ],
    [
      1784738775,
      171.18499755859375
    ],
    [
      1784739678,
      170.5399932861328
    ],
    [
      1784740581,
      169.5050048828125
    ],
    [
      1784741484,
      169.0500030517578
    ]
  ],
  "_alerts_sent": {
    "NVDA_2026-07-22 17": true
  }
}