{
  "IBIT": [
    [
      1781289400,
      36.119998931884766
    ],
    [
      1781290305,
      36.14500045776367
    ],
    [
      1781291211,
      36.06999969482422
    ],
    [
      1781292116,
      36.07780075073242
    ],
    [
      1781293023,
      36.1349983215332
    ],
    [
      1781293928,
      36.04999923706055
    ],
    [
      1781294834,
      36.025001525878906
    ],
    [
      1781295739,
      36.025001525878906
    ]
  ],
  "ETHA": [
    [
      1781289400,
      12.585000038146973
    ],
    [
      1781290305,
      12.60990047454834
    ],
    [
      1781291211,
      12.579999923706055
    ],
    [
      1781292116,
      12.585000038146973
    ],
    [
      1781293023,
      12.609999656677246
    ],
    [
      1781293928,
      12.569999694824219
    ],
    [
      1781294834,
      12.569999694824219
    ],
    [
      1781295739,
      12.569999694824219
    ]
  ],
  "GAVA": [
    [
      1781289400,
      15.979999542236328
    ],
    [
      1781290305,
      15.979999542236328
    ],
    [
      1781291211,
      15.979999542236328
    ],
    [
      1781292116,
      15.979999542236328
    ],
    [
      1781293023,
      15.979999542236328
    ],
    [
      1781293928,
      15.979999542236328
    ],
    [
      1781294834,
      15.979999542236328
    ],
    [
      1781295739,
      15.979999542236328
    ]
  ],
  "QQQ": [
    [
      1781289400,
      721.97998046875
    ],
    [
      1781290305,
      722.139892578125
    ],
    [
      1781291211,
      722.5399169921875
    ],
    [
      1781292116,
      721.9450073242188
    ],
    [
      1781293023,
      721.0999755859375
    ],
    [
      1781293928,
      721.0499877929688
    ],
    [
      1781294834,
      721.3200073242188
    ],
    [
      1781295739,
      721.3200073242188
    ]
  ],
  "SPY": [
    [
      1781289400,
      741.5599975585938
    ],
    [
      1781290305,
      741.6300048828125
    ],
    [
      1781291211,
      741.9600219726562
    ],
    [
      1781292116,
      741.635009765625
    ],
    [
      1781293023,
      740.97998046875
    ],
    [
      1781293928,
      741.02001953125
    ],
    [
      1781294834,
      741.6300048828125
    ],
    [
      1781295739,
      741.6599731445312
    ]
  ],
  "S&P500": [
    [
      1781289400,
      7427.47998046875
    ],
    [
      1781290305,
      7429.0400390625
    ],
    [
      1781291211,
      7432.06982421875
    ],
    [
      1781292116,
      7428.5
    ],
    [
      1781293023,
      7422.47998046875
    ],
    [
      1781293928,
      7421.97998046875
    ],
    [
      1781294834,
      7430.85986328125
    ],
    [
      1781295739,
      7430.85986328125
    ]
  ],
  "NVDA": [
    [
      1781289400,
      204.99000549316406
    ],
    [
      1781290305,
      205.0200958251953
    ],
    [
      1781291211,
      205.00999450683594
    ],
    [
      1781292116,
      204.9600067138672
    ],
    [
      1781293023,
      204.47000122070312
    ],
    [
      1781293928,
      204.49000549316406
    ],
    [
      1781294834,
      205.1300048828125
    ],
    [
      1781295739,
      205.1300048828125
    ]
  ],
  "AAPL": [
    [
      1781289400,
      290.44500732421875
    ],
    [
      1781290305,
      290.5
    ],
    [
      1781291211,
      290.6799011230469
    ],
    [
      1781292116,
      290.739990234375
    ],
    [
      1781293023,
      290.4599914550781
    ],
    [
      1781293928,
      290.8500061035156
    ],
    [
      1781294834,
      291.0799865722656
    ],
    [
      1781295739,
      291.0799865722656
    ]
  ],
  "TSLA": [
    [
      1781289400,
      400.8985900878906
    ],
    [
      1781290305,
      400.95440673828125
    ],
    [
      1781291211,
      402.67498779296875
    ],
    [
      1781292116,
      402.1286926269531
    ],
    [
      1781293023,
      403.0799865722656
    ],
    [
      1781293928,
      403.45001220703125
    ],
    [
      1781294834,
      406.44500732421875
    ],
    [
      1781295739,
      406.44500732421875
    ]
  ],
  "COIN": [
    [
      1781289400,
      160.2301025390625
    ],
    [
      1781290305,
      161.5500030517578
    ],
    [
      1781291211,
      161.03500366210938
    ],
    [
      1781292116,
      161.35499572753906
    ],
    [
      1781293023,
      161.5
    ],
    [
      1781293928,
      160.72500610351562
    ],
    [
      1781294834,
      159.72999572753906
    ],
    [
      1781295739,
      159.72999572753906
    ]
  ],
  "_alerts_sent": {
    "TSLA_2026-06-12 19": true
  }
}