{
  "IBIT": [
    [
      1782499913,
      33.720001220703125
    ],
    [
      1782500819,
      33.81999969482422
    ],
    [
      1782501724,
      33.905399322509766
    ],
    [
      1782502630,
      33.904998779296875
    ],
    [
      1782503536,
      33.85499954223633
    ],
    [
      1782504442,
      33.779998779296875
    ],
    [
      1782505347,
      33.779998779296875
    ],
    [
      1782506253,
      33.779998779296875
    ]
  ],
  "ETHA": [
    [
      1782499913,
      11.854599952697754
    ],
    [
      1782500819,
      11.859999656677246
    ],
    [
      1782501724,
      11.914999961853027
    ],
    [
      1782502630,
      11.899999618530273
    ],
    [
      1782503536,
      11.895000457763672
    ],
    [
      1782504442,
      11.869999885559082
    ],
    [
      1782505347,
      11.869999885559082
    ],
    [
      1782506253,
      11.869999885559082
    ]
  ],
  "GAVA": [
    [
      1782499913,
      15.720000267028809
    ],
    [
      1782500819,
      15.720000267028809
    ],
    [
      1782501724,
      15.529999732971191
    ],
    [
      1782502630,
      15.579999923706055
    ],
    [
      1782503536,
      15.579999923706055
    ],
    [
      1782504442,
      15.579999923706055
    ],
    [
      1782505347,
      15.579999923706055
    ],
    [
      1782506253,
      15.579999923706055
    ]
  ],
  "QQQ": [
    [
      1782499913,
      708.5700073242188
    ],
    [
      1782500819,
      708.7216186523438
    ],
    [
      1782501724,
      709.7160034179688
    ],
    [
      1782502630,
      710.1500244140625
    ],
    [
      1782503536,
      708.5700073242188
    ],
    [
      1782504442,
      705.5399780273438
    ],
    [
      1782505347,
      705.5399780273438
    ],
    [
      1782506253,
      705.5399780273438
    ]
  ],
  "SPY": [
    [
      1782499913,
      731.7000122070312
    ],
    [
      1782500819,
      732.0150146484375
    ],
    [
      1782501724,
      732.4249877929688
    ],
    [
      1782502630,
      732.5850219726562
    ],
    [
      1782503536,
      733.0150146484375
    ],
    [
      1782504442,
      729.030029296875
    ],
    [
      1782505347,
      729.0800170898438
    ],
    [
      1782506253,
      729.0800170898438
    ]
  ],
  "S&P500": [
    [
      1782499913,
      7344.68994140625
    ],
    [
      1782500819,
      7347.56005859375
    ],
    [
      1782501724,
      7352.16015625
    ],
    [
      1782502630,
      7353.22998046875
    ],
    [
      1782503536,
      7356.3798828125
    ],
    [
      1782504442,
      7337.81005859375
    ],
    [
      1782505347,
      7337.81005859375
    ],
    [
      1782506253,
      7337.81005859375
    ]
  ],
  "NVDA": [
    [
      1782499913,
      193.61000061035156
    ],
    [
      1782500819,
      193.94000244140625
    ],
    [
      1782501724,
      194.23989868164062
    ],
    [
      1782502630,
      194.4600067138672
    ],
    [
      1782503536,
      194.63999938964844
    ],
    [
      1782504442,
      191.72000122070312
    ],
    [
      1782505347,
      191.72000122070312
    ],
    [
      1782506253,
      191.72000122070312
    ]
  ],
  "AAPL": [
    [
      1782499913,
      280.57000732421875
    ],
    [
      1782500819,
      280.8800048828125
    ],
    [
      1782501724,
      280.9801025390625
    ],
    [
      1782502630,
      280.385009765625
    ],
    [
      1782503536,
      284.7701110839844
    ],
    [
      1782504442,
      281.20001220703125
    ],
    [
      1782505347,
      281.20001220703125
    ],
    [
      1782506253,
      281.20001220703125
    ]
  ],
  "TSLA": [
    [
      1782499913,
      379.39990234375
    ],
    [
      1782500819,
      380.33990478515625
    ],
    [
      1782501724,
      379.9599914550781
    ],
    [
      1782502630,
      379.34991455078125
    ],
    [
      1782503536,
      381.6600036621094
    ],
    [
      1782504442,
      379.19000244140625
    ],
    [
      1782505347,
      379.19000244140625
    ],
    [
      1782506253,
      379.19000244140625
    ]
  ],
  "COIN": [
    [
      1782499913,
      146.42730712890625
    ],
    [
      1782500819,
      146.75
    ],
    [
      1782501724,
      147.14500427246094
    ],
    [
      1782502630,
      147.61000061035156
    ],
    [
      1782503536,
      146.99000549316406
    ],
    [
      1782504442,
      149.36000061035156
    ],
    [
      1782505347,
      149.36000061035156
    ],
    [
      1782506253,
      149.36000061035156
    ]
  ],
  "_alerts_sent": {
    "GAVA_2026-06-26 19": true
  }
}