{
  "IBIT": [
    [
      1781278662,
      36.21500015258789
    ],
    [
      1781279568,
      36.154998779296875
    ],
    [
      1781280475,
      36.095001220703125
    ],
    [
      1781281380,
      36.160099029541016
    ],
    [
      1781282287,
      36.20989990234375
    ],
    [
      1781283193,
      36.21900177001953
    ],
    [
      1781284098,
      36.27000045776367
    ],
    [
      1781285004,
      36.125
    ]
  ],
  "ETHA": [
    [
      1781278662,
      12.61989974975586
    ],
    [
      1781279568,
      12.579999923706055
    ],
    [
      1781280475,
      12.5600004196167
    ],
    [
      1781281380,
      12.597000122070312
    ],
    [
      1781282287,
      12.614999771118164
    ],
    [
      1781283193,
      12.604999542236328
    ],
    [
      1781284098,
      12.640999794006348
    ],
    [
      1781285004,
      12.585000038146973
    ]
  ],
  "GAVA": [
    [
      1781281380,
      15.979999542236328
    ],
    [
      1781282287,
      15.979999542236328
    ],
    [
      1781283193,
      15.979999542236328
    ],
    [
      1781284098,
      15.979999542236328
    ],
    [
      1781285004,
      15.979999542236328
    ]
  ],
  "QQQ": [
    [
      1781278662,
      721.7000732421875
    ],
    [
      1781279568,
      719.6500244140625
    ],
    [
      1781280475,
      717.5499877929688
    ],
    [
      1781281380,
      719.97998046875
    ],
    [
      1781282287,
      720.27001953125
    ],
    [
      1781283193,
      721.1898803710938
    ],
    [
      1781284098,
      723.3300170898438
    ],
    [
      1781285004,
      723.510009765625
    ]
  ],
  "SPY": [
    [
      1781278662,
      742.1699829101562
    ],
    [
      1781279568,
      740.75
    ],
    [
      1781280475,
      739.16259765625
    ],
    [
      1781281380,
      740.7150268554688
    ],
    [
      1781282287,
      740.7849731445312
    ],
    [
      1781283193,
      741.0800170898438
    ],
    [
      1781284098,
      742.5800170898438
    ],
    [
      1781285004,
      742.47998046875
    ]
  ],
  "S&P500": [
    [
      1781278662,
      7434.58984375
    ],
    [
      1781279568,
      7420.64990234375
    ],
    [
      1781280475,
      7403.7900390625
    ],
    [
      1781281380,
      7419.60986328125
    ],
    [
      1781282287,
      7420.2099609375
    ],
    [
      1781283193,
      7423.080078125
    ],
    [
      1781284098,
      7437.81982421875
    ],
    [
      1781285004,
      7437.4501953125
    ]
  ],
  "NVDA": [
    [
      1781278662,
      206.1699981689453
    ],
    [
      1781279568,
      205.25
    ],
    [
      1781280475,
      204.72000122070312
    ],
    [
      1781281380,
      205.09500122070312
    ],
    [
      1781282287,
      204.8000030517578
    ],
    [
      1781283193,
      204.67999267578125
    ],
    [
      1781284098,
      205.18499755859375
    ],
    [
      1781285004,
      205.0800018310547
    ]
  ],
  "AAPL": [
    [
      1781278662,
      291.989990234375
    ],
    [
      1781279568,
      291.6050109863281
    ],
    [
      1781280475,
      290.8999938964844
    ],
    [
      1781281380,
      291.67498779296875
    ],
    [
      1781282287,
      291.0199890136719
    ],
    [
      1781283193,
      291.30999755859375
    ],
    [
      1781284098,
      291.5899963378906
    ],
    [
      1781285004,
      291.9049987792969
    ]
  ],
  "TSLA": [
    [
      1781278662,
      398.42999267578125
    ],
    [
      1781279568,
      391.5450134277344
    ],
    [
      1781280475,
      387.69000244140625
    ],
    [
      1781281380,
      392.2250061035156
    ],
    [
      1781282287,
      395.8671875
    ],
    [
      1781283193,
      398.1449890136719
    ],
    [
      1781284098,
      403.8500061035156
    ],
    [
      1781285004,
      399.94970703125
    ]
  ],
  "COIN": [
    [
      1781278662,
      162.0299072265625
    ],
    [
      1781279568,
      161.2100067138672
    ],
    [
      1781280475,
      159.0749969482422
    ],
    [
      1781281380,
      160.47509765625
    ],
    [
      1781282287,
      160.3300018310547
    ],
    [
      1781283193,
      160.69500732421875
    ],
    [
      1781284098,
      161.00999450683594
    ],
    [
      1781285004,
      159.6999969482422
    ]
  ],
  "_alerts_sent": {
    "TSLA_2026-06-12 19": true
  }
}