{
  "IBIT": [
    [
      1781894198,
      35.6150016784668
    ],
    [
      1781895101,
      35.6150016784668
    ],
    [
      1781896003,
      35.6150016784668
    ],
    [
      1781896904,
      35.6150016784668
    ],
    [
      1781897806,
      35.6150016784668
    ],
    [
      1781898708,
      35.6150016784668
    ],
    [
      1781899610,
      35.6150016784668
    ],
    [
      1781900512,
      35.6150016784668
    ],
    [
      1781901348,
      35.6150016784668
    ]
  ],
  "ETHA": [
    [
      1781894198,
      12.859999656677246
    ],
    [
      1781895101,
      12.859999656677246
    ],
    [
      1781896003,
      12.859999656677246
    ],
    [
      1781896904,
      12.859999656677246
    ],
    [
      1781897806,
      12.859999656677246
    ],
    [
      1781898708,
      12.859999656677246
    ],
    [
      1781899610,
      12.859999656677246
    ],
    [
      1781900512,
      12.859999656677246
    ],
    [
      1781901348,
      12.859999656677246
    ]
  ],
  "GAVA": [
    [
      1781894198,
      15.90999984741211
    ],
    [
      1781895101,
      15.90999984741211
    ],
    [
      1781896003,
      15.90999984741211
    ],
    [
      1781896904,
      15.90999984741211
    ],
    [
      1781897806,
      15.90999984741211
    ],
    [
      1781898708,
      15.90999984741211
    ],
    [
      1781899610,
      15.90999984741211
    ],
    [
      1781900512,
      15.90999984741211
    ],
    [
      1781901348,
      15.90999984741211
    ]
  ],
  "QQQ": [
    [
      1781894198,
      739.6900024414062
    ],
    [
      1781895101,
      739.6900024414062
    ],
    [
      1781896003,
      739.6900024414062
    ],
    [
      1781896904,
      739.6900024414062
    ],
    [
      1781897806,
      739.6900024414062
    ],
    [
      1781898708,
      739.6900024414062
    ],
    [
      1781899610,
      739.6900024414062
    ],
    [
      1781900512,
      739.6900024414062
    ],
    [
      1781901348,
      739.6900024414062
    ]
  ],
  "SPY": [
    [
      1781894198,
      746.5900268554688
    ],
    [
      1781895101,
      746.5900268554688
    ],
    [
      1781896003,
      746.5900268554688
    ],
    [
      1781896904,
      746.5900268554688
    ],
    [
      1781897806,
      746.5900268554688
    ],
    [
      1781898708,
      746.5900268554688
    ],
    [
      1781899610,
      746.5900268554688
    ],
    [
      1781900512,
      746.5900268554688
    ],
    [
      1781901348,
      746.5900268554688
    ]
  ],
  "S&P500": [
    [
      1781894198,
      7497.85986328125
    ],
    [
      1781895101,
      7497.85986328125
    ],
    [
      1781896003,
      7497.85986328125
    ],
    [
      1781896904,
      7497.85986328125
    ],
    [
      1781897806,
      7497.85986328125
    ],
    [
      1781898708,
      7497.85986328125
    ],
    [
      1781899610,
      7497.85986328125
    ],
    [
      1781900512,
      7497.85986328125
    ],
    [
      1781901348,
      7497.85986328125
    ]
  ],
  "NVDA": [
    [
      1781894198,
      210.22999572753906
    ],
    [
      1781895101,
      210.22999572753906
    ],
    [
      1781896003,
      210.22999572753906
    ],
    [
      1781896904,
      210.22999572753906
    ],
    [
      1781897806,
      210.22999572753906
    ],
    [
      1781898708,
      210.22999572753906
    ],
    [
      1781899610,
      210.22999572753906
    ],
    [
      1781900512,
      210.22999572753906
    ],
    [
      1781901348,
      210.22999572753906
    ]
  ],
  "AAPL": [
    [
      1781894198,
      297.8900146484375
    ],
    [
      1781895101,
      297.8900146484375
    ],
    [
      1781896003,
      297.8900146484375
    ],
    [
      1781896904,
      297.8900146484375
    ],
    [
      1781897806,
      297.8900146484375
    ],
    [
      1781898708,
      297.8900146484375
    ],
    [
      1781899610,
      297.8900146484375
    ],
    [
      1781900512,
      297.8900146484375
    ],
    [
      1781901348,
      297.8900146484375
    ]
  ],
  "TSLA": [
    [
      1781894198,
      400.42999267578125
    ],
    [
      1781895101,
      400.42999267578125
    ],
    [
      1781896003,
      400.42999267578125
    ],
    [
      1781896904,
      400.42999267578125
    ],
    [
      1781897806,
      400.42999267578125
    ],
    [
      1781898708,
      400.42999267578125
    ],
    [
      1781899610,
      400.42999267578125
    ],
    [
      1781900512,
      400.42999267578125
    ],
    [
      1781901348,
      400.42999267578125
    ]
  ],
  "COIN": [
    [
      1781894198,
      163.22000122070312
    ],
    [
      1781895101,
      163.22000122070312
    ],
    [
      1781896003,
      163.22000122070312
    ],
    [
      1781896904,
      163.22000122070312
    ],
    [
      1781897806,
      163.22000122070312
    ],
    [
      1781898708,
      163.22000122070312
    ],
    [
      1781899610,
      163.22000122070312
    ],
    [
      1781900512,
      163.22000122070312
    ],
    [
      1781901348,
      163.22000122070312
    ]
  ],
  "_alerts_sent": {}
}