{
  "IBIT": [
    [
      1783364974,
      36.060001373291016
    ],
    [
      1783365876,
      36.17499923706055
    ],
    [
      1783366777,
      36.10499954223633
    ],
    [
      1783367679,
      36.14500045776367
    ],
    [
      1783368581,
      36.08000183105469
    ],
    [
      1783369483,
      36.08000183105469
    ],
    [
      1783370385,
      36.08000183105469
    ],
    [
      1783371287,
      36.08000183105469
    ]
  ],
  "ETHA": [
    [
      1783364974,
      13.53499984741211
    ],
    [
      1783365876,
      13.5649995803833
    ],
    [
      1783366777,
      13.53499984741211
    ],
    [
      1783367679,
      13.543000221252441
    ],
    [
      1783368581,
      13.520000457763672
    ],
    [
      1783369483,
      13.520000457763672
    ],
    [
      1783370385,
      13.520000457763672
    ],
    [
      1783371287,
      13.520000457763672
    ]
  ],
  "GAVA": [
    [
      1783364974,
      16.739999771118164
    ],
    [
      1783365876,
      16.739999771118164
    ],
    [
      1783366777,
      16.739999771118164
    ],
    [
      1783367679,
      16.739999771118164
    ],
    [
      1783368581,
      16.739999771118164
    ],
    [
      1783369483,
      16.739999771118164
    ],
    [
      1783370385,
      16.739999771118164
    ],
    [
      1783371287,
      16.739999771118164
    ]
  ],
  "QQQ": [
    [
      1783364974,
      724.0800170898438
    ],
    [
      1783365876,
      725.1599731445312
    ],
    [
      1783366777,
      724.030029296875
    ],
    [
      1783367679,
      723.2949829101562
    ],
    [
      1783368581,
      722.6500244140625
    ],
    [
      1783369483,
      722.6500244140625
    ],
    [
      1783370385,
      722.6500244140625
    ],
    [
      1783371287,
      722.6500244140625
    ]
  ],
  "SPY": [
    [
      1783364974,
      751.77001953125
    ],
    [
      1783365876,
      752.3200073242188
    ],
    [
      1783366777,
      751.9299926757812
    ],
    [
      1783367679,
      751.2899780273438
    ],
    [
      1783368581,
      751.3099975585938
    ],
    [
      1783369483,
      751.3099975585938
    ],
    [
      1783370385,
      751.3099975585938
    ],
    [
      1783371287,
      751.3099975585938
    ]
  ],
  "S&P500": [
    [
      1783364974,
      7545.6298828125
    ],
    [
      1783365876,
      7551.08984375
    ],
    [
      1783366777,
      7546.4501953125
    ],
    [
      1783367679,
      7540.16015625
    ],
    [
      1783368581,
      7538.33984375
    ],
    [
      1783369483,
      7538.33984375
    ],
    [
      1783370385,
      7538.33984375
    ],
    [
      1783371287,
      7538.33984375
    ]
  ],
  "NVDA": [
    [
      1783364974,
      196.60000610351562
    ],
    [
      1783365876,
      196.97000122070312
    ],
    [
      1783366777,
      196.63499450683594
    ],
    [
      1783367679,
      196.42999267578125
    ],
    [
      1783368581,
      195.5749969482422
    ],
    [
      1783369483,
      195.5749969482422
    ],
    [
      1783370385,
      195.5749969482422
    ],
    [
      1783371287,
      195.5749969482422
    ]
  ],
  "AAPL": [
    [
      1783364974,
      313.2200012207031
    ],
    [
      1783365876,
      313.42999267578125
    ],
    [
      1783366777,
      313.6499938964844
    ],
    [
      1783367679,
      312.7099914550781
    ],
    [
      1783368581,
      312.80999755859375
    ],
    [
      1783369483,
      312.80999755859375
    ],
    [
      1783370385,
      312.80999755859375
    ],
    [
      1783371287,
      312.80999755859375
    ]
  ],
  "TSLA": [
    [
      1783364974,
      417.3800048828125
    ],
    [
      1783365876,
      417.1440124511719
    ],
    [
      1783366777,
      417.18499755859375
    ],
    [
      1783367679,
      418.04998779296875
    ],
    [
      1783368581,
      419.7699890136719
    ],
    [
      1783369483,
      419.7699890136719
    ],
    [
      1783370385,
      419.7699890136719
    ],
    [
      1783371287,
      419.7699890136719
    ]
  ],
  "COIN": [
    [
      1783364974,
      169.34140014648438
    ],
    [
      1783365876,
      170.13999938964844
    ],
    [
      1783366777,
      169.42010498046875
    ],
    [
      1783367679,
      169.10000610351562
    ],
    [
      1783368581,
      168.8699951171875
    ],
    [
      1783369483,
      168.8699951171875
    ],
    [
      1783370385,
      168.8699951171875
    ],
    [
      1783371287,
      168.8699951171875
    ]
  ],
  "_alerts_sent": {}
}