{
  "IBIT": [
    [
      1781274724,
      36.03450012207031
    ],
    [
      1781275637,
      35.95500183105469
    ],
    [
      1781276851,
      36.31999969482422
    ],
    [
      1781277756,
      36.369998931884766
    ]
  ],
  "ETHA": [
    [
      1781274724,
      12.59000015258789
    ],
    [
      1781275637,
      12.590100288391113
    ],
    [
      1781276851,
      12.729999542236328
    ],
    [
      1781277756,
      12.699999809265137
    ]
  ],
  "GAVA": [
    [
      1781204211,
      15.789999961853027
    ],
    [
      1781205116,
      15.789999961853027
    ],
    [
      1781206022,
      15.789999961853027
    ],
    [
      1781206928,
      15.789999961853027
    ],
    [
      1781207668,
      15.789999961853027
    ],
    [
      1781208606,
      15.789999961853027
    ],
    [
      1781209519,
      15.789999961853027
    ],
    [
      1781210424,
      15.789999961853027
    ],
    [
      1781211329,
      15.789999961853027
    ]
  ],
  "QQQ": [
    [
      1781274724,
      718.97998046875
    ],
    [
      1781275637,
      714.6699829101562
    ],
    [
      1781276851,
      721.2999877929688
    ],
    [
      1781277756,
      723.2738037109375
    ]
  ],
  "SPY": [
    [
      1781274724,
      740.14501953125
    ],
    [
      1781275637,
      737.489990234375
    ],
    [
      1781276851,
      742.5399780273438
    ],
    [
      1781277756,
      743.6099853515625
    ]
  ],
  "S&P500": [
    [
      1781274724,
      7413.58984375
    ],
    [
      1781275637,
      7386.990234375
    ],
    [
      1781276851,
      7437.25
    ],
    [
      1781277756,
      7449.02001953125
    ]
  ],
  "NVDA": [
    [
      1781274724,
      205.77000427246094
    ],
    [
      1781275637,
      204.125
    ],
    [
      1781276851,
      205.5146942138672
    ],
    [
      1781277756,
      206.8000030517578
    ]
  ],
  "AAPL": [
    [
      1781274724,
      292.2149963378906
    ],
    [
      1781275637,
      290.7900085449219
    ],
    [
      1781276851,
      292.45001220703125
    ],
    [
      1781277756,
      292.7749938964844
    ]
  ],
  "TSLA": [
    [
      1781274724,
      396.0899963378906
    ],
    [
      1781275637,
      392.93499755859375
    ],
    [
      1781276851,
      397.3500061035156
    ],
    [
      1781277756,
      398.3599853515625
    ]
  ],
  "COIN": [
    [
      1781274724,
      161.88999938964844
    ],
    [
      1781275637,
      161.42999267578125
    ],
    [
      1781276851,
      165.14999389648438
    ],
    [
      1781277756,
      163.99000549316406
    ]
  ],
  "_alerts_sent": {}
}