{
  "IBIT": [
    [
      1781801430,
      35.46500015258789
    ],
    [
      1781802332,
      35.439998626708984
    ],
    [
      1781803234,
      35.41999816894531
    ],
    [
      1781804136,
      35.435001373291016
    ],
    [
      1781805038,
      35.435001373291016
    ],
    [
      1781805940,
      35.44499969482422
    ],
    [
      1781806842,
      35.595001220703125
    ],
    [
      1781807745,
      35.51499938964844
    ]
  ],
  "ETHA": [
    [
      1781801430,
      12.70989990234375
    ],
    [
      1781802332,
      12.71500015258789
    ],
    [
      1781803234,
      12.704999923706055
    ],
    [
      1781804136,
      12.670100212097168
    ],
    [
      1781805038,
      12.679400444030762
    ],
    [
      1781805940,
      12.664999961853027
    ],
    [
      1781806842,
      12.694999694824219
    ],
    [
      1781807745,
      12.6899995803833
    ]
  ],
  "GAVA": [
    [
      1781801430,
      15.90999984741211
    ],
    [
      1781802332,
      15.90999984741211
    ],
    [
      1781803234,
      15.90999984741211
    ],
    [
      1781804136,
      15.90999984741211
    ],
    [
      1781805038,
      15.90999984741211
    ],
    [
      1781805940,
      15.90999984741211
    ],
    [
      1781806842,
      15.90999984741211
    ],
    [
      1781807745,
      15.90999984741211
    ]
  ],
  "QQQ": [
    [
      1781801430,
      739.0750122070312
    ],
    [
      1781802332,
      740.2000122070312
    ],
    [
      1781803234,
      740.4299926757812
    ],
    [
      1781804136,
      740.3800048828125
    ],
    [
      1781805038,
      740.22998046875
    ],
    [
      1781805940,
      739.9036865234375
    ],
    [
      1781806842,
      739.4400024414062
    ],
    [
      1781807745,
      739.2550048828125
    ]
  ],
  "SPY": [
    [
      1781801430,
      746.6649780273438
    ],
    [
      1781802332,
      747.6119995117188
    ],
    [
      1781803234,
      748.010009765625
    ],
    [
      1781804136,
      747.6799926757812
    ],
    [
      1781805038,
      747.2050170898438
    ],
    [
      1781805940,
      746.719970703125
    ],
    [
      1781806842,
      746.5349731445312
    ],
    [
      1781807745,
      746.3499755859375
    ]
  ],
  "S&P500": [
    [
      1781801430,
      7496.56005859375
    ],
    [
      1781802332,
      7505.77978515625
    ],
    [
      1781803234,
      7510.06982421875
    ],
    [
      1781804136,
      7507.240234375
    ],
    [
      1781805038,
      7502.31982421875
    ],
    [
      1781805940,
      7496.68994140625
    ],
    [
      1781806842,
      7495.240234375
    ],
    [
      1781807745,
      7493.830078125
    ]
  ],
  "NVDA": [
    [
      1781801430,
      210.26499938964844
    ],
    [
      1781802332,
      210.44500732421875
    ],
    [
      1781803234,
      210.4600067138672
    ],
    [
      1781804136,
      210.38009643554688
    ],
    [
      1781805038,
      210.06509399414062
    ],
    [
      1781805940,
      209.8000030517578
    ],
    [
      1781806842,
      209.80999755859375
    ],
    [
      1781807745,
      210.375
    ]
  ],
  "AAPL": [
    [
      1781801430,
      297.1449890136719
    ],
    [
      1781802332,
      298.05999755859375
    ],
    [
      1781803234,
      298.2200012207031
    ],
    [
      1781804136,
      297.8299865722656
    ],
    [
      1781805038,
      297.6199951171875
    ],
    [
      1781805940,
      297.3699951171875
    ],
    [
      1781806842,
      297.5400085449219
    ],
    [
      1781807745,
      297.44500732421875
    ]
  ],
  "TSLA": [
    [
      1781801430,
      393.17498779296875
    ],
    [
      1781802332,
      394.5849914550781
    ],
    [
      1781803234,
      394.6650085449219
    ],
    [
      1781804136,
      396.9599914550781
    ],
    [
      1781805038,
      396.57000732421875
    ],
    [
      1781805940,
      395.57501220703125
    ],
    [
      1781806842,
      394.5799865722656
    ],
    [
      1781807745,
      394.57000732421875
    ]
  ],
  "COIN": [
    [
      1781801430,
      163.33999633789062
    ],
    [
      1781802332,
      163.55999755859375
    ],
    [
      1781803234,
      163.6999969482422
    ],
    [
      1781804136,
      163.3498992919922
    ],
    [
      1781805038,
      163.61500549316406
    ],
    [
      1781805940,
      163.3800048828125
    ],
    [
      1781806842,
      161.55999755859375
    ],
    [
      1781807745,
      161.4149932861328
    ]
  ],
  "_alerts_sent": {
    "TSLA_2026-06-18 16": true,
    "COIN_2026-06-18 16": true,
    "GAVA_2026-06-18 16": true
  }
}