{
  "IBIT": [
    [
      1781634759,
      37.33150100708008
    ],
    [
      1781635669,
      37.28499984741211
    ],
    [
      1781636575,
      37.185001373291016
    ],
    [
      1781637480,
      37.1349983215332
    ],
    [
      1781638386,
      37.200199127197266
    ],
    [
      1781639291,
      37.154998779296875
    ],
    [
      1781639969,
      37.165000915527344
    ],
    [
      1781640880,
      37.185001373291016
    ],
    [
      1781641786,
      37.185001373291016
    ]
  ],
  "ETHA": [
    [
      1781634759,
      13.5649995803833
    ],
    [
      1781635669,
      13.555000305175781
    ],
    [
      1781636575,
      13.524999618530273
    ],
    [
      1781637480,
      13.51360034942627
    ],
    [
      1781638386,
      13.564399719238281
    ],
    [
      1781639291,
      13.5600004196167
    ],
    [
      1781639969,
      13.53499984741211
    ],
    [
      1781640880,
      13.53499984741211
    ],
    [
      1781641786,
      13.53499984741211
    ]
  ],
  "GAVA": [
    [
      1781634759,
      16.415000915527344
    ],
    [
      1781635669,
      16.415000915527344
    ],
    [
      1781636575,
      16.415000915527344
    ],
    [
      1781637480,
      16.415000915527344
    ],
    [
      1781638386,
      16.415000915527344
    ],
    [
      1781639291,
      16.415000915527344
    ],
    [
      1781639969,
      16.415000915527344
    ],
    [
      1781640880,
      16.415000915527344
    ],
    [
      1781641786,
      16.415000915527344
    ]
  ],
  "QQQ": [
    [
      1781634759,
      733.4400024414062
    ],
    [
      1781635669,
      733.7899780273438
    ],
    [
      1781636575,
      733.0750122070312
    ],
    [
      1781637480,
      731.3400268554688
    ],
    [
      1781638386,
      733.239990234375
    ],
    [
      1781639291,
      731.7600708007812
    ],
    [
      1781639969,
      730.239990234375
    ],
    [
      1781640880,
      729.780029296875
    ],
    [
      1781641786,
      729.780029296875
    ]
  ],
  "SPY": [
    [
      1781634759,
      751.9349975585938
    ],
    [
      1781635669,
      752.2249755859375
    ],
    [
      1781636575,
      751.4249877929688
    ],
    [
      1781637480,
      750.6199951171875
    ],
    [
      1781638386,
      751.1199951171875
    ],
    [
      1781639291,
      750.7100219726562
    ],
    [
      1781639969,
      750.5545043945312
    ],
    [
      1781640880,
      750.3900146484375
    ],
    [
      1781641786,
      750.3499755859375
    ]
  ],
  "S&P500": [
    [
      1781634759,
      7530.0400390625
    ],
    [
      1781635669,
      7532.4599609375
    ],
    [
      1781636575,
      7524.56982421875
    ],
    [
      1781637480,
      7516.18994140625
    ],
    [
      1781638386,
      7521.66015625
    ],
    [
      1781639291,
      7517.27001953125
    ],
    [
      1781639969,
      7511.14013671875
    ],
    [
      1781640880,
      7512.990234375
    ],
    [
      1781641786,
      7512.990234375
    ]
  ],
  "NVDA": [
    [
      1781634759,
      209.32000732421875
    ],
    [
      1781635669,
      209.06199645996094
    ],
    [
      1781636575,
      209.07000732421875
    ],
    [
      1781637480,
      208.2550048828125
    ],
    [
      1781638386,
      208.77999877929688
    ],
    [
      1781639291,
      208.44000244140625
    ],
    [
      1781639969,
      207.67999267578125
    ],
    [
      1781640880,
      207.2899932861328
    ],
    [
      1781641786,
      207.2899932861328
    ]
  ],
  "AAPL": [
    [
      1781634759,
      298.7300109863281
    ],
    [
      1781635669,
      299.44000244140625
    ],
    [
      1781636575,
      298.90509033203125
    ],
    [
      1781637480,
      299.05999755859375
    ],
    [
      1781638386,
      298.489990234375
    ],
    [
      1781639291,
      298.92999267578125
    ],
    [
      1781639969,
      299.2699890136719
    ],
    [
      1781640880,
      299.25
    ],
    [
      1781641786,
      299.25
    ]
  ],
  "TSLA": [
    [
      1781634759,
      405.5849914550781
    ],
    [
      1781635669,
      405.1050109863281
    ],
    [
      1781636575,
      404.9200134277344
    ],
    [
      1781637480,
      405.3299865722656
    ],
    [
      1781638386,
      406.7200012207031
    ],
    [
      1781639291,
      406.43499755859375
    ],
    [
      1781639969,
      404.6400146484375
    ],
    [
      1781640880,
      404.6700134277344
    ],
    [
      1781641786,
      404.6700134277344
    ]
  ],
  "COIN": [
    [
      1781634759,
      171.5500030517578
    ],
    [
      1781635669,
      171.2899932861328
    ],
    [
      1781636575,
      171.19500732421875
    ],
    [
      1781637480,
      171.39999389648438
    ],
    [
      1781638386,
      171.85499572753906
    ],
    [
      1781639291,
      170.5500030517578
    ],
    [
      1781639969,
      169.27499389648438
    ],
    [
      1781640880,
      169.25999450683594
    ],
    [
      1781641786,
      169.25999450683594
    ]
  ],
  "_alerts_sent": {
    "ETHA_2026-06-16 16": true,
    "GAVA_2026-06-16 16": true
  }
}