{
  "IBIT": [
    [
      1784568192,
      37.064998626708984
    ],
    [
      1784569095,
      37.04499816894531
    ],
    [
      1784569998,
      37.080101013183594
    ],
    [
      1784570901,
      37.1349983215332
    ],
    [
      1784571804,
      37.1349983215332
    ],
    [
      1784572707,
      37.09000015258789
    ],
    [
      1784573611,
      36.96500015258789
    ],
    [
      1784574514,
      36.92499923706055
    ]
  ],
  "ETHA": [
    [
      1784568192,
      14.324999809265137
    ],
    [
      1784569095,
      14.324999809265137
    ],
    [
      1784569998,
      14.375
    ],
    [
      1784570901,
      14.414999961853027
    ],
    [
      1784571804,
      14.395000457763672
    ],
    [
      1784572707,
      14.38010025024414
    ],
    [
      1784573611,
      14.335000038146973
    ],
    [
      1784574514,
      14.305100440979004
    ]
  ],
  "GAVA": [
    [
      1784568192,
      16.049999237060547
    ],
    [
      1784569095,
      16.049999237060547
    ],
    [
      1784569998,
      16.049999237060547
    ],
    [
      1784570901,
      16.049999237060547
    ],
    [
      1784571804,
      16.049999237060547
    ],
    [
      1784572707,
      16.049999237060547
    ],
    [
      1784573611,
      16.049999237060547
    ],
    [
      1784574514,
      16.049999237060547
    ]
  ],
  "QQQ": [
    [
      1784568192,
      700.469970703125
    ],
    [
      1784569095,
      699.7999877929688
    ],
    [
      1784569998,
      700.6099853515625
    ],
    [
      1784570901,
      700.3200073242188
    ],
    [
      1784571804,
      700.27001953125
    ],
    [
      1784572707,
      699.2501220703125
    ],
    [
      1784573611,
      698.3800048828125
    ],
    [
      1784574514,
      697.5850219726562
    ]
  ],
  "SPY": [
    [
      1784568192,
      744.3599853515625
    ],
    [
      1784569095,
      744.030029296875
    ],
    [
      1784569998,
      744.6900024414062
    ],
    [
      1784570901,
      744.6199951171875
    ],
    [
      1784571804,
      744.6400146484375
    ],
    [
      1784572707,
      743.9400024414062
    ],
    [
      1784573611,
      742.8900146484375
    ],
    [
      1784574514,
      742.6199951171875
    ]
  ],
  "S&P500": [
    [
      1784568192,
      7469.47998046875
    ],
    [
      1784569095,
      7465.85986328125
    ],
    [
      1784569998,
      7472.81005859375
    ],
    [
      1784570901,
      7471.72998046875
    ],
    [
      1784571804,
      7471.7099609375
    ],
    [
      1784572707,
      7464.72021484375
    ],
    [
      1784573611,
      7454.419921875
    ],
    [
      1784574514,
      7451.06005859375
    ]
  ],
  "NVDA": [
    [
      1784568192,
      203.83999633789062
    ],
    [
      1784569095,
      204.05499267578125
    ],
    [
      1784569998,
      204.58999633789062
    ],
    [
      1784570901,
      204.63999938964844
    ],
    [
      1784571804,
      204.52999877929688
    ],
    [
      1784572707,
      204.00999450683594
    ],
    [
      1784573611,
      203.44119262695312
    ],
    [
      1784574514,
      202.91000366210938
    ]
  ],
  "AAPL": [
    [
      1784568192,
      324.5299987792969
    ],
    [
      1784569095,
      324.69500732421875
    ],
    [
      1784569998,
      324.7749938964844
    ],
    [
      1784570901,
      325.2799987792969
    ],
    [
      1784571804,
      326.19000244140625
    ],
    [
      1784572707,
      326.739990234375
    ],
    [
      1784573611,
      327.07000732421875
    ],
    [
      1784574514,
      328.0599060058594
    ]
  ],
  "TSLA": [
    [
      1784568192,
      372.42999267578125
    ],
    [
      1784569095,
      371.375
    ],
    [
      1784569998,
      373.1050109863281
    ],
    [
      1784570901,
      373.5101013183594
    ],
    [
      1784571804,
      373.510009765625
    ],
    [
      1784572707,
      372.489990234375
    ],
    [
      1784573611,
      370.95001220703125
    ],
    [
      1784574514,
      370.4800109863281
    ]
  ],
  "COIN": [
    [
      1784568192,
      162.50999450683594
    ],
    [
      1784569095,
      163.1699981689453
    ],
    [
      1784569998,
      163.5500030517578
    ],
    [
      1784570901,
      163.9149932861328
    ],
    [
      1784571804,
      163.625
    ],
    [
      1784572707,
      162.6999969482422
    ],
    [
      1784573611,
      160.75
    ],
    [
      1784574514,
      159.9199981689453
    ]
  ],
  "_alerts_sent": {}
}