{
  "IBIT": [
    [
      1783089151,
      34.81999969482422
    ]
  ],
  "ETHA": [
    [
      1783089151,
      12.835000038146973
    ]
  ],
  "GAVA": [
    [
      1783089151,
      16.440000534057617
    ]
  ],
  "QQQ": [
    [
      1783089151,
      712.739990234375
    ]
  ],
  "SPY": [
    [
      1783089151,
      744.8400268554688
    ]
  ],
  "S&P500": [
    [
      1783089151,
      7477.6298828125
    ]
  ],
  "NVDA": [
    [
      1783089151,
      194.6199951171875
    ]
  ],
  "AAPL": [
    [
      1783089151,
      308.2200012207031
    ]
  ],
  "TSLA": [
    [
      1783089151,
      392.82000732421875
    ]
  ],
  "COIN": [
    [
      1783089151,
      165.48500061035156
    ]
  ],
  "_alerts_sent": {}
}