{
  "IBIT": [
    [
      1782313979,
      34.429298400878906
    ],
    [
      1782315293,
      34.349998474121094
    ],
    [
      1782316198,
      34.154998779296875
    ],
    [
      1782317103,
      34.08000183105469
    ],
    [
      1782318009,
      34.224998474121094
    ],
    [
      1782318914,
      34.244998931884766
    ],
    [
      1782319820,
      33.999900817871094
    ],
    [
      1782320725,
      33.89120101928711
    ]
  ],
  "ETHA": [
    [
      1782313979,
      12.33810043334961
    ],
    [
      1782315293,
      12.338600158691406
    ],
    [
      1782316198,
      12.20989990234375
    ],
    [
      1782317103,
      12.199999809265137
    ],
    [
      1782318009,
      12.279999732971191
    ],
    [
      1782318914,
      12.28969955444336
    ],
    [
      1782319820,
      12.161299705505371
    ],
    [
      1782320725,
      11.984999656677246
    ]
  ],
  "GAVA": [
    [
      1782313979,
      15.229999542236328
    ],
    [
      1782315293,
      15.229999542236328
    ],
    [
      1782316198,
      15.229999542236328
    ],
    [
      1782317103,
      15.229999542236328
    ],
    [
      1782318009,
      15.229999542236328
    ],
    [
      1782318914,
      15.229999542236328
    ],
    [
      1782319820,
      15.229999542236328
    ],
    [
      1782320725,
      15.229999542236328
    ]
  ],
  "QQQ": [
    [
      1782313979,
      716.3400268554688
    ],
    [
      1782315293,
      716.97998046875
    ],
    [
      1782316198,
      716.5
    ],
    [
      1782317103,
      716.3800048828125
    ],
    [
      1782318009,
      716.6199951171875
    ],
    [
      1782318914,
      715.6279296875
    ],
    [
      1782319820,
      714.1500244140625
    ],
    [
      1782320725,
      713.6950073242188
    ]
  ],
  "SPY": [
    [
      1782313979,
      738.1950073242188
    ],
    [
      1782315293,
      739.27001953125
    ],
    [
      1782316198,
      738.6799926757812
    ],
    [
      1782317103,
      738.0700073242188
    ],
    [
      1782318009,
      738.27001953125
    ],
    [
      1782318914,
      737.859375
    ],
    [
      1782319820,
      736.6599731445312
    ],
    [
      1782320725,
      736.2100219726562
    ]
  ],
  "S&P500": [
    [
      1782313979,
      7410.7900390625
    ],
    [
      1782315293,
      7421.47021484375
    ],
    [
      1782316198,
      7415.18017578125
    ],
    [
      1782317103,
      7409.68017578125
    ],
    [
      1782318009,
      7411.330078125
    ],
    [
      1782318914,
      7407.080078125
    ],
    [
      1782319820,
      7394.75
    ],
    [
      1782320725,
      7390.3701171875
    ]
  ],
  "NVDA": [
    [
      1782313979,
      200.97999572753906
    ],
    [
      1782315293,
      200.83999633789062
    ],
    [
      1782316198,
      200.88999938964844
    ],
    [
      1782317103,
      200.75
    ],
    [
      1782318009,
      200.67990112304688
    ],
    [
      1782318914,
      200.3800048828125
    ],
    [
      1782319820,
      199.74000549316406
    ],
    [
      1782320725,
      199.47000122070312
    ]
  ],
  "AAPL": [
    [
      1782313979,
      297.05999755859375
    ],
    [
      1782315293,
      299.0799865722656
    ],
    [
      1782316198,
      299.0199890136719
    ],
    [
      1782317103,
      298.885009765625
    ],
    [
      1782318009,
      298.2799987792969
    ],
    [
      1782318914,
      297.91009521484375
    ],
    [
      1782319820,
      297.55999755859375
    ],
    [
      1782320725,
      297.05499267578125
    ]
  ],
  "TSLA": [
    [
      1782313979,
      382.5400085449219
    ],
    [
      1782315293,
      381.8800048828125
    ],
    [
      1782316198,
      381.9049987792969
    ],
    [
      1782317103,
      380.92999267578125
    ],
    [
      1782318009,
      381.2250061035156
    ],
    [
      1782318914,
      380.75
    ],
    [
      1782319820,
      379.4800109863281
    ],
    [
      1782320725,
      378.95001220703125
    ]
  ],
  "COIN": [
    [
      1782313979,
      153.82000732421875
    ],
    [
      1782315293,
      153.91000366210938
    ],
    [
      1782316198,
      153.38999938964844
    ],
    [
      1782317103,
      152.17999267578125
    ],
    [
      1782318009,
      152.27999877929688
    ],
    [
      1782318914,
      152.13499450683594
    ],
    [
      1782319820,
      151.0800018310547
    ],
    [
      1782320725,
      150.47999572753906
    ]
  ],
  "_alerts_sent": {}
}