{
  "IBIT": [
    [
      1784305730,
      35.939998626708984
    ],
    [
      1784306633,
      35.96500015258789
    ],
    [
      1784307536,
      36.0099983215332
    ],
    [
      1784308439,
      36.255001068115234
    ],
    [
      1784309342,
      36.275001525878906
    ],
    [
      1784310245,
      36.27000045776367
    ],
    [
      1784311148,
      36.29499816894531
    ],
    [
      1784312052,
      36.30500030517578
    ]
  ],
  "ETHA": [
    [
      1784305730,
      13.845000267028809
    ],
    [
      1784306633,
      13.864999771118164
    ],
    [
      1784307536,
      13.854999542236328
    ],
    [
      1784308439,
      13.944999694824219
    ],
    [
      1784309342,
      13.9399995803833
    ],
    [
      1784310245,
      13.920000076293945
    ],
    [
      1784311148,
      13.90999984741211
    ],
    [
      1784312052,
      13.904999732971191
    ]
  ],
  "GAVA": [
    [
      1784305730,
      15.711000442504883
    ],
    [
      1784306633,
      15.711000442504883
    ],
    [
      1784307536,
      15.711000442504883
    ],
    [
      1784308439,
      15.711000442504883
    ],
    [
      1784309342,
      15.711000442504883
    ],
    [
      1784310245,
      15.711000442504883
    ],
    [
      1784311148,
      15.711000442504883
    ],
    [
      1784312052,
      15.711000442504883
    ]
  ],
  "QQQ": [
    [
      1784305730,
      699.4000244140625
    ],
    [
      1784306633,
      699.969970703125
    ],
    [
      1784307536,
      700.5900268554688
    ],
    [
      1784308439,
      701.4199829101562
    ],
    [
      1784309342,
      701.8250122070312
    ],
    [
      1784310245,
      699.861083984375
    ],
    [
      1784311148,
      698.7799072265625
    ],
    [
      1784312052,
      697.9400024414062
    ]
  ],
  "SPY": [
    [
      1784305730,
      746.22998046875
    ],
    [
      1784306633,
      746.22998046875
    ],
    [
      1784307536,
      746.3900146484375
    ],
    [
      1784308439,
      746.655029296875
    ],
    [
      1784309342,
      746.9099731445312
    ],
    [
      1784310245,
      745.5900268554688
    ],
    [
      1784311148,
      744.5700073242188
    ],
    [
      1784312052,
      744.2100219726562
    ]
  ],
  "S&P500": [
    [
      1784305730,
      7488.10986328125
    ],
    [
      1784306633,
      7487.7900390625
    ],
    [
      1784307536,
      7489.31982421875
    ],
    [
      1784308439,
      7491.85009765625
    ],
    [
      1784309342,
      7494.81005859375
    ],
    [
      1784310245,
      7481.72021484375
    ],
    [
      1784311148,
      7471.5498046875
    ],
    [
      1784312052,
      7467.58984375
    ]
  ],
  "NVDA": [
    [
      1784305730,
      204.82000732421875
    ],
    [
      1784306633,
      205.11000061035156
    ],
    [
      1784307536,
      205.72999572753906
    ],
    [
      1784308439,
      206.32000732421875
    ],
    [
      1784309342,
      206.10000610351562
    ],
    [
      1784310245,
      205.2100067138672
    ],
    [
      1784311148,
      204.49000549316406
    ],
    [
      1784312052,
      203.77000427246094
    ]
  ],
  "AAPL": [
    [
      1784305730,
      331.6499938964844
    ],
    [
      1784306633,
      332.17498779296875
    ],
    [
      1784307536,
      330.69000244140625
    ],
    [
      1784308439,
      329.5450134277344
    ],
    [
      1784309342,
      330.4800109863281
    ],
    [
      1784310245,
      330.7998962402344
    ],
    [
      1784311148,
      331.7799987792969
    ],
    [
      1784312052,
      332.7250061035156
    ]
  ],
  "TSLA": [
    [
      1784305730,
      383.1859130859375
    ],
    [
      1784306633,
      383.9700012207031
    ],
    [
      1784307536,
      384.14068603515625
    ],
    [
      1784308439,
      385.3999938964844
    ],
    [
      1784309342,
      384.5299987792969
    ],
    [
      1784310245,
      382.9200134277344
    ],
    [
      1784311148,
      382.3299865722656
    ],
    [
      1784312052,
      381.9800109863281
    ]
  ],
  "COIN": [
    [
      1784305730,
      157.52999877929688
    ],
    [
      1784306633,
      157.4499969482422
    ],
    [
      1784307536,
      158.6300048828125
    ],
    [
      1784308439,
      159.75
    ],
    [
      1784309342,
      160.31500244140625
    ],
    [
      1784310245,
      160.15499877929688
    ],
    [
      1784311148,
      159.90499877929688
    ],
    [
      1784312052,
      158.77000427246094
    ]
  ],
  "_alerts_sent": {}
}