{
  "IBIT": [
    [
      1784054867,
      36.595001220703125
    ],
    [
      1784055769,
      36.58000183105469
    ],
    [
      1784056672,
      36.57500076293945
    ],
    [
      1784057575,
      36.53499984741211
    ],
    [
      1784058478,
      36.560001373291016
    ],
    [
      1784059381,
      36.56999969482422
    ],
    [
      1784060284,
      36.56999969482422
    ],
    [
      1784061187,
      36.56999969482422
    ]
  ],
  "ETHA": [
    [
      1784054867,
      14.149999618530273
    ],
    [
      1784055769,
      14.145000457763672
    ],
    [
      1784056672,
      14.154999732971191
    ],
    [
      1784057575,
      14.154999732971191
    ],
    [
      1784058478,
      14.184599876403809
    ],
    [
      1784059381,
      14.164999961853027
    ],
    [
      1784060284,
      14.164999961853027
    ],
    [
      1784061187,
      14.164999961853027
    ]
  ],
  "GAVA": [
    [
      1784054867,
      16.079999923706055
    ],
    [
      1784055769,
      16.079999923706055
    ],
    [
      1784056672,
      16.079999923706055
    ],
    [
      1784057575,
      16.079999923706055
    ],
    [
      1784058478,
      16.079999923706055
    ],
    [
      1784059381,
      16.079999923706055
    ],
    [
      1784060284,
      16.079999923706055
    ],
    [
      1784061187,
      16.079999923706055
    ]
  ],
  "QQQ": [
    [
      1784054867,
      720.9000244140625
    ],
    [
      1784055769,
      720.0700073242188
    ],
    [
      1784056672,
      720.5599975585938
    ],
    [
      1784057575,
      719.780029296875
    ],
    [
      1784058478,
      720.25
    ],
    [
      1784059381,
      719.6799926757812
    ],
    [
      1784060284,
      719.6799926757812
    ],
    [
      1784061187,
      719.6799926757812
    ]
  ],
  "SPY": [
    [
      1784054867,
      752.1563110351562
    ],
    [
      1784055769,
      751.989990234375
    ],
    [
      1784056672,
      752.1500244140625
    ],
    [
      1784057575,
      751.9099731445312
    ],
    [
      1784058478,
      752.2899780273438
    ],
    [
      1784059381,
      751.8400268554688
    ],
    [
      1784060284,
      751.8699951171875
    ],
    [
      1784061187,
      751.8699951171875
    ]
  ],
  "S&P500": [
    [
      1784054867,
      7548.1201171875
    ],
    [
      1784055769,
      7546.1201171875
    ],
    [
      1784056672,
      7547.77001953125
    ],
    [
      1784057575,
      7545.66015625
    ],
    [
      1784058478,
      7548.919921875
    ],
    [
      1784059381,
      7544.2900390625
    ],
    [
      1784060284,
      7544.2900390625
    ],
    [
      1784061187,
      7544.2900390625
    ]
  ],
  "NVDA": [
    [
      1784054867,
      212.13999938964844
    ],
    [
      1784055769,
      212.13499450683594
    ],
    [
      1784056672,
      211.86000061035156
    ],
    [
      1784057575,
      211.26499938964844
    ],
    [
      1784058478,
      211.7899932861328
    ],
    [
      1784059381,
      211.8000030517578
    ],
    [
      1784060284,
      211.8000030517578
    ],
    [
      1784061187,
      211.8000030517578
    ]
  ],
  "AAPL": [
    [
      1784054867,
      315.1600036621094
    ],
    [
      1784055769,
      315.20001220703125
    ],
    [
      1784056672,
      315.489990234375
    ],
    [
      1784057575,
      315.30999755859375
    ],
    [
      1784058478,
      315.3550109863281
    ],
    [
      1784059381,
      314.9200134277344
    ],
    [
      1784060284,
      314.9200134277344
    ],
    [
      1784061187,
      314.9200134277344
    ]
  ],
  "TSLA": [
    [
      1784054867,
      395.9700012207031
    ],
    [
      1784055769,
      396.7959899902344
    ],
    [
      1784056672,
      396.8999938964844
    ],
    [
      1784057575,
      396.0950012207031
    ],
    [
      1784058478,
      396.05999755859375
    ],
    [
      1784059381,
      396.05999755859375
    ],
    [
      1784060284,
      396.05999755859375
    ],
    [
      1784061187,
      396.05999755859375
    ]
  ],
  "COIN": [
    [
      1784054867,
      160.88999938964844
    ],
    [
      1784055769,
      160.72999572753906
    ],
    [
      1784056672,
      160.72999572753906
    ],
    [
      1784057575,
      160.02000427246094
    ],
    [
      1784058478,
      160.44000244140625
    ],
    [
      1784059381,
      161.5399932861328
    ],
    [
      1784060284,
      161.5399932861328
    ],
    [
      1784061187,
      161.5399932861328
    ]
  ],
  "_alerts_sent": {
    "IBIT_2026-07-14 16": true,
    "ETHA_2026-07-14 16": true
  }
}