{
  "IBIT": [
    [
      1784739678,
      37.494998931884766
    ],
    [
      1784740581,
      37.439998626708984
    ],
    [
      1784741484,
      37.39509963989258
    ],
    [
      1784742387,
      37.45500183105469
    ],
    [
      1784743290,
      37.36000061035156
    ],
    [
      1784744195,
      37.349998474121094
    ],
    [
      1784745098,
      37.255001068115234
    ],
    [
      1784746001,
      37.2599983215332
    ]
  ],
  "ETHA": [
    [
      1784739678,
      14.704999923706055
    ],
    [
      1784740581,
      14.670100212097168
    ],
    [
      1784741484,
      14.639900207519531
    ],
    [
      1784742387,
      14.669899940490723
    ],
    [
      1784743290,
      14.619999885559082
    ],
    [
      1784744195,
      14.603500366210938
    ],
    [
      1784745098,
      14.555000305175781
    ],
    [
      1784746001,
      14.539899826049805
    ]
  ],
  "GAVA": [
    [
      1784739678,
      16.079999923706055
    ],
    [
      1784740581,
      16.079999923706055
    ],
    [
      1784741484,
      16.079999923706055
    ],
    [
      1784742387,
      16.079999923706055
    ],
    [
      1784743290,
      16.079999923706055
    ],
    [
      1784744195,
      16.079999923706055
    ],
    [
      1784745098,
      16.079999923706055
    ],
    [
      1784746001,
      16.079999923706055
    ]
  ],
  "QQQ": [
    [
      1784739678,
      709.094970703125
    ],
    [
      1784740581,
      708.7899780273438
    ],
    [
      1784741484,
      709.0499877929688
    ],
    [
      1784742387,
      708.5399780273438
    ],
    [
      1784743290,
      707.369873046875
    ],
    [
      1784744195,
      707.02001953125
    ],
    [
      1784745098,
      706.5399780273438
    ],
    [
      1784746001,
      707.155029296875
    ]
  ],
  "SPY": [
    [
      1784739678,
      749.8599853515625
    ],
    [
      1784740581,
      749.280029296875
    ],
    [
      1784741484,
      749.25
    ],
    [
      1784742387,
      749.1649780273438
    ],
    [
      1784743290,
      748.4400024414062
    ],
    [
      1784744195,
      748.2249755859375
    ],
    [
      1784745098,
      748.1400146484375
    ],
    [
      1784746001,
      748.4500122070312
    ]
  ],
  "S&P500": [
    [
      1784739678,
      7524.18017578125
    ],
    [
      1784740581,
      7518.2900390625
    ],
    [
      1784741484,
      7518.35009765625
    ],
    [
      1784742387,
      7517.080078125
    ],
    [
      1784743290,
      7509.580078125
    ],
    [
      1784744195,
      7507.66015625
    ],
    [
      1784745098,
      7506.7900390625
    ],
    [
      1784746001,
      7509.89990234375
    ]
  ],
  "NVDA": [
    [
      1784739678,
      214.3000030517578
    ],
    [
      1784740581,
      213.360107421875
    ],
    [
      1784741484,
      214.3350067138672
    ],
    [
      1784742387,
      214.08999633789062
    ],
    [
      1784743290,
      213.6602020263672
    ],
    [
      1784744195,
      213.64999389648438
    ],
    [
      1784745098,
      213.5500030517578
    ],
    [
      1784746001,
      213.74000549316406
    ]
  ],
  "AAPL": [
    [
      1784739678,
      324.2049865722656
    ],
    [
      1784740581,
      323.9800109863281
    ],
    [
      1784741484,
      323.67999267578125
    ],
    [
      1784742387,
      323.82000732421875
    ],
    [
      1784743290,
      323.8599853515625
    ],
    [
      1784744195,
      323.9100036621094
    ],
    [
      1784745098,
      324.0
    ],
    [
      1784746001,
      324.45001220703125
    ]
  ],
  "TSLA": [
    [
      1784739678,
      378.1300048828125
    ],
    [
      1784740581,
      377.4649963378906
    ],
    [
      1784741484,
      377.30499267578125
    ],
    [
      1784742387,
      376.125
    ],
    [
      1784743290,
      375.7200012207031
    ],
    [
      1784744195,
      375.3699951171875
    ],
    [
      1784745098,
      375.260009765625
    ],
    [
      1784746001,
      375.989990234375
    ]
  ],
  "COIN": [
    [
      1784739678,
      170.5399932861328
    ],
    [
      1784740581,
      169.5050048828125
    ],
    [
      1784741484,
      169.0500030517578
    ],
    [
      1784742387,
      169.22999572753906
    ],
    [
      1784743290,
      167.7550048828125
    ],
    [
      1784744195,
      167.7899932861328
    ],
    [
      1784745098,
      166.4199981689453
    ],
    [
      1784746001,
      167.8249969482422
    ]
  ],
  "_alerts_sent": {
    "NVDA_2026-07-22 17": true
  }
}