{
  "IBIT": [
    [
      1784133753,
      36.72999954223633
    ],
    [
      1784134564,
      36.814998626708984
    ],
    [
      1784135469,
      36.84000015258789
    ],
    [
      1784136372,
      36.829898834228516
    ],
    [
      1784137275,
      36.834999084472656
    ],
    [
      1784138179,
      36.810001373291016
    ],
    [
      1784139082,
      36.834999084472656
    ],
    [
      1784139985,
      36.83000183105469
    ],
    [
      1784140890,
      36.809898376464844
    ]
  ],
  "ETHA": [
    [
      1784133753,
      14.40369987487793
    ],
    [
      1784134564,
      14.454999923706055
    ],
    [
      1784135469,
      14.494999885559082
    ],
    [
      1784136372,
      14.505000114440918
    ],
    [
      1784137275,
      14.505000114440918
    ],
    [
      1784138179,
      14.53499984741211
    ],
    [
      1784139082,
      14.5649995803833
    ],
    [
      1784139985,
      14.5649995803833
    ],
    [
      1784140890,
      14.560099601745605
    ]
  ],
  "GAVA": [
    [
      1784140890,
      16.344999313354492
    ]
  ],
  "QQQ": [
    [
      1784133753,
      711.0700073242188
    ],
    [
      1784134564,
      712.02001953125
    ],
    [
      1784135469,
      713.9349975585938
    ],
    [
      1784136372,
      714.9199829101562
    ],
    [
      1784137275,
      715.905029296875
    ],
    [
      1784138179,
      717.3499755859375
    ],
    [
      1784139082,
      718.1599731445312
    ],
    [
      1784139985,
      718.4000244140625
    ],
    [
      1784140890,
      717.510009765625
    ]
  ],
  "SPY": [
    [
      1784133753,
      750.469970703125
    ],
    [
      1784134564,
      751.1300048828125
    ],
    [
      1784135469,
      752.1799926757812
    ],
    [
      1784136372,
      752.5399780273438
    ],
    [
      1784137275,
      753.344970703125
    ],
    [
      1784138179,
      754.260009765625
    ],
    [
      1784139082,
      754.66748046875
    ],
    [
      1784139985,
      754.6749877929688
    ],
    [
      1784140890,
      754.530029296875
    ]
  ],
  "S&P500": [
    [
      1784133753,
      7529.330078125
    ],
    [
      1784134564,
      7536.77978515625
    ],
    [
      1784135469,
      7547.16015625
    ],
    [
      1784136372,
      7551.240234375
    ],
    [
      1784137275,
      7559.10986328125
    ],
    [
      1784138179,
      7568.2998046875
    ],
    [
      1784139082,
      7572.2900390625
    ],
    [
      1784139985,
      7572.60009765625
    ],
    [
      1784140890,
      7571.10986328125
    ]
  ],
  "NVDA": [
    [
      1784133753,
      206.36000061035156
    ],
    [
      1784134564,
      207.1699981689453
    ],
    [
      1784135469,
      208.2100067138672
    ],
    [
      1784136372,
      208.9199981689453
    ],
    [
      1784137275,
      209.0399932861328
    ],
    [
      1784138179,
      209.6300048828125
    ],
    [
      1784139082,
      210.35000610351562
    ],
    [
      1784139985,
      210.55999755859375
    ],
    [
      1784140890,
      210.4600067138672
    ]
  ],
  "AAPL": [
    [
      1784133753,
      327.9200134277344
    ],
    [
      1784134564,
      327.9601135253906
    ],
    [
      1784135469,
      326.9200134277344
    ],
    [
      1784136372,
      326.8500061035156
    ],
    [
      1784137275,
      327.67999267578125
    ],
    [
      1784138179,
      327.4800109863281
    ],
    [
      1784139082,
      327.4599914550781
    ],
    [
      1784139985,
      327.375
    ],
    [
      1784140890,
      327.6300964355469
    ]
  ],
  "TSLA": [
    [
      1784133753,
      391.364990234375
    ],
    [
      1784134564,
      392.6499938964844
    ],
    [
      1784135469,
      394.8200988769531
    ],
    [
      1784136372,
      395.69000244140625
    ],
    [
      1784137275,
      398.0950012207031
    ],
    [
      1784138179,
      398.95001220703125
    ],
    [
      1784139082,
      398.1700134277344
    ],
    [
      1784139985,
      397.0050048828125
    ],
    [
      1784140890,
      397.239990234375
    ]
  ],
  "COIN": [
    [
      1784133753,
      162.0
    ],
    [
      1784134564,
      164.1300048828125
    ],
    [
      1784135469,
      165.85000610351562
    ],
    [
      1784136372,
      166.4698944091797
    ],
    [
      1784137275,
      166.2100067138672
    ],
    [
      1784138179,
      165.14999389648438
    ],
    [
      1784139082,
      165.5500030517578
    ],
    [
      1784139985,
      167.28500366210938
    ],
    [
      1784140890,
      167.96499633789062
    ]
  ],
  "_alerts_sent": {}
}