{
  "IBIT": [
    [
      1783435189,
      35.595001220703125
    ],
    [
      1783436091,
      35.84000015258789
    ],
    [
      1783436994,
      35.95000076293945
    ]
  ],
  "ETHA": [
    [
      1783435189,
      13.329999923706055
    ],
    [
      1783436091,
      13.460000038146973
    ],
    [
      1783436994,
      13.475000381469727
    ]
  ],
  "GAVA": [
    [
      1783436994,
      16.260000228881836
    ]
  ],
  "QQQ": [
    [
      1783435189,
      706.3099975585938
    ],
    [
      1783436091,
      706.8900146484375
    ],
    [
      1783436994,
      707.75
    ]
  ],
  "SPY": [
    [
      1783435189,
      746.0700073242188
    ],
    [
      1783436091,
      746.5339965820312
    ],
    [
      1783436994,
      746.510009765625
    ]
  ],
  "S&P500": [
    [
      1783435189,
      7487.259765625
    ],
    [
      1783436091,
      7491.68017578125
    ],
    [
      1783436994,
      7490.6201171875
    ]
  ],
  "NVDA": [
    [
      1783435189,
      191.75999450683594
    ],
    [
      1783436091,
      192.3699951171875
    ],
    [
      1783436994,
      192.74000549316406
    ]
  ],
  "AAPL": [
    [
      1783435189,
      312.9100036621094
    ],
    [
      1783436091,
      312.3550109863281
    ],
    [
      1783436994,
      313.1700134277344
    ]
  ],
  "TSLA": [
    [
      1783435189,
      408.75
    ],
    [
      1783436091,
      408.8299865722656
    ],
    [
      1783436994,
      409.2799987792969
    ]
  ],
  "COIN": [
    [
      1783435189,
      162.4499969482422
    ],
    [
      1783436091,
      163.5399932861328
    ],
    [
      1783436994,
      164.8699951171875
    ]
  ],
  "_alerts_sent": {
    "COIN_2026-07-07 16": true
  }
}