{
  "IBIT": [
    [
      1781707005,
      36.875
    ],
    [
      1781707916,
      36.849998474121094
    ],
    [
      1781708996,
      36.78499984741211
    ],
    [
      1781709898,
      37.0098991394043
    ]
  ],
  "ETHA": [
    [
      1781707005,
      13.229900360107422
    ],
    [
      1781707916,
      13.229999542236328
    ],
    [
      1781708996,
      13.204999923706055
    ],
    [
      1781709898,
      13.300000190734863
    ]
  ],
  "GAVA": [
    [
      1781707005,
      16.520000457763672
    ],
    [
      1781707916,
      16.479999542236328
    ],
    [
      1781708996,
      16.479999542236328
    ],
    [
      1781709898,
      16.479999542236328
    ]
  ],
  "QQQ": [
    [
      1781707005,
      732.889892578125
    ],
    [
      1781707916,
      732.0700073242188
    ],
    [
      1781708996,
      731.02099609375
    ],
    [
      1781709898,
      732.5247802734375
    ]
  ],
  "SPY": [
    [
      1781707005,
      750.2000122070312
    ],
    [
      1781707916,
      749.5700073242188
    ],
    [
      1781708996,
      748.6500244140625
    ],
    [
      1781709898,
      749.8900146484375
    ]
  ],
  "S&P500": [
    [
      1781707005,
      7513.0
    ],
    [
      1781707916,
      7506.56005859375
    ],
    [
      1781708996,
      7497.3701171875
    ],
    [
      1781709898,
      7509.5
    ]
  ],
  "NVDA": [
    [
      1781707005,
      207.2299041748047
    ],
    [
      1781707916,
      207.23500061035156
    ],
    [
      1781708996,
      206.07000732421875
    ],
    [
      1781709898,
      206.27000427246094
    ]
  ],
  "AAPL": [
    [
      1781707005,
      299.0849914550781
    ],
    [
      1781707916,
      298.9200134277344
    ],
    [
      1781708996,
      297.2699890136719
    ],
    [
      1781709898,
      298.0199890136719
    ]
  ],
  "TSLA": [
    [
      1781707005,
      399.510009765625
    ],
    [
      1781707916,
      398.3807067871094
    ],
    [
      1781708996,
      397.8200988769531
    ],
    [
      1781709898,
      398.3399963378906
    ]
  ],
  "COIN": [
    [
      1781707005,
      169.14999389648438
    ],
    [
      1781707916,
      168.6649932861328
    ],
    [
      1781708996,
      168.19500732421875
    ],
    [
      1781709898,
      170.52000427246094
    ]
  ],
  "_alerts_sent": {}
}