{
  "IBIT": [
    [
      1782399166,
      33.75
    ],
    [
      1782400072,
      33.52000045776367
    ],
    [
      1782400977,
      33.47999954223633
    ],
    [
      1782401883,
      33.540000915527344
    ],
    [
      1782402788,
      33.54010009765625
    ],
    [
      1782403694,
      33.67499923706055
    ],
    [
      1782404599,
      33.769901275634766
    ],
    [
      1782405504,
      33.5349006652832
    ]
  ],
  "ETHA": [
    [
      1782399166,
      11.875
    ],
    [
      1782400072,
      11.770000457763672
    ],
    [
      1782400977,
      11.765000343322754
    ],
    [
      1782401883,
      11.765000343322754
    ],
    [
      1782402788,
      11.779999732971191
    ],
    [
      1782403694,
      11.869999885559082
    ],
    [
      1782404599,
      11.875
    ],
    [
      1782405504,
      11.774999618530273
    ]
  ],
  "GAVA": [
    [
      1782399166,
      14.879899978637695
    ],
    [
      1782400072,
      14.879899978637695
    ],
    [
      1782400977,
      14.879899978637695
    ],
    [
      1782401883,
      14.879899978637695
    ],
    [
      1782402788,
      14.879899978637695
    ],
    [
      1782403694,
      14.879899978637695
    ],
    [
      1782404599,
      14.850000381469727
    ],
    [
      1782405504,
      14.850000381469727
    ]
  ],
  "QQQ": [
    [
      1782399166,
      716.619873046875
    ],
    [
      1782400072,
      713.9500122070312
    ],
    [
      1782400977,
      713.0206298828125
    ],
    [
      1782401883,
      713.9199829101562
    ],
    [
      1782402788,
      714.530029296875
    ],
    [
      1782403694,
      716.030029296875
    ],
    [
      1782404599,
      717.2000122070312
    ],
    [
      1782405504,
      714.7999877929688
    ]
  ],
  "SPY": [
    [
      1782399166,
      737.780029296875
    ],
    [
      1782400072,
      735.030029296875
    ],
    [
      1782400977,
      733.9600830078125
    ],
    [
      1782401883,
      734.6749877929688
    ],
    [
      1782402788,
      734.3400268554688
    ],
    [
      1782403694,
      734.7899780273438
    ],
    [
      1782404599,
      735.0399780273438
    ],
    [
      1782405504,
      732.8900146484375
    ]
  ],
  "S&P500": [
    [
      1782399166,
      7405.740234375
    ],
    [
      1782400072,
      7377.8798828125
    ],
    [
      1782400977,
      7369.0400390625
    ],
    [
      1782401883,
      7374.52001953125
    ],
    [
      1782402788,
      7371.240234375
    ],
    [
      1782403694,
      7376.490234375
    ],
    [
      1782404599,
      7377.64990234375
    ],
    [
      1782405504,
      7356.89990234375
    ]
  ],
  "NVDA": [
    [
      1782399166,
      196.11000061035156
    ],
    [
      1782400072,
      195.98500061035156
    ],
    [
      1782400977,
      195.52999877929688
    ],
    [
      1782401883,
      195.7050018310547
    ],
    [
      1782402788,
      195.67550659179688
    ],
    [
      1782403694,
      196.0449981689453
    ],
    [
      1782404599,
      196.36990356445312
    ],
    [
      1782405504,
      195.33999633789062
    ]
  ],
  "AAPL": [
    [
      1782399166,
      279.32000732421875
    ],
    [
      1782400072,
      276.9100036621094
    ],
    [
      1782400977,
      276.82000732421875
    ],
    [
      1782401883,
      278.82000732421875
    ],
    [
      1782402788,
      278.45001220703125
    ],
    [
      1782403694,
      277.6499938964844
    ],
    [
      1782404599,
      275.32000732421875
    ],
    [
      1782405504,
      273.9800109863281
    ]
  ],
  "TSLA": [
    [
      1782399166,
      378.1015930175781
    ],
    [
      1782400072,
      375.7149963378906
    ],
    [
      1782400977,
      375.78118896484375
    ],
    [
      1782401883,
      376.885009765625
    ],
    [
      1782402788,
      375.25
    ],
    [
      1782403694,
      375.6000061035156
    ],
    [
      1782404599,
      375.239990234375
    ],
    [
      1782405504,
      373.4800109863281
    ]
  ],
  "COIN": [
    [
      1782399166,
      148.3699951171875
    ],
    [
      1782400072,
      147.2550048828125
    ],
    [
      1782400977,
      145.7899932861328
    ],
    [
      1782401883,
      145.97000122070312
    ],
    [
      1782402788,
      145.67999267578125
    ],
    [
      1782403694,
      146.5500030517578
    ],
    [
      1782404599,
      146.75
    ],
    [
      1782405504,
      145.26499938964844
    ]
  ],
  "_alerts_sent": {
    "AAPL_2026-06-25 16": true
  }
}