{
  "IBIT": [
    [
      1783523508,
      34.8849983215332
    ],
    [
      1783524419,
      34.82500076293945
    ],
    [
      1783525325,
      34.875
    ],
    [
      1783526231,
      34.8849983215332
    ],
    [
      1783527137,
      35.005001068115234
    ],
    [
      1783528043,
      35.04999923706055
    ],
    [
      1783528949,
      35.1150016784668
    ],
    [
      1783529855,
      35.14500045776367
    ]
  ],
  "ETHA": [
    [
      1783523508,
      12.960700035095215
    ],
    [
      1783524419,
      12.929900169372559
    ],
    [
      1783525325,
      12.963800430297852
    ],
    [
      1783526231,
      12.979900360107422
    ],
    [
      1783527137,
      13.024999618530273
    ],
    [
      1783528043,
      13.04990005493164
    ],
    [
      1783528949,
      13.085000038146973
    ],
    [
      1783529855,
      13.09119987487793
    ]
  ],
  "GAVA": [
    [
      1783526231,
      15.444999694824219
    ],
    [
      1783527137,
      15.444999694824219
    ],
    [
      1783528043,
      15.444999694824219
    ],
    [
      1783528949,
      15.444999694824219
    ],
    [
      1783529855,
      15.444999694824219
    ]
  ],
  "QQQ": [
    [
      1783523508,
      704.7000122070312
    ],
    [
      1783524419,
      701.3099975585938
    ],
    [
      1783525325,
      703.3099975585938
    ],
    [
      1783526231,
      701.760009765625
    ],
    [
      1783527137,
      704.9600219726562
    ],
    [
      1783528043,
      706.7899780273438
    ],
    [
      1783528949,
      707.9000244140625
    ],
    [
      1783529855,
      708.8897094726562
    ]
  ],
  "SPY": [
    [
      1783523508,
      741.7000122070312
    ],
    [
      1783524419,
      739.7999877929688
    ],
    [
      1783525325,
      740.989990234375
    ],
    [
      1783526231,
      740.25
    ],
    [
      1783527137,
      742.1300048828125
    ],
    [
      1783528043,
      743.0399780273438
    ],
    [
      1783528949,
      743.8699951171875
    ],
    [
      1783529855,
      744.5399780273438
    ]
  ],
  "S&P500": [
    [
      1783523508,
      7443.0498046875
    ],
    [
      1783524419,
      7423.669921875
    ],
    [
      1783525325,
      7436.2001953125
    ],
    [
      1783526231,
      7428.56005859375
    ],
    [
      1783527137,
      7447.9599609375
    ],
    [
      1783528043,
      7457.47998046875
    ],
    [
      1783528949,
      7465.58984375
    ],
    [
      1783529855,
      7472.47998046875
    ]
  ],
  "NVDA": [
    [
      1783523508,
      197.97999572753906
    ],
    [
      1783524419,
      196.49000549316406
    ],
    [
      1783525325,
      197.5399932861328
    ],
    [
      1783526231,
      197.0500030517578
    ],
    [
      1783527137,
      198.3800048828125
    ],
    [
      1783528043,
      199.36000061035156
    ],
    [
      1783528949,
      199.52000427246094
    ],
    [
      1783529855,
      200.52999877929688
    ]
  ],
  "AAPL": [
    [
      1783523508,
      309.82000732421875
    ],
    [
      1783524419,
      309.94000244140625
    ],
    [
      1783525325,
      309.94500732421875
    ],
    [
      1783526231,
      310.1400146484375
    ],
    [
      1783527137,
      310.677490234375
    ],
    [
      1783528043,
      311.2699890136719
    ],
    [
      1783528949,
      312.17999267578125
    ],
    [
      1783529855,
      313.19000244140625
    ]
  ],
  "TSLA": [
    [
      1783523508,
      392.04998779296875
    ],
    [
      1783524419,
      391.75
    ],
    [
      1783525325,
      392.489990234375
    ],
    [
      1783526231,
      392.81988525390625
    ],
    [
      1783527137,
      394.010009765625
    ],
    [
      1783528043,
      393.67999267578125
    ],
    [
      1783528949,
      394.20001220703125
    ],
    [
      1783529855,
      394.7449951171875
    ]
  ],
  "COIN": [
    [
      1783523508,
      157.77000427246094
    ],
    [
      1783524419,
      157.3350067138672
    ],
    [
      1783525325,
      158.5
    ],
    [
      1783526231,
      158.2100067138672
    ],
    [
      1783527137,
      160.22000122070312
    ],
    [
      1783528043,
      159.92999267578125
    ],
    [
      1783528949,
      160.1300048828125
    ],
    [
      1783529855,
      160.0449981689453
    ]
  ],
  "_alerts_sent": {
    "COIN_2026-07-08 16": true,
    "GAVA_2026-07-08 17": true
  }
}