{
  "IBIT": [
    [
      1782757629,
      34.165000915527344
    ],
    [
      1782758532,
      34.064998626708984
    ],
    [
      1782759434,
      34.064998626708984
    ],
    [
      1782760336,
      34.06999969482422
    ],
    [
      1782761238,
      34.17020034790039
    ],
    [
      1782762140,
      34.150001525878906
    ],
    [
      1782763042,
      34.17499923706055
    ],
    [
      1782763947,
      34.165000915527344
    ]
  ],
  "ETHA": [
    [
      1782757629,
      12.242500305175781
    ],
    [
      1782758532,
      12.225000381469727
    ],
    [
      1782759434,
      12.21500015258789
    ],
    [
      1782760336,
      12.20989990234375
    ],
    [
      1782761238,
      12.239999771118164
    ],
    [
      1782762140,
      12.234999656677246
    ],
    [
      1782763042,
      12.244999885559082
    ],
    [
      1782763947,
      12.25
    ]
  ],
  "GAVA": [
    [
      1782757629,
      16.09000015258789
    ],
    [
      1782758532,
      16.09000015258789
    ],
    [
      1782759434,
      16.09000015258789
    ],
    [
      1782760336,
      16.280000686645508
    ],
    [
      1782761238,
      16.280000686645508
    ],
    [
      1782762140,
      16.280000686645508
    ],
    [
      1782763042,
      16.280000686645508
    ],
    [
      1782763947,
      16.280000686645508
    ]
  ],
  "QQQ": [
    [
      1782757629,
      722.8499755859375
    ],
    [
      1782758532,
      723.7650146484375
    ],
    [
      1782759434,
      723.510009765625
    ],
    [
      1782760336,
      723.2490234375
    ],
    [
      1782761238,
      723.5900268554688
    ],
    [
      1782762140,
      723.55908203125
    ],
    [
      1782763042,
      723.3099975585938
    ],
    [
      1782763947,
      724.030029296875
    ]
  ],
  "SPY": [
    [
      1782757629,
      740.3499755859375
    ],
    [
      1782758532,
      740.75
    ],
    [
      1782759434,
      740.7899780273438
    ],
    [
      1782760336,
      740.635009765625
    ],
    [
      1782761238,
      740.8804931640625
    ],
    [
      1782762140,
      740.739990234375
    ],
    [
      1782763042,
      740.6400146484375
    ],
    [
      1782763947,
      740.8599853515625
    ]
  ],
  "S&P500": [
    [
      1782757629,
      7431.8701171875
    ],
    [
      1782758532,
      7436.3798828125
    ],
    [
      1782759434,
      7437.2900390625
    ],
    [
      1782760336,
      7435.490234375
    ],
    [
      1782761238,
      7437.9599609375
    ],
    [
      1782762140,
      7437.02978515625
    ],
    [
      1782763042,
      7436.27978515625
    ],
    [
      1782763947,
      7439.259765625
    ]
  ],
  "NVDA": [
    [
      1782757629,
      193.8800048828125
    ],
    [
      1782758532,
      194.0500030517578
    ],
    [
      1782759434,
      194.1300048828125
    ],
    [
      1782760336,
      194.2799072265625
    ],
    [
      1782761238,
      194.7899932861328
    ],
    [
      1782762140,
      194.7899932861328
    ],
    [
      1782763042,
      195.0196075439453
    ],
    [
      1782763947,
      194.89999389648438
    ]
  ],
  "AAPL": [
    [
      1782757629,
      281.489990234375
    ],
    [
      1782758532,
      281.739990234375
    ],
    [
      1782759434,
      281.9700012207031
    ],
    [
      1782760336,
      282.7900085449219
    ],
    [
      1782761238,
      282.7333984375
    ],
    [
      1782762140,
      282.2900085449219
    ],
    [
      1782763042,
      281.9100036621094
    ],
    [
      1782763947,
      281.6300048828125
    ]
  ],
  "TSLA": [
    [
      1782757629,
      408.9200134277344
    ],
    [
      1782758532,
      408.7200012207031
    ],
    [
      1782759434,
      410.3399963378906
    ],
    [
      1782760336,
      410.760009765625
    ],
    [
      1782761238,
      411.6600036621094
    ],
    [
      1782762140,
      412.70001220703125
    ],
    [
      1782763042,
      411.989990234375
    ],
    [
      1782763947,
      411.7900085449219
    ]
  ],
  "COIN": [
    [
      1782757629,
      150.25
    ],
    [
      1782758532,
      150.52499389648438
    ],
    [
      1782759434,
      150.6999969482422
    ],
    [
      1782760336,
      150.5399932861328
    ],
    [
      1782761238,
      151.0
    ],
    [
      1782762140,
      151.19000244140625
    ],
    [
      1782763042,
      151.63999938964844
    ],
    [
      1782763947,
      151.64999389648438
    ]
  ],
  "_alerts_sent": {
    "TSLA_2026-06-29 16": true
  }
}