{
  "IBIT": [
    [
      1783526231,
      34.8849983215332
    ],
    [
      1783527137,
      35.005001068115234
    ],
    [
      1783528043,
      35.04999923706055
    ],
    [
      1783528949,
      35.1150016784668
    ],
    [
      1783529855,
      35.14500045776367
    ],
    [
      1783530760,
      35.130001068115234
    ],
    [
      1783531666,
      35.222801208496094
    ],
    [
      1783532572,
      35.22809982299805
    ]
  ],
  "ETHA": [
    [
      1783526231,
      12.979900360107422
    ],
    [
      1783527137,
      13.024999618530273
    ],
    [
      1783528043,
      13.04990005493164
    ],
    [
      1783528949,
      13.085000038146973
    ],
    [
      1783529855,
      13.09119987487793
    ],
    [
      1783530760,
      13.070099830627441
    ],
    [
      1783531666,
      13.13010025024414
    ],
    [
      1783532572,
      13.127699851989746
    ]
  ],
  "GAVA": [
    [
      1783526231,
      15.444999694824219
    ],
    [
      1783527137,
      15.444999694824219
    ],
    [
      1783528043,
      15.444999694824219
    ],
    [
      1783528949,
      15.444999694824219
    ],
    [
      1783529855,
      15.444999694824219
    ],
    [
      1783530760,
      15.444999694824219
    ],
    [
      1783531666,
      15.444999694824219
    ],
    [
      1783532572,
      15.444999694824219
    ]
  ],
  "QQQ": [
    [
      1783526231,
      701.760009765625
    ],
    [
      1783527137,
      704.9600219726562
    ],
    [
      1783528043,
      706.7899780273438
    ],
    [
      1783528949,
      707.9000244140625
    ],
    [
      1783529855,
      708.8897094726562
    ],
    [
      1783530760,
      708.6099853515625
    ],
    [
      1783531666,
      710.25
    ],
    [
      1783532572,
      709.8099975585938
    ]
  ],
  "SPY": [
    [
      1783526231,
      740.25
    ],
    [
      1783527137,
      742.1300048828125
    ],
    [
      1783528043,
      743.0399780273438
    ],
    [
      1783528949,
      743.8699951171875
    ],
    [
      1783529855,
      744.5399780273438
    ],
    [
      1783530760,
      744.3900146484375
    ],
    [
      1783531666,
      745.3726196289062
    ],
    [
      1783532572,
      745.0900268554688
    ]
  ],
  "S&P500": [
    [
      1783526231,
      7428.56005859375
    ],
    [
      1783527137,
      7447.9599609375
    ],
    [
      1783528043,
      7457.47998046875
    ],
    [
      1783528949,
      7465.58984375
    ],
    [
      1783529855,
      7472.47998046875
    ],
    [
      1783530760,
      7471.080078125
    ],
    [
      1783531666,
      7480.77001953125
    ],
    [
      1783532572,
      7477.47998046875
    ]
  ],
  "NVDA": [
    [
      1783526231,
      197.0500030517578
    ],
    [
      1783527137,
      198.3800048828125
    ],
    [
      1783528043,
      199.36000061035156
    ],
    [
      1783528949,
      199.52000427246094
    ],
    [
      1783529855,
      200.52999877929688
    ],
    [
      1783530760,
      201.00999450683594
    ],
    [
      1783531666,
      202.77000427246094
    ],
    [
      1783532572,
      202.67999267578125
    ]
  ],
  "AAPL": [
    [
      1783526231,
      310.1400146484375
    ],
    [
      1783527137,
      310.677490234375
    ],
    [
      1783528043,
      311.2699890136719
    ],
    [
      1783528949,
      312.17999267578125
    ],
    [
      1783529855,
      313.19000244140625
    ],
    [
      1783530760,
      313.9700012207031
    ],
    [
      1783531666,
      313.7799987792969
    ],
    [
      1783532572,
      314.5400085449219
    ]
  ],
  "TSLA": [
    [
      1783526231,
      392.81988525390625
    ],
    [
      1783527137,
      394.010009765625
    ],
    [
      1783528043,
      393.67999267578125
    ],
    [
      1783528949,
      394.20001220703125
    ],
    [
      1783529855,
      394.7449951171875
    ],
    [
      1783530760,
      393.7200012207031
    ],
    [
      1783531666,
      394.3999938964844
    ],
    [
      1783532572,
      394.2749938964844
    ]
  ],
  "COIN": [
    [
      1783526231,
      158.2100067138672
    ],
    [
      1783527137,
      160.22000122070312
    ],
    [
      1783528043,
      159.92999267578125
    ],
    [
      1783528949,
      160.1300048828125
    ],
    [
      1783529855,
      160.0449981689453
    ],
    [
      1783530760,
      159.3249969482422
    ],
    [
      1783531666,
      160.3800048828125
    ],
    [
      1783532572,
      160.3874969482422
    ]
  ],
  "_alerts_sent": {
    "COIN_2026-07-08 16": true,
    "GAVA_2026-07-08 17": true
  }
}