{
  "IBIT": [
    [
      1781202400,
      35.900001525878906
    ],
    [
      1781203305,
      35.935001373291016
    ],
    [
      1781204211,
      35.95500183105469
    ],
    [
      1781205116,
      35.904998779296875
    ],
    [
      1781206022,
      36.040000915527344
    ],
    [
      1781206928,
      36.1150016784668
    ],
    [
      1781207668,
      36.05500030517578
    ],
    [
      1781208606,
      36.0
    ],
    [
      1781209519,
      36.0
    ]
  ],
  "ETHA": [
    [
      1781202400,
      12.680000305175781
    ],
    [
      1781203305,
      12.710000038146973
    ],
    [
      1781204211,
      12.710000038146973
    ],
    [
      1781205116,
      12.660099983215332
    ],
    [
      1781206022,
      12.694999694824219
    ],
    [
      1781206928,
      12.729999542236328
    ],
    [
      1781207668,
      12.694999694824219
    ],
    [
      1781208606,
      12.680000305175781
    ],
    [
      1781209519,
      12.680000305175781
    ]
  ],
  "GAVA": [
    [
      1781202400,
      15.789999961853027
    ],
    [
      1781203305,
      15.789999961853027
    ],
    [
      1781204211,
      15.789999961853027
    ],
    [
      1781205116,
      15.789999961853027
    ],
    [
      1781206022,
      15.789999961853027
    ],
    [
      1781206928,
      15.789999961853027
    ],
    [
      1781207668,
      15.789999961853027
    ],
    [
      1781208606,
      15.789999961853027
    ],
    [
      1781209519,
      15.789999961853027
    ]
  ],
  "QQQ": [
    [
      1781202400,
      709.6400146484375
    ],
    [
      1781203305,
      709.8300170898438
    ],
    [
      1781204211,
      711.5
    ],
    [
      1781205116,
      712.8800048828125
    ],
    [
      1781206022,
      715.3499755859375
    ],
    [
      1781206928,
      717.5700073242188
    ],
    [
      1781207668,
      716.9299926757812
    ],
    [
      1781208606,
      716.5599975585938
    ],
    [
      1781209519,
      716.5599975585938
    ]
  ],
  "SPY": [
    [
      1781202400,
      734.5399780273438
    ],
    [
      1781203305,
      734.25
    ],
    [
      1781204211,
      735.530029296875
    ],
    [
      1781205116,
      736.219970703125
    ],
    [
      1781206022,
      737.7899780273438
    ],
    [
      1781206928,
      739.489990234375
    ],
    [
      1781207668,
      738.3699951171875
    ],
    [
      1781208606,
      737.6699829101562
    ],
    [
      1781209519,
      737.6400146484375
    ]
  ],
  "S&P500": [
    [
      1781202400,
      7358.06005859375
    ],
    [
      1781203305,
      7355.06982421875
    ],
    [
      1781204211,
      7367.60986328125
    ],
    [
      1781205116,
      7375.41015625
    ],
    [
      1781206022,
      7391.41015625
    ],
    [
      1781206928,
      7407.52978515625
    ],
    [
      1781207668,
      7395.39990234375
    ],
    [
      1781208606,
      7393.06005859375
    ],
    [
      1781209519,
      7393.06005859375
    ]
  ],
  "NVDA": [
    [
      1781202400,
      202.63999938964844
    ],
    [
      1781203305,
      202.10000610351562
    ],
    [
      1781204211,
      202.6300048828125
    ],
    [
      1781205116,
      202.67999267578125
    ],
    [
      1781206022,
      204.25
    ],
    [
      1781206928,
      205.05999755859375
    ],
    [
      1781207668,
      205.5500030517578
    ],
    [
      1781208606,
      204.6699981689453
    ],
    [
      1781209519,
      204.6699981689453
    ]
  ],
  "AAPL": [
    [
      1781202400,
      295.7749938964844
    ],
    [
      1781203305,
      295.3599853515625
    ],
    [
      1781204211,
      295.5899963378906
    ],
    [
      1781205116,
      295.3500061035156
    ],
    [
      1781206022,
      295.19000244140625
    ],
    [
      1781206928,
      295.96490478515625
    ],
    [
      1781207668,
      295.17999267578125
    ],
    [
      1781208606,
      295.3599853515625
    ],
    [
      1781209519,
      295.3599853515625
    ]
  ],
  "TSLA": [
    [
      1781202400,
      392.30999755859375
    ],
    [
      1781203305,
      392.3500061035156
    ],
    [
      1781204211,
      393.1099853515625
    ],
    [
      1781205116,
      394.2900085449219
    ],
    [
      1781206022,
      396.2200927734375
    ],
    [
      1781206928,
      398.3200988769531
    ],
    [
      1781207668,
      398.8349914550781
    ],
    [
      1781208606,
      399.0
    ],
    [
      1781209519,
      399.0
    ]
  ],
  "COIN": [
    [
      1781202400,
      159.16000366210938
    ],
    [
      1781203305,
      159.1699981689453
    ],
    [
      1781204211,
      158.94000244140625
    ],
    [
      1781205116,
      159.1699981689453
    ],
    [
      1781206022,
      160.67999267578125
    ],
    [
      1781206928,
      161.27000427246094
    ],
    [
      1781207668,
      161.25999450683594
    ],
    [
      1781208606,
      160.61000061035156
    ],
    [
      1781209519,
      160.61000061035156
    ]
  ],
  "_alerts_sent": {
    "COIN_2026-06-11 19": true,
    "COIN_2026-06-11 20": true,
    "ETHA_2026-06-11 20": true
  }
}