{
  "IBIT": [
    [
      1781101832,
      35.09989929199219
    ],
    [
      1781102742,
      35.06999969482422
    ]
  ],
  "ETHA": [
    [
      1781101832,
      12.404999732971191
    ],
    [
      1781102742,
      12.385000228881836
    ]
  ],
  "GAVA": [
    [
      1781101832,
      15.84000015258789
    ],
    [
      1781102742,
      15.84000015258789
    ]
  ],
  "QQQ": [
    [
      1781101832,
      709.5900268554688
    ],
    [
      1781102742,
      706.9299926757812
    ]
  ],
  "SPY": [
    [
      1781101832,
      737.2000732421875
    ],
    [
      1781102742,
      735.489990234375
    ]
  ],
  "S&P500": [
    [
      1781101832,
      7386.39013671875
    ],
    [
      1781102742,
      7367.6298828125
    ]
  ],
  "NVDA": [
    [
      1781101832,
      206.30499267578125
    ],
    [
      1781102742,
      205.83999633789062
    ]
  ],
  "AAPL": [
    [
      1781101832,
      289.6099853515625
    ],
    [
      1781102742,
      288.5799865722656
    ]
  ],
  "TSLA": [
    [
      1781101832,
      390.6549987792969
    ],
    [
      1781102742,
      387.0450134277344
    ]
  ],
  "COIN": [
    [
      1781101832,
      158.81500244140625
    ],
    [
      1781102742,
      158.41000366210938
    ]
  ],
  "_alerts_sent": {}
}