{
  "IBIT": [
    [
      1781720299,
      36.970001220703125
    ],
    [
      1781721205,
      37.02000045776367
    ],
    [
      1781722110,
      37.275001525878906
    ],
    [
      1781722801,
      37.099998474121094
    ],
    [
      1781723996,
      36.66999816894531
    ],
    [
      1781724898,
      36.45000076293945
    ],
    [
      1781725800,
      36.29999923706055
    ],
    [
      1781726702,
      36.369998931884766
    ]
  ],
  "ETHA": [
    [
      1781720299,
      13.305000305175781
    ],
    [
      1781721205,
      13.329999923706055
    ],
    [
      1781722110,
      13.425000190734863
    ],
    [
      1781722801,
      13.350000381469727
    ],
    [
      1781723996,
      13.229999542236328
    ],
    [
      1781724898,
      13.119999885559082
    ],
    [
      1781725800,
      13.069999694824219
    ],
    [
      1781726702,
      13.074999809265137
    ]
  ],
  "GAVA": [
    [
      1781720299,
      16.709999084472656
    ],
    [
      1781721205,
      16.709999084472656
    ],
    [
      1781722110,
      16.709999084472656
    ],
    [
      1781722801,
      16.709999084472656
    ],
    [
      1781723996,
      16.709999084472656
    ],
    [
      1781724898,
      16.709999084472656
    ],
    [
      1781725800,
      16.709999084472656
    ],
    [
      1781726702,
      16.709999084472656
    ]
  ],
  "QQQ": [
    [
      1781720299,
      730.3400268554688
    ],
    [
      1781721205,
      729.6900024414062
    ],
    [
      1781722110,
      733.4600219726562
    ],
    [
      1781722801,
      729.510009765625
    ],
    [
      1781723996,
      728.1199951171875
    ],
    [
      1781724898,
      724.2863159179688
    ],
    [
      1781725800,
      722.5399780273438
    ],
    [
      1781726702,
      722.4000244140625
    ]
  ],
  "SPY": [
    [
      1781720299,
      747.5
    ],
    [
      1781721205,
      746.9199829101562
    ],
    [
      1781722110,
      748.739990234375
    ],
    [
      1781722801,
      746.0800170898438
    ],
    [
      1781723996,
      744.1099853515625
    ],
    [
      1781724898,
      740.97998046875
    ],
    [
      1781725800,
      740.6300048828125
    ],
    [
      1781726702,
      740.9199829101562
    ]
  ],
  "S&P500": [
    [
      1781720299,
      7487.0400390625
    ],
    [
      1781721205,
      7481.2001953125
    ],
    [
      1781722110,
      7498.93994140625
    ],
    [
      1781722801,
      7472.06005859375
    ],
    [
      1781723996,
      7453.39990234375
    ],
    [
      1781724898,
      7419.830078125
    ],
    [
      1781725800,
      7417.68994140625
    ],
    [
      1781726702,
      7421.759765625
    ]
  ],
  "NVDA": [
    [
      1781720299,
      206.35499572753906
    ],
    [
      1781721205,
      205.85000610351562
    ],
    [
      1781722110,
      206.95599365234375
    ],
    [
      1781722801,
      205.92999267578125
    ],
    [
      1781723996,
      205.3350067138672
    ],
    [
      1781724898,
      204.63999938964844
    ],
    [
      1781725800,
      204.1300048828125
    ],
    [
      1781726702,
      204.67799377441406
    ]
  ],
  "AAPL": [
    [
      1781720299,
      296.4599914550781
    ],
    [
      1781721205,
      295.7300109863281
    ],
    [
      1781722110,
      295.6199951171875
    ],
    [
      1781722801,
      294.5849914550781
    ],
    [
      1781723996,
      295.114990234375
    ],
    [
      1781724898,
      295.135009765625
    ],
    [
      1781725800,
      294.94000244140625
    ],
    [
      1781726702,
      295.8800048828125
    ]
  ],
  "TSLA": [
    [
      1781720299,
      403.07501220703125
    ],
    [
      1781721205,
      401.3735046386719
    ],
    [
      1781722110,
      403.1000061035156
    ],
    [
      1781722801,
      400.6499938964844
    ],
    [
      1781723996,
      399.55999755859375
    ],
    [
      1781724898,
      396.1200866699219
    ],
    [
      1781725800,
      395.1499938964844
    ],
    [
      1781726702,
      396.32000732421875
    ]
  ],
  "COIN": [
    [
      1781720299,
      170.83999633789062
    ],
    [
      1781721205,
      170.97000122070312
    ],
    [
      1781722110,
      173.51499938964844
    ],
    [
      1781722801,
      172.3300018310547
    ],
    [
      1781723996,
      169.22999572753906
    ],
    [
      1781724898,
      167.11000061035156
    ],
    [
      1781725800,
      165.7899932861328
    ],
    [
      1781726702,
      164.82000732421875
    ]
  ],
  "_alerts_sent": {
    "COIN_2026-06-17 21": true
  }
}