{
  "IBIT": [
    [
      1781101832,
      35.09989929199219
    ],
    [
      1781102742,
      35.06999969482422
    ],
    [
      1781103648,
      35.244998931884766
    ],
    [
      1781104554,
      35.010101318359375
    ],
    [
      1781105459,
      35.30500030517578
    ],
    [
      1781106366,
      35.35499954223633
    ],
    [
      1781107273,
      35.400001525878906
    ]
  ],
  "ETHA": [
    [
      1781101832,
      12.404999732971191
    ],
    [
      1781102742,
      12.385000228881836
    ],
    [
      1781103648,
      12.41759967803955
    ],
    [
      1781104554,
      12.34000015258789
    ],
    [
      1781105459,
      12.454999923706055
    ],
    [
      1781106366,
      12.494999885559082
    ],
    [
      1781107273,
      12.484999656677246
    ]
  ],
  "GAVA": [
    [
      1781101832,
      15.84000015258789
    ],
    [
      1781102742,
      15.84000015258789
    ],
    [
      1781103648,
      15.84000015258789
    ],
    [
      1781104554,
      15.84000015258789
    ],
    [
      1781105459,
      15.84000015258789
    ],
    [
      1781106366,
      15.84000015258789
    ],
    [
      1781107273,
      15.9399995803833
    ]
  ],
  "QQQ": [
    [
      1781101832,
      709.5900268554688
    ],
    [
      1781102742,
      706.9299926757812
    ],
    [
      1781103648,
      701.7999877929688
    ],
    [
      1781104554,
      698.030029296875
    ],
    [
      1781105459,
      701.010009765625
    ],
    [
      1781106366,
      701.9099731445312
    ],
    [
      1781107273,
      701.25
    ]
  ],
  "SPY": [
    [
      1781101832,
      737.2000732421875
    ],
    [
      1781102742,
      735.489990234375
    ],
    [
      1781103648,
      732.239990234375
    ],
    [
      1781104554,
      729.9450073242188
    ],
    [
      1781105459,
      731.9299926757812
    ],
    [
      1781106366,
      732.47998046875
    ],
    [
      1781107273,
      731.7000122070312
    ]
  ],
  "S&P500": [
    [
      1781101832,
      7386.39013671875
    ],
    [
      1781102742,
      7367.6298828125
    ],
    [
      1781103648,
      7334.0498046875
    ],
    [
      1781104554,
      7311.25
    ],
    [
      1781105459,
      7331.7001953125
    ],
    [
      1781106366,
      7336.43994140625
    ],
    [
      1781107273,
      7329.81982421875
    ]
  ],
  "NVDA": [
    [
      1781101832,
      206.30499267578125
    ],
    [
      1781102742,
      205.83999633789062
    ],
    [
      1781103648,
      203.5800018310547
    ],
    [
      1781104554,
      201.9499969482422
    ],
    [
      1781105459,
      203.0800018310547
    ],
    [
      1781106366,
      203.6699981689453
    ],
    [
      1781107273,
      203.33700561523438
    ]
  ],
  "AAPL": [
    [
      1781101832,
      289.6099853515625
    ],
    [
      1781102742,
      288.5799865722656
    ],
    [
      1781103648,
      289.260009765625
    ],
    [
      1781104554,
      290.4200134277344
    ],
    [
      1781105459,
      290.04998779296875
    ],
    [
      1781106366,
      291.4949951171875
    ],
    [
      1781107273,
      291.4549865722656
    ]
  ],
  "TSLA": [
    [
      1781101832,
      390.6549987792969
    ],
    [
      1781102742,
      387.0450134277344
    ],
    [
      1781103648,
      385.2799987792969
    ],
    [
      1781104554,
      383.6199951171875
    ],
    [
      1781105459,
      385.9800109863281
    ],
    [
      1781106366,
      387.5400085449219
    ],
    [
      1781107273,
      385.9700012207031
    ]
  ],
  "COIN": [
    [
      1781101832,
      158.81500244140625
    ],
    [
      1781102742,
      158.41000366210938
    ],
    [
      1781103648,
      158.6999969482422
    ],
    [
      1781104554,
      156.58009338378906
    ],
    [
      1781105459,
      158.01510620117188
    ],
    [
      1781106366,
      158.69000244140625
    ],
    [
      1781107273,
      158.6999969482422
    ]
  ],
  "_alerts_sent": {}
}