{
  "IBIT": [
    [
      1783955490,
      35.53499984741211
    ],
    [
      1783956392,
      35.525001525878906
    ],
    [
      1783957300,
      35.415000915527344
    ],
    [
      1783958206,
      35.4099006652832
    ],
    [
      1783959108,
      35.39500045776367
    ],
    [
      1783960011,
      35.2400016784668
    ],
    [
      1783960913,
      35.26020050048828
    ],
    [
      1783961815,
      35.209999084472656
    ]
  ],
  "ETHA": [
    [
      1783955490,
      13.414799690246582
    ],
    [
      1783956392,
      13.447500228881836
    ],
    [
      1783957300,
      13.404999732971191
    ],
    [
      1783958206,
      13.395000457763672
    ],
    [
      1783959108,
      13.414999961853027
    ],
    [
      1783960011,
      13.364999771118164
    ],
    [
      1783960913,
      13.364999771118164
    ],
    [
      1783961815,
      13.350000381469727
    ]
  ],
  "GAVA": [
    [
      1783955490,
      16.15999984741211
    ],
    [
      1783956392,
      16.15999984741211
    ],
    [
      1783957300,
      16.15999984741211
    ],
    [
      1783958206,
      16.15999984741211
    ],
    [
      1783959108,
      16.15999984741211
    ],
    [
      1783960011,
      16.15999984741211
    ],
    [
      1783960913,
      16.15999984741211
    ],
    [
      1783961815,
      16.15999984741211
    ]
  ],
  "QQQ": [
    [
      1783955490,
      717.8701171875
    ],
    [
      1783956392,
      717.457275390625
    ],
    [
      1783957300,
      716.6699829101562
    ],
    [
      1783958206,
      715.2000122070312
    ],
    [
      1783959108,
      715.7999877929688
    ],
    [
      1783960011,
      713.9793701171875
    ],
    [
      1783960913,
      713.27001953125
    ],
    [
      1783961815,
      713.139892578125
    ]
  ],
  "SPY": [
    [
      1783955490,
      752.5549926757812
    ],
    [
      1783956392,
      752.0750122070312
    ],
    [
      1783957300,
      751.9099731445312
    ],
    [
      1783958206,
      751.260009765625
    ],
    [
      1783959108,
      751.6599731445312
    ],
    [
      1783960011,
      750.3300170898438
    ],
    [
      1783960913,
      750.0599975585938
    ],
    [
      1783961815,
      749.7750244140625
    ]
  ],
  "S&P500": [
    [
      1783955490,
      7551.77001953125
    ],
    [
      1783956392,
      7547.27978515625
    ],
    [
      1783957300,
      7545.240234375
    ],
    [
      1783958206,
      7538.7998046875
    ],
    [
      1783959108,
      7542.47998046875
    ],
    [
      1783960011,
      7529.740234375
    ],
    [
      1783960913,
      7526.41015625
    ],
    [
      1783961815,
      7522.72998046875
    ]
  ],
  "NVDA": [
    [
      1783955490,
      207.49000549316406
    ],
    [
      1783956392,
      207.82000732421875
    ],
    [
      1783957300,
      207.16000366210938
    ],
    [
      1783958206,
      206.83999633789062
    ],
    [
      1783959108,
      206.27000427246094
    ],
    [
      1783960011,
      205.8699951171875
    ],
    [
      1783960913,
      205.08900451660156
    ],
    [
      1783961815,
      204.70809936523438
    ]
  ],
  "AAPL": [
    [
      1783955490,
      318.3599853515625
    ],
    [
      1783956392,
      317.2950134277344
    ],
    [
      1783957300,
      316.3901062011719
    ],
    [
      1783958206,
      317.0614013671875
    ],
    [
      1783959108,
      317.6600036621094
    ],
    [
      1783960011,
      317.1050109863281
    ],
    [
      1783960913,
      316.3399963378906
    ],
    [
      1783961815,
      316.44000244140625
    ]
  ],
  "TSLA": [
    [
      1783955490,
      397.7099914550781
    ],
    [
      1783956392,
      397.239990234375
    ],
    [
      1783957300,
      397.4150085449219
    ],
    [
      1783958206,
      395.19000244140625
    ],
    [
      1783959108,
      395.95001220703125
    ],
    [
      1783960011,
      393.7850036621094
    ],
    [
      1783960913,
      394.04998779296875
    ],
    [
      1783961815,
      393.5299987792969
    ]
  ],
  "COIN": [
    [
      1783955490,
      158.27499389648438
    ],
    [
      1783956392,
      157.6199951171875
    ],
    [
      1783957300,
      157.66000366210938
    ],
    [
      1783958206,
      157.6750030517578
    ],
    [
      1783959108,
      157.50999450683594
    ],
    [
      1783960011,
      156.02499389648438
    ],
    [
      1783960913,
      156.4199981689453
    ],
    [
      1783961815,
      155.93499755859375
    ]
  ],
  "_alerts_sent": {}
}