{
  "IBIT": [
    [
      1782311822,
      34.66999816894531
    ],
    [
      1782312819,
      34.52989959716797
    ]
  ],
  "ETHA": [
    [
      1782311822,
      12.46500015258789
    ],
    [
      1782312819,
      12.423500061035156
    ]
  ],
  "GAVA": [
    [
      1782311822,
      15.229999542236328
    ],
    [
      1782312819,
      15.229999542236328
    ]
  ],
  "QQQ": [
    [
      1782311822,
      716.6500244140625
    ],
    [
      1782312819,
      718.6701049804688
    ]
  ],
  "SPY": [
    [
      1782311822,
      736.8400268554688
    ],
    [
      1782312819,
      738.9699096679688
    ]
  ],
  "S&P500": [
    [
      1782311822,
      7396.60009765625
    ],
    [
      1782312819,
      7417.81982421875
    ]
  ],
  "NVDA": [
    [
      1782311822,
      200.2700958251953
    ],
    [
      1782312819,
      201.19000244140625
    ]
  ],
  "AAPL": [
    [
      1782311822,
      295.2799987792969
    ],
    [
      1782312819,
      297.1499938964844
    ]
  ],
  "TSLA": [
    [
      1782311822,
      381.375
    ],
    [
      1782312819,
      382.55999755859375
    ]
  ],
  "COIN": [
    [
      1782311822,
      153.4600067138672
    ],
    [
      1782312819,
      153.85000610351562
    ]
  ],
  "_alerts_sent": {}
}